transaction_id,user_id,timestamp,amount,device_id,merchant_id,city,is_fraud,fraud_type,hour,is_odd_hour,is_new_device,is_new_merchant,amount_zscore,amount_vs_user_avg,seconds_since_last_txn,txns_last_1h,device_shared_users,rule_score,rule_reasons
T000018,U0001,2026-07-01 09:06:00,2038.09,D0588,M045,Mumbai,0,,9,0,1,1,0.0,1.0,1000000000.0,0,1,0,
T000037,U0001,2026-07-01 09:17:00,2270.25,D0588,M005,Mumbai,0,,9,0,0,1,0.0,1.0,660.0,1,1,0,
T000029,U0001,2026-07-02 09:33:00,3344.08,D0395,M006,Mumbai,0,,9,0,1,1,0.0,1.0,87360.0,0,1,0,
T000007,U0001,2026-07-05 13:11:00,1955.82,D0588,M012,Mumbai,0,,13,0,0,1,-1.0458915332243786,0.7667456827643755,272280.0,0,1,0,
T000033,U0001,2026-07-06 17:20:00,1982.51,D0395,M006,Mumbai,0,,17,0,0,0,-0.7546364183358258,0.8253374183720068,101340.0,0,1,0,
T000001,U0001,2026-07-08 10:28:00,1727.44,D0588,M045,Mumbai,0,,10,0,0,0,-1.1255406719410614,0.7451804237235812,148080.0,0,1,0,
T000034,U0001,2026-07-08 12:56:00,514.61,D0395,M005,Mumbai,0,,12,0,0,0,-3.23390418252638,0.2318378096880262,8880.0,0,1,0,
T000022,U0001,2026-07-08 13:43:00,810.67,D0588,M045,Mumbai,0,,13,0,0,0,-1.5118031891887895,0.41023437027415693,2820.0,1,1,0,
T000011,U0001,2026-07-08 15:19:00,1343.99,D0395,M045,Mumbai,0,,15,0,0,0,-0.5949268897054616,0.7342467321014777,5760.0,0,1,0,
T000023,U0001,2026-07-09 03:51:00,1392.19,D0395,M058,Mumbai,0,,3,1,0,1,-0.48885754655610697,0.7837211159838092,45120.0,0,1,0,
T000008,U0001,2026-07-09 13:12:00,2138.08,D0395,M012,Mumbai,0,,13,0,0,0,0.5303547198257359,1.2302204007386683,33660.0,0,1,0,
T000035,U0001,2026-07-09 14:16:00,1651.78,D0395,M005,Mumbai,0,,14,0,0,0,-0.1682444343639218,0.9309269054218808,3840.0,0,1,0,
T000032,U0001,2026-07-11 15:06:00,1491.12,D0588,M031,Mumbai,0,,15,0,0,1,-0.39097570213134897,0.8452458271285945,175800.0,0,1,0,
T000036,U0001,2026-07-12 05:20:00,1910.28,D0395,M006,Mumbai,0,,5,1,0,0,0.2477073034583065,1.095893626335781,51240.0,0,1,0,
T000012,U0001,2026-07-12 12:12:00,1502.32,D0588,M006,Mumbai,0,,12,0,0,0,-0.3878338616865298,0.8559910881614125,24720.0,0,1,0,
T000025,U0001,2026-07-12 16:42:00,2255.12,D0588,M012,Mumbai,0,,16,0,0,0,0.8169370257769608,1.2973766572280978,16200.0,0,1,0,
T000010,U0001,2026-07-12 17:45:00,1799.1,D0395,M012,Mumbai,0,,17,0,0,0,0.04570381608261226,1.0161410736503094,3780.0,0,1,0,
T000021,U0001,2026-07-13 15:43:00,1209.67,D0588,M058,Mumbai,0,,15,0,0,0,-0.9272663091429931,0.6825798395946602,79080.0,0,1,0,
T000019,U0001,2026-07-15 21:17:00,1665.99,D0395,M031,Mumbai,0,,21,0,0,0,-0.12421435167786021,0.9569424370451094,192840.0,0,1,0,
T000005,U0001,2026-07-16 09:02:00,968.15,D0395,M039,Mumbai,0,,9,0,0,1,-1.3084132478840091,0.5573671690155876,42300.0,0,1,0,
T000013,U0001,2026-07-16 10:51:00,875.96,D0395,M045,Mumbai,0,,10,0,0,0,-1.3784599756353484,0.5157065116126359,6540.0,0,1,0,
T000009,U0001,2026-07-16 12:25:00,2664.77,D0395,M005,Mumbai,0,,12,0,0,0,1.6531741711862387,1.6058718591117653,5640.0,0,1,0,
T000017,U0001,2026-07-17 15:47:00,2328.93,D0395,M039,Mumbai,0,,15,0,0,0,0.9902313143768847,1.3658688853870693,98520.0,0,1,0,
T000028,U0001,2026-07-18 15:02:00,1014.82,D0588,M031,Mumbai,0,,15,0,0,0,-1.1402715663155147,0.5858514308034408,83700.0,0,1,0,
T000031,U0001,2026-07-19 11:24:00,825.19,D0588,M012,Mumbai,0,,11,0,0,0,-1.3870783458129248,0.4847436367170476,73320.0,0,1,0,
T000006,U0001,2026-07-20 11:21:00,1297.15,D0588,M039,Mumbai,0,,11,0,0,0,-0.5755784966295595,0.7780236664716791,86220.0,0,1,0,
T000002,U0001,2026-07-21 05:32:00,616.95,D0395,M006,Mumbai,0,,5,1,0,0,-1.632863086513649,0.37322979505589876,65460.0,0,1,0,
T000003,U0001,2026-07-21 10:18:00,2842.88,D0395,M031,Mumbai,0,,10,0,0,0,1.8819154203225208,1.760699785100758,17160.0,0,1,0,
T000026,U0001,2026-07-21 15:30:00,2058.2,D0395,M005,Mumbai,0,,15,0,0,0,0.5876049979671061,1.2410033088321997,18720.0,0,1,0,
T000027,U0001,2026-07-22 10:39:00,1090.08,D0395,M045,Mumbai,0,,10,0,0,0,-0.8659037895604617,0.6518526945995518,68940.0,0,1,0,
T000030,U0001,2026-07-23 14:17:00,1383.54,D0588,M039,Mumbai,0,,14,0,0,0,-0.40242823886550483,0.8370516059993407,99480.0,0,1,0,
T000004,U0001,2026-07-23 14:30:00,1289.26,D0395,M031,Mumbai,0,,14,0,0,0,-0.537680191366811,0.7841332488065341,780.0,1,1,0,
T000015,U0001,2026-07-23 15:46:00,1618.38,D0588,M039,Mumbai,0,,15,0,0,0,-0.022544621769973967,0.9909904490746626,4560.0,0,1,0,
T000014,U0001,2026-07-24 16:19:00,2236.75,D0395,M039,Mumbai,0,,16,0,0,0,0.9399787153467013,1.3700139772002518,88380.0,0,1,0,
T000038,U0001,2026-07-28 13:47:00,1303.67,D0588,M045,Mumbai,0,,13,0,0,0,-0.5406666279347513,0.7899042161428043,336480.0,0,1,0,
T000016,U0001,2026-07-28 22:44:00,1282.29,D0395,M058,Mumbai,0,,22,0,0,0,-0.5643586925619977,0.7816418913483527,32220.0,0,1,0,
T000020,U0001,2026-07-29 14:47:00,1285.56,D0588,M012,Mumbai,0,,14,0,0,0,-0.5488179252769856,0.7884173236495925,57780.0,0,1,0,
T000024,U0001,2026-07-30 12:42:00,1439.69,D0395,M005,Mumbai,0,,12,0,0,0,-0.2915961541317152,0.888021365899292,78900.0,0,1,0,
T000051,U0002,2026-07-01 15:47:00,2422.21,D0834,M028,Chennai,0,,15,0,1,1,0.0,1.0,1000000000.0,0,2,0,
T000071,U0002,2026-07-01 16:22:00,4634.17,D0834,M027,Chennai,0,,16,0,0,1,0.0,1.0,2100.0,1,2,0,
T000068,U0002,2026-07-02 10:32:00,3565.83,D0834,M027,Chennai,0,,10,0,0,0,0.0,1.0,65400.0,0,2,0,
T000049,U0002,2026-07-02 22:09:00,2745.87,D0834,M047,Chennai,0,,22,0,0,1,-0.8800529828385992,0.7755081096752443,41820.0,0,2,0,
T000041,U0002,2026-07-03 06:55:00,5178.59,D0834,M032,Chennai,0,,6,0,0,1,2.149105532560054,1.549538901158719,31560.0,0,2,0,
T000064,U0002,2026-07-03 16:06:00,5858.36,D0834,M047,Chennai,0,,16,0,0,0,2.0270981158301944,1.5793562937229821,33060.0,0,2,0,
T000039,U0002,2026-07-03 16:45:00,3517.42,D0834,M027,Chennai,0,,16,0,0,0,-0.4378973625195193,0.8647610756803592,2340.0,1,2,0,
T000054,U0002,2026-07-04 15:22:00,2545.24,D0834,M036,Chennai,0,,15,0,0,1,-1.2246694848171906,0.6380772459269677,81420.0,0,2,0,
T000052,U0002,2026-07-05 14:33:00,3737.74,D0834,M027,Chennai,0,,14,0,0,0,-0.058854657967015826,0.9814304921754341,83460.0,0,2,0,
T000069,U0002,2026-07-06 13:11:00,3378.8,D0834,M027,Chennai,0,,13,0,0,0,-0.3722490706818945,0.8890167435988628,81480.0,0,2,0,
T000058,U0002,2026-07-10 10:20:00,2486.87,D0834,M036,Chennai,0,,10,0,0,0,-1.1747582085986208,0.6616791136437599,335340.0,0,2,0,
T000053,U0002,2026-07-10 13:35:00,2971.35,D0834,M023,Chennai,0,,13,0,0,1,-0.6133052819272223,0.8156713938730809,11700.0,0,2,0,
T000062,U0002,2026-07-11 09:44:00,1930.56,D0834,M032,Chennai,0,,9,0,0,0,-1.555892069378512,0.5382295848294241,72540.0,0,2,0,
T000055,U0002,2026-07-11 17:35:00,2933.44,D0834,M047,Chennai,0,,17,0,0,0,-0.4722163956696851,0.8479468016256125,28260.0,0,2,0,
T000070,U0002,2026-07-12 10:41:00,3154.11,D0834,M047,Chennai,0,,10,0,0,0,-0.24749977661809855,0.9217451927056913,61560.0,0,2,0,
T000046,U0002,2026-07-12 12:02:00,3488.78,D0834,M023,Chennai,0,,12,0,0,0,0.08090895699849342,1.0248947521262317,4860.0,0,2,0,
T000057,U0002,2026-07-12 14:56:00,4069.43,D0834,M027,Chennai,0,,14,0,0,0,0.6507696314449892,1.1936144411811798,10440.0,0,2,0,
T000050,U0002,2026-07-13 18:57:00,6113.37,D0834,M027,Chennai,0,,18,0,0,0,2.675298116118336,1.7729353579043046,100860.0,0,2,0,
T000040,U0002,2026-07-14 14:42:00,4387.0,D0834,M036,Chennai,0,,14,0,0,0,0.6908887709515635,1.219888605228284,71100.0,0,2,0,
T000074,U0002,2026-07-14 21:26:00,3378.59,D0834,M047,Chennai,0,,21,0,0,0,-0.22985039354683745,0.9287327646488959,24240.0,0,2,0,
T000059,U0002,2026-07-15 10:09:00,4893.42,D0834,M027,Chennai,0,,10,0,0,0,1.1523327461047055,1.349951232583434,45780.0,0,2,0,
T000060,U0002,2026-07-15 16:55:00,6672.11,D0834,M028,Chennai,0,,16,0,0,0,2.6962815510652076,1.8104694136471695,24360.0,0,2,0,
T000048,U0002,2026-07-16 10:28:00,3329.26,D0834,M027,Chennai,0,,10,0,0,0,-0.39395342555292073,0.8712928808712815,63180.0,0,2,0,
T000072,U0002,2026-07-16 12:54:00,4081.07,D0834,M036,Chennai,0,,12,0,0,0,0.2297035519925233,1.0740577108349398,8760.0,0,2,0,
T000056,U0002,2026-07-16 13:04:00,2365.8,D0834,M047,Chennai,0,,13,0,0,0,-1.2041035715191093,0.620716864672118,600.0,1,2,0,
T000063,U0002,2026-07-17 14:53:00,3928.3,D0834,M047,Chennai,0,,14,0,0,0,0.14440826246289706,1.0465487890941776,92940.0,0,2,0,
T000065,U0002,2026-07-18 06:39:00,2182.66,D0834,M023,Chennai,0,,6,0,0,0,-1.3291922544139363,0.5804490213986678,56760.0,0,2,0,
T000061,U0002,2026-07-18 11:55:00,2637.13,D0834,M027,Chennai,0,,11,0,0,0,-0.8856338094744463,0.7123787958798121,18960.0,0,2,0,
T000043,U0002,2026-07-21 11:46:00,5010.77,D0834,M047,Chennai,0,,11,0,0,0,1.1252685369107864,1.3676284860658083,258660.0,0,2,0,
T000075,U0002,2026-07-22 13:45:00,2598.19,D0834,M023,Chennai,0,,13,0,0,0,-0.9255336193868209,0.7002670580580284,93540.0,0,2,0,
T000073,U0002,2026-07-22 17:25:00,4514.99,D0834,M036,Chennai,0,,17,0,0,0,0.7025784758585691,1.2291658420464853,13200.0,0,2,0,
T000066,U0002,2026-07-23 14:29:00,2811.0,D0834,M028,Chennai,0,,14,0,0,0,-0.7486352804857491,0.7596540290400939,75840.0,0,2,0,
T000042,U0002,2026-07-24 07:16:00,4270.56,D0834,M047,Chennai,0,,7,0,0,0,0.5069929891613009,1.1628241516346254,60420.0,0,2,0,
T007461,U0002,2026-07-24 12:00:00,65.55,D0834,M006,Chennai,1,velocity_burst,12,0,0,1,-3.109102704240028,0.017760874410045202,17040.0,0,2,0,
T007462,U0002,2026-07-24 12:01:00,76.37,D0834,M046,Chennai,1,velocity_burst,12,0,0,1,-2.6945122955574776,0.021308149591120356,60.0,1,2,0,
T007463,U0002,2026-07-24 12:02:00,129.86,D0834,M059,Chennai,1,velocity_burst,12,0,0,1,-2.378928020196399,0.03727480504717954,60.0,2,2,0,
T007465,U0002,2026-07-24 12:04:00,136.16,D0834,M035,Chennai,1,velocity_burst,12,0,0,1,-2.1763035385008047,0.0401570412048812,120.0,3,2,0,
T007466,U0002,2026-07-24 12:05:00,62.16,D0834,M036,Chennai,1,velocity_burst,12,0,0,0,-2.0684550230091636,0.018820806022537065,60.0,4,2,0,
T007464,U0002,2026-07-24 12:06:00,118.25,D0834,M048,Chennai,1,velocity_burst,12,0,0,1,-1.900629424907436,0.036752710884400165,60.0,5,2,30,5 txns in last 1h (velocity)
T007467,U0002,2026-07-24 12:12:00,123.83,D0834,M012,Chennai,1,velocity_burst,12,0,0,1,-1.7915050535827308,0.039461653210048166,360.0,6,2,30,6 txns in last 1h (velocity)
T000044,U0002,2026-07-26 10:45:00,3821.72,D0834,M027,Chennai,0,,10,0,0,0,0.4396271933467874,1.2478559064085686,167580.0,0,2,0,
T000045,U0002,2026-07-26 17:02:00,3595.92,D0834,M023,Chennai,0,,17,0,0,0,0.30112730939662974,1.167073138206363,22620.0,0,2,0,
T000047,U0002,2026-07-26 17:53:00,4015.52,D0834,M036,Chennai,0,,17,0,0,0,0.5453600203981954,1.2980926131868618,3060.0,1,2,0,
T000076,U0002,2026-07-27 14:55:00,3463.43,D0834,M047,Chennai,0,,14,0,0,0,0.2078823516371688,1.1119109067000301,75720.0,0,2,0,
T007575,U0002,2026-07-28 19:07:00,1013.74,D0201,M003,Chennai,1,device_ring,19,0,1,1,-1.2716568020747672,0.32462873827610605,101520.0,0,5,20,device shared by 5 users
T000067,U0002,2026-07-29 16:22:00,4216.7,D0834,M023,Chennai,0,,16,0,0,0,0.6834562714665573,1.370883318257784,76500.0,0,2,0,
T000096,U0003,2026-07-01 12:32:00,67.02,D0682,M057,Delhi,0,,12,0,1,1,0.0,1.0,1000000000.0,0,1,0,
T000107,U0003,2026-07-01 17:11:00,1901.75,D0682,M057,Delhi,0,,17,0,0,0,0.0,1.0,16740.0,0,1,0,
T000083,U0003,2026-07-02 13:57:00,1291.51,D0682,M057,Delhi,0,,13,0,0,0,0.0,1.0,74760.0,0,1,0,
T000099,U0003,2026-07-02 19:05:00,2378.82,D0682,M027,Delhi,0,,19,0,0,1,1.6936398864541298,2.1889101529418546,18480.0,0,1,0,
T000095,U0003,2026-07-02 23:42:00,1666.92,D0682,M057,Delhi,0,,23,0,0,0,0.29702126386447064,1.1824014462007046,16620.0,0,1,0,
T000080,U0003,2026-07-03 13:42:00,1386.63,D0682,M057,Delhi,0,,13,0,0,0,-0.09546713613266884,0.9489640043765524,50400.0,0,1,0,
T000089,U0003,2026-07-03 16:44:00,2116.87,D0149,M057,Delhi,0,,16,0,1,0,0.9361936805035781,1.4611447592199303,10920.0,0,1,0,
T000094,U0003,2026-07-03 18:56:00,2853.28,D0149,M004,Delhi,0,,18,0,0,1,1.8678624929021372,1.8477194165019317,7920.0,0,1,0,
T000106,U0003,2026-07-03 19:20:00,569.21,D0682,M054,Delhi,0,,19,0,0,1,-1.4493470301558768,0.3332903941603242,1440.0,1,1,0,
T000092,U0003,2026-07-05 15:05:00,2521.67,D0682,M027,Delhi,0,,15,0,0,0,1.1431229978804247,1.5946468549170623,157500.0,0,1,0,
T000079,U0003,2026-07-06 08:42:00,1371.75,D0682,M054,Delhi,0,,8,0,0,0,-0.3658877339419196,0.8187753372281341,63420.0,0,1,0,
T000087,U0003,2026-07-06 15:08:00,2458.51,D0149,M004,Delhi,0,,15,0,0,0,1.0185290518955854,1.4920258434468985,23160.0,0,1,0,
T000108,U0003,2026-07-06 20:23:00,2489.07,D0682,M004,Delhi,0,,20,0,0,0,0.9740365227796669,1.4510749634223135,18900.0,0,1,0,
T000078,U0003,2026-07-07 22:45:00,2370.99,D0682,M004,Delhi,0,,22,0,0,0,0.7540756031746427,1.3358842206818051,94920.0,0,1,0,
T000102,U0003,2026-07-08 04:02:00,452.36,D0149,M004,Delhi,0,,4,1,0,0,-1.756571594950851,0.24890111603974943,19020.0,0,1,0,
T000104,U0003,2026-07-08 15:34:00,1678.17,D0149,M057,Delhi,0,,15,0,0,0,-0.05853372506364503,0.9720497392459502,41520.0,0,1,0,
T000081,U0003,2026-07-09 18:09:00,1038.19,D0682,M004,Delhi,0,,18,0,0,0,-0.858360161969774,0.6024051902375677,95700.0,0,1,0,
T000085,U0003,2026-07-10 15:33:00,2796.28,D0149,M054,Delhi,0,,15,0,0,0,1.4072043233190243,1.6613855645935252,77040.0,0,1,0,
T000082,U0003,2026-07-10 15:41:00,904.47,D0149,M054,Delhi,0,,15,0,0,0,-1.0376827694295623,0.5183374189140032,480.0,1,1,0,
T000093,U0003,2026-07-12 17:39:00,2343.73,D0149,M054,Delhi,0,,17,0,0,0,0.7934791934500957,1.378090003141609,179880.0,0,1,0,
T000091,U0003,2026-07-15 18:09:00,2810.72,D0149,M057,Delhi,0,,18,0,0,0,1.3436321929949075,1.6220121639243723,261000.0,0,1,0,
T000101,U0003,2026-07-16 15:25:00,2835.77,D0149,M027,Delhi,0,,15,0,0,0,1.2889844847638723,1.5893908700195472,76560.0,0,1,0,
T000098,U0003,2026-07-16 19:24:00,2613.12,D0149,M027,Delhi,0,,19,0,0,0,0.9449779154291309,1.4263865161879594,14340.0,0,1,0,
T000097,U0003,2026-07-17 15:17:00,3399.83,D0682,M004,Delhi,0,,15,0,0,0,1.8615266166609483,1.8220387293019473,71580.0,0,1,0,
T000103,U0003,2026-07-19 14:27:00,1386.91,D0682,M004,Delhi,0,,14,0,0,0,-0.6292054969737837,0.7186583479015792,169800.0,0,1,0,
T000100,U0003,2026-07-21 12:49:00,3611.95,D0149,M057,Delhi,0,,12,0,0,0,1.9994286514522108,1.8929146772656777,166920.0,0,1,0,
T000088,U0003,2026-07-23 06:36:00,2322.24,D0682,M027,Delhi,0,,6,0,0,0,0.3883565976282005,1.1766082366810842,150420.0,0,1,0,
T000084,U0003,2026-07-23 16:14:00,2760.24,D0149,M004,Delhi,0,,16,0,0,0,0.8759485601756402,1.3894410905919057,34680.0,0,1,0,
T000105,U0003,2026-07-23 23:16:00,2771.39,D0149,M004,Delhi,0,,23,0,0,0,0.8612989409010301,1.3759166544878794,25320.0,0,1,0,
T007546,U0003,2026-07-24 23:33:00,18311.99,D0578,M010,Hyderabad,1,account_takeover,23,0,1,1,18.600472157304022,8.975044178089504,87420.0,0,1,40,new device + amount >3x user avg; amount z-score 18.6
T000077,U0003,2026-07-26 09:02:00,2133.93,D0149,M054,Delhi,0,,9,0,0,0,-0.14739021205995329,0.8262361421535827,120540.0,0,1,0,
T000086,U0003,2026-07-27 04:49:00,2124.91,D0149,M004,Delhi,0,,4,1,0,0,-0.14795297331573778,0.8273813984016283,71220.0,0,1,0,
T000090,U0003,2026-07-30 08:07:00,1639.15,D0149,M057,Delhi,0,,8,0,0,0,-0.31022572427674616,0.6417013902518658,271080.0,0,1,0,
T000127,U0004,2026-07-01 18:44:00,2464.06,D0040,M043,Pune,0,,18,0,1,1,0.0,1.0,1000000000.0,0,1,0,
T000146,U0004,2026-07-01 21:54:00,1797.85,D0040,M045,Pune,0,,21,0,0,1,0.0,1.0,11400.0,0,1,0,
T000129,U0004,2026-07-02 12:43:00,2576.99,D0040,M009,Pune,0,,12,0,0,1,0.0,1.0,53340.0,0,1,0,
T007611,U0004,2026-07-02 13:04:00,2986.72,D0040,M017,Pune,1,zero_day_drain,13,0,0,1,2.0568135248845527,1.3101756124624535,1260.0,1,1,0,
T000130,U0004,2026-07-02 14:22:00,2902.69,D0040,M040,Pune,0,,14,0,0,1,1.0450120388122834,1.1816821732647174,4680.0,0,1,0,
T000138,U0004,2026-07-02 16:39:00,1430.64,D0040,M043,Pune,0,,16,0,0,0,-2.644543487621014,0.5619913403421227,8220.0,0,1,0,
T000117,U0004,2026-07-02 17:49:00,774.37,D0040,M045,Pune,0,,17,0,0,0,-2.7991265049717127,0.32814721416708986,4200.0,0,1,0,
T000116,U0004,2026-07-03 11:50:00,1620.0,D0040,M055,Pune,0,,11,0,0,1,-0.6724244591119605,0.7593756776580406,64860.0,0,1,0,
T007612,U0004,2026-07-03 12:34:00,3853.52,D0040,M016,Pune,1,zero_day_drain,12,0,0,1,2.4309955243737362,1.8623551036952806,2640.0,1,1,0,
T000140,U0004,2026-07-04 06:42:00,902.83,D0040,M009,Pune,0,,6,0,0,0,-1.5320385557189635,0.39817384741667183,65280.0,0,1,0,
T000125,U0004,2026-07-04 12:16:00,283.57,D0040,M045,Pune,0,,12,0,0,0,-1.9675290094545907,0.1330710423328606,20040.0,0,1,0,
T000132,U0004,2026-07-04 18:02:00,1730.62,D0040,M043,Pune,0,,18,0,0,0,-0.22326494616761455,0.8816101701413166,20760.0,0,1,0,
T007549,U0004,2026-07-06 01:04:00,8692.54,D0429,M013,Jaipur,1,account_takeover,1,1,1,1,6.757828734933017,4.472264880098441,111720.0,0,2,60,new device + amount >3x user avg; odd hour + new device; amount z-score 6.8
T007613,U0004,2026-07-06 15:40:00,2902.23,D0040,M004,Pune,1,zero_day_drain,15,0,0,1,0.21558374966745833,1.1784269931872555,52560.0,0,1,0,
T000119,U0004,2026-07-06 18:39:00,1644.39,D0040,M009,Pune,0,,18,0,0,0,-0.4319312372395854,0.6592887519003454,10740.0,0,1,0,
T000142,U0004,2026-07-07 12:23:00,2057.77,D0040,M045,Pune,0,,12,0,0,0,-0.1985687983006265,0.8442013265681275,63840.0,0,1,0,
T000110,U0004,2026-07-08 14:44:00,2377.81,D0040,M009,Pune,0,,14,0,0,0,-0.019411122503675358,0.9850901544022934,94860.0,0,1,0,
T000118,U0004,2026-07-10 16:11:00,729.96,D0040,M043,Pune,0,,16,0,0,0,-0.934954118467159,0.30267667663906805,178020.0,0,1,0,
T000141,U0004,2026-07-11 09:08:00,1259.77,D0040,M043,Pune,0,,9,0,0,0,-0.5913362377666481,0.5434134317172353,61020.0,0,1,0,
T000121,U0004,2026-07-11 09:28:00,1412.3,D0040,M045,Pune,0,,9,0,0,0,-0.48358670831757994,0.6242089420114721,1200.0,1,1,0,
T000113,U0004,2026-07-12 12:14:00,1154.25,D0040,M043,Pune,0,,12,0,0,0,-0.6183195595770123,0.519925054883264,96360.0,0,1,0,
T000122,U0004,2026-07-13 11:45:00,1409.86,D0040,M045,Pune,0,,11,0,0,0,-0.44740798613875354,0.6499207107197222,84660.0,0,1,0,
T000112,U0004,2026-07-13 15:55:00,2536.18,D0040,M045,Pune,0,,15,0,0,0,0.24096533483059035,1.18803936684975,15000.0,0,1,0,
T000134,U0004,2026-07-13 17:57:00,1711.7,D0040,M043,Pune,0,,17,0,0,0,-0.27003574049688644,0.7953205714501392,7320.0,0,1,0,
T007614,U0004,2026-07-15 12:27:00,3888.17,D0040,M004,Pune,1,zero_day_drain,12,0,0,0,1.0968597707874106,1.8221305599336428,153000.0,0,1,0,
T007615,U0004,2026-07-16 15:23:00,2829.98,D0040,M025,Pune,1,zero_day_drain,15,0,0,1,0.3901585567740585,1.2840015536601195,96960.0,0,1,0,
T000145,U0004,2026-07-17 14:37:00,2116.36,D0040,M045,Pune,0,,14,0,0,0,-0.07082485822826717,0.949846859886447,83640.0,0,1,0,
T000111,U0004,2026-07-17 20:55:00,1087.11,D0040,M045,Pune,0,,20,0,0,0,-0.7341970608704275,0.4888155351771513,22680.0,0,1,0,
T000128,U0004,2026-07-18 11:43:00,309.94,D0040,M045,Pune,0,,11,0,0,0,-1.2203921625366445,0.14195514651078114,53280.0,0,1,0,
T000123,U0004,2026-07-19 15:43:00,1262.81,D0040,M055,Pune,0,,15,0,0,0,-0.5534248141315204,0.5960123478369415,100800.0,0,1,0,
T000124,U0004,2026-07-19 16:01:00,707.34,D0040,M055,Pune,0,,16,0,0,0,-0.9047994075479249,0.3384024650178223,1080.0,1,1,0,
T000135,U0004,2026-07-20 10:31:00,2103.23,D0040,M055,Pune,0,,10,0,0,0,0.037817687089910665,1.0281608268687379,66600.0,0,1,0,
T000126,U0004,2026-07-21 10:23:00,675.01,D0040,M045,Pune,0,,10,0,0,0,-0.9153629653175003,0.32968749125348984,85920.0,0,1,0,
T000109,U0004,2026-07-21 14:45:00,977.67,D0040,M009,Pune,0,,14,0,0,0,-0.6877151668006948,0.48741286195588673,15720.0,0,1,0,
T000143,U0004,2026-07-24 12:37:00,1417.37,D0040,M043,Pune,0,,12,0,0,0,-0.37638977293459674,0.7174394490120484,251520.0,0,1,0,
T000139,U0004,2026-07-24 17:38:00,1317.16,D0040,M043,Pune,0,,17,0,0,0,-0.4386411427187579,0.6721418048606015,18060.0,0,1,0,
T000137,U0004,2026-07-24 17:57:00,1357.81,D0040,M043,Pune,0,,17,0,0,0,-0.40328329896815646,0.699253569889821,1140.0,1,1,0,
T000136,U0004,2026-07-25 23:11:00,1402.84,D0040,M040,Pune,0,,23,0,0,0,-0.36546870958017885,0.7283637495730653,105240.0,0,1,0,
T000133,U0004,2026-07-26 10:46:00,1095.84,D0040,M040,Pune,0,,10,0,0,0,-0.5769509178914058,0.573063776115566,41700.0,0,1,0,
T000115,U0004,2026-07-26 12:05:00,244.36,D0040,M040,Pune,0,,12,0,0,0,-1.1741084514958247,0.1292011551180275,4740.0,0,1,0,
T000114,U0004,2026-07-28 09:05:00,1603.59,D0040,M040,Pune,0,,9,0,0,0,-0.1750139606392629,0.8667395795796374,162000.0,0,1,0,
T000131,U0004,2026-07-28 13:56:00,2736.14,D0040,M043,Pune,0,,13,0,0,0,0.6408224568422889,1.483704696017431,17460.0,0,1,0,
T000144,U0004,2026-07-28 16:56:00,1692.03,D0040,M043,Pune,0,,16,0,0,0,-0.12542205510891483,0.9070769351582803,10800.0,0,1,0,
T000120,U0004,2026-07-30 16:00:00,1851.27,D0040,M009,Pune,0,,16,0,0,0,-0.007367248258125907,0.9945929009324457,169440.0,0,1,0,
T000148,U0005,2026-07-01 19:26:00,2776.12,D0716,M042,Mumbai,0,,19,0,1,1,0.0,1.0,1000000000.0,0,1,0,
T000155,U0005,2026-07-03 14:04:00,2898.64,D0716,M008,Mumbai,0,,14,0,0,1,0.0,1.0,153480.0,0,1,0,
T000163,U0005,2026-07-03 16:56:00,3245.3,D0716,M008,Mumbai,0,,16,0,0,0,0.0,1.0,10320.0,0,1,0,
T000152,U0005,2026-07-08 18:15:00,3249.4,D0716,M008,Mumbai,0,,18,0,0,0,1.389304655121521,1.0928401823218092,436740.0,0,1,0,
T000147,U0005,2026-07-12 13:48:00,2882.46,D0716,M027,Mumbai,0,,13,0,0,1,-0.7632079986832926,0.9474405599106482,329580.0,0,1,0,
T000164,U0005,2026-07-14 12:24:00,3544.07,D0716,M008,Mumbai,0,,12,0,0,0,2.695211489642376,1.1772817018768098,167760.0,0,1,0,
T000161,U0005,2026-07-14 16:51:00,2919.81,D0716,M008,Mumbai,0,,16,0,0,0,-0.6679596075174388,0.9420772970058349,16020.0,0,1,0,
T000157,U0005,2026-07-17 07:15:00,4511.43,D0716,M008,Mumbai,0,,7,0,0,0,5.602358799050378,1.4677590417147253,224640.0,0,1,15,amount z-score 5.6
T000150,U0005,2026-07-17 22:32:00,2659.6,D0716,M008,Mumbai,0,,22,0,0,0,-1.1148075343120527,0.8174823057797599,55020.0,0,1,0,
T007577,U0005,2026-07-19 10:00:00,3861.61,D0629,M048,Mumbai,1,device_ring,10,0,1,1,1.258415169083396,1.211513784865612,127680.0,0,5,20,device shared by 5 users
T000153,U0005,2026-07-19 17:06:00,3127.21,D0716,M008,Mumbai,0,,17,0,0,0,-0.2333288294256308,0.9607864459983992,25560.0,0,1,0,
T000160,U0005,2026-07-19 18:26:00,2251.28,D0716,M042,Mumbai,0,,18,0,0,0,-1.8972337678385391,0.6941451660268112,4800.0,0,1,0,
T000156,U0005,2026-07-20 14:33:00,4174.69,D0716,M027,Mumbai,0,,14,0,0,0,1.7768143130490206,1.3208630380616,72420.0,0,1,0,
T000154,U0005,2026-07-21 12:36:00,2193.45,D0716,M008,Mumbai,0,,12,0,0,0,-1.7096224706286085,0.6772862894870857,79380.0,0,1,0,
T000165,U0005,2026-07-23 12:06:00,4743.2,D0716,M042,Mumbai,0,,12,0,0,0,2.438388394444538,1.499146518540595,171000.0,0,1,0,
T000162,U0005,2026-07-24 18:39:00,1936.84,D0716,M027,Mumbai,0,,18,0,0,0,-1.8019981483397036,0.5924474903195666,109980.0,0,1,0,
T000159,U0005,2026-07-26 21:43:00,2710.23,D0716,M042,Mumbai,0,,21,0,0,0,-0.6058481219267329,0.8506834018874911,183840.0,0,1,0,
T000158,U0005,2026-07-28 16:07:00,2570.41,D0716,M042,Mumbai,0,,16,0,0,0,-0.7631133821632545,0.8139460416225903,152640.0,0,1,0,
T000151,U0005,2026-07-29 11:32:00,3316.13,D0716,M008,Mumbai,0,,11,0,0,0,0.2509825832113999,1.0610531364509592,69900.0,0,1,0,
T000149,U0005,2026-07-30 11:36:00,2037.34,D0716,M042,Mumbai,0,,11,0,0,0,-1.4814059509642292,0.649794164422105,86640.0,0,1,0,
T000193,U0006,2026-07-01 10:31:00,3270.03,D0145,M039,Delhi,0,,10,0,1,1,0.0,1.0,1000000000.0,0,1,0,
T000196,U0006,2026-07-01 11:11:00,4245.17,D0145,M006,Delhi,0,,11,0,0,1,0.0,1.0,2400.0,1,1,0,
T000188,U0006,2026-07-01 13:56:00,2246.58,D0145,M027,Delhi,0,,13,0,0,1,0.0,1.0,9900.0,0,1,0,
T000181,U0006,2026-07-03 08:23:00,3639.75,D0393,M006,Delhi,0,,8,0,1,0,0.4728224786824493,1.1185716126202685,152820.0,0,2,0,
T000204,U0006,2026-07-04 09:01:00,3998.13,D0393,M006,Delhi,0,,9,0,0,0,0.8920215479845989,1.1933353874689425,88680.0,0,2,0,
T000199,U0006,2026-07-06 13:51:00,2142.83,D0393,M039,Delhi,0,,13,0,0,0,-1.912146253314159,0.6157677791934533,190200.0,0,2,0,
T000174,U0006,2026-07-06 17:49:00,3161.25,D0145,M039,Delhi,0,,17,0,0,0,-0.1183385950210083,0.9705774440297289,14280.0,0,1,0,
T000201,U0006,2026-07-07 06:31:00,1804.73,D0145,M006,Delhi,0,,6,0,0,0,-1.916970267723925,0.5564329928066905,45720.0,0,1,0,
T000200,U0006,2026-07-07 14:46:00,2588.14,D0393,M050,Delhi,0,,14,0,0,1,-0.5605957355966471,0.844814873928951,29700.0,0,2,0,
T000166,U0006,2026-07-07 15:03:00,2718.21,D0393,M050,Delhi,0,,15,0,0,0,-0.3596323973055365,0.902839506191898,1020.0,1,2,0,
T000179,U0006,2026-07-07 19:41:00,3027.65,D0393,M006,Delhi,0,,19,0,0,0,0.05944645678038749,1.0154849162210322,16680.0,0,2,0,
T000180,U0006,2026-07-08 10:33:00,2630.93,D0145,M006,Delhi,0,,10,0,0,0,-0.4789970036878614,0.8811831141295702,53520.0,0,1,0,
T000197,U0006,2026-07-09 15:47:00,3186.64,D0393,M039,Delhi,0,,15,0,0,0,0.3220386872741623,1.0779818113590527,105240.0,0,2,0,
T000194,U0006,2026-07-11 11:25:00,1412.38,D0393,M050,Delhi,0,,11,0,0,0,-2.261425048489746,0.47493329013177094,157080.0,0,2,0,
T000184,U0006,2026-07-11 11:34:00,3034.33,D0145,M045,Delhi,0,,11,0,0,1,0.22125513620041734,1.0600961954670733,540.0,1,1,0,
T000171,U0006,2026-07-11 15:40:00,3458.02,D0393,M006,Delhi,0,,15,0,0,0,0.7765899050278903,1.203298786894176,14760.0,0,2,0,
T000187,U0006,2026-07-12 14:14:00,4019.17,D0145,M006,Delhi,0,,14,0,0,0,1.4943907366484044,1.3810165921125293,81240.0,0,1,0,
T000173,U0006,2026-07-13 10:36:00,4182.25,D0393,M018,Delhi,0,,10,0,0,1,1.5759916268912664,1.4055498637730803,73320.0,0,2,0,
T000177,U0006,2026-07-13 16:23:00,2011.72,D0145,M050,Delhi,0,,16,0,0,0,-1.2986229245206427,0.6611918774721877,20820.0,0,1,0,
T000182,U0006,2026-07-14 12:29:00,2153.84,D0393,M039,Delhi,0,,12,0,0,0,-1.0350829806271535,0.7207549553392448,72360.0,0,2,0,
T000190,U0006,2026-07-15 13:18:00,2317.33,D0393,M006,Delhi,0,,13,0,0,0,-0.7801872076348733,0.7864453369240026,89340.0,0,2,0,
T000172,U0006,2026-07-15 14:32:00,3202.25,D0145,M039,Delhi,0,,14,0,0,0,0.3577337842047404,1.0979307767062534,4440.0,0,1,0,
T000168,U0006,2026-07-15 17:22:00,4298.72,D0145,M050,Delhi,0,,17,0,0,0,1.750017266856938,1.467337291064724,10200.0,0,1,0,
T000189,U0006,2026-07-16 13:43:00,1879.08,D0145,M045,Delhi,0,,13,0,0,0,-1.362869307692316,0.6286372153262629,73260.0,0,1,0,
T000183,U0006,2026-07-16 17:47:00,4464.1,D0145,M045,Delhi,0,,17,0,0,0,1.8380501080613785,1.51691518731144,14640.0,0,1,0,
T000185,U0006,2026-07-18 13:47:00,4275.06,D0145,M027,Delhi,0,,13,0,0,0,1.4715134185822463,1.4232508038929572,158400.0,0,1,0,
T000191,U0006,2026-07-20 23:04:00,948.61,D0393,M045,Delhi,0,,23,0,0,0,-2.3861654951929068,0.31075206473417083,206220.0,0,2,0,
T000186,U0006,2026-07-21 13:29:00,1850.01,D0145,M018,Delhi,0,,13,0,0,0,-1.1812143916813014,0.6219148147302535,51900.0,0,1,0,
T000203,U0006,2026-07-21 14:26:00,1972.88,D0145,M006,Delhi,0,,14,0,0,0,-1.003809964145168,0.6722978870834458,3420.0,1,1,0,
T000198,U0006,2026-07-22 16:59:00,3274.16,D0393,M006,Delhi,0,,16,0,0,0,0.3893124414952126,1.12848677144635,95580.0,0,2,0,
T000195,U0006,2026-07-24 14:09:00,2556.89,D0393,M050,Delhi,0,,14,0,0,0,-0.3781468262883111,0.8775109690578524,162600.0,0,2,0,
T000176,U0006,2026-07-24 16:10:00,4959.78,D0145,M039,Delhi,0,,16,0,0,0,2.2108710060155192,1.7089223569216803,7260.0,0,1,0,
T000167,U0006,2026-07-25 05:18:00,2449.44,D0145,M045,Delhi,0,,5,1,0,0,-0.5258492066939812,0.825677531375844,47280.0,0,1,0,
T000192,U0006,2026-07-26 10:19:00,2245.86,D0145,M018,Delhi,0,,10,0,0,0,-0.7250066847380513,0.76107346796546,104460.0,0,1,0,
T000175,U0006,2026-07-26 17:49:00,4219.65,D0145,M050,Delhi,0,,17,0,0,0,1.335629089611943,1.4400680059068733,27000.0,0,1,0,
T000202,U0006,2026-07-27 12:54:00,3768.92,D0145,M006,Delhi,0,,12,0,0,0,0.8220430082820546,1.270272770957302,68700.0,0,1,0,
T000170,U0006,2026-07-28 10:08:00,3259.84,D0393,M018,Delhi,0,,10,0,0,0,0.27867407770318114,1.0905059342913932,76440.0,0,2,0,
T000169,U0006,2026-07-28 14:54:00,4488.83,D0145,M006,Delhi,0,,14,0,0,0,1.5566118320369249,1.4979726140809604,17160.0,0,1,0,
T000178,U0006,2026-07-28 15:24:00,3851.93,D0145,M027,Delhi,0,,15,0,0,0,0.836439473982513,1.2688048762862028,1800.0,1,1,0,
T000218,U0007,2026-07-02 12:28:00,3025.06,D0749,M001,Kolkata,0,,12,0,1,1,0.0,1.0,1000000000.0,0,2,0,
T000212,U0007,2026-07-03 09:13:00,4667.95,D0749,M048,Kolkata,0,,9,0,0,1,0.0,1.0,74700.0,0,2,0,
T000213,U0007,2026-07-03 13:34:00,2499.0,D0749,M001,Kolkata,0,,13,0,0,0,0.0,1.0,15660.0,0,2,0,
T000205,U0007,2026-07-03 15:40:00,20.0,D0749,M047,Kolkata,0,,15,0,0,1,-3.656033535208353,0.005886964394887673,7560.0,0,2,0,
T000232,U0007,2026-07-04 12:50:00,3799.29,D0749,M047,Kolkata,0,,12,0,0,0,0.747646410963664,1.488165404660526,76200.0,0,2,0,
T000206,U0007,2026-07-05 13:13:00,3628.5,D0749,M048,Kolkata,0,,13,0,0,0,0.5255655280440444,1.29484772958439,87780.0,0,2,0,
T000207,U0007,2026-07-07 09:45:00,2765.14,D0749,M001,Kolkata,0,,9,0,0,0,-0.11910926156446312,0.9405344728600546,160320.0,0,2,0,
T000222,U0007,2026-07-07 11:31:00,4693.64,D0749,M048,Kolkata,0,,11,0,0,0,1.3075603633035666,1.610172830144504,6360.0,0,2,0,
T000210,U0007,2026-07-07 14:14:00,2531.66,D0749,M048,Kolkata,0,,14,0,0,0,-0.43205598922514027,0.806949237508433,9780.0,0,2,0,
T000216,U0007,2026-07-08 18:34:00,3974.19,D0749,M048,Kolkata,0,,18,0,0,0,0.6771340259530189,1.294513185131558,102000.0,0,2,0,
T000220,U0007,2026-07-09 17:36:00,2202.01,D0749,M047,Kolkata,0,,17,0,0,0,-0.7398323753019009,0.696740931351478,82920.0,0,2,0,
T000229,U0007,2026-07-10 19:48:00,2798.6,D0749,M047,Kolkata,0,,19,0,0,0,-0.21707101552105848,0.9106134804487918,94320.0,0,2,0,
T000227,U0007,2026-07-12 18:35:00,3300.88,D0749,M047,Kolkata,0,,18,0,0,0,0.20630260990460975,1.0821067259321318,168420.0,0,2,0,
T000226,U0007,2026-07-13 09:45:00,2236.02,D0749,M047,Kolkata,0,,9,0,0,0,-0.7135588726296803,0.7284197429987969,54600.0,0,2,0,
T000208,U0007,2026-07-16 14:31:00,3967.39,D0749,M047,Kolkata,0,,14,0,0,0,0.8352159795166925,1.3180090897938699,276360.0,0,2,0,
T000225,U0007,2026-07-16 16:22:00,2436.88,D0749,M001,Kolkata,0,,16,0,0,0,-0.5624376320263965,0.7927506209287524,6660.0,0,2,0,
T000211,U0007,2026-07-18 13:56:00,4783.86,D0749,M048,Kolkata,0,,13,0,0,0,1.579849198712491,1.5766783848785135,164040.0,0,2,0,
T000215,U0007,2026-07-19 16:03:00,2062.46,D0749,M047,Kolkata,0,,16,0,0,0,-0.9339242704584858,0.6574493524726924,94020.0,0,2,0,
T000214,U0007,2026-07-21 13:20:00,4326.5,D0749,M048,Kolkata,0,,13,0,0,0,1.090963946695514,1.4059115908714332,163020.0,0,2,0,
T000224,U0007,2026-07-21 13:57:00,2473.77,D0749,M001,Kolkata,0,,13,0,0,0,-0.5826288583611869,0.7870461054884201,2220.0,1,2,0,
T000219,U0007,2026-07-23 09:35:00,3559.49,D0749,M048,Kolkata,0,,9,0,0,0,0.39838090229740014,1.144663047444507,157080.0,0,2,0,
T000209,U0007,2026-07-24 14:06:00,4222.5,D0749,M047,Kolkata,0,,14,0,0,0,0.9867106479107782,1.3485842085755453,102660.0,0,2,0,
T000228,U0007,2026-07-24 14:37:00,2321.92,D0749,M001,Kolkata,0,,14,0,0,0,-0.7776012360930525,0.7300091930813913,1860.0,1,2,0,
T000223,U0007,2026-07-26 17:27:00,3894.44,D0749,M048,Kolkata,0,,17,0,0,0,0.6864472306052674,1.238951536957963,183000.0,0,2,0,
T000217,U0007,2026-07-28 13:09:00,3672.52,D0749,M001,Kolkata,0,,13,0,0,0,0.46031862441644905,1.1568335688887226,157320.0,0,2,0,
T000230,U0007,2026-07-29 11:57:00,3597.01,D0749,M001,Kolkata,0,,11,0,0,0,0.3781673824293114,1.1259844428868646,82080.0,0,2,0,
T007423,U0007,2026-07-29 14:00:00,80.24,D0749,M030,Kolkata,1,velocity_burst,14,0,0,1,-2.9908738858723822,0.024996681064066172,7380.0,0,2,0,
T007424,U0007,2026-07-29 14:02:00,85.59,D0749,M023,Kolkata,1,velocity_burst,14,0,0,1,-2.5391709725964833,0.027662252214281566,120.0,1,2,0,
T007426,U0007,2026-07-29 14:03:00,103.16,D0749,M009,Kolkata,1,velocity_burst,14,0,0,1,-2.234381975254131,0.03454024326774935,60.0,2,2,0,
T007425,U0007,2026-07-29 14:04:00,71.39,D0749,M056,Kolkata,1,velocity_burst,14,0,0,1,-2.0510343920145373,0.02472612156817222,60.0,3,2,0,
T007427,U0007,2026-07-29 14:08:00,141.62,D0749,M002,Kolkata,1,velocity_burst,14,0,0,1,-1.8397708234061791,0.05069864269591627,240.0,4,2,0,
T007428,U0007,2026-07-29 14:10:00,22.9,D0749,M057,Kolkata,1,velocity_burst,14,0,0,1,-1.7979688503301843,0.008456961342404534,120.0,5,2,30,5 txns in last 1h (velocity)
T000221,U0007,2026-07-30 11:58:00,3814.41,D0749,M047,Kolkata,0,,11,0,0,0,0.77191562202322,1.4537042434945542,78480.0,0,2,0,
T000231,U0007,2026-07-30 12:24:00,3492.9,D0749,M001,Kolkata,0,,12,0,0,0,0.5435441231866158,1.3131204498504387,1560.0,1,2,0,
T000249,U0008,2026-07-02 08:15:00,1482.87,D0702,M026,Kolkata,0,,8,0,1,1,0.0,1.0,1000000000.0,0,1,0,
T000265,U0008,2026-07-03 20:11:00,1313.86,D0702,M003,Kolkata,0,,20,0,0,1,0.0,1.0,129360.0,0,1,0,
T000254,U0008,2026-07-04 10:48:00,2326.52,D0702,M026,Kolkata,0,,10,0,0,0,0.0,1.0,52620.0,0,1,0,
T000246,U0008,2026-07-04 13:27:00,3066.26,D0702,M033,Kolkata,0,,13,0,0,1,3.0670056040628246,1.7954969979238782,9540.0,0,1,15,amount z-score 3.1
T000239,U0008,2026-07-04 13:53:00,3419.2,D0702,M029,Kolkata,0,,13,0,0,1,1.9533988619681977,1.6700388659785315,1560.0,1,1,0,
T000242,U0008,2026-07-04 16:23:00,2208.0,D0702,M009,Kolkata,0,,16,0,0,1,-0.13637156459587985,0.951010060139753,9000.0,0,1,0,
T000257,U0008,2026-07-05 12:47:00,1458.44,D0702,M009,Kolkata,0,,12,0,0,0,-1.107239338855327,0.6333374584977159,73440.0,0,1,0,
T000235,U0008,2026-07-07 12:08:00,1661.35,D0702,M009,Kolkata,0,,12,0,0,0,-0.6805077528378901,0.7613313122732465,170460.0,0,1,0,
T000251,U0008,2026-07-07 20:43:00,2452.25,D0702,M029,Kolkata,0,,20,0,0,0,0.4552128049810794,1.1583266903275995,30900.0,0,1,0,
T000253,U0008,2026-07-08 14:09:00,1097.59,D0702,M029,Kolkata,0,,14,0,0,0,-1.5049360401151224,0.5094866866308875,62760.0,0,1,0,
T000262,U0008,2026-07-08 18:07:00,2057.38,D0702,M009,Kolkata,0,,18,0,0,0,0.01185543107443013,1.0042691857089803,14280.0,0,1,0,
T000238,U0008,2026-07-13 16:01:00,1305.67,D0702,M026,Kolkata,0,,16,0,0,0,-1.057386428728714,0.6370896193260037,424440.0,0,1,0,
T000255,U0008,2026-07-13 17:32:00,2858.82,D0702,M026,Kolkata,0,,17,0,0,0,1.237526366296947,1.4384367894834527,5460.0,0,1,0,
T000250,U0008,2026-07-15 09:21:00,1143.94,D0702,M009,Kolkata,0,,9,0,0,0,-1.273055395428894,0.5568033197567923,143340.0,0,1,0,
T000266,U0008,2026-07-15 11:03:00,2203.44,D0702,M033,Kolkata,0,,11,0,0,0,0.29394841749924544,1.1075683559256304,6120.0,0,1,0,
T000233,U0008,2026-07-17 10:13:00,3277.36,D0702,M003,Kolkata,0,,10,0,0,0,1.8056838667179274,1.6356491413233036,169800.0,0,1,0,
T000236,U0008,2026-07-17 11:00:00,997.3,D0702,M033,Kolkata,0,,11,0,0,0,-1.4493206089034554,0.4787095049295261,2820.0,1,1,0,
T000248,U0008,2026-07-17 14:00:00,1800.21,D0702,M026,Kolkata,0,,14,0,0,0,-0.28449215371191217,0.8914461731226951,10800.0,0,1,0,
T000237,U0008,2026-07-17 17:28:00,941.32,D0702,M009,Kolkata,0,,17,0,0,0,-1.420242433605489,0.46896053887934747,12480.0,0,1,0,
T000244,U0008,2026-07-18 16:03:00,1567.83,D0702,M026,Kolkata,0,,16,0,0,0,-0.4989110015644623,0.8035430180242943,81300.0,0,1,0,
T000261,U0008,2026-07-18 18:15:00,1750.66,D0702,M009,Kolkata,0,,18,0,0,0,-0.2406384547258431,0.9061478617894185,7920.0,0,1,0,
T000264,U0008,2026-07-19 05:52:00,2298.6,D0702,M026,Kolkata,0,,5,1,0,0,0.5096123316206825,1.195104661961972,41820.0,0,1,0,
T000256,U0008,2026-07-20 15:52:00,2408.82,D0702,M003,Kolkata,0,,15,0,0,0,0.6472925853528021,1.2414017980023633,122400.0,0,1,0,
T000240,U0008,2026-07-20 23:36:00,1388.61,D0702,M033,Kolkata,0,,23,0,0,0,-0.8011566127397881,0.7081965835436687,27840.0,0,1,0,
T000258,U0008,2026-07-21 13:09:00,1568.84,D0702,M026,Kolkata,0,,13,0,0,0,-0.5195941786335428,0.809962504663974,48780.0,0,1,0,
T000245,U0008,2026-07-22 11:31:00,2605.24,D0702,M009,Kolkata,0,,11,0,0,0,0.978781546342332,1.3553388870808933,80520.0,0,1,0,
T000252,U0008,2026-07-24 11:28:00,1275.35,D0702,M029,Kolkata,0,,11,0,0,0,-0.9660487943530163,0.6545371349954744,172620.0,0,1,0,
T000263,U0008,2026-07-25 16:40:00,3393.05,D0702,M026,Kolkata,0,,16,0,0,0,2.1129530910960237,1.7639561425703112,105120.0,0,1,0,
T000247,U0008,2026-07-26 14:16:00,3169.56,D0702,M026,Kolkata,0,,14,0,0,0,1.6230219289153796,1.6040057264065435,77760.0,0,1,0,
T000234,U0008,2026-07-27 15:27:00,1059.09,D0702,M029,Kolkata,0,,15,0,0,0,-1.2695184127755614,0.5250338724957668,90660.0,0,1,0,
T000260,U0008,2026-07-28 17:32:00,1642.3,D0702,M003,Kolkata,0,,17,0,0,0,-0.4502535663211595,0.8272519478288846,93900.0,0,1,0,
T000259,U0008,2026-07-30 09:44:00,2099.27,D0702,M009,Kolkata,0,,9,0,0,0,0.16639485126936826,1.0633604097115432,144720.0,0,1,0,
T000243,U0008,2026-07-30 14:40:00,2826.82,D0702,M026,Kolkata,0,,14,0,0,0,1.1465897826934977,1.429062701689916,17760.0,0,1,0,
T000241,U0008,2026-07-30 17:52:00,2395.78,D0702,M026,Kolkata,0,,17,0,0,0,0.5273382689499255,1.1956107305821666,11520.0,0,1,0,
T000282,U0009,2026-07-01 08:46:00,1528.09,D0072,M047,Ahmedabad,0,,8,0,1,1,0.0,1.0,1000000000.0,0,1,0,
T000297,U0009,2026-07-01 13:27:00,1247.38,D0688,M032,Ahmedabad,0,,13,0,1,1,0.0,1.0,16860.0,0,1,0,
T000294,U0009,2026-07-02 15:57:00,1748.26,D0072,M032,Ahmedabad,0,,15,0,0,0,0.0,1.0,95400.0,0,1,0,
T000288,U0009,2026-07-03 12:36:00,2280.52,D0072,M047,Ahmedabad,0,,12,0,0,0,3.7691844982726654,1.5123714270000386,74340.0,0,1,15,amount z-score 3.8
T000287,U0009,2026-07-03 12:52:00,1518.3,D0072,M056,Ahmedabad,0,,12,0,0,1,-0.48256663261612714,0.8925597966608753,960.0,1,1,0,
T000292,U0009,2026-07-04 15:27:00,1328.29,D0072,M019,Ahmedabad,0,,15,0,0,1,-0.9702055516000351,0.7980066200875894,95700.0,0,1,0,
T000275,U0009,2026-07-04 16:34:00,1883.71,D0072,M006,Ahmedabad,0,,16,0,0,1,0.8088954245413932,1.1711167103561244,4020.0,0,1,0,
T000278,U0009,2026-07-04 22:42:00,1790.97,D0072,M006,Ahmedabad,0,,22,0,0,0,0.4346394283083416,1.0868902551371113,22080.0,0,1,0,
T000284,U0009,2026-07-05 13:14:00,3327.06,D0072,M019,Ahmedabad,0,,13,0,0,0,5.329048501775384,1.9974064789982489,52320.0,0,1,15,amount z-score 5.3
T000289,U0009,2026-07-08 12:39:00,1886.79,D0688,M006,Ahmedabad,0,,12,0,0,0,0.06092348795051381,1.0197284739555337,257100.0,0,1,0,
T000272,U0009,2026-07-08 13:17:00,1955.59,D0072,M032,Ahmedabad,0,,13,0,0,0,0.17880126928948673,1.0548308809550533,2280.0,1,1,0,
T000296,U0009,2026-07-09 13:18:00,1282.22,D0688,M056,Ahmedabad,0,,13,0,0,0,-1.0701913117255089,0.6881896813865415,86460.0,0,1,0,
T000286,U0009,2026-07-10 18:00:00,2247.58,D0688,M032,Ahmedabad,0,,18,0,0,0,0.7956431873831836,1.238496443760764,103320.0,0,1,0,
T000291,U0009,2026-07-12 11:52:00,515.11,D0072,M033,Ahmedabad,0,,11,0,0,1,-2.4904948537594063,0.27873035969460275,150720.0,0,1,0,
T000277,U0009,2026-07-12 14:03:00,797.12,D0072,M033,Ahmedabad,0,,14,0,0,0,-1.5426224338723638,0.4547570950307968,7860.0,0,1,0,
T000280,U0009,2026-07-14 10:26:00,1732.27,D0688,M033,Ahmedabad,0,,10,0,0,0,0.06695530550644083,1.0255381552669407,159780.0,0,1,0,
T000270,U0009,2026-07-15 06:14:00,2712.93,D0072,M032,Ahmedabad,0,,6,0,0,0,1.6366433027515508,1.603548821591104,71280.0,0,1,0,
T000273,U0009,2026-07-16 16:16:00,2552.93,D0072,M047,Ahmedabad,0,,16,0,0,0,1.2300686104180514,1.4572403834381187,122520.0,0,1,0,
T000274,U0009,2026-07-18 12:19:00,216.24,D0688,M019,Ahmedabad,0,,12,0,0,0,-2.3980715978973235,0.12037437924563943,158580.0,0,1,0,
T000279,U0009,2026-07-18 13:38:00,1441.26,D0688,M032,Ahmedabad,0,,13,0,0,0,-0.3715400655143263,0.8412533296309642,4740.0,0,1,0,
T000295,U0009,2026-07-18 15:19:00,2503.67,D0072,M033,Ahmedabad,0,,15,0,0,0,1.123070917446524,1.4730668001036302,6060.0,0,1,0,
T000293,U0009,2026-07-19 11:15:00,2278.04,D0072,M006,Ahmedabad,0,,11,0,0,0,0.7508455720319203,1.3107863832864513,71760.0,0,1,0,
T000267,U0009,2026-07-19 11:47:00,2381.28,D0688,M056,Ahmedabad,0,,11,0,0,0,0.8694088743512651,1.351104196262726,1920.0,1,1,0,
T000271,U0009,2026-07-20 20:35:00,2613.72,D0688,M032,Ahmedabad,0,,20,0,0,0,1.1652169337029055,1.460689319546087,118080.0,0,1,0,
T000281,U0009,2026-07-24 13:14:00,2791.3,D0688,M056,Ahmedabad,0,,13,0,0,0,1.3591754334677477,1.5305511864875878,319140.0,0,1,0,
T000298,U0009,2026-07-25 12:16:00,2119.26,D0688,M006,Ahmedabad,0,,12,0,0,0,0.3553260505997374,1.1379034169329842,82920.0,0,1,0,
T000299,U0009,2026-07-25 19:19:00,2442.97,D0688,M006,Ahmedabad,0,,19,0,0,0,0.8031937827123332,1.3047938268980341,25380.0,0,1,0,
T000276,U0009,2026-07-26 08:51:00,1794.16,D0072,M032,Ahmedabad,0,,8,0,0,0,-0.14072274776986127,0.9475667044921917,48720.0,0,1,0,
T000283,U0009,2026-07-26 14:12:00,2688.9,D0688,M019,Ahmedabad,0,,14,0,0,0,1.152921301467964,1.4227785306157108,19260.0,0,1,0,
T000269,U0009,2026-07-26 18:58:00,2481.35,D0688,M056,Ahmedabad,0,,18,0,0,0,0.8097356205046071,1.2940915277091238,17160.0,0,1,0,
T000268,U0009,2026-07-27 08:33:00,1613.96,D0072,M006,Ahmedabad,0,,8,0,0,0,-0.4656300858417217,0.8335526867589647,48900.0,0,1,0,
T000285,U0009,2026-07-28 09:24:00,3289.53,D0072,M019,Ahmedabad,0,,9,0,0,0,1.9958368395078836,1.708095962965068,89460.0,0,1,0,
T000290,U0009,2026-07-28 11:12:00,2481.86,D0688,M033,Ahmedabad,0,,11,0,0,0,0.7199202404300705,1.2608122200724996,6480.0,0,1,0,
T000306,U0010,2026-07-01 07:18:00,2465.22,D0032,M018,Delhi,0,,7,0,1,1,0.0,1.0,1000000000.0,0,2,0,
T000320,U0010,2026-07-01 11:12:00,1093.5,D0032,M016,Delhi,0,,11,0,0,1,0.0,1.0,14040.0,0,2,0,
T000313,U0010,2026-07-01 14:37:00,1886.83,D0767,M053,Delhi,0,,14,0,1,1,0.0,1.0,12300.0,0,1,0,
T000310,U0010,2026-07-03 10:32:00,1087.91,D0032,M018,Delhi,0,,10,0,0,0,-1.2934148690435676,0.5993389094218184,158100.0,0,2,0,
T000318,U0010,2026-07-05 16:32:00,2064.28,D0767,M053,Delhi,0,,16,0,0,0,0.7430666231839103,1.2638203945451139,194400.0,0,1,0,
T000309,U0010,2026-07-05 17:04:00,1383.8,D0767,M048,Delhi,0,,17,0,0,1,-0.6142696636008411,0.8047463631112673,1920.0,1,1,0,
T000322,U0010,2026-07-05 23:36:00,1964.73,D0032,M040,Delhi,0,,23,0,0,1,0.5854111325831599,1.181018158812557,23520.0,0,2,0,
T000307,U0010,2026-07-06 09:02:00,1473.85,D0032,M053,Delhi,0,,9,0,0,0,-0.4771942684118394,0.8636126585080289,33960.0,0,2,0,
T000316,U0010,2026-07-06 13:14:00,1015.34,D0767,M048,Delhi,0,,13,0,0,0,-1.4310704498462434,0.6052643340862739,15120.0,0,1,0,
T000321,U0010,2026-07-11 18:58:00,3048.62,D0767,M016,Delhi,0,,18,0,0,0,2.9889339074341925,1.9007070078053374,452640.0,0,1,0,
T000301,U0010,2026-07-13 12:32:00,1604.28,D0032,M048,Delhi,0,,12,0,0,0,-0.22843030189243863,0.917566151082833,149640.0,0,2,0,
T000314,U0010,2026-07-15 10:01:00,2570.93,D0032,M004,Delhi,0,,10,0,0,1,1.3857511396890037,1.4815432013909537,163740.0,0,2,0,
T000300,U0010,2026-07-17 13:37:00,1085.04,D0767,M040,Delhi,0,,13,0,0,0,-1.1577298774078313,0.6011498988556966,185760.0,0,1,0,
T000317,U0010,2026-07-20 14:15:00,2148.38,D0767,M026,Delhi,0,,14,0,0,1,0.6355947979819383,1.2279517569449894,261480.0,0,1,0,
T000312,U0010,2026-07-21 11:07:00,2468.14,D0767,M016,Delhi,0,,11,0,0,0,1.1251954600754663,1.388115636287346,75120.0,0,1,0,
T000302,U0010,2026-07-22 14:34:00,1911.27,D0767,M040,Delhi,0,,14,0,0,0,0.14134861718276384,1.0478128414973513,98820.0,0,1,0,
T000315,U0010,2026-07-22 17:08:00,2276.34,D0032,M018,Delhi,0,,17,0,0,0,0.7474752344476092,1.2442364946608655,9240.0,0,2,0,
T000305,U0010,2026-07-23 17:08:00,1262.52,D0767,M018,Delhi,0,,17,0,0,0,-1.0065798839485611,0.6803133968642104,86400.0,0,1,0,
T000303,U0010,2026-07-24 14:00:00,2078.39,D0032,M026,Delhi,0,,14,0,0,0,0.4341142794461402,1.1401981891268236,75120.0,0,2,0,
T000319,U0010,2026-07-28 15:31:00,1380.88,D0767,M040,Delhi,0,,15,0,0,0,-0.7908749979445526,0.7519975277774303,351060.0,0,1,0,
T000308,U0010,2026-07-28 16:46:00,1232.1,D0767,M004,Delhi,0,,16,0,0,0,-1.0201118762304748,0.6793997831945465,4500.0,0,1,0,
T000304,U0010,2026-07-30 10:16:00,1934.78,D0767,M040,Delhi,0,,10,0,0,0,0.2614010731208639,1.0834089057685294,149400.0,0,1,0,
T000311,U0010,2026-07-30 11:10:00,2176.92,D0767,M026,Delhi,0,,11,0,0,0,0.6892561122434756,1.2143946573516715,3240.0,1,1,0,
T000333,U0011,2026-07-01 10:04:00,669.72,D0151,M006,Chennai,0,,10,0,1,1,0.0,1.0,1000000000.0,0,2,0,
T000340,U0011,2026-07-02 18:05:00,1043.06,D0289,M047,Chennai,0,,18,0,1,1,0.0,1.0,115260.0,0,2,0,
T000332,U0011,2026-07-03 11:06:00,1074.0,D0151,M007,Chennai,0,,11,0,0,1,0.0,1.0,61260.0,0,2,0,
T000344,U0011,2026-07-03 16:43:00,440.76,D0151,M007,Chennai,0,,16,0,0,0,-2.657101224398654,0.4744830946743377,20220.0,0,2,0,
T000326,U0011,2026-07-04 08:31:00,677.57,D0151,M007,Chennai,0,,8,0,0,0,-0.4887727804810782,0.839735525087546,56880.0,0,2,0,
T000329,U0011,2026-07-04 18:06:00,1112.82,D0151,M047,Chennai,0,,18,0,0,0,1.3697833233651893,1.4248254192265704,34500.0,0,2,0,
T000343,U0011,2026-07-05 10:56:00,877.01,D0289,M047,Chennai,0,,10,0,0,0,0.1606027432992953,1.0486515343394767,60600.0,0,2,0,
T000339,U0011,2026-07-05 14:11:00,877.4,D0151,M006,Chennai,0,,14,0,0,0,0.15007573375370295,1.0418765912302523,11700.0,0,2,0,
T000337,U0011,2026-07-06 12:29:00,1243.35,D0289,M007,Chennai,0,,12,0,0,0,1.8026987255223381,1.4687390160934164,80280.0,0,2,0,
T000324,U0011,2026-07-06 15:08:00,611.42,D0151,M007,Chennai,0,,15,0,0,0,-1.1532198035255283,0.6865010989473757,9540.0,0,2,0,
T000336,U0011,2026-07-06 18:38:00,765.43,D0289,M047,Chennai,0,,18,0,0,0,-0.3978973937304001,0.8872380195833389,12600.0,0,2,0,
T000325,U0011,2026-07-09 11:38:00,653.01,D0151,M007,Chennai,0,,11,0,0,0,-0.8555075828007304,0.764767569963775,234000.0,0,2,0,
T000335,U0011,2026-07-11 13:57:00,1228.93,D0151,M006,Chennai,0,,13,0,0,0,1.6921547080911705,1.4680291255713873,181140.0,0,2,0,
T000342,U0011,2026-07-12 07:45:00,317.93,D0151,M007,Chennai,0,,7,0,0,0,-2.235470132699697,0.36658808168841084,64080.0,0,2,0,
T000331,U0011,2026-07-13 16:16:00,1015.97,D0151,M047,Chennai,0,,16,0,0,0,0.6813346241073753,1.2269735096345256,117060.0,0,2,0,
T000327,U0011,2026-07-14 16:57:00,1109.06,D0289,M007,Chennai,0,,16,0,0,0,0.9923144336820914,1.3194319952451083,88860.0,0,2,0,
T000345,U0011,2026-07-15 09:35:00,1169.68,D0289,M047,Chennai,0,,9,0,0,0,1.1571136979493932,1.364312873114152,59880.0,0,2,0,
T000346,U0011,2026-07-16 18:32:00,1129.35,D0151,M007,Chennai,0,,18,0,0,0,0.9325310102470816,1.2896349312745652,118620.0,0,2,0,
T000330,U0011,2026-07-19 17:52:00,343.93,D0289,M006,Chennai,0,,17,0,0,0,-2.0170164045775136,0.3865233720690376,256800.0,0,2,0,
T000328,U0011,2026-07-20 10:53:00,702.23,D0289,M007,Chennai,0,,10,0,0,0,-0.5472630095700991,0.8155283479930173,61260.0,0,2,0,
T000338,U0011,2026-07-20 15:39:00,997.28,D0151,M007,Chennai,0,,15,0,0,0,0.5057627377104618,1.168963986010405,17160.0,0,2,0,
T000341,U0011,2026-07-22 22:34:00,1211.13,D0151,M047,Chennai,0,,22,0,0,0,1.2548030042551894,1.4082977141317843,197700.0,0,2,0,
T000334,U0011,2026-07-26 08:20:00,638.78,D0289,M047,Chennai,0,,8,0,0,0,-0.8380409206643081,0.7292372380502962,294360.0,0,2,0,
T000323,U0011,2026-07-26 17:16:00,860.95,D0151,M047,Chennai,0,,17,0,0,0,-0.016706682505717666,0.9945770467600777,32160.0,0,2,0,
T000351,U0012,2026-07-01 11:27:00,1135.96,D0844,M010,Chennai,0,,11,0,1,1,0.0,1.0,1000000000.0,0,2,0,
T000348,U0012,2026-07-01 15:47:00,1154.74,D0450,M026,Chennai,0,,15,0,1,1,0.0,1.0,15600.0,0,1,0,
T000362,U0012,2026-07-01 16:31:00,2177.51,D0844,M039,Chennai,0,,16,0,0,1,0.0,1.0,2640.0,1,2,0,
T000356,U0012,2026-07-02 17:12:00,1199.19,D0844,M026,Chennai,0,,17,0,0,0,-0.5963794692890517,0.805147922229384,88860.0,0,2,0,
T000360,U0012,2026-07-05 12:00:00,1304.33,D0450,M029,Chennai,0,,12,0,0,1,-0.25586271378664754,0.9205843943109119,240480.0,0,1,0,
T000364,U0012,2026-07-07 09:57:00,1348.39,D0450,M026,Chennai,0,,9,0,0,0,-0.11607797336050996,0.9670411784685858,165420.0,0,1,0,
T000363,U0012,2026-07-09 23:28:00,1916.67,D0450,M026,Chennai,0,,23,0,0,0,1.4647831465625398,1.3821940058204494,221460.0,0,1,0,
T000358,U0012,2026-07-10 11:16:00,859.33,D0450,M039,Chennai,0,,11,0,0,0,-1.5750501149748193,0.5876168208868876,42480.0,0,1,0,
T000359,U0012,2026-07-10 12:35:00,1514.16,D0450,M010,Chennai,0,,12,0,0,0,0.3101494903239818,1.091668077784546,4740.0,0,1,0,
T000353,U0012,2026-07-11 12:22:00,61.78,D0844,M023,Chennai,0,,12,0,0,1,-3.4469701336091623,0.044092597436628425,85620.0,0,2,0,
T000365,U0012,2026-07-14 13:52:00,2262.41,D0844,M010,Chennai,0,,13,0,0,0,1.825117229849279,1.7853529719829664,264600.0,0,2,0,
T000350,U0012,2026-07-16 08:04:00,1426.28,D0450,M023,Chennai,0,,8,0,0,0,0.11560115108393157,1.050528072870627,151920.0,0,1,0,
T000354,U0012,2026-07-16 12:49:00,2258.97,D0450,M029,Chennai,0,,12,0,0,0,1.5753840251478117,1.6568702522877958,17100.0,0,1,0,
T000352,U0012,2026-07-16 14:48:00,1828.28,D0844,M039,Chennai,0,,14,0,0,0,0.664377369720646,1.2764767667508319,7140.0,0,2,0,
T000357,U0012,2026-07-17 20:33:00,1319.14,D0450,M029,Chennai,0,,20,0,0,0,-0.2424510524680317,0.9031670572846078,107100.0,0,1,0,
T000349,U0012,2026-07-19 17:55:00,2297.93,D0844,M029,Chennai,0,,17,0,0,0,1.4996323805140226,1.583531413692705,163320.0,0,2,0,
T000347,U0012,2026-07-23 18:05:00,1787.57,D0844,M010,Chennai,0,,18,0,0,0,0.485539253703364,1.188491036219057,346200.0,0,2,0,
T000355,U0012,2026-07-24 13:53:00,539.32,D0844,M029,Chennai,0,,13,0,0,0,-1.7206669597724231,0.35464231095822635,71280.0,0,2,0,
T000361,U0012,2026-07-26 15:21:00,1385.55,D0450,M023,Chennai,0,,15,0,0,0,-0.13486449105050477,0.9449809708331757,178080.0,0,1,0,
T000366,U0012,2026-07-30 13:14:00,2289.84,D0450,M029,Chennai,0,,13,0,0,0,1.4212755090734088,1.5662656577296148,337980.0,0,1,0,
T000369,U0013,2026-07-02 11:52:00,1166.33,D0308,M020,Lucknow,0,,11,0,1,1,0.0,1.0,1000000000.0,0,1,0,
T000368,U0013,2026-07-03 17:26:00,1546.67,D0308,M020,Lucknow,0,,17,0,0,0,0.0,1.0,106440.0,0,1,0,
T000383,U0013,2026-07-05 12:59:00,850.14,D0308,M057,Lucknow,0,,12,0,0,1,0.0,1.0,156780.0,0,1,0,
T000370,U0013,2026-07-08 13:43:00,1105.13,D0308,M057,Lucknow,0,,13,0,0,0,-0.29001142184224077,0.930468630816806,261840.0,0,1,0,
T000372,U0013,2026-07-09 09:26:00,1127.29,D0308,M020,Lucknow,0,,9,0,0,0,-0.1596287108515502,0.9659167092169759,70980.0,0,1,0,
T000379,U0013,2026-07-10 10:15:00,1501.94,D0308,M022,Lucknow,0,,10,0,0,1,1.5342671401760746,1.295767793538702,89340.0,0,1,0,
T000378,U0013,2026-07-10 14:26:00,268.65,D0308,M057,Lucknow,0,,14,0,0,0,-3.9370360888851623,0.22088386415549113,15060.0,0,1,0,
T000375,U0013,2026-07-11 10:31:00,1312.9,D0308,M022,Lucknow,0,,10,0,0,0,0.5807659582181648,1.2146600307286242,72300.0,0,1,0,
T000374,U0013,2026-07-11 13:06:00,1363.51,D0308,M020,Lucknow,0,,13,0,0,0,0.6648138727491291,1.2285188156584146,9300.0,0,1,0,
T000380,U0013,2026-07-11 14:08:00,1419.9,D0308,M020,Lucknow,0,,14,0,0,0,0.7650095091544322,1.2476470715105574,3720.0,0,1,0,
T000382,U0013,2026-07-21 11:38:00,1010.43,D0308,M057,Lucknow,0,,11,0,0,0,-0.4333193456893604,0.8663952537745935,855000.0,0,1,0,
T000381,U0013,2026-07-21 12:45:00,593.47,D0308,M057,Lucknow,0,,12,0,0,0,-1.6155724732341636,0.5151287507690497,4020.0,0,1,0,
T000367,U0013,2026-07-22 12:06:00,1358.09,D0308,M022,Lucknow,0,,12,0,0,0,0.6914173771259615,1.2284515108333092,84060.0,0,1,0,
T000373,U0013,2026-07-22 20:03:00,1635.13,D0308,M020,Lucknow,0,,20,0,0,0,1.4276826166317964,1.4535035492688237,28620.0,0,1,0,
T000377,U0013,2026-07-28 11:59:00,1048.1,D0308,M022,Lucknow,0,,11,0,0,0,-0.3074091002600605,0.9024464338787193,489360.0,0,1,0,
T000376,U0013,2026-07-28 17:43:00,1128.64,D0308,M020,Lucknow,0,,17,0,0,0,-0.07056715380414384,0.9781553613960778,20640.0,0,1,0,
T000371,U0013,2026-07-30 12:08:00,1172.82,D0308,M020,Lucknow,0,,12,0,0,0,0.059411261124233956,1.0178343608548044,152700.0,0,1,0,
T000384,U0014,2026-07-01 15:01:00,6032.44,D0871,M046,Kolkata,0,,15,0,1,1,0.0,1.0,1000000000.0,0,2,0,
T000390,U0014,2026-07-03 09:50:00,4543.65,D0871,M041,Kolkata,0,,9,0,0,1,0.0,1.0,154140.0,0,2,0,
T000386,U0014,2026-07-03 11:37:00,2271.87,D0237,M046,Kolkata,0,,11,0,1,0,0.0,1.0,6420.0,0,1,0,
T000399,U0014,2026-07-03 14:32:00,3277.72,D0237,M046,Kolkata,0,,14,0,0,0,-0.6498958483725615,0.7653479616767142,10500.0,0,1,0,
T000410,U0014,2026-07-03 17:54:00,4881.34,D0871,M046,Kolkata,0,,17,0,0,0,0.6036103119247954,1.2108239773551694,12120.0,0,2,0,
T000412,U0014,2026-07-06 13:45:00,2095.23,D0237,M027,Kolkata,0,,13,0,0,1,-1.6145611208134032,0.498697578119434,244260.0,0,1,0,
T000389,U0014,2026-07-06 17:55:00,2731.3,D0871,M041,Kolkata,0,,17,0,0,0,-0.7846295088126347,0.7093594777886936,15000.0,0,2,0,
T000391,U0014,2026-07-07 20:40:00,4268.2,D0237,M027,Kolkata,0,,20,0,0,0,0.41944165095676333,1.1565348158462256,96300.0,0,1,0,
T007554,U0014,2026-07-07 23:27:00,29371.1,D0330,M042,Hyderabad,1,account_takeover,23,0,1,1,19.66206074139372,7.805818596511945,10020.0,0,3,60,new device + amount >3x user avg; device shared by 3 users; amount z-score 19.7
T000418,U0014,2026-07-08 18:02:00,4094.09,D0871,M027,Kolkata,0,,18,0,0,0,-0.3088048911884665,0.6195568228935386,66900.0,0,2,0,
T000392,U0014,2026-07-09 13:35:00,843.25,D0237,M041,Kolkata,0,,13,0,0,0,-0.7104915666876951,0.13265543376279312,70380.0,0,1,0,
T000413,U0014,2026-07-09 14:19:00,5475.04,D0871,M027,Kolkata,0,,14,0,0,0,-0.050276608475299696,0.9350296900182202,2640.0,1,2,0,
T000408,U0014,2026-07-09 16:17:00,1972.01,D0237,M046,Kolkata,0,,16,0,0,0,-0.5316144901169488,0.33861403898844766,7080.0,0,1,0,
T000385,U0014,2026-07-11 15:00:00,3609.79,D0871,M046,Kolkata,0,,15,0,0,0,-0.27253798617698793,0.6530625166164215,168180.0,0,2,0,
T000394,U0014,2026-07-11 17:23:00,3813.64,D0237,M041,Kolkata,0,,17,0,0,0,-0.2319453545802444,0.7074739789030438,8580.0,0,1,0,
T000393,U0014,2026-07-12 12:07:00,2230.94,D0237,M046,Kolkata,0,,12,0,0,0,-0.46422385740174427,0.4220965841190363,67440.0,0,1,0,
T000388,U0014,2026-07-12 12:33:00,1272.47,D0871,M046,Kolkata,0,,12,0,0,0,-0.5959318453702762,0.24977447992995852,1560.0,1,2,0,
T000395,U0014,2026-07-12 13:00:00,4995.42,D0871,M041,Kolkata,0,,13,0,0,0,0.020005581248213885,1.0258269462263871,1620.0,2,2,0,
T000425,U0014,2026-07-13 15:40:00,3443.41,D0871,M041,Kolkata,0,,15,0,0,0,-0.23458634243971332,0.7061031332747412,96000.0,0,2,0,
T000406,U0014,2026-07-13 22:28:00,5375.22,D0871,M046,Kolkata,0,,22,0,0,0,0.09638785952650752,1.1195562603596885,24480.0,0,2,0,
T000417,U0014,2026-07-14 09:48:00,4290.2,D0871,M045,Kolkata,0,,9,0,0,1,-0.09295969490076682,0.8882573604917077,40800.0,0,2,0,
T000398,U0014,2026-07-14 14:55:00,2010.03,D0237,M045,Kolkata,0,,14,0,0,0,-0.49305587788380156,0.4183896194060682,18420.0,0,1,0,
T000420,U0014,2026-07-14 14:56:00,3241.84,D0871,M045,Kolkata,0,,14,0,0,0,-0.25782081585225686,0.6931158085002661,60.0,1,2,0,
T000423,U0014,2026-07-14 15:21:00,4239.94,D0871,M046,Kolkata,0,,15,0,0,0,-0.06874523926690117,0.9187717752450838,1500.0,2,2,0,
T000407,U0014,2026-07-14 17:51:00,1671.12,D0871,M041,Kolkata,0,,17,0,0,0,-0.5484807740638485,0.36335232036559784,9000.0,0,2,0,
T000402,U0014,2026-07-15 13:02:00,1625.24,D0871,M045,Kolkata,0,,13,0,0,0,-0.5429139004935298,0.3626108264283216,69060.0,0,2,0,
T000424,U0014,2026-07-16 12:37:00,4739.1,D0871,M046,Kolkata,0,,12,0,0,0,0.07071277769515907,1.0839232380643142,84900.0,0,2,0,
T000422,U0014,2026-07-16 13:36:00,5628.38,D0237,M041,Kolkata,0,,13,0,0,0,0.2440116822009219,1.2833297299118536,3540.0,1,1,0,
T000409,U0014,2026-07-16 13:37:00,5089.24,D0237,M041,Kolkata,0,,13,0,0,0,0.13166158451428767,1.1487757807177281,60.0,2,1,0,
T000397,U0014,2026-07-16 17:57:00,1595.0,D0871,M046,Kolkata,0,,17,0,0,0,-0.5808203403941532,0.35819597768577527,15600.0,0,2,0,
T000405,U0014,2026-07-17 08:53:00,1964.45,D0237,M027,Kolkata,0,,8,0,0,0,-0.49193086228943445,0.45080932017949693,53760.0,0,1,0,
T000403,U0014,2026-07-19 16:42:00,5501.77,D0237,M041,Kolkata,0,,16,0,0,0,0.2542193770817488,1.2853375394447524,200940.0,0,1,0,
T000415,U0014,2026-07-19 19:24:00,4449.61,D0237,M046,Kolkata,0,,19,0,0,0,0.027682397521995212,1.0303418861643712,9720.0,0,1,0,
T000421,U0014,2026-07-19 20:11:00,4129.72,D0871,M027,Kolkata,0,,20,0,0,0,-0.04136806864280819,0.9553904279110984,2820.0,1,2,0,
T000401,U0014,2026-07-21 12:06:00,3102.9,D0237,M027,Kolkata,0,,12,0,0,0,-0.2643497974220993,0.7187837443676848,143700.0,0,1,0,
T000419,U0014,2026-07-21 13:17:00,3655.65,D0237,M045,Kolkata,0,,13,0,0,0,-0.13828646278724108,0.8536869011709491,4260.0,0,1,0,
T000414,U0014,2026-07-22 18:44:00,3344.8,D0237,M046,Kolkata,0,,18,0,0,0,-0.20587988305430893,0.7842830745459055,106020.0,0,1,0,
T000396,U0014,2026-07-23 15:29:00,4124.76,D0871,M027,Kolkata,0,,15,0,0,0,-0.02611218319408368,0.9728386138399596,74700.0,0,2,0,
T000411,U0014,2026-07-24 18:51:00,4573.26,D0871,M027,Kolkata,0,,18,0,0,0,0.07729219312948861,1.0793903770501512,98520.0,0,2,0,
T000387,U0014,2026-07-25 09:26:00,4383.3,D0871,M027,Kolkata,0,,9,0,0,0,0.03207193433188112,1.0324539055786655,52500.0,0,2,0,
T000404,U0014,2026-07-25 10:09:00,3349.49,D0237,M041,Kolkata,0,,10,0,0,0,-0.21203469630568034,0.7883080120555804,2580.0,1,1,0,
T000400,U0014,2026-07-26 14:06:00,3721.13,D0237,M027,Kolkata,0,,14,0,0,0,-0.12067077840756281,0.880319382753616,100620.0,0,1,0,
T000416,U0014,2026-07-30 20:23:00,3408.76,D0871,M027,Kolkata,0,,20,0,0,0,-0.19460475424978033,0.8087255276960378,368220.0,0,2,0,
T000428,U0015,2026-07-02 18:04:00,4114.28,D0633,M018,Pune,0,,18,0,1,1,0.0,1.0,1000000000.0,0,1,0,
T000464,U0015,2026-07-03 09:48:00,2359.63,D0633,M018,Pune,0,,9,0,0,0,0.0,1.0,56640.0,0,1,0,
T000444,U0015,2026-07-03 17:14:00,3807.94,D0633,M048,Pune,0,,17,0,0,1,0.0,1.0,26760.0,0,1,0,
T000442,U0015,2026-07-03 23:22:00,4691.97,D0633,M048,Pune,0,,23,0,0,0,1.6526804412309932,1.3690055773905458,22080.0,0,1,0,
T000459,U0015,2026-07-04 14:43:00,3122.71,D0633,M048,Pune,0,,14,0,0,0,-0.722050162317844,0.834178586136556,55260.0,0,1,0,
T000434,U0015,2026-07-05 13:32:00,1042.93,D0633,M018,Pune,0,,13,0,0,0,-3.1884565356791033,0.28815745331061887,82140.0,0,1,0,
T000458,U0015,2026-07-06 15:48:00,5189.14,D0633,M042,Pune,0,,15,0,0,1,1.6511843013686405,1.6267355500228111,94560.0,0,1,0,
T000456,U0015,2026-07-06 19:13:00,4660.83,D0633,M035,Pune,0,,19,0,0,1,0.8970423985389503,1.341047573251756,12300.0,0,1,0,
T000455,U0015,2026-07-07 08:54:00,4653.83,D0633,M048,Pune,0,,8,0,0,0,0.7944452558870424,1.2842832711690342,49260.0,0,1,0,
T000463,U0015,2026-07-08 06:09:00,1626.71,D0633,M035,Pune,0,,6,0,0,0,-1.6695455192191198,0.43516561700868195,76500.0,0,1,0,
T000436,U0015,2026-07-08 16:20:00,3191.82,D0633,M018,Pune,0,,16,0,0,0,-0.24704934542293694,0.9049681638785153,36660.0,0,1,0,
T000454,U0015,2026-07-08 20:06:00,2402.6,D0633,M048,Pune,0,,20,0,0,0,-0.8433200399985341,0.6871391059137255,13560.0,0,1,0,
T000445,U0015,2026-07-09 11:17:00,2602.63,D0633,M018,Pune,0,,11,0,0,0,-0.6280132435661253,0.7642732459931183,54660.0,0,1,0,
T000440,U0015,2026-07-09 12:03:00,2641.65,D0633,M042,Pune,0,,12,0,0,0,-0.5631238063373051,0.7900576112585876,2760.0,1,1,0,
T000431,U0015,2026-07-09 13:21:00,4608.36,D0633,M035,Pune,0,,13,0,0,0,1.0824385255463385,1.3992387978315284,4680.0,0,1,0,
T000460,U0015,2026-07-10 12:51:00,2922.94,D0633,M018,Pune,0,,12,0,0,0,-0.3760246943829537,0.8644847694557969,84600.0,0,1,0,
T000448,U0015,2026-07-10 15:48:00,2145.99,D0633,M035,Pune,0,,15,0,0,0,-1.018121907374472,0.6401166889123564,10620.0,0,1,0,
T000462,U0015,2026-07-11 14:16:00,3679.19,D0633,M035,Pune,0,,14,0,0,0,0.33581228458993684,1.1211822827991111,80880.0,0,1,0,
T000443,U0015,2026-07-11 17:22:00,1314.92,D0633,M042,Pune,0,,17,0,0,0,-1.7226863834973256,0.3980240526230165,11160.0,0,1,0,
T000446,U0015,2026-07-13 14:05:00,4043.5,D0633,M018,Pune,0,,14,0,0,0,0.6990165490191311,1.2640080864662355,160980.0,0,1,0,
T000451,U0015,2026-07-13 18:48:00,2396.75,D0633,M018,Pune,0,,18,0,0,0,-0.7084713832144147,0.7394686837705888,16980.0,0,1,0,
T000429,U0015,2026-07-16 13:32:00,3552.04,D0633,M018,Pune,0,,13,0,0,0,0.2982782955234,1.1096769544788954,240240.0,0,1,0,
T000427,U0015,2026-07-16 16:35:00,2299.02,D0633,M035,Pune,0,,16,0,0,0,-0.7966145602136274,0.714663747037366,10980.0,0,1,0,
T000433,U0015,2026-07-17 16:12:00,3959.99,D0633,M042,Pune,0,,16,0,0,0,0.6853931446829507,1.2464492934351543,85020.0,0,1,0,
T000466,U0015,2026-07-19 12:22:00,3397.67,D0633,M048,Pune,0,,12,0,0,0,0.16651421869502323,1.0585827562796042,159000.0,0,1,0,
T000438,U0015,2026-07-19 14:02:00,2511.77,D0633,M035,Pune,0,,14,0,0,0,-0.6372049008014136,0.780741010715551,6000.0,0,1,0,
T000426,U0015,2026-07-20 11:12:00,4247.03,D0633,M018,Pune,0,,11,0,0,0,0.9662179995558519,1.3313443643169756,76200.0,0,1,0,
T000452,U0015,2026-07-20 13:40:00,2819.93,D0633,M048,Pune,0,,13,0,0,0,-0.37480236680334833,0.8732652394694241,8880.0,0,1,0,
T000467,U0015,2026-07-20 15:49:00,5962.25,D0633,M035,Pune,0,,15,0,0,0,2.5561837586973013,1.854762093851083,7740.0,0,1,0,
T000449,U0015,2026-07-22 13:52:00,5305.13,D0633,M042,Pune,0,,13,0,0,0,1.7070351490101001,1.603091985950512,165780.0,0,1,0,
T000453,U0015,2026-07-22 14:49:00,1642.97,D0633,M042,Pune,0,,14,0,0,0,-1.439192912770104,0.48668503562225734,3420.0,1,1,0,
T000450,U0015,2026-07-23 10:53:00,3792.38,D0633,M048,Pune,0,,10,0,0,0,0.38616800554856295,1.142303998213226,72240.0,0,1,0,
T000461,U0015,2026-07-23 14:27:00,1909.9,D0633,M035,Pune,0,,14,0,0,0,-1.180506661404012,0.5727346416863617,12840.0,0,1,0,
T000439,U0015,2026-07-24 19:52:00,5064.71,D0633,M035,Pune,0,,19,0,0,0,1.461393708424624,1.5387112360958213,105900.0,0,1,0,
T000430,U0015,2026-07-25 10:26:00,3229.79,D0633,M018,Pune,0,,10,0,0,0,-0.09241704849924028,0.9659388108711693,52440.0,0,1,0,
T000465,U0015,2026-07-26 11:30:00,3717.08,D0633,M035,Pune,0,,11,0,0,0,0.31006455086340423,1.1127563720368707,90240.0,0,1,0,
T000432,U0015,2026-07-26 16:56:00,3639.95,D0633,M018,Pune,0,,16,0,0,0,0.24101152083351854,1.0862641893210614,19560.0,0,1,0,
T000435,U0015,2026-07-28 14:54:00,3712.76,D0633,M035,Pune,0,,14,0,0,0,0.29904197293325524,1.1054155186863168,165480.0,0,1,0,
T000457,U0015,2026-07-29 17:47:00,3888.38,D0633,M035,Pune,0,,17,0,0,0,0.44487934360159354,1.154500901288498,96780.0,0,1,0,
T000441,U0015,2026-07-30 06:25:00,4624.47,D0633,M048,Pune,0,,6,0,0,0,1.0739582558758067,1.3676357875543677,45480.0,0,1,0,
T000447,U0015,2026-07-30 11:41:00,3485.12,D0633,M042,Pune,0,,11,0,0,0,0.06269413149508746,1.021298991609285,18960.0,0,1,0,
T000437,U0015,2026-07-30 15:22:00,5316.25,D0633,M048,Pune,0,,15,0,0,0,1.6609765178760323,1.557094642551864,13260.0,0,1,0,
T000476,U0016,2026-07-02 15:09:00,461.31,D0647,M024,Ahmedabad,0,,15,0,1,1,0.0,1.0,1000000000.0,0,1,0,
T000469,U0016,2026-07-03 19:16:00,342.87,D0647,M009,Ahmedabad,0,,19,0,0,1,0.0,1.0,101220.0,0,1,0,
T000471,U0016,2026-07-04 10:37:00,329.85,D0647,M006,Ahmedabad,0,,10,0,0,1,0.0,1.0,55260.0,0,1,0,
T000495,U0016,2026-07-04 21:34:00,401.64,D0647,M009,Ahmedabad,0,,21,0,0,0,0.39955128809931084,1.0625115709570867,39420.0,0,1,0,
T000475,U0016,2026-07-07 10:30:00,524.67,D0647,M035,Ahmedabad,0,,10,0,0,1,2.694860919483339,1.366621731578733,219360.0,0,1,0,
T000496,U0016,2026-07-07 21:00:00,375.66,D0647,M006,Ahmedabad,0,,21,0,0,0,-0.4976586248312629,0.9116456485054757,37800.0,0,1,0,
T000490,U0016,2026-07-08 15:13:00,601.35,D0647,M006,Ahmedabad,0,,15,0,0,0,2.866523717717634,1.4811576318198088,65580.0,0,1,0,
T000482,U0016,2026-07-09 07:16:00,333.6,D0647,M024,Ahmedabad,0,,7,0,0,0,-1.078282291795417,0.7688280885041907,57780.0,0,1,0,
T000489,U0016,2026-07-09 16:50:00,639.83,D0647,M036,Ahmedabad,0,,16,0,0,1,2.345872654803711,1.5184562179362942,34440.0,0,1,0,
T000493,U0016,2026-07-10 15:00:00,154.34,D0647,M035,Ahmedabad,0,,15,0,0,0,-2.613609098057234,0.3463316354631806,79800.0,0,1,0,
T000470,U0016,2026-07-11 09:31:00,259.05,D0647,M024,Ahmedabad,0,,9,0,0,0,-1.147881339727071,0.6219508666690254,66660.0,0,1,0,
T000486,U0016,2026-07-11 13:40:00,375.05,D0647,M018,Ahmedabad,0,,13,0,0,1,-0.1961446733009629,0.9325025913883218,14940.0,0,1,0,
T000479,U0016,2026-07-12 14:04:00,565.41,D0647,M035,Ahmedabad,0,,14,0,0,0,1.2467572687813044,1.4137547316094996,87840.0,0,1,0,
T000497,U0016,2026-07-13 20:31:00,568.72,D0647,M009,Ahmedabad,0,,20,0,0,0,1.15660732640084,1.3781677360943474,109620.0,0,1,0,
T000488,U0016,2026-07-16 12:14:00,574.63,D0647,M024,Ahmedabad,0,,12,0,0,0,1.108249606643177,1.3558647275178262,229380.0,0,1,0,
T000481,U0016,2026-07-17 12:32:00,347.04,D0647,M006,Ahmedabad,0,,12,0,0,0,-0.6349199900308297,0.79987953066878,87480.0,0,1,0,
T000473,U0016,2026-07-17 13:32:00,528.72,D0647,M024,Ahmedabad,0,,13,0,0,0,0.748003030281809,1.2340620421610742,3600.0,1,1,0,
T000484,U0016,2026-07-17 17:28:00,338.47,D0647,M006,Ahmedabad,0,,17,0,0,0,-0.7252511706944937,0.7792785210140478,14160.0,0,1,0,
T000468,U0016,2026-07-19 13:04:00,145.92,D0647,M024,Ahmedabad,0,,13,0,0,0,-2.1722049336257503,0.34013060948584,156960.0,0,1,0,
T000487,U0016,2026-07-19 13:22:00,517.06,D0647,M006,Ahmedabad,0,,13,0,0,0,0.7263821340361033,1.2485990923226504,1080.0,1,1,0,
T000483,U0016,2026-07-19 16:25:00,395.71,D0647,M024,Ahmedabad,0,,16,0,0,0,-0.16827250252353346,0.9438307278813461,10980.0,0,1,0,
T000474,U0016,2026-07-20 13:24:00,466.78,D0647,M035,Ahmedabad,0,,13,0,0,0,0.35591319500198393,1.1163297585164476,75540.0,0,1,0,
T000494,U0016,2026-07-21 06:28:00,303.78,D0647,M018,Ahmedabad,0,,6,0,0,0,-0.8705062395864925,0.7226850392856293,61440.0,0,1,0,
T000485,U0016,2026-07-21 12:45:00,425.7,D0647,M006,Ahmedabad,0,,12,0,0,0,0.07827688069613949,1.0250893555983005,22620.0,0,1,0,
T000472,U0016,2026-07-21 13:19:00,425.6,D0647,M018,Ahmedabad,0,,13,0,0,0,0.07585164104191229,1.0237783071965691,2040.0,1,1,0,
T000491,U0016,2026-07-22 12:00:00,520.76,D0647,M036,Ahmedabad,0,,12,0,0,0,0.8194836541235798,1.251494792604331,81660.0,0,1,0,
T000503,U0016,2026-07-25 11:14:00,636.5,D0647,M024,Ahmedabad,0,,11,0,0,0,1.70595726397944,1.5149878391407088,256440.0,0,1,0,
T000480,U0016,2026-07-25 12:50:00,465.25,D0647,M018,Ahmedabad,0,,12,0,0,0,0.28322762019691444,1.086654691831011,5760.0,0,1,0,
T000500,U0016,2026-07-26 13:39:00,501.82,D0647,M009,Ahmedabad,0,,13,0,0,0,0.5616161040292551,1.168452763828448,89340.0,0,1,0,
T000499,U0016,2026-07-26 17:25:00,403.27,D0647,M035,Ahmedabad,0,,17,0,0,0,-0.2255052203760157,0.9335631797110636,13560.0,0,1,0,
T000498,U0016,2026-07-27 13:27:00,190.28,D0647,M018,Ahmedabad,0,,13,0,0,0,-1.9223092529412265,0.44147262618796546,72120.0,0,1,0,
T000478,U0016,2026-07-27 14:33:00,554.45,D0647,M035,Ahmedabad,0,,14,0,0,0,1.0067019865911326,1.3099932594286718,3960.0,0,1,0,
T000502,U0016,2026-07-27 15:08:00,496.48,D0647,M006,Ahmedabad,0,,15,0,0,0,0.5305999191036836,1.1617737040723857,2100.0,1,1,0,
T000492,U0016,2026-07-27 18:40:00,305.2,D0647,M024,Ahmedabad,0,,18,0,0,0,-0.9642353182801161,0.7106904864137998,12720.0,0,1,0,
T000501,U0016,2026-07-28 03:44:00,479.25,D0647,M035,Ahmedabad,0,,3,1,0,0,0.4155190732119947,1.1255618457522567,32640.0,0,1,0,
T000477,U0016,2026-07-29 17:56:00,437.96,D0647,M024,Ahmedabad,0,,17,0,0,0,0.08373711666176716,1.0249117053954253,137520.0,0,1,0,
T000519,U0017,2026-07-02 16:23:00,3745.8,D0170,M007,Pune,0,,16,0,1,1,0.0,1.0,1000000000.0,0,1,0,
T000509,U0017,2026-07-02 19:12:00,4090.15,D0170,M009,Pune,0,,19,0,0,1,0.0,1.0,10140.0,0,1,0,
T000505,U0017,2026-07-05 17:30:00,5328.25,D0170,M040,Pune,0,,17,0,0,1,0.0,1.0,253080.0,0,1,0,
T000514,U0017,2026-07-06 11:19:00,3269.01,D0170,M009,Pune,0,,11,0,0,0,-1.6468559002507253,0.7449772867143517,64140.0,0,1,0,
T000515,U0017,2026-07-07 06:52:00,2225.55,D0170,M038,Pune,0,,6,0,0,1,-2.469822811089978,0.5417200898566452,70380.0,0,1,0,
T000508,U0017,2026-07-07 10:10:00,3491.23,D0170,M040,Pune,0,,10,0,0,0,-0.23675840550842212,0.9355471636551553,11880.0,0,1,0,
T000506,U0017,2026-07-12 13:10:00,3389.6,D0170,M040,Pune,0,,13,0,0,0,-0.32420698402294157,0.9181764865126776,442800.0,0,1,0,
T000513,U0017,2026-07-13 17:29:00,2666.33,D0170,M038,Pune,0,,17,0,0,0,-1.130189623534994,0.7307991238263577,101940.0,0,1,0,
T000512,U0017,2026-07-15 14:26:00,3600.48,D0170,M040,Pune,0,,14,0,0,0,0.0853771310398452,1.021198386432012,161820.0,0,1,0,
T000518,U0017,2026-07-18 09:07:00,5891.49,D0170,M038,Pune,0,,9,0,0,0,2.85516095670939,1.667067319312981,240060.0,0,1,0,
T000517,U0017,2026-07-19 09:56:00,5863.48,D0170,M007,Pune,0,,9,0,0,0,1.983895001874762,1.5553867864871518,89340.0,0,1,0,
T000520,U0017,2026-07-21 12:55:00,2056.75,D0170,M040,Pune,0,,12,0,0,0,-1.6233352601029665,0.5193649785185128,183540.0,0,1,0,
T007494,U0017,2026-07-22 14:00:00,127.88,D0170,M004,Pune,1,velocity_burst,14,0,0,1,-2.963225434907629,0.03363926438871941,90300.0,0,1,0,
T007495,U0017,2026-07-22 14:01:00,34.5,D0170,M043,Pune,1,velocity_burst,14,0,0,1,-2.260044154964153,0.009804135877946625,60.0,1,1,0,
T007496,U0017,2026-07-22 14:02:00,56.13,D0170,M041,Pune,1,velocity_burst,14,0,0,1,-1.8516981614274335,0.017164950137278773,60.0,2,1,0,
T007497,U0017,2026-07-22 14:06:00,42.03,D0170,M004,Pune,1,velocity_burst,14,0,0,0,-1.6215206778193858,0.013754283414676993,240.0,3,1,0,
T007498,U0017,2026-07-22 14:08:00,64.7,D0170,M046,Pune,1,velocity_burst,14,0,0,1,-1.4433472034810055,0.022563867376226295,120.0,4,1,0,
T000511,U0017,2026-07-24 13:35:00,4108.68,D0170,M009,Pune,0,,13,0,0,0,0.7044979326245383,1.5202971653391255,170820.0,0,1,0,
T000510,U0017,2026-07-25 13:05:00,3501.97,D0170,M038,Pune,0,,13,0,0,0,0.3668397951394822,1.2593984176735022,84600.0,0,1,0,
T000504,U0017,2026-07-25 13:31:00,5756.13,D0170,M009,Pune,0,,13,0,0,0,1.5294855689644833,2.042171444513656,1560.0,1,1,0,
T000516,U0017,2026-07-27 12:06:00,2140.19,D0170,M040,Pune,0,,12,0,0,0,-0.417163950679589,0.7216944688642806,167700.0,0,1,0,
T000507,U0017,2026-07-28 14:32:00,4029.53,D0170,M040,Pune,0,,14,0,0,0,0.5691038838429745,1.3770492358801325,95160.0,0,1,0,
T000534,U0018,2026-07-03 08:53:00,1545.15,D0402,M033,Pune,0,,8,0,1,1,0.0,1.0,1000000000.0,0,6,20,device shared by 6 users
T000523,U0018,2026-07-03 18:54:00,2141.91,D0402,M026,Pune,0,,18,0,0,1,0.0,1.0,36060.0,0,6,20,device shared by 6 users
T000538,U0018,2026-07-04 14:39:00,3010.14,D0402,M009,Pune,0,,14,0,0,1,0.0,1.0,71100.0,0,6,20,device shared by 6 users
T000540,U0018,2026-07-05 11:45:00,2051.97,D0402,M009,Pune,0,,11,0,0,0,-0.2999703752199956,0.9191766704357746,75960.0,0,6,20,device shared by 6 users
T000526,U0018,2026-07-07 07:03:00,3417.34,D0522,M002,Pune,0,,7,0,1,1,2.3352326461151747,1.562360771793274,155880.0,0,1,0,
T000528,U0018,2026-07-08 13:40:00,3899.22,D0402,M026,Pune,0,,13,0,0,0,2.151944222413601,1.6024398115801326,110220.0,0,6,20,device shared by 6 users
T000541,U0018,2026-07-08 14:04:00,1541.96,D0522,M057,Pune,0,,14,0,0,1,-1.3719941759036092,0.5758692568930752,1440.0,1,1,0,
T000532,U0018,2026-07-08 15:11:00,1868.21,D0522,M033,Pune,0,,15,0,0,0,-0.7496915007003861,0.7427135527034499,4020.0,0,1,0,
T000535,U0018,2026-07-10 17:43:00,2908.78,D0522,M033,Pune,0,,17,0,0,0,0.5677537343282317,1.1948223183750903,181920.0,0,1,0,
T000529,U0018,2026-07-11 09:38:00,1000.26,D0522,M002,Pune,0,,9,0,0,0,-1.8549757606044468,0.40216523070155635,57300.0,0,1,0,
T000539,U0018,2026-07-12 19:53:00,2059.87,D0402,M026,Pune,0,,19,0,0,0,-0.3160321131946161,0.880853232515947,123300.0,0,6,20,device shared by 6 users
T000521,U0018,2026-07-15 12:11:00,2335.58,D0402,M009,Pune,0,,12,0,0,0,0.02654568020164569,1.0096903843610312,231480.0,0,6,20,device shared by 6 users
T000524,U0018,2026-07-15 12:22:00,1566.97,D0402,M017,Pune,0,,12,0,0,1,-0.925264120756337,0.6768673870985107,660.0,1,6,20,device shared by 6 users
T000531,U0018,2026-07-15 13:24:00,1621.79,D0402,M057,Pune,0,,13,0,0,0,-0.7927048830774506,0.7184043127102657,3720.0,0,6,20,device shared by 6 users
T000537,U0018,2026-07-16 19:46:00,1876.88,D0522,M026,Pune,0,,19,0,0,0,-0.4243506398027558,0.8484675875224684,109320.0,0,1,0,
T000533,U0018,2026-07-17 16:38:00,2753.78,D0402,M002,Pune,0,,16,0,0,0,0.7347200246577098,1.2575857715875016,75120.0,0,6,20,device shared by 6 users
T000545,U0018,2026-07-18 07:08:00,2273.12,D0522,M026,Pune,0,,7,0,0,0,0.06368691446374697,1.0216324183655443,52200.0,0,1,0,
T000525,U0018,2026-07-18 08:00:00,1323.99,D0402,M033,Pune,0,,8,0,0,0,-1.232584109489941,0.594298618826083,3120.0,1,6,20,device shared by 6 users
T000536,U0018,2026-07-20 14:36:00,2445.99,D0402,M033,Pune,0,,14,0,0,0,0.36166124024864177,1.123246928069388,196560.0,0,6,20,device shared by 6 users
T000547,U0018,2026-07-20 16:59:00,2341.36,D0402,M026,Pune,0,,16,0,0,0,0.2064475750021491,1.0682692439049744,8580.0,0,6,20,device shared by 6 users
T000542,U0018,2026-07-21 11:29:00,3063.43,D0402,M057,Pune,0,,11,0,0,0,1.222068969193586,1.3929661665895712,66600.0,0,6,20,device shared by 6 users
T000546,U0018,2026-07-21 11:52:00,2330.55,D0402,M033,Pune,0,,11,0,0,0,0.12626287750883777,1.0402538270341521,1380.0,1,6,20,device shared by 6 users
T000544,U0018,2026-07-25 10:44:00,1646.23,D0522,M033,Pune,0,,10,0,0,0,-0.8569712872503595,0.7334617971245203,341520.0,0,1,0,
T000543,U0018,2026-07-26 16:18:00,1924.57,D0522,M033,Pune,0,,16,0,0,0,-0.4237400816047767,0.8675269200204858,106440.0,0,1,0,
T000530,U0018,2026-07-26 23:18:00,1129.83,D0522,M017,Pune,0,,23,0,0,0,-1.5794653964427101,0.5121134371194436,25200.0,0,1,0,
T000522,U0018,2026-07-29 15:59:00,3134.81,D0522,M009,Pune,0,,15,0,0,0,1.3876058976965535,1.4491840430824454,232860.0,0,1,0,
T000527,U0018,2026-07-30 15:43:00,2587.74,D0402,M017,Pune,0,,15,0,0,0,0.5441364718223527,1.1759640038848207,85440.0,0,6,20,device shared by 6 users
T000565,U0019,2026-07-01 13:04:00,2226.14,D0397,M027,Kolkata,0,,13,0,1,1,0.0,1.0,1000000000.0,0,1,0,
T000568,U0019,2026-07-02 11:01:00,4029.52,D0397,M047,Kolkata,0,,11,0,0,1,0.0,1.0,79020.0,0,1,0,
T000564,U0019,2026-07-02 13:25:00,3465.59,D0397,M032,Kolkata,0,,13,0,0,1,0.0,1.0,8640.0,0,1,0,
T000570,U0019,2026-07-02 14:00:00,4606.95,D0397,M058,Kolkata,0,,14,0,0,1,1.814189606631634,1.421715313949837,2100.0,1,1,0,
T000567,U0019,2026-07-02 14:30:00,3240.7,D0397,M016,Kolkata,0,,14,0,0,1,-0.387578529486973,0.9047054058696261,1800.0,1,1,0,
T000550,U0019,2026-07-04 15:18:00,2142.15,D0397,M032,Kolkata,0,,15,0,0,0,-1.715631527302759,0.6096426069333759,175680.0,0,1,0,
T000554,U0019,2026-07-05 19:37:00,2995.92,D0397,M016,Kolkata,0,,19,0,0,0,-0.32462580816274805,0.9119514178355942,101940.0,0,1,0,
T000566,U0019,2026-07-06 13:47:00,2691.98,D0397,M027,Kolkata,0,,13,0,0,0,-0.6640027916467809,0.8298711802671559,65400.0,0,1,0,
T000553,U0019,2026-07-06 15:12:00,3678.45,D0397,M032,Kolkata,0,,15,0,0,0,0.6305899124278466,1.158614824263644,5100.0,0,1,0,
T000573,U0019,2026-07-08 13:59:00,3168.93,D0397,M032,Kolkata,0,,13,0,0,0,-0.08044546630451489,0.9808431975063936,168420.0,0,1,0,
T000555,U0019,2026-07-09 15:26:00,4727.72,D0397,M016,Kolkata,0,,15,0,0,0,2.0586754254427637,1.4661265323941899,91620.0,0,1,0,
T000556,U0019,2026-07-10 15:54:00,4164.48,D0397,M047,Kolkata,0,,15,0,0,0,0.9802922682753832,1.2389575928623306,88080.0,0,1,0,
T000569,U0019,2026-07-13 17:28:00,4049.07,D0397,M016,Kolkata,0,,17,0,0,0,0.7615345333839967,1.1811029705200156,264840.0,0,1,0,
T000548,U0019,2026-07-14 08:38:00,2410.29,D0397,M031,Kolkata,0,,8,0,0,1,-1.3311496809349481,0.6934152287571281,54600.0,0,1,0,
T000549,U0019,2026-07-14 09:20:00,4763.38,D0397,M009,Kolkata,0,,9,0,0,1,1.6652477247613562,1.4010562228784769,2520.0,1,1,0,
T000571,U0019,2026-07-14 11:39:00,3845.25,D0397,M016,Kolkata,0,,11,0,0,0,0.4116942391193195,1.1015536862164859,8340.0,0,1,0,
T000552,U0019,2026-07-15 13:06:00,2593.96,D0397,M016,Kolkata,0,,13,0,0,0,-1.0964202491821047,0.7384082840956079,91620.0,0,1,0,
T000572,U0019,2026-07-16 13:51:00,3246.83,D0397,M047,Kolkata,0,,13,0,0,0,-0.2519965112718622,0.9387016905991595,89100.0,0,1,0,
T007562,U0019,2026-07-17 10:00:00,2154.73,D0238,M027,Kolkata,1,device_ring,10,0,1,0,-1.5777524718075338,0.6250897901737945,72540.0,0,3,20,device shared by 3 users
T000551,U0019,2026-07-17 11:09:00,2559.67,D0397,M047,Kolkata,0,,11,0,0,0,-0.9663961785934893,0.7575106645459754,4140.0,0,1,0,
T000558,U0019,2026-07-19 12:49:00,3363.37,D0397,M032,Kolkata,0,,12,0,0,0,0.02990539911016213,1.0075745510390388,178800.0,0,1,0,
T000562,U0019,2026-07-19 16:09:00,4056.38,D0397,M016,Kolkata,0,,16,0,0,0,0.8690696618080493,1.2147434266668986,12000.0,0,1,0,
T000574,U0019,2026-07-20 09:27:00,2388.31,D0397,M032,Kolkata,0,,9,0,0,0,-1.199664582485542,0.7083012384013117,62280.0,0,1,0,
T000557,U0019,2026-07-22 14:29:00,5130.1,D0397,M016,Kolkata,0,,14,0,0,0,2.1788853959525922,1.540977594219723,190920.0,0,1,0,
T007567,U0019,2026-07-22 15:10:00,4126.66,D0202,M045,Kolkata,1,device_ring,15,0,1,1,0.815848785326906,1.2122398722409993,2460.0,1,5,20,device shared by 5 users
T000561,U0019,2026-07-24 13:24:00,1918.66,D0397,M032,Kolkata,0,,13,0,0,0,-1.7225511037329733,0.5588773073550576,166440.0,0,1,0,
T000563,U0019,2026-07-24 14:38:00,3336.6,D0397,M027,Kolkata,0,,14,0,0,0,-0.04199670825981689,0.9886764160439383,4440.0,0,1,0,
T000559,U0019,2026-07-24 15:52:00,1544.79,D0397,M058,Kolkata,0,,15,0,0,0,-2.0477805499625537,0.4579326996937128,4440.0,0,1,0,
T000560,U0019,2026-07-29 10:19:00,2600.76,D0397,M016,Kolkata,0,,10,0,0,0,-0.752278234359436,0.78618124492977,412020.0,0,1,0,
T000596,U0020,2026-07-01 19:36:00,1935.44,D0806,M019,Mumbai,0,,19,0,1,1,0.0,1.0,1000000000.0,0,2,0,
T000617,U0020,2026-07-02 09:37:00,2078.81,D0806,M019,Mumbai,0,,9,0,0,0,0.0,1.0,50460.0,0,2,0,
T000604,U0020,2026-07-02 15:56:00,1986.44,D0806,M019,Mumbai,0,,15,0,0,0,0.0,1.0,22740.0,0,2,0,
T000583,U0020,2026-07-03 04:48:00,3963.94,D0806,M018,Mumbai,0,,4,1,0,1,33.09405569427101,1.9817420986677818,46320.0,0,2,15,amount z-score 33.1
T000580,U0020,2026-07-03 06:59:00,3524.01,D0806,M008,Mumbai,0,,6,0,0,1,1.2124635361909537,1.414607466041546,7860.0,0,2,0,
T000587,U0020,2026-07-03 11:11:00,3442.43,D0806,M018,Mumbai,0,,11,0,0,0,0.8592083588249714,1.2760478442318692,15120.0,0,2,0,
T000603,U0020,2026-07-04 09:48:00,2249.96,D0806,M019,Mumbai,0,,9,0,0,0,-0.6820523683456452,0.7973364941032068,81420.0,0,2,0,
T000613,U0020,2026-07-06 12:20:00,2772.64,D0806,M018,Mumbai,0,,12,0,0,0,0.0405320659662389,1.0118580698177833,181920.0,0,2,0,
T000577,U0020,2026-07-06 13:43:00,1955.18,D0806,M007,Mumbai,0,,13,0,0,1,-1.0520952337619274,0.7124749526753477,4980.0,0,2,0,
T000575,U0020,2026-07-08 12:17:00,2250.82,D0806,M007,Mumbai,0,,12,0,0,0,-0.5414718581591734,0.8472753809729251,167640.0,0,2,0,
T000597,U0020,2026-07-09 11:08:00,3086.24,D0806,M018,Mumbai,0,,11,0,0,0,0.6520853162593632,1.1797702336536469,82260.0,0,2,0,
T000612,U0020,2026-07-11 12:12:00,3591.13,D0806,M018,Mumbai,0,,12,0,0,0,1.330522463587317,1.3506992938548434,176640.0,0,2,0,
T000586,U0020,2026-07-11 18:15:00,2062.48,D0806,M018,Mumbai,0,,18,0,0,0,-0.9376687848491067,0.7537147072621474,21780.0,0,2,0,
T000591,U0020,2026-07-13 09:15:00,2155.76,D0806,M008,Mumbai,0,,9,0,0,0,-0.7411480829218231,0.8030162016429105,140400.0,0,2,0,
T000610,U0020,2026-07-14 05:59:00,1963.98,D0806,M008,Mumbai,0,,5,1,0,0,-0.9741897409423725,0.7420189508650786,74640.0,0,2,0,
T000615,U0020,2026-07-14 18:37:00,3197.68,D0806,M018,Mumbai,0,,18,0,0,0,0.8541384974407243,1.2292698524154724,45480.0,0,2,0,
T000578,U0020,2026-07-15 12:58:00,4922.96,D0806,M019,Mumbai,0,,12,0,0,0,3.3044421553390997,1.8657761545518832,66060.0,0,2,15,amount z-score 3.3
T000593,U0020,2026-07-15 23:23:00,3013.28,D0806,M033,Mumbai,0,,23,0,0,1,0.2796383282094034,1.086675194082434,37500.0,0,2,0,
T000595,U0020,2026-07-16 13:43:00,1077.71,D0806,M007,Mumbai,0,,13,0,0,0,-2.041114510868836,0.3867906280925312,51600.0,0,2,0,
T000614,U0020,2026-07-16 16:13:00,2624.71,D0806,M007,Mumbai,0,,16,0,0,0,-0.07964439047506483,0.973426188409081,9000.0,0,2,0,
T000599,U0020,2026-07-16 16:57:00,1449.62,D0806,M033,Mumbai,0,,16,0,0,0,-1.4174880716367373,0.5383358460259153,2640.0,1,2,0,
T000618,U0020,2026-07-17 15:01:00,2098.92,D0806,M033,Mumbai,0,,15,0,0,0,-0.596794043874734,0.7969829969623728,79440.0,0,2,0,
T000585,U0020,2026-07-17 16:26:00,1964.43,D0806,M007,Mumbai,0,,16,0,0,0,-0.7308322932677235,0.7528631207337487,5100.0,0,2,0,
T000605,U0020,2026-07-18 14:42:00,1381.02,D0806,M018,Mumbai,0,,14,0,0,0,-1.3749561108932637,0.535021476644873,80160.0,0,2,0,
T000606,U0020,2026-07-19 13:02:00,3122.99,D0806,M019,Mumbai,0,,13,0,0,0,0.6667265096092175,1.2337821534332862,80400.0,0,2,0,
T000608,U0020,2026-07-19 17:15:00,1777.73,D0806,M018,Mumbai,0,,17,0,0,0,-0.8858481746570225,0.6958110973848987,15180.0,0,2,0,
T000576,U0020,2026-07-19 17:56:00,2384.46,D0806,M033,Mumbai,0,,17,0,0,0,-0.16096742709998385,0.9443361345201153,2460.0,1,2,0,
T000592,U0020,2026-07-22 14:42:00,3032.66,D0806,M018,Mumbai,0,,14,0,0,0,0.598248515198334,1.2035290185813037,247560.0,0,2,0,
T000601,U0020,2026-07-22 16:30:00,3757.81,D0806,M008,Mumbai,0,,16,0,0,0,1.4397126221539684,1.4805471361289506,6480.0,0,2,0,
T000609,U0020,2026-07-23 10:35:00,3011.52,D0806,M007,Mumbai,0,,10,0,0,0,0.5005820342280437,1.1671740707567655,65100.0,0,2,0,
T000589,U0020,2026-07-23 12:20:00,2534.79,D0806,M008,Mumbai,0,,12,0,0,0,-0.07025628355741355,0.9769638403588624,6300.0,0,2,0,
T000584,U0020,2026-07-23 14:13:00,3275.45,D0806,M018,Mumbai,0,,14,0,0,0,0.8158363941712092,1.263369313654341,6780.0,0,2,0,
T000602,U0020,2026-07-24 14:30:00,1893.39,D0806,M019,Mumbai,0,,14,0,0,0,-0.865770108459451,0.7243353614214649,87420.0,0,2,0,
T000594,U0020,2026-07-24 19:08:00,2830.31,D0806,M008,Mumbai,0,,19,0,0,0,0.28735966517379774,1.0918845467499951,16680.0,0,2,0,
T000611,U0020,2026-07-25 16:28:00,4772.92,D0806,M007,Mumbai,0,,16,0,0,0,2.658873824625548,1.8363471143440553,76800.0,0,2,0,
T000616,U0020,2026-07-26 12:35:00,3260.11,D0806,M019,Mumbai,0,,12,0,0,0,0.6778820429873119,1.225031300663684,72420.0,0,2,0,
T000598,U0020,2026-07-26 18:50:00,1462.88,D0806,M018,Mumbai,0,,18,0,0,0,-1.386008473768263,0.5462825969527717,22500.0,0,2,0,
T000582,U0020,2026-07-27 10:53:00,2402.62,D0806,M018,Mumbai,0,,10,0,0,0,-0.27335197889852214,0.9083480051714382,57780.0,0,2,0,
T000600,U0020,2026-07-27 15:30:00,1757.65,D0806,M019,Mumbai,0,,15,0,0,0,-1.0057606332678701,0.6661136220422526,16620.0,0,2,0,
T000590,U0020,2026-07-27 18:53:00,3075.28,D0806,M018,Mumbai,0,,18,0,0,0,0.5243238887588932,1.1755325650863209,12180.0,0,2,0,
T000579,U0020,2026-07-28 10:08:00,1603.54,D0806,M007,Mumbai,0,,10,0,0,0,-1.180071192137101,0.6102786086945202,54900.0,0,2,0,
T000607,U0020,2026-07-28 11:54:00,4774.45,D0806,M019,Mumbai,0,,11,0,0,0,2.4919856040982817,1.8345079028091769,6360.0,0,2,0,
T000581,U0020,2026-07-28 13:16:00,3281.61,D0806,M018,Mumbai,0,,13,0,0,0,0.6799700308693453,1.2363422541867197,4920.0,0,2,0,
T000588,U0020,2026-07-30 15:28:00,2655.24,D0806,M018,Mumbai,0,,15,0,0,0,-0.014877927392890329,0.9948899350900485,180720.0,0,2,0,
T000637,U0021,2026-07-01 12:46:00,1758.07,D0692,M059,Jaipur,0,,12,0,1,1,0.0,1.0,1000000000.0,0,1,0,
T000621,U0021,2026-07-01 13:34:00,2378.59,D0844,M055,Jaipur,0,,13,0,1,1,0.0,1.0,2880.0,1,2,0,
T000625,U0021,2026-07-02 15:14:00,1701.92,D0844,M059,Jaipur,0,,15,0,0,0,0.0,1.0,92400.0,0,2,0,
T000622,U0021,2026-07-04 09:05:00,1489.4,D0692,M059,Jaipur,0,,9,0,0,0,-1.4898249704245685,0.7652888198336125,150660.0,0,1,0,
T000636,U0021,2026-07-05 12:40:00,3734.49,D0844,M059,Jaipur,0,,12,0,0,0,5.745897903316151,2.038482636667413,99300.0,0,2,15,amount z-score 5.7
T000634,U0021,2026-07-07 13:15:00,1989.07,D0844,M055,Jaipur,0,,13,0,0,0,-0.27360545818085424,0.8990171268717488,174900.0,0,2,0,
T000632,U0021,2026-07-07 19:06:00,3010.02,D0844,M059,Jaipur,0,,19,0,0,0,1.11290069060463,1.3837539471738567,21060.0,0,2,0,
T000629,U0021,2026-07-09 18:24:00,1306.04,D0844,M036,Jaipur,0,,18,0,0,1,-1.3120578702266936,0.5692024931585464,170280.0,0,2,0,
T000626,U0021,2026-07-10 07:37:00,3597.43,D0844,M036,Jaipur,0,,7,0,0,0,1.8362433310271442,1.657076394363262,47580.0,0,2,0,
T000633,U0021,2026-07-10 12:49:00,1764.84,D0844,M059,Jaipur,0,,12,0,0,0,-0.6574953028359733,0.7576216200588031,18720.0,0,2,0,
T000635,U0021,2026-07-11 10:36:00,2414.54,D0692,M059,Jaipur,0,,10,0,0,0,0.17011929961352734,1.0622762026081645,78420.0,0,1,0,
T000639,U0021,2026-07-12 15:42:00,2621.67,D0844,M059,Jaipur,0,,15,0,0,0,0.42272681551593017,1.146909789785642,104760.0,0,2,0,
T000628,U0021,2026-07-15 11:26:00,1694.67,D0692,M055,Jaipur,0,,11,0,0,0,-0.8080805879423899,0.7324058704437619,243840.0,0,1,0,
T000620,U0021,2026-07-15 18:40:00,2521.24,D0692,M036,Jaipur,0,,18,0,0,0,0.33804319295197915,1.11253515221225,26040.0,0,1,0,
T000627,U0021,2026-07-17 15:53:00,1968.54,D0844,M059,Jaipur,0,,15,0,0,0,-0.43275647601631567,0.8617212371067561,162780.0,0,2,0,
T000630,U0021,2026-07-18 15:25:00,2677.2,D0844,M036,Jaipur,0,,15,0,0,0,0.5832050576365343,1.182838676811744,84720.0,0,2,0,
T000624,U0021,2026-07-25 11:59:00,2132.49,D0692,M059,Jaipur,0,,11,0,0,0,-0.22575274332415365,0.9315302909870614,592440.0,0,1,0,
T000631,U0021,2026-07-27 17:57:00,2041.42,D0844,M055,Jaipur,0,,17,0,0,0,-0.3536849529460573,0.895354566738243,194280.0,0,2,0,
T000638,U0021,2026-07-28 14:22:00,2566.75,D0844,M059,Jaipur,0,,14,0,0,0,0.45601267064557066,1.1323441895869337,73500.0,0,2,0,
T000619,U0021,2026-07-28 18:38:00,1561.54,D0844,M036,Jaipur,0,,18,0,0,0,-1.1199101189129113,0.6841217759525242,15360.0,0,2,0,
T000623,U0021,2026-07-29 14:27:00,2530.3,D0844,M059,Jaipur,0,,14,0,0,0,0.4387249740772591,1.1263316007274746,71340.0,0,2,0,
T000660,U0022,2026-07-01 09:21:00,844.13,D0334,M012,Mumbai,0,,9,0,1,1,0.0,1.0,1000000000.0,0,1,0,
T000645,U0022,2026-07-01 20:34:00,1692.95,D0334,M019,Mumbai,0,,20,0,0,1,0.0,1.0,40380.0,0,1,0,
T000661,U0022,2026-07-03 14:46:00,1044.37,D0279,M055,Mumbai,0,,14,0,1,1,0.0,1.0,151920.0,0,1,0,
T000655,U0022,2026-07-04 09:39:00,2020.29,D0279,M012,Mumbai,0,,9,0,0,0,2.281285572400949,1.6922950187558432,67980.0,0,1,0,
T000658,U0022,2026-07-06 16:06:00,1081.02,D0279,M058,Mumbai,0,,16,0,0,1,-0.6711366396056571,0.7719172965743377,196020.0,0,1,0,
T000652,U0022,2026-07-07 15:58:00,1395.03,D0279,M046,Mumbai,0,,15,0,0,1,0.13157488581012797,1.0437528797654314,85920.0,0,1,0,
T000642,U0022,2026-07-08 11:13:00,1290.78,D0279,M046,Mumbai,0,,11,0,0,0,-0.13664127180284003,0.9587622349983629,69300.0,0,1,0,
T000650,U0022,2026-07-08 14:20:00,607.84,D0334,M046,Mumbai,0,,14,0,0,0,-1.9394420587342442,0.4541653632113377,11220.0,0,1,0,
T000653,U0022,2026-07-11 05:39:00,1669.9,D0334,M012,Mumbai,0,,5,1,0,0,0.9897746006806922,1.33907888602086,227940.0,0,1,0,
T000646,U0022,2026-07-11 14:18:00,1041.53,D0334,M012,Mumbai,0,,14,0,0,0,-0.5953331408385237,0.8048703832163291,31140.0,0,1,0,
T000656,U0022,2026-07-13 07:58:00,1189.31,D0279,M055,Mumbai,0,,7,0,0,0,-0.19410285748639364,0.9373620719229102,150000.0,0,1,0,
T000648,U0022,2026-07-15 11:29:00,1403.53,D0334,M012,Mumbai,0,,11,0,0,0,0.36304468752392527,1.112536074609131,185460.0,0,1,0,
T000643,U0022,2026-07-18 10:08:00,1053.94,D0279,M019,Mumbai,0,,10,0,0,0,-0.5829328965175041,0.8276647367831812,254340.0,0,1,0,
T000649,U0022,2026-07-18 15:58:00,1473.65,D0334,M058,Mumbai,0,,15,0,0,0,0.592655400384879,1.1728127121875767,21000.0,0,1,0,
T000647,U0022,2026-07-21 05:54:00,1736.7,D0279,M019,Mumbai,0,,5,1,0,0,1.2999515368085786,1.3653094871588123,222960.0,0,1,0,
T000641,U0022,2026-07-21 16:30:00,1010.47,D0279,M055,Mumbai,0,,16,0,0,0,-0.8030464518667622,0.7754962012409103,38160.0,0,1,0,
T000651,U0022,2026-07-22 17:49:00,1088.8,D0334,M019,Mumbai,0,,17,0,0,0,-0.5445965502560619,0.8475031420606879,91140.0,0,1,0,
T000657,U0022,2026-07-22 21:14:00,1383.49,D0334,M055,Mumbai,0,,21,0,0,0,0.3133207345384898,1.0866322856116568,12300.0,0,1,0,
T000644,U0022,2026-07-25 16:54:00,473.98,D0279,M058,Mumbai,0,,16,0,0,0,-2.347604997785261,0.37049418215912305,243600.0,0,1,0,
T000659,U0022,2026-07-27 07:51:00,1944.13,D0334,M019,Mumbai,0,,7,0,0,0,1.864756966537672,1.571735417130797,140220.0,0,1,0,
T000654,U0022,2026-07-28 13:16:00,1568.38,D0279,M058,Mumbai,0,,13,0,0,0,0.7393175819014739,1.2327201607549836,105900.0,0,1,0,
T000640,U0022,2026-07-29 15:46:00,1354.42,D0334,M046,Mumbai,0,,15,0,0,0,0.17183696639995918,1.0528832584427552,95400.0,0,1,0,
T000678,U0023,2026-07-02 11:55:00,3648.44,D0148,M026,Lucknow,0,,11,0,1,1,0.0,1.0,1000000000.0,0,1,0,
T000697,U0023,2026-07-02 15:34:00,3811.82,D0148,M026,Lucknow,0,,15,0,0,0,0.0,1.0,13140.0,0,1,0,
T000695,U0023,2026-07-02 19:03:00,3381.58,D0148,M059,Lucknow,0,,19,0,0,1,0.0,1.0,12540.0,0,1,0,
T000670,U0023,2026-07-03 16:25:00,3263.96,D0148,M026,Lucknow,0,,16,0,0,0,-1.9736447798087782,0.903156659505262,76920.0,0,1,0,
T000681,U0023,2026-07-03 16:39:00,2514.76,D0148,M059,Lucknow,0,,16,0,0,0,-4.689005215079985,0.7131137544235383,840.0,1,1,0,
T000680,U0023,2026-07-06 10:55:00,4022.7,D0163,M018,Lucknow,0,,10,0,1,1,1.5581846967708357,1.2101577801198764,238560.0,0,1,0,
T000663,U0023,2026-07-06 13:07:00,2496.9,D0163,M059,Lucknow,0,,13,0,0,0,-1.9454103925139528,0.7257283973386777,7920.0,0,1,0,
T000696,U0023,2026-07-07 08:07:00,3463.46,D0163,M018,Lucknow,0,,8,0,0,0,0.2829553762824196,1.0477118564722983,68400.0,0,1,0,
T000698,U0023,2026-07-07 15:50:00,2031.08,D0163,M018,Lucknow,0,,15,0,0,0,-2.4701092686592516,0.6107680080798724,27780.0,0,1,0,
T000688,U0023,2026-07-07 17:06:00,4790.65,D0148,M018,Lucknow,0,,17,0,0,0,2.5142344248578263,1.5057203318508146,4560.0,0,1,0,
T000673,U0023,2026-07-08 09:27:00,1911.88,D0163,M018,Lucknow,0,,9,0,0,0,-1.844507900322464,0.5719850351389036,58860.0,0,1,0,
T000666,U0023,2026-07-08 18:32:00,3464.23,D0163,M059,Lucknow,0,,18,0,0,0,0.2975096437257652,1.0783677721241296,32700.0,0,1,0,
T000690,U0023,2026-07-09 13:28:00,2265.42,D0148,M018,Lucknow,0,,13,0,0,0,-1.1904557796506952,0.7006189971097112,68160.0,0,1,0,
T000689,U0023,2026-07-10 09:43:00,3720.45,D0163,M018,Lucknow,0,,9,0,0,0,0.6824218574270072,1.1777337354259556,72900.0,0,1,0,
T000669,U0023,2026-07-10 13:51:00,3012.74,D0163,M026,Lucknow,0,,13,0,0,0,-0.23123969629417437,0.9417475876953489,14880.0,0,1,0,
T000693,U0023,2026-07-10 15:10:00,3150.35,D0163,M026,Lucknow,0,,15,0,0,0,-0.0465684762860661,0.9886021084314516,4740.0,0,1,0,
T000665,U0023,2026-07-10 16:51:00,2892.73,D0163,M059,Lucknow,0,,16,0,0,0,-0.3861969148152985,0.9084062503403407,6060.0,0,1,0,
T000671,U0023,2026-07-11 17:11:00,3948.82,D0163,M059,Lucknow,0,,17,0,0,0,1.0620720548098115,1.2467684371884806,87600.0,0,1,0,
T000686,U0023,2026-07-12 08:20:00,757.25,D0148,M018,Lucknow,0,,8,0,0,0,-3.327876069818105,0.23585456588094536,54540.0,0,1,0,
T000694,U0023,2026-07-14 09:32:00,3272.61,D0163,M059,Lucknow,0,,9,0,0,0,0.21164581568151572,1.0620054371317311,177120.0,0,1,0,
T000662,U0023,2026-07-14 13:27:00,2333.2,D0163,M059,Lucknow,0,,13,0,0,0,-0.8603433997966538,0.7548142781425867,14100.0,0,1,0,
T000684,U0023,2026-07-15 09:02:00,2725.77,D0163,M026,Lucknow,0,,9,0,0,0,-0.3763905429907646,0.8922319883766421,70500.0,0,1,0,
T000672,U0023,2026-07-15 10:31:00,750.92,D0163,M026,Lucknow,0,,10,0,0,0,-2.670011516535562,0.24701020314598174,5340.0,0,1,0,
T000664,U0023,2026-07-16 13:58:00,4604.52,D0163,M026,Lucknow,0,,13,0,0,0,1.7339066984812057,1.5658918620432025,98820.0,0,1,0,
T000691,U0023,2026-07-16 17:38:00,2898.35,D0148,M059,Lucknow,0,,17,0,0,0,-0.11187480562392765,0.9629570971148141,13200.0,0,1,0,
T000687,U0023,2026-07-20 11:44:00,4236.28,D0163,M059,Lucknow,0,,11,0,0,0,1.2602612813913183,1.4095638235965735,324360.0,0,1,0,
T000668,U0023,2026-07-21 09:59:00,3253.21,D0148,M018,Lucknow,0,,9,0,0,0,0.20321722242641937,1.0656738419560285,80100.0,0,1,0,
T000674,U0023,2026-07-21 14:28:00,3077.09,D0148,M026,Lucknow,0,,14,0,0,0,0.017483506567684833,1.0055353109269178,16140.0,0,1,0,
T000676,U0023,2026-07-22 23:59:00,2782.12,D0163,M059,Lucknow,0,,23,0,0,0,-0.29287056363815267,0.9089649531569869,120660.0,0,1,0,
T000675,U0023,2026-07-23 13:31:00,3506.22,D0148,M018,Lucknow,0,,13,0,0,0,0.4860682357505655,1.1491478217714859,48720.0,0,1,0,
T000677,U0023,2026-07-25 14:33:00,3012.5,D0148,M026,Lucknow,0,,14,0,0,0,-0.05823643060858726,0.9824489767423102,176520.0,0,1,0,
T000699,U0023,2026-07-25 14:40:00,2743.43,D0163,M059,Lucknow,0,,14,0,0,0,-0.35324901816496745,0.8952055853581269,420.0,1,1,0,
T000667,U0023,2026-07-26 18:01:00,1542.28,D0148,M059,Lucknow,0,,18,0,0,0,-1.6867419521545066,0.5049131702086848,98460.0,0,1,0,
T000692,U0023,2026-07-27 07:38:00,3913.66,D0148,M059,Lucknow,0,,7,0,0,0,0.9834791900725223,1.3007729451041325,49020.0,0,1,0,
T000679,U0023,2026-07-27 12:42:00,2192.02,D0163,M059,Lucknow,0,,12,0,0,0,-0.9173304408996806,0.7221674746543729,18240.0,0,1,0,
T000683,U0023,2026-07-28 14:11:00,2381.11,D0148,M059,Lucknow,0,,14,0,0,0,-0.6872295337626766,0.7907406912797583,91740.0,0,1,0,
T000685,U0023,2026-07-30 10:12:00,2027.83,D0163,M026,Lucknow,0,,10,0,0,0,-1.0614357056019714,0.6773575679037198,158460.0,0,1,0,
T000682,U0023,2026-07-30 15:32:00,3024.81,D0148,M018,Lucknow,0,,15,0,0,0,0.062752758413818,1.0192676218219674,19200.0,0,1,0,
T000739,U0024,2026-07-01 18:00:00,2755.83,D0201,M028,Ahmedabad,0,,18,0,1,1,0.0,1.0,1000000000.0,0,5,20,device shared by 5 users
T000715,U0024,2026-07-02 13:30:00,3284.28,D0800,M028,Ahmedabad,0,,13,0,1,0,0.0,1.0,70200.0,0,2,0,
T000705,U0024,2026-07-02 14:06:00,3365.8,D0201,M031,Ahmedabad,0,,14,0,0,1,0.0,1.0,2160.0,1,5,20,device shared by 5 users
T000728,U0024,2026-07-02 14:38:00,2667.52,D0800,M028,Ahmedabad,0,,14,0,0,0,-1.730069331657928,0.8508012512821829,1920.0,1,2,0,
T000732,U0024,2026-07-05 03:19:00,2319.04,D0800,M028,Ahmedabad,0,,3,1,0,0,-2.2586888872979447,0.7683119044817216,218460.0,0,2,0,
T000718,U0024,2026-07-05 11:18:00,4343.76,D0201,M019,Ahmedabad,0,,11,0,0,1,3.72256074190715,1.5090391011726831,28740.0,0,5,35,device shared by 5 users; amount z-score 3.7
T000734,U0024,2026-07-07 10:10:00,1694.54,D0201,M031,Ahmedabad,0,,10,0,0,0,-2.184782067855655,0.5426513229579318,168720.0,0,5,20,device shared by 5 users
T000738,U0024,2026-07-07 13:40:00,3095.38,D0201,M028,Ahmedabad,0,,13,0,0,0,0.22513166769918333,1.060540547056044,12600.0,0,5,20,device shared by 5 users
T000712,U0024,2026-07-08 17:08:00,4235.07,D0201,M028,Ahmedabad,0,,17,0,0,0,1.7573711410257327,1.4401234366217597,98880.0,0,5,20,device shared by 5 users
T000701,U0024,2026-07-09 15:41:00,4461.24,D0800,M019,Ahmedabad,0,,15,0,0,0,1.7106799159891657,1.4463038723436241,81180.0,0,2,0,
T000736,U0024,2026-07-10 08:27:00,1304.97,D0800,M028,Ahmedabad,0,,8,0,0,0,-2.2088499543476856,0.40498770099955506,60360.0,0,2,0,
T000720,U0024,2026-07-11 14:07:00,3561.99,D0800,M019,Ahmedabad,0,,14,0,0,0,0.5169647053426386,1.1686517572967816,106800.0,0,2,0,
T000703,U0024,2026-07-12 12:52:00,3367.72,D0800,M019,Ahmedabad,0,,12,0,0,0,0.28770773660626425,1.0896002144796224,81900.0,0,2,0,
T000700,U0024,2026-07-13 10:52:00,3705.15,D0800,M019,Ahmedabad,0,,10,0,0,0,0.6392589211432336,1.1905673506462056,79200.0,0,2,0,
T000708,U0024,2026-07-13 15:51:00,1884.39,D0201,M019,Ahmedabad,0,,15,0,0,0,-1.400377590106069,0.5973752717904064,17940.0,0,5,20,device shared by 5 users
T000725,U0024,2026-07-13 17:03:00,2729.89,D0201,M028,Ahmedabad,0,,17,0,0,0,-0.3648031847266195,0.8892790964877558,4320.0,0,5,20,device shared by 5 users
T000709,U0024,2026-07-13 17:43:00,2408.52,D0800,M031,Ahmedabad,0,,17,0,0,0,-0.7065260924977946,0.7900580132501951,2400.0,1,2,0,
T000710,U0024,2026-07-13 19:24:00,2464.19,D0201,M031,Ahmedabad,0,,19,0,0,0,-0.6131474479957311,0.8184264203909136,6060.0,0,5,20,device shared by 5 users
T000721,U0024,2026-07-14 11:46:00,3505.2,D0800,M019,Ahmedabad,0,,11,0,0,0,0.5992927937842852,1.176038149604828,58920.0,0,2,0,
T000702,U0024,2026-07-14 15:34:00,3509.45,D0201,M028,Ahmedabad,0,,15,0,0,0,0.5828135323339877,1.1666548270202712,13680.0,0,5,20,device shared by 5 users
T000713,U0024,2026-07-14 17:10:00,3583.71,D0800,M031,Ahmedabad,0,,17,0,0,0,0.6511248227378869,1.1814961539150213,5760.0,0,2,0,
T000714,U0024,2026-07-14 18:34:00,4566.49,D0800,M028,Ahmedabad,0,,18,0,0,0,1.8083669459361174,1.4926040858256477,5040.0,0,2,0,
T000726,U0024,2026-07-15 13:55:00,2012.24,D0201,M019,Ahmedabad,0,,13,0,0,0,-1.2784894188391935,0.6433167139633535,69660.0,0,5,20,device shared by 5 users
T000711,U0024,2026-07-15 20:58:00,1106.62,D0201,M028,Ahmedabad,0,,20,0,0,0,-2.2334900878277693,0.3593613507473937,25380.0,0,5,20,device shared by 5 users
T000722,U0024,2026-07-16 06:26:00,1242.73,D0201,M019,Ahmedabad,0,,6,0,0,0,-1.8462319779573644,0.414629226312557,34080.0,0,5,20,device shared by 5 users
T000727,U0024,2026-07-17 10:39:00,3702.2,D0201,M031,Ahmedabad,0,,10,0,0,0,0.7809903606967056,1.264832105080472,101580.0,0,5,20,device shared by 5 users
T000735,U0024,2026-07-17 11:45:00,2150.46,D0800,M019,Ahmedabad,0,,11,0,0,0,-0.8189752873653406,0.7272824236281453,3960.0,0,2,0,
T000717,U0024,2026-07-22 14:48:00,4663.18,D0201,M028,Ahmedabad,0,,14,0,0,0,1.7749933953434254,1.5931727305682384,442980.0,0,5,20,device shared by 5 users
T000706,U0024,2026-07-22 15:56:00,2649.47,D0800,M031,Ahmedabad,0,,15,0,0,0,-0.33511759566418564,0.8864114849236945,4080.0,0,2,0,
T000737,U0024,2026-07-22 18:35:00,3030.04,D0800,M028,Ahmedabad,0,,18,0,0,0,0.052899334174588974,1.0177219332510403,9540.0,0,2,0,
T000716,U0024,2026-07-23 09:16:00,3995.72,D0201,M028,Ahmedabad,0,,9,0,0,0,1.0366863474643373,1.3412796776379832,52860.0,0,5,20,device shared by 5 users
T000730,U0024,2026-07-23 16:16:00,2079.99,D0201,M031,Ahmedabad,0,,16,0,0,0,-0.9495615878614907,0.6906062635182296,25200.0,0,5,20,device shared by 5 users
T000707,U0024,2026-07-24 08:59:00,3047.64,D0800,M028,Ahmedabad,0,,8,0,0,0,0.0662939547002488,1.0217681515007988,60180.0,0,2,0,
T000724,U0024,2026-07-25 12:55:00,2165.79,D0201,M031,Ahmedabad,0,,12,0,0,0,-0.8490228435106514,0.7256357261259473,100560.0,0,5,20,device shared by 5 users
T000733,U0024,2026-07-25 15:01:00,4018.67,D0201,M019,Ahmedabad,0,,15,0,0,0,1.1018885247937107,1.357386200106764,7560.0,0,5,20,device shared by 5 users
T000719,U0024,2026-07-27 23:54:00,3316.49,D0800,M019,Ahmedabad,0,,23,0,0,0,0.33828383822135394,1.1088879625115298,204780.0,0,2,0,
T000740,U0024,2026-07-28 06:33:00,3006.27,D0800,M028,Ahmedabad,0,,6,0,0,0,0.006730140486362672,1.0021329614771746,23940.0,0,2,0,
T000723,U0024,2026-07-28 15:11:00,1594.5,D0800,M028,Ahmedabad,0,,15,0,0,0,-1.4987607310777122,0.5314921471460673,31080.0,0,2,0,
T000731,U0024,2026-07-28 19:54:00,3513.05,D0201,M031,Ahmedabad,0,,19,0,0,0,0.5775177070419014,1.1856170198636167,16980.0,0,5,20,device shared by 5 users
T000729,U0024,2026-07-29 11:00:00,1839.26,D0800,M019,Ahmedabad,0,,11,0,0,0,-1.2053205890254783,0.6177903745251015,54360.0,0,2,0,
T000704,U0024,2026-07-30 13:02:00,3230.23,D0201,M019,Ahmedabad,0,,13,0,0,0,0.29665867778244126,1.095471792602456,93720.0,0,5,20,device shared by 5 users
T000745,U0025,2026-07-01 03:49:00,1170.39,D0797,M045,Chennai,0,,3,1,1,1,0.0,1.0,1000000000.0,0,1,20,odd hour + new device
T000751,U0025,2026-07-01 13:48:00,1158.91,D0797,M023,Chennai,0,,13,0,0,1,0.0,1.0,35940.0,0,1,0,
T000766,U0025,2026-07-02 18:23:00,824.28,D0797,M045,Chennai,0,,18,0,0,0,0.0,1.0,102900.0,0,1,0,
T000753,U0025,2026-07-04 09:23:00,1552.93,D0797,M045,Chennai,0,,9,0,0,0,3.125688049217744,1.4773019855428096,140400.0,0,1,15,amount z-score 3.1
T000750,U0025,2026-07-04 17:56:00,1171.67,D0797,M023,Chennai,0,,17,0,0,0,-0.0192205618318295,0.9957866861043221,30780.0,0,1,0,
T000759,U0025,2026-07-04 20:50:00,86.3,D0797,M023,Chennai,0,,20,0,0,0,-4.721762888532599,0.07340707491654978,10440.0,0,1,0,
T000744,U0025,2026-07-06 12:19:00,1311.45,D0797,M023,Chennai,0,,12,0,0,0,0.6939357228039377,1.3192600179872243,142140.0,0,1,0,
T000752,U0025,2026-07-09 15:16:00,1505.72,D0797,M043,Chennai,0,,15,0,0,1,1.0652384540240667,1.4486175636461147,269820.0,0,1,0,
T000763,U0025,2026-07-09 15:53:00,542.35,D0797,M043,Chennai,0,,15,0,0,0,-1.2692430448850738,0.49407571425044194,2220.0,1,1,0,
T000758,U0025,2026-07-11 10:20:00,1633.57,D0797,M043,Chennai,0,,10,0,0,0,1.3340795454222807,1.5768050177830062,152820.0,0,1,0,
T000757,U0025,2026-07-11 15:55:00,1694.43,D0797,M023,Chennai,0,,15,0,0,0,1.2980546683141996,1.5463556230566122,20100.0,0,1,0,
T000747,U0025,2026-07-12 09:35:00,1055.37,D0797,M045,Chennai,0,,9,0,0,0,-0.20077709277298997,0.9175679726451746,63600.0,0,1,0,
T000748,U0025,2026-07-13 12:08:00,2126.57,D0797,M023,Chennai,0,,12,0,0,0,2.173403862954319,1.8616875430997883,95580.0,0,1,0,
T000746,U0025,2026-07-14 14:25:00,1662.65,D0797,M045,Chennai,0,,14,0,0,0,0.8752180377769887,1.365070853006521,94620.0,0,1,0,
T000743,U0025,2026-07-18 10:02:00,1874.07,D0797,M043,Chennai,0,,10,0,0,0,1.2417125229511106,1.499548196477503,329820.0,0,1,0,
T000762,U0025,2026-07-19 12:53:00,1703.44,D0797,M023,Chennai,0,,12,0,0,0,0.8078240083329508,1.3190877326954105,96660.0,0,1,0,
T000765,U0025,2026-07-21 07:47:00,1497.32,D0797,M045,Chennai,0,,7,0,0,0,0.3576141985515232,1.1368039433148336,154440.0,0,1,0,
T000761,U0025,2026-07-21 10:03:00,1161.79,D0797,M045,Chennai,0,,10,0,0,0,-0.338202435011343,0.8750193822597192,8160.0,0,1,0,
T000755,U0025,2026-07-21 11:42:00,1547.92,D0797,M023,Chennai,0,,11,0,0,0,0.47958941731843013,1.1739903695651863,5940.0,0,1,0,
T000749,U0025,2026-07-22 12:19:00,865.81,D0797,M045,Chennai,0,,12,0,0,0,-0.9922738293221172,0.6506983662374557,88620.0,0,1,0,
T000741,U0025,2026-07-22 15:17:00,855.13,D0797,M023,Chennai,0,,15,0,0,0,-0.96702498697777,0.6540956604068424,10680.0,0,1,0,
T000756,U0025,2026-07-24 11:13:00,1266.32,D0797,M043,Chennai,0,,11,0,0,0,-0.04179269999674106,0.9848400503857058,158160.0,0,1,0,
T000754,U0025,2026-07-28 16:38:00,595.41,D0797,M023,Chennai,0,,16,0,0,0,-1.5130533692392203,0.4633804751457592,365100.0,0,1,0,
T000764,U0025,2026-07-30 14:34:00,2017.86,D0797,M045,Chennai,0,,14,0,0,0,1.6324194394736986,1.6079234183654876,165360.0,0,1,0,
T000742,U0025,2026-07-30 15:24:00,957.66,D0797,M045,Chennai,0,,15,0,0,0,-0.6823880550696658,0.7442553276649595,3000.0,1,1,0,
T000760,U0025,2026-07-30 16:16:00,1092.74,D0797,M043,Chennai,0,,16,0,0,0,-0.3792011175974465,0.8580114141429438,3120.0,1,1,0,
T000788,U0026,2026-07-01 09:16:00,1326.51,D0111,M010,Lucknow,0,,9,0,1,1,0.0,1.0,1000000000.0,0,2,0,
T000781,U0026,2026-07-01 17:22:00,3073.41,D0111,M049,Lucknow,0,,17,0,0,1,0.0,1.0,29160.0,0,2,0,
T000774,U0026,2026-07-02 11:37:00,2001.5,D0111,M010,Lucknow,0,,11,0,0,0,0.0,1.0,65700.0,0,2,0,
T000795,U0026,2026-07-02 13:17:00,3059.34,D0111,M049,Lucknow,0,,13,0,0,0,1.2867512732756192,1.433747511598795,6000.0,0,2,0,
T000800,U0026,2026-07-02 15:18:00,3572.35,D0111,M049,Lucknow,0,,15,0,0,0,1.6297554897679063,1.5103860571411236,7260.0,0,2,0,
T000792,U0026,2026-07-02 15:39:00,2716.92,D0111,M010,Lucknow,0,,15,0,0,0,0.13454308444900306,1.042314535424655,1260.0,1,2,0,
T000785,U0026,2026-07-04 07:54:00,3042.28,D0111,M010,Lucknow,0,,7,0,0,0,0.5567402111228221,1.1589616015363928,144900.0,0,2,0,
T000786,U0026,2026-07-05 16:11:00,2593.95,D0111,M053,Lucknow,0,,16,0,0,1,-0.12786104097126882,0.9662276746837618,116220.0,0,2,0,
T000804,U0026,2026-07-07 18:58:00,3835.73,D0111,M053,Lucknow,0,,18,0,0,0,1.7507380476774366,1.4348390035715122,182820.0,0,2,0,
T000778,U0026,2026-07-08 11:31:00,1620.66,D0111,M053,Lucknow,0,,11,0,0,0,-1.6304895855605157,0.5783025048695712,59580.0,0,2,0,
T000801,U0026,2026-07-12 07:53:00,2472.47,D0111,M010,Lucknow,0,,7,0,0,0,-0.27376855104255704,0.9210975813039703,332520.0,0,2,0,
T000767,U0026,2026-07-12 15:44:00,2123.41,D0111,M053,Lucknow,0,,15,0,0,0,-0.7317606506155999,0.7967734735943598,28260.0,0,2,0,
T000768,U0026,2026-07-13 14:43:00,2505.09,D0111,M053,Lucknow,0,,14,0,0,0,-0.158488879192973,0.9561859281755786,82740.0,0,2,0,
T000784,U0026,2026-07-14 08:46:00,2051.53,D0111,M010,Lucknow,0,,8,0,0,0,-0.8033039538075406,0.7857114235248259,64980.0,0,2,0,
T000780,U0026,2026-07-15 07:12:00,2479.64,D0111,M053,Lucknow,0,,7,0,0,0,-0.13320475857812378,0.9644343748115487,80760.0,0,2,0,
T000770,U0026,2026-07-15 11:21:00,2459.73,D0111,M053,Lucknow,0,,11,0,0,0,-0.15861531080643626,0.9589642980667481,14940.0,0,2,0,
T000790,U0026,2026-07-15 16:33:00,1549.34,D0111,M049,Lucknow,0,,16,0,0,0,-1.5692482228759843,0.6055876553654616,18720.0,0,2,0,
T000794,U0026,2026-07-16 08:58:00,1783.15,D0111,M010,Lucknow,0,,8,0,0,0,-1.0725395534062883,0.7135309735949129,59100.0,0,2,0,
T000799,U0026,2026-07-16 13:01:00,1834.43,D0111,M053,Lucknow,0,,13,0,0,0,-0.9338884434283736,0.7459220757528778,14580.0,0,2,0,
T000791,U0026,2026-07-16 15:39:00,1964.04,D0111,M010,Lucknow,0,,15,0,0,0,-0.6942049027496607,0.8094489019132693,9480.0,0,2,0,
T000803,U0026,2026-07-17 08:23:00,1270.67,D0111,M049,Lucknow,0,,8,0,0,0,-1.7240953485314816,0.5287245646860389,60240.0,0,2,0,
T000775,U0026,2026-07-17 11:48:00,2118.87,D0111,M010,Lucknow,0,,11,0,0,0,-0.3364697908552324,0.9018999249244236,12300.0,0,2,0,
T000787,U0026,2026-07-17 12:11:00,4415.35,D0111,M049,Lucknow,0,,12,0,0,0,3.094901217254647,1.8878177475874658,1380.0,1,2,15,amount z-score 3.1
T000797,U0026,2026-07-17 14:52:00,2678.91,D0111,M053,Lucknow,0,,14,0,0,0,0.31981465589439384,1.1028194367539566,9660.0,0,2,0,
T000777,U0026,2026-07-19 09:14:00,1802.53,D0111,M010,Lucknow,0,,9,0,0,0,-0.8314631678488291,0.7388770618915715,152520.0,0,2,0,
T000772,U0026,2026-07-19 14:46:00,4175.15,D0111,M049,Lucknow,0,,14,0,0,0,2.3142339157403904,1.729504880744461,19920.0,0,2,0,
T000782,U0026,2026-07-19 14:48:00,2340.43,D0111,M053,Lucknow,0,,14,0,0,0,-0.17252425659043824,0.943034972908705,120.0,1,2,0,
T000796,U0026,2026-07-19 15:35:00,682.84,D0111,M010,Lucknow,0,,15,0,0,0,-2.2293950486752565,0.27572004818126683,2820.0,2,2,0,
T000798,U0026,2026-07-19 18:25:00,1669.93,D0111,M053,Lucknow,0,,18,0,0,0,-0.8661388274006357,0.6921966065936194,10200.0,0,2,0,
T000789,U0026,2026-07-20 09:35:00,2126.19,D0111,M010,Lucknow,0,,9,0,0,0,-0.30554874423273254,0.8907738724407395,54600.0,0,2,0,
T000769,U0026,2026-07-20 12:28:00,1347.13,D0111,M049,Lucknow,0,,12,0,0,0,-1.2271547906536013,0.5664466364853508,10380.0,0,2,0,
T000776,U0026,2026-07-20 19:34:00,1358.35,D0111,M053,Lucknow,0,,19,0,0,0,-1.1656488217836534,0.579265843127097,25560.0,0,2,0,
T000783,U0026,2026-07-21 06:52:00,2310.92,D0111,M053,Lucknow,0,,6,0,0,0,-0.0037618206588844356,0.9986173193565133,40680.0,0,2,0,
T000779,U0026,2026-07-21 15:42:00,2682.91,D0111,M053,Lucknow,0,,15,0,0,0,0.4404190356727411,1.1594138498382958,31800.0,0,2,0,
T000802,U0026,2026-07-23 17:13:00,3247.3,D0111,M053,Lucknow,0,,17,0,0,0,1.1146843713074424,1.396764856571632,178260.0,0,2,0,
T000805,U0026,2026-07-25 16:13:00,1714.67,D0111,M010,Lucknow,0,,16,0,0,0,-0.766966820112621,0.7292659053031472,169200.0,0,2,0,
T000771,U0026,2026-07-26 12:37:00,2502.35,D0111,M049,Lucknow,0,,12,0,0,0,0.20460738621255523,1.0723383097630037,73440.0,0,2,0,
T000793,U0026,2026-07-26 13:42:00,3556.95,D0111,M049,Lucknow,0,,13,0,0,0,1.4968846580424875,1.5212944211027684,3900.0,0,2,0,
T000773,U0026,2026-07-30 16:37:00,1303.33,D0111,M049,Lucknow,0,,16,0,0,0,-1.2903135704139188,0.5498859568001743,356100.0,0,2,0,
T000821,U0027,2026-07-03 15:07:00,484.15,D0041,M046,Jaipur,0,,15,0,1,1,0.0,1.0,1000000000.0,0,1,0,
T000823,U0027,2026-07-04 11:25:00,404.29,D0041,M019,Jaipur,0,,11,0,0,1,0.0,1.0,73080.0,0,1,0,
T000816,U0027,2026-07-04 12:59:00,275.25,D0041,M059,Jaipur,0,,12,0,0,1,0.0,1.0,5640.0,0,1,0,
T000812,U0027,2026-07-04 16:20:00,240.32,D0177,M059,Jaipur,0,,16,0,1,0,-1.714666805949844,0.6195464411839584,12060.0,0,2,0,
T000820,U0027,2026-07-11 07:10:00,343.46,D0177,M046,Jaipur,0,,7,0,0,0,-0.07682355782761464,0.9785115462752785,571800.0,0,2,0,
T000810,U0027,2026-07-12 18:17:00,249.46,D0041,M059,Jaipur,0,,18,0,0,0,-1.138480444042489,0.7137747694845268,126420.0,0,1,0,
T000813,U0027,2026-07-14 15:25:00,291.5,D0177,M057,Jaipur,0,,15,0,0,1,-0.4671706020565711,0.8758444185549487,162480.0,0,2,0,
T000814,U0027,2026-07-16 12:47:00,215.08,D0041,M057,Jaipur,0,,12,0,0,0,-1.3449179513214846,0.6579008295620553,163320.0,0,1,0,
T000806,U0027,2026-07-17 12:49:00,269.34,D0041,M059,Jaipur,0,,12,0,0,0,-0.5061871881895528,0.8606796030830964,86520.0,0,1,0,
T000811,U0027,2026-07-18 18:59:00,605.66,D0177,M019,Jaipur,0,,18,0,0,0,3.6132692268337725,1.9658257685441214,108600.0,0,2,15,amount z-score 3.6
T000817,U0027,2026-07-19 18:49:00,263.9,D0041,M057,Jaipur,0,,18,0,0,0,-0.6233775619177973,0.7811135655033917,85800.0,0,1,0,
T000818,U0027,2026-07-21 07:01:00,585.42,D0177,M057,Jaipur,0,,7,0,0,0,2.209515360072304,1.767955826102082,130320.0,0,2,0,
T000815,U0027,2026-07-25 13:24:00,177.64,D0177,M057,Jaipur,0,,13,0,0,0,-1.336531635420419,0.5042019177567634,368580.0,0,2,0,
T000819,U0027,2026-07-26 15:09:00,385.48,D0041,M046,Jaipur,0,,15,0,0,0,0.3479567503322851,1.13750405409921,92700.0,0,1,0,
T000808,U0027,2026-07-28 12:18:00,258.43,D0177,M059,Jaipur,0,,12,0,0,0,-0.6464387949590858,0.7551779896320161,162540.0,0,2,0,
T000822,U0027,2026-07-29 14:03:00,241.72,D0041,M057,Jaipur,0,,14,0,0,0,-0.7476336476513256,0.7180683547740463,92700.0,0,1,0,
T000807,U0027,2026-07-30 16:36:00,234.23,D0041,M019,Jaipur,0,,16,0,0,0,-0.7714721218059131,0.7082988393088806,95580.0,0,1,0,
T000809,U0027,2026-07-30 19:37:00,395.18,D0177,M059,Jaipur,0,,19,0,0,0,0.5685144702456637,1.215865835946501,10860.0,0,2,0,
T000846,U0028,2026-07-01 13:20:00,4178.81,D0207,M008,Pune,0,,13,0,1,1,0.0,1.0,1000000000.0,0,1,0,
T000838,U0028,2026-07-01 13:58:00,2477.38,D0207,M059,Pune,0,,13,0,0,1,0.0,1.0,2280.0,1,1,0,
T000832,U0028,2026-07-01 18:31:00,3584.72,D0207,M059,Pune,0,,18,0,0,0,0.0,1.0,16380.0,0,1,0,
T000840,U0028,2026-07-02 10:19:00,2572.29,D0207,M040,Pune,0,,10,0,0,1,-1.1932949788163065,0.7535336213031263,56880.0,0,1,0,
T000833,U0028,2026-07-03 07:18:00,1740.06,D0207,M059,Pune,0,,7,0,0,0,-2.0579262566374696,0.5432085659965633,75540.0,0,1,0,
T000834,U0028,2026-07-04 10:36:00,1053.17,D0207,M059,Pune,0,,10,0,0,0,-2.1491117270777598,0.3618330187319429,98280.0,0,1,0,
T000843,U0028,2026-07-04 12:58:00,4112.66,D0207,M059,Pune,0,,12,0,0,0,1.4401206173874779,1.5811405933652447,8520.0,0,1,0,
T007586,U0028,2026-07-04 16:12:00,2036.96,D0402,M027,Pune,1,device_ring,16,0,1,1,-0.7050398338953157,0.7230921911172552,11640.0,0,6,20,device shared by 6 users
T000850,U0028,2026-07-04 23:20:00,1842.52,D0207,M059,Pune,0,,23,0,0,0,-0.82222085982092,0.6775200458989494,25680.0,0,1,0,
T000856,U0028,2026-07-05 11:06:00,3040.71,D0207,M002,Pune,0,,11,0,0,1,0.40150584516341936,1.1596630638874743,42360.0,0,1,0,
T000852,U0028,2026-07-05 14:21:00,3762.42,D0207,M040,Pune,0,,14,0,0,0,1.101659109791855,1.4123579911272532,11700.0,0,1,0,
T000825,U0028,2026-07-06 17:17:00,1592.65,D0207,M002,Pune,0,,17,0,0,0,-1.169040032580337,0.576255603918899,96960.0,0,1,0,
T000849,U0028,2026-07-08 16:22:00,2614.98,D0207,M040,Pune,0,,16,0,0,0,-0.05059388344057401,0.9807906704849609,169500.0,0,1,0,
T000829,U0028,2026-07-10 12:50:00,233.92,D0207,M059,Pune,0,,12,0,0,0,-2.4965535074724747,0.08786532414403139,160080.0,0,1,0,
T000855,U0028,2026-07-12 16:06:00,3675.35,D0207,M002,Pune,0,,16,0,0,0,1.0530412777343907,1.476753746545613,184560.0,0,1,0,
T000854,U0028,2026-07-13 13:35:00,3667.36,D0207,M059,Pune,0,,13,0,0,0,0.9746121301167595,1.4281515937385503,77340.0,0,1,0,
T000841,U0028,2026-07-14 05:53:00,3763.31,D0207,M040,Pune,0,,5,1,0,0,1.0021890901925303,1.427322264970688,58680.0,0,1,0,
T000824,U0028,2026-07-14 07:46:00,2050.17,D0207,M008,Pune,0,,7,0,0,0,-0.5815384077940797,0.7585080238947293,6780.0,0,1,0,
T000851,U0028,2026-07-14 20:06:00,3915.37,D0207,M008,Pune,0,,20,0,0,0,1.1341903335989132,1.4682808793929878,44400.0,0,1,0,
T000826,U0028,2026-07-15 20:31:00,2447.82,D0207,M040,Pune,0,,20,0,0,0,-0.2569636871041349,0.8958634344029883,87900.0,0,1,0,
T000835,U0028,2026-07-16 19:21:00,3776.25,D0207,M059,Pune,0,,19,0,0,0,0.978785683831357,1.3892815703032464,82200.0,0,1,0,
T000828,U0028,2026-07-17 10:44:00,2466.51,D0207,M008,Pune,0,,10,0,0,0,-0.2799494250672395,0.8909134469272684,55380.0,0,1,0,
T000839,U0028,2026-07-17 14:23:00,1816.08,D0207,M002,Pune,0,,14,0,0,0,-0.8890417652985676,0.6592443342992533,13140.0,0,1,0,
T000842,U0028,2026-07-21 18:09:00,2819.73,D0207,M059,Pune,0,,18,0,0,0,0.10069294676850045,1.038966079717504,359160.0,0,1,0,
T000836,U0028,2026-07-22 13:42:00,3289.68,D0207,M008,Pune,0,,13,0,0,0,0.5555432201195495,1.2101604503129335,70380.0,0,1,0,
T000847,U0028,2026-07-23 11:04:00,1426.69,D0207,M040,Pune,0,,11,0,0,0,-1.2966768870687602,0.52045515812709,76920.0,0,1,0,
T000844,U0028,2026-07-23 15:59:00,3720.07,D0207,M002,Pune,0,,15,0,0,0,1.00356965707717,1.3825783251770036,17700.0,0,1,0,
T000837,U0028,2026-07-23 18:10:00,2135.08,D0207,M059,Pune,0,,18,0,0,0,-0.5791501457847668,0.7824240838723193,7860.0,0,1,0,
T000845,U0028,2026-07-26 10:10:00,2227.6,D0207,M059,Pune,0,,10,0,0,0,-0.47397825864614795,0.822722096990634,230400.0,0,1,0,
T000827,U0028,2026-07-26 11:13:00,1673.35,D0207,M040,Pune,0,,11,0,0,0,-1.0187835247529065,0.6218215145961367,3780.0,0,1,0,
T000830,U0028,2026-07-27 13:03:00,974.79,D0207,M059,Pune,0,,13,0,0,0,-1.6840376448158103,0.3668592851012156,93000.0,0,1,0,
T000848,U0028,2026-07-29 15:19:00,1523.11,D0207,M002,Pune,0,,15,0,0,0,-1.0516525763390248,0.5851693040350473,180960.0,0,1,0,
T000857,U0028,2026-07-30 12:27:00,2785.54,D0207,M002,Pune,0,,12,0,0,0,0.21056294619574129,1.0842425216463356,76080.0,0,1,0,
T000853,U0028,2026-07-30 12:48:00,3480.04,D0207,M002,Pune,0,,12,0,0,0,0.8929028371978392,1.3511202905065012,1260.0,1,1,0,
T000831,U0028,2026-07-30 17:28:00,4125.91,D0207,M002,Pune,0,,17,0,0,0,1.509350139173157,1.5855047314034512,16800.0,0,1,0,
T000875,U0029,2026-07-02 19:24:00,2798.98,D0180,M048,Jaipur,0,,19,0,1,1,0.0,1.0,1000000000.0,0,1,0,
T000863,U0029,2026-07-04 20:55:00,1546.64,D0180,M002,Jaipur,0,,20,0,0,1,0.0,1.0,178260.0,0,1,0,
T000872,U0029,2026-07-05 13:00:00,4318.14,D0180,M005,Jaipur,0,,13,0,0,1,0.0,1.0,57900.0,0,1,0,
T000870,U0029,2026-07-09 22:59:00,1968.52,D0180,M008,Jaipur,0,,22,0,0,1,-0.811326017103356,0.681639380356229,381540.0,0,1,0,
T000859,U0029,2026-07-12 10:15:00,2116.56,D0180,M002,Jaipur,0,,10,0,0,0,-0.5113112596944465,0.7962769976726433,213360.0,0,1,0,
T007499,U0029,2026-07-17 11:00:00,43.5,D0375,M040,Jaipur,1,velocity_burst,11,0,1,1,-2.579254012627284,0.01706037568239135,434700.0,0,2,0,
T007500,U0029,2026-07-17 11:01:00,128.58,D0375,M024,Jaipur,1,velocity_burst,11,0,0,1,-1.5553498438608027,0.06030796551984643,60.0,1,2,0,
T007502,U0029,2026-07-17 11:03:00,41.57,D0375,M016,Jaipur,1,velocity_burst,11,0,0,1,-1.304259812181928,0.02252084215693264,120.0,2,2,0,
T007501,U0029,2026-07-17 11:04:00,32.41,D0375,M045,Jaipur,1,velocity_burst,11,0,0,1,-1.1143338365024684,0.02000232978694536,60.0,3,2,0,
T007503,U0029,2026-07-17 11:08:00,82.22,D0375,M047,Jaipur,1,velocity_burst,11,0,0,1,-0.9501024615372409,0.05694387794346283,240.0,4,2,0,
T007504,U0029,2026-07-17 11:10:00,61.74,D0375,M034,Jaipur,1,velocity_burst,11,0,0,1,-0.877652460986815,0.04721223017972442,120.0,5,2,30,5 txns in last 1h (velocity)
T007505,U0029,2026-07-17 11:12:00,93.26,D0375,M001,Jaipur,1,velocity_burst,11,0,0,1,-0.7864529137965852,0.0780783111427581,120.0,6,2,30,6 txns in last 1h (velocity)
T007506,U0029,2026-07-17 11:14:00,75.82,D0375,M015,Jaipur,1,velocity_burst,11,0,0,1,-0.7469721627294738,0.06875995676995678,120.0,7,2,30,7 txns in last 1h (velocity)
T000858,U0029,2026-07-17 15:06:00,3120.77,D0180,M008,Jaipur,0,,15,0,0,0,1.5547676761881586,3.0485567233071964,13920.0,0,1,0,
T000869,U0029,2026-07-17 16:51:00,2039.86,D0180,M048,Jaipur,0,,16,0,0,0,0.6155513128965617,1.7383008145900556,6300.0,0,1,0,
T000878,U0029,2026-07-18 08:45:00,1369.66,D0375,M005,Jaipur,0,,8,0,0,0,0.10053682409546152,1.112425054203635,57240.0,0,2,0,
T000864,U0029,2026-07-18 20:49:00,2046.29,D0180,M043,Jaipur,0,,20,0,0,1,0.604711356622596,1.65038110625766,43440.0,0,1,0,
T007544,U0029,2026-07-19 03:49:00,12738.64,D0425,M053,Mumbai,1,account_takeover,3,1,1,1,8.757814192143258,9.89543658402275,25200.0,0,1,60,new device + amount >3x user avg; odd hour + new device; amount z-score 8.8
T000874,U0029,2026-07-21 14:20:00,2485.03,D0375,M002,Jaipur,0,,14,0,0,0,0.19265535341948128,1.291925404172968,210660.0,0,2,0,
T000871,U0029,2026-07-23 07:33:00,1616.48,D0180,M040,Jaipur,0,,7,0,0,0,-0.1185286843117936,0.8276641890718566,148380.0,0,1,0,
T000866,U0029,2026-07-23 11:57:00,545.84,D0375,M040,Jaipur,0,,11,0,0,0,-0.5021751363280198,0.28190814781279827,15840.0,0,2,0,
T000868,U0029,2026-07-26 06:18:00,1296.67,D0180,M027,Jaipur,0,,6,0,0,1,-0.21093230373348315,0.6933974115803093,238860.0,0,1,0,
T000876,U0029,2026-07-26 11:51:00,1945.74,D0180,M005,Jaipur,0,,11,0,0,0,0.038285455937208064,1.055194863847714,19980.0,0,1,0,
T000862,U0029,2026-07-26 12:22:00,2903.75,D0180,M002,Jaipur,0,,12,0,0,0,0.40590395025470405,1.5709636026852034,1860.0,1,1,0,
T000877,U0029,2026-07-28 10:36:00,1231.21,D0375,M040,Jaipur,0,,10,0,0,0,-0.25886818304456594,0.6506210161243678,166440.0,0,2,0,
T000865,U0029,2026-07-28 16:34:00,1461.8,D0180,M043,Jaipur,0,,16,0,0,0,-0.16127465999074858,0.7834225259629041,21480.0,0,1,0,
T000873,U0029,2026-07-29 16:16:00,2106.6,D0375,M048,Jaipur,0,,16,0,0,0,0.10422851873735331,1.1384735872364913,85320.0,0,2,0,
T000867,U0029,2026-07-29 20:11:00,2238.18,D0180,M027,Jaipur,0,,20,0,0,0,0.15679243542239762,1.2034117216071736,14100.0,0,1,0,
T000860,U0029,2026-07-30 11:36:00,1869.27,D0180,M005,Jaipur,0,,11,0,0,0,-0.0017311588341646358,0.997809527961232,55500.0,0,1,0,
T000861,U0029,2026-07-30 11:39:00,2453.65,D0180,M002,Jaipur,0,,11,0,0,0,0.2491929208364942,1.309848384159453,180.0,1,1,0,
T000901,U0030,2026-07-01 16:07:00,506.25,D0283,M055,Bengaluru,0,,16,0,1,1,0.0,1.0,1000000000.0,0,3,20,device shared by 3 users
T000895,U0030,2026-07-02 11:15:00,721.68,D0596,M002,Bengaluru,0,,11,0,1,1,0.0,1.0,68880.0,0,1,0,
T000904,U0030,2026-07-03 10:28:00,810.93,D0596,M002,Bengaluru,0,,10,0,0,0,0.0,1.0,83580.0,0,1,0,
T000897,U0030,2026-07-05 10:30:00,764.08,D0283,M030,Bengaluru,0,,10,0,0,1,0.6604048234372335,1.1242753286773857,172920.0,0,3,20,device shared by 3 users
T000886,U0030,2026-07-05 11:28:00,897.36,D0283,M055,Bengaluru,0,,11,0,0,0,1.6857567384783403,1.2805982271748977,3480.0,1,3,20,device shared by 3 users
T000896,U0030,2026-07-05 12:23:00,322.35,D0283,M030,Bengaluru,0,,12,0,0,0,-3.197156082307038,0.43557279080672817,3300.0,1,3,20,device shared by 3 users
T000905,U0030,2026-07-05 13:22:00,875.61,D0283,M030,Bengaluru,0,,13,0,0,0,1.0462029222434663,1.3060196617065574,3540.0,1,3,20,device shared by 3 users
T000888,U0030,2026-07-05 23:35:00,770.49,D0283,M017,Bengaluru,0,,23,0,0,1,0.36231656982363,1.1010909980875583,36780.0,0,3,20,device shared by 3 users
T000891,U0030,2026-07-06 08:03:00,818.51,D0283,M030,Bengaluru,0,,8,0,0,0,0.5969741172717463,1.1551188517325777,30480.0,0,3,20,device shared by 3 users
T000892,U0030,2026-07-06 15:17:00,453.4,D0283,M017,Bengaluru,0,,15,0,0,0,-1.5108086517643466,0.6290174887916997,26040.0,0,3,20,device shared by 3 users
T000885,U0030,2026-07-11 11:24:00,478.11,D0283,M054,Bengaluru,0,,11,0,0,1,-1.1604785293058657,0.68885379677314,418020.0,0,3,20,device shared by 3 users
T000900,U0030,2026-07-11 14:59:00,512.56,D0596,M030,Bengaluru,0,,14,0,0,0,-0.8611226483025777,0.7599858186249413,12900.0,0,1,0,
T000879,U0030,2026-07-11 15:19:00,558.78,D0283,M055,Bengaluru,0,,15,0,0,0,-0.5508857782358245,0.8454269321607948,1200.0,1,3,20,device shared by 3 users
T000893,U0030,2026-07-12 07:00:00,871.16,D0596,M002,Bengaluru,0,,7,0,0,0,1.2098687432278268,1.3339143995377105,56460.0,0,1,0,
T000887,U0030,2026-07-13 17:02:00,947.26,D0283,M017,Bengaluru,0,,17,0,0,0,1.526192827405272,1.416649661869266,122520.0,0,3,20,device shared by 3 users
T000894,U0030,2026-07-13 17:17:00,541.86,D0596,M030,Bengaluru,0,,17,0,0,0,-0.7669367260526445,0.7884635334206765,900.0,1,1,0,
T000903,U0030,2026-07-14 14:19:00,1018.95,D0596,M055,Bengaluru,0,,14,0,0,0,1.8236606249126217,1.5025450675928957,75720.0,0,1,0,
T000899,U0030,2026-07-15 15:07:00,773.89,D0283,M030,Bengaluru,0,,15,0,0,0,0.38182834224708584,1.1084129345993103,89280.0,0,3,20,device shared by 3 users
T000889,U0030,2026-07-21 13:44:00,1105.76,D0283,M017,Bengaluru,0,,13,0,0,0,2.085261425902321,1.5742559434308634,513420.0,0,3,20,device shared by 3 users
T000882,U0030,2026-07-22 19:07:00,936.57,D0283,M017,Bengaluru,0,,19,0,0,0,1.020267735106785,1.294264522369205,105780.0,0,3,20,device shared by 3 users
T000898,U0030,2026-07-24 10:35:00,916.34,D0596,M055,Bengaluru,0,,10,0,0,0,0.8725672743997799,1.2479469611673686,142080.0,0,1,0,
T007570,U0030,2026-07-25 16:00:00,3168.0,D0887,M002,Bengaluru,1,device_ring,16,0,1,0,11.699353919394081,4.264096033845492,105900.0,0,4,60,new device + amount >3x user avg; device shared by 4 users; amount z-score 11.7
T000880,U0030,2026-07-25 16:52:00,502.29,D0596,M002,Bengaluru,0,,16,0,0,0,-0.644753611568414,0.5887287618499815,3120.0,1,1,0,
T000902,U0030,2026-07-25 17:08:00,1057.97,D0283,M030,Bengaluru,0,,17,0,0,0,0.4097394896573494,1.2626126024577335,960.0,1,3,20,device shared by 3 users
T000890,U0030,2026-07-25 17:48:00,809.78,D0283,M054,Bengaluru,0,,17,0,0,0,-0.07072000136749883,0.9559550921909654,2400.0,2,3,20,device shared by 3 users
T000881,U0030,2026-07-27 17:50:00,915.95,D0596,M002,Bengaluru,0,,17,0,0,0,0.13608707380126853,1.0831984373143937,172920.0,0,1,0,
T000883,U0030,2026-07-28 14:31:00,780.72,D0283,M002,Bengaluru,0,,14,0,0,0,-0.13327246850519284,0.9203310306712355,74460.0,0,3,20,device shared by 3 users
T000884,U0030,2026-07-28 17:37:00,560.68,D0283,M002,Bengaluru,0,,17,0,0,0,-0.5727705295141243,0.6628987394408248,11160.0,0,3,20,device shared by 3 users
T000934,U0031,2026-07-02 07:58:00,3890.23,D0674,M056,Jaipur,0,,7,0,1,1,0.0,1.0,1000000000.0,0,2,0,
T000908,U0031,2026-07-02 22:34:00,2290.59,D0674,M011,Jaipur,0,,22,0,0,1,0.0,1.0,52560.0,0,2,0,
T000915,U0031,2026-07-04 11:05:00,4315.29,D0674,M036,Jaipur,0,,11,0,0,1,0.0,1.0,131460.0,0,2,0,
T000911,U0031,2026-07-04 17:45:00,3556.79,D0674,M010,Jaipur,0,,17,0,0,1,0.06663516782299793,1.0166023409577636,24000.0,0,2,0,
T000924,U0031,2026-07-05 11:35:00,2453.96,D0674,M056,Jaipur,0,,11,0,0,0,-1.402361946921567,0.6984921259815434,64200.0,0,2,0,
T000941,U0031,2026-07-05 15:41:00,1712.46,D0674,M036,Jaipur,0,,15,0,0,0,-1.9924357180635823,0.5187116142868142,14760.0,0,2,0,
T000939,U0031,2026-07-06 09:45:00,2151.26,D0674,M001,Jaipur,0,,9,0,0,1,-0.9433974336034976,0.7084545414290585,65040.0,0,2,0,
T000938,U0031,2026-07-08 23:55:00,1513.33,D0674,M001,Jaipur,0,,23,0,0,0,-1.5142968311258425,0.5200298664230371,223800.0,0,2,0,
T000906,U0031,2026-07-09 15:57:00,3982.56,D0674,M036,Jaipur,0,,15,0,0,0,1.274238406323276,1.4558860819822834,57720.0,0,2,0,
T000937,U0031,2026-07-10 11:20:00,3314.54,D0674,M010,Jaipur,0,,11,0,0,0,0.4393931073363954,1.1532636648766,69780.0,0,2,0,
T000912,U0031,2026-07-10 14:48:00,3428.4,D0674,M011,Jaipur,0,,14,0,0,0,0.5314597946171186,1.174873658871001,12480.0,0,2,0,
T000929,U0031,2026-07-10 18:43:00,4536.07,D0674,M001,Jaipur,0,,18,0,0,0,1.695011599984736,1.5301340926796443,14100.0,0,2,0,
T000917,U0031,2026-07-11 06:01:00,2722.27,D0674,M011,Jaipur,0,,6,0,0,0,-0.377613470046013,0.8794405130704116,40680.0,0,2,0,
T000907,U0031,2026-07-11 11:39:00,3227.95,D0674,M036,Jaipur,0,,11,0,0,0,0.1688490471007968,1.052563788684254,20280.0,0,2,0,
T000910,U0031,2026-07-13 20:11:00,4439.79,D0674,M010,Jaipur,0,,20,0,0,0,1.4784614703967731,1.442303059929593,203520.0,0,2,0,
T000935,U0031,2026-07-14 12:58:00,4260.93,D0674,M056,Jaipur,0,,12,0,0,0,1.1465888715566586,1.3445522488530512,60420.0,0,2,0,
T000928,U0031,2026-07-14 15:40:00,3899.66,D0674,M011,Jaipur,0,,15,0,0,0,0.6905623234639552,1.2046114380246014,9720.0,0,2,0,
T000925,U0031,2026-07-15 20:21:00,1799.96,D0674,M056,Jaipur,0,,20,0,0,0,-1.564656361167867,0.5493980903262893,103260.0,0,2,0,
T000913,U0031,2026-07-16 05:22:00,2454.34,D0674,M010,Jaipur,0,,5,1,0,0,-0.7570684866631348,0.7683680473675992,32460.0,0,2,0,
T000927,U0031,2026-07-18 08:17:00,2486.98,D0674,M001,Jaipur,0,,8,0,0,0,-0.6922002339880613,0.7881955040989612,183300.0,0,2,0,
T000933,U0031,2026-07-18 19:02:00,4243.29,D0674,M036,Jaipur,0,,19,0,0,0,1.1776727488235257,1.35921505926605,38700.0,0,2,0,
T000926,U0031,2026-07-19 10:10:00,2903.67,D0674,M010,Jaipur,0,,10,0,0,0,-0.2830681370443477,0.9144642408374279,54480.0,0,2,0,
T000923,U0031,2026-07-19 12:28:00,4316.46,D0674,M036,Jaipur,0,,12,0,0,0,1.2283051645459673,1.3647057263759488,8280.0,0,2,0,
T000936,U0031,2026-07-19 13:10:00,3158.63,D0674,M011,Jaipur,0,,13,0,0,0,-0.057425941609792926,0.9830544410680068,2520.0,1,2,0,
T000914,U0031,2026-07-19 19:56:00,3768.98,D0674,M056,Jaipur,0,,19,0,0,0,0.6013265499398714,1.173841325437449,24360.0,0,2,0,
T000916,U0031,2026-07-20 13:59:00,3198.21,D0674,M001,Jaipur,0,,13,0,0,0,-0.038127024187147265,0.9891976071188608,64980.0,0,2,0,
T000932,U0031,2026-07-23 09:00:00,3770.42,D0674,M056,Jaipur,0,,9,0,0,0,0.599628465251225,1.1666653175264345,241260.0,0,2,0,
T000919,U0031,2026-07-23 12:54:00,5440.27,D0674,M010,Jaipur,0,,12,0,0,0,2.4664275037387373,1.6730327516221863,14040.0,0,2,0,
T000931,U0031,2026-07-23 14:13:00,1426.13,D0674,M010,Jaipur,0,,14,0,0,0,-1.9803270170041896,0.428279714993949,4740.0,0,2,0,
T000918,U0031,2026-07-24 11:52:00,3357.94,D0674,M010,Jaipur,0,,11,0,0,0,0.09308198865242347,1.0286999980580427,77940.0,0,2,0,
T000930,U0031,2026-07-25 16:31:00,1719.71,D0674,M001,Jaipur,0,,16,0,0,0,-1.5637830520680787,0.5263271187444266,103140.0,0,2,0,
T000942,U0031,2026-07-26 13:19:00,4506.24,D0674,M036,Jaipur,0,,13,0,0,0,1.2744186581360866,1.4005608718312585,74880.0,0,2,0,
T000922,U0031,2026-07-26 14:10:00,4209.81,D0674,M036,Jaipur,0,,14,0,0,0,0.933144590501349,1.2922532001895102,3060.0,1,2,0,
T000920,U0031,2026-07-26 21:19:00,3209.59,D0674,M011,Jaipur,0,,21,0,0,0,-0.07563663097837568,0.9765746127849703,25740.0,0,2,0,
T000940,U0031,2026-07-27 11:09:00,3118.19,D0674,M056,Jaipur,0,,11,0,0,0,-0.16564648449869346,0.9494186760559148,49800.0,0,2,0,
T000909,U0031,2026-07-28 16:10:00,3650.99,D0674,M056,Jaipur,0,,16,0,0,0,0.3756112401579167,1.113253136614974,104460.0,0,2,0,
T000921,U0031,2026-07-29 17:13:00,3130.04,D0674,M056,Jaipur,0,,17,0,0,0,-0.16362167589567647,0.9514129540103861,90180.0,0,2,0,
T000973,U0032,2026-07-02 09:05:00,2431.63,D0017,M015,Chennai,0,,9,0,1,1,0.0,1.0,1000000000.0,0,1,0,
T000964,U0032,2026-07-02 16:12:00,2503.6,D0017,M048,Chennai,0,,16,0,0,1,0.0,1.0,25620.0,0,1,0,
T000950,U0032,2026-07-03 09:03:00,1757.79,D0597,M015,Chennai,0,,9,0,1,0,0.0,1.0,60660.0,0,1,0,
T000974,U0032,2026-07-03 12:24:00,1150.79,D0017,M028,Chennai,0,,12,0,0,1,-3.2158666072510185,0.5158164772333791,12060.0,0,1,0,
T000948,U0032,2026-07-06 19:34:00,2873.05,D0597,M028,Chennai,0,,19,0,0,0,1.655869016828251,1.4651298277418094,285000.0,0,1,0,
T000977,U0032,2026-07-07 09:59:00,2051.07,D0017,M048,Chennai,0,,9,0,0,0,-0.1505608279122435,0.9569360797113445,51900.0,0,1,0,
T000943,U0032,2026-07-07 13:51:00,3695.38,D0017,M059,Chennai,0,,13,0,0,1,2.7954400464057367,1.7365602716791713,13920.0,0,1,0,
T000945,U0032,2026-07-07 16:34:00,890.79,D0017,M015,Chennai,0,,16,0,0,0,-1.9347957345686237,0.378753118136555,9780.0,0,1,0,
T000971,U0032,2026-07-08 08:32:00,3987.98,D0597,M028,Chennai,0,,8,0,0,0,2.125007320613121,1.8384036040643292,57480.0,0,1,0,
T000956,U0032,2026-07-08 10:25:00,2103.57,D0597,M028,Chennai,0,,10,0,0,0,-0.2707943862386667,0.8870798906206089,6780.0,0,1,0,
T000949,U0032,2026-07-09 12:53:00,2963.73,D0597,M015,Chennai,0,,12,0,0,0,0.6576165825050246,1.264085234888312,95280.0,0,1,0,
T000965,U0032,2026-07-11 09:39:00,1746.53,D0017,M048,Chennai,0,,9,0,0,0,-0.714959120333313,0.7274623634480596,161160.0,0,1,0,
T000955,U0032,2026-07-11 15:44:00,2007.76,D0017,M059,Chennai,0,,15,0,0,0,-0.3784149927786272,0.8557038287780988,21900.0,0,1,0,
T000946,U0032,2026-07-13 17:25:00,3038.87,D0017,M028,Chennai,0,,17,0,0,0,0.8313945744844932,1.3096983882589197,178860.0,0,1,0,
T000952,U0032,2026-07-14 19:37:00,3260.75,D0597,M048,Chennai,0,,19,0,0,0,1.0421375236255535,1.374909870773479,94320.0,0,1,0,
T000958,U0032,2026-07-15 09:02:00,2694.51,D0597,M048,Chennai,0,,9,0,0,0,0.3088462668356769,1.1084477013284675,48300.0,0,1,0,
T000954,U0032,2026-07-17 04:38:00,2357.69,D0017,M015,Chennai,0,,4,1,0,0,-0.10817834756040459,0.963359534615996,156960.0,0,1,0,
T000972,U0032,2026-07-18 08:54:00,1854.28,D0597,M048,Chennai,0,,8,0,0,0,-0.7306869264785542,0.7593011665547457,101760.0,0,1,0,
T000967,U0032,2026-07-18 09:09:00,2484.28,D0597,M059,Chennai,0,,9,0,0,0,0.09435020248082272,1.0310647250709615,900.0,1,1,0,
T000944,U0032,2026-07-18 10:19:00,4106.3,D0597,M048,Chennai,0,,10,0,0,0,2.191988474618036,1.7014789308179301,4200.0,0,1,0,
T000951,U0032,2026-07-19 10:02:00,3138.96,D0017,M015,Chennai,0,,10,0,0,0,0.7645463470140921,1.2565804678083397,85380.0,0,1,0,
T000975,U0032,2026-07-19 13:36:00,2902.84,D0597,M048,Chennai,0,,13,0,0,0,0.45127286447815157,1.1480307366685434,12840.0,0,1,0,
T000959,U0032,2026-07-19 14:47:00,1171.03,D0017,M028,Chennai,0,,14,0,0,0,-1.6883807464196752,0.4600298379594237,4260.0,0,1,0,
T000966,U0032,2026-07-21 09:21:00,2660.22,D0017,M048,Chennai,0,,9,0,0,0,0.20664249711003996,1.0701706635066663,153240.0,0,1,0,
T000962,U0032,2026-07-22 17:54:00,2399.56,D0017,M015,Chennai,0,,17,0,0,0,-0.11304701706512214,0.9624965316512194,117180.0,0,1,0,
T000961,U0032,2026-07-23 10:35:00,3145.89,D0017,M028,Chennai,0,,10,0,0,0,0.8100106717358373,1.263755572102084,60060.0,0,1,0,
T000963,U0032,2026-07-23 14:25:00,2339.67,D0597,M028,Chennai,0,,14,0,0,0,-0.2173232645127309,0.9304449370982883,13800.0,0,1,0,
T000957,U0032,2026-07-26 11:06:00,2608.25,D0597,M015,Chennai,0,,11,0,0,0,0.12670947915578532,1.0399333885607924,247260.0,0,1,0,
T000969,U0032,2026-07-26 13:25:00,3041.01,D0017,M028,Chennai,0,,13,0,0,0,0.6817675397775237,1.2107520360468558,8340.0,0,1,0,
T000968,U0032,2026-07-26 17:52:00,2842.56,D0017,M015,Chennai,0,,17,0,0,0,0.40654519620183005,1.1235754982284636,16020.0,0,1,0,
T000947,U0032,2026-07-28 13:34:00,1674.5,D0597,M059,Chennai,0,,13,0,0,0,-1.142030362811188,0.6591625228312212,157320.0,0,1,0,
T000970,U0032,2026-07-29 14:46:00,2761.39,D0597,M028,Chennai,0,,14,0,0,0,0.32701385940220207,1.099098232286642,90720.0,0,1,0,
T000976,U0032,2026-07-29 18:41:00,2887.05,D0017,M048,Chennai,0,,18,0,0,0,0.4887350773956273,1.1455662585013817,14100.0,0,1,0,
T000953,U0032,2026-07-30 11:36:00,1665.04,D0597,M059,Chennai,0,,11,0,0,0,-1.1677465945688987,0.6577775944904034,60900.0,0,1,0,
T000960,U0032,2026-07-30 12:26:00,2608.98,D0597,M059,Chennai,0,,12,0,0,0,0.13838688677215913,1.0411627830760097,3000.0,1,1,0,
T000991,U0033,2026-07-02 16:40:00,424.14,D0677,M026,Lucknow,0,,16,0,1,1,0.0,1.0,1000000000.0,0,1,0,
T000978,U0033,2026-07-02 17:40:00,794.23,D0677,M060,Lucknow,0,,17,0,0,1,0.0,1.0,3600.0,1,1,0,
T001000,U0033,2026-07-03 11:30:00,1380.1,D0677,M060,Lucknow,0,,11,0,0,0,0.0,1.0,64200.0,0,1,0,
T007587,U0033,2026-07-03 11:53:00,2750.49,D0677,M023,Lucknow,1,zero_day_drain,11,0,0,1,4.7878080091299395,3.1755109700991224,1380.0,1,1,15,amount z-score 4.8
T000984,U0033,2026-07-03 11:56:00,1835.0,D0677,M022,Lucknow,0,,11,0,0,1,0.562905869056854,1.3722293669257357,180.0,2,1,0,
T000992,U0033,2026-07-03 20:51:00,370.27,D0677,M022,Lucknow,0,,20,0,0,0,-1.3076691385438577,0.2577060560904389,32100.0,0,1,0,
T000980,U0033,2026-07-09 15:35:00,911.93,D0677,M060,Lucknow,0,,15,0,0,0,-0.4112748905127536,0.724306778540521,499440.0,0,1,0,
T000997,U0033,2026-07-12 15:47:00,1176.33,D0677,M060,Lucknow,0,,15,0,0,0,-0.041885614016987656,0.9726145021109567,259920.0,0,1,0,
T000987,U0033,2026-07-15 07:01:00,1740.42,D0543,M007,Lucknow,0,,7,0,1,1,0.7233462541085908,1.4439589762030687,227640.0,0,1,0,
T007588,U0033,2026-07-15 21:02:00,2621.09,D0677,M035,Lucknow,1,zero_day_drain,21,0,0,1,1.8904815590746193,2.0723883419396714,50460.0,0,1,0,
T000998,U0033,2026-07-17 13:20:00,1439.73,D0677,M060,Lucknow,0,,13,0,0,0,0.04959747972029077,1.0280848321707476,145080.0,0,1,0,
T000996,U0033,2026-07-19 14:36:00,1321.04,D0677,M054,Lucknow,0,,14,0,0,1,-0.10967904974624317,0.9409281300339872,177360.0,0,1,0,
T000989,U0033,2026-07-19 20:49:00,1616.55,D0677,M022,Lucknow,0,,20,0,0,0,0.3030167615265093,1.1571050474366624,22380.0,0,1,0,
T000983,U0033,2026-07-20 14:18:00,1417.01,D0677,M054,Lucknow,0,,14,0,0,0,0.004384920401103854,1.0021657849910586,62940.0,0,1,0,
T000995,U0033,2026-07-21 13:10:00,1075.48,D0543,M022,Lucknow,0,,13,0,0,0,-0.5032719513487963,0.7605045470680071,82320.0,0,1,0,
T000982,U0033,2026-07-21 15:10:00,679.83,D0543,M022,Lucknow,0,,15,0,0,0,-1.0856315717778162,0.4885284474981843,7200.0,0,1,0,
T000986,U0033,2026-07-23 15:19:00,1297.83,D0677,M060,Lucknow,0,,15,0,0,0,-0.07490928186240495,0.963423346802917,173340.0,0,1,0,
T001001,U0033,2026-07-24 17:25:00,2024.35,D0543,M007,Lucknow,0,,17,0,0,0,1.0656777866379652,1.5059840778032338,93960.0,0,1,0,
T000994,U0033,2026-07-25 08:59:00,1473.05,D0543,M022,Lucknow,0,,8,0,0,0,0.14238941434768368,1.0658904904768554,56040.0,0,1,0,
T000999,U0033,2026-07-25 15:20:00,1087.54,D0677,M060,Lucknow,0,,15,0,0,0,-0.48048792555028913,0.7842180702663855,22860.0,0,1,0,
T000993,U0033,2026-07-26 10:05:00,1235.83,D0677,M026,Lucknow,0,,10,0,0,0,-0.22274784635648345,0.900868589658145,67500.0,0,1,0,
T000990,U0033,2026-07-27 04:58:00,1707.21,D0677,M007,Lucknow,0,,4,1,0,0,0.5731154122690303,1.250387481889865,67980.0,0,1,0,
T007589,U0033,2026-07-27 09:49:00,2595.35,D0677,M034,Lucknow,1,zero_day_drain,9,0,0,1,2.0685027808659995,1.8794843211003276,17460.0,0,1,0,
T000981,U0033,2026-07-27 12:29:00,1788.71,D0677,M026,Lucknow,0,,12,0,0,0,0.5677170720637142,1.247629400976034,9600.0,0,1,0,
T000979,U0033,2026-07-27 14:59:00,1384.47,D0543,M007,Lucknow,0,,14,0,0,0,-0.10386408299059062,0.9558091221818675,9000.0,0,1,0,
T000988,U0033,2026-07-28 00:41:00,2034.05,D0543,M026,Lucknow,0,,0,1,0,0,0.9737893423585152,1.4067521882227219,34920.0,0,1,0,
T000985,U0033,2026-07-30 12:45:00,1173.26,D0543,M007,Lucknow,0,,12,0,0,0,-0.4897365227367433,0.7989297577742152,216240.0,0,1,0,
T001022,U0034,2026-07-04 10:57:00,1569.17,D0213,M041,Chennai,0,,10,0,1,1,0.0,1.0,1000000000.0,0,1,0,
T001017,U0034,2026-07-04 15:04:00,545.11,D0213,M007,Chennai,0,,15,0,0,1,0.0,1.0,14820.0,0,1,0,
T001024,U0034,2026-07-05 16:50:00,1146.29,D0213,M007,Chennai,0,,16,0,0,0,0.0,1.0,92760.0,0,1,0,
T001003,U0034,2026-07-06 19:29:00,994.03,D0213,M007,Chennai,0,,19,0,0,0,-0.22092239611531223,0.9145916196420333,95940.0,0,1,0,
T001016,U0034,2026-07-07 14:11:00,1277.86,D0213,M047,Chennai,0,,14,0,0,1,0.5851168064184528,1.2013914340230416,67320.0,0,1,0,
T001021,U0034,2026-07-08 15:44:00,2014.48,D0213,M004,Chennai,0,,15,0,0,1,2.6826023804576007,1.8206005991723386,91980.0,0,1,0,
T001014,U0034,2026-07-09 07:38:00,1172.77,D0213,M047,Chennai,0,,7,0,0,0,-0.18561231163057598,0.9323805402462078,57240.0,0,1,0,
T001019,U0034,2026-07-09 16:12:00,1888.45,D0213,M007,Chennai,0,,16,0,0,0,1.5114129786927808,1.5160079852871187,30840.0,0,1,0,
T001015,U0034,2026-07-10 08:28:00,1464.62,D0213,M004,Chennai,0,,8,0,0,0,0.3072826857938171,1.1045233095243485,58560.0,0,1,0,
T001009,U0034,2026-07-14 14:42:00,1887.8,D0213,M055,Chennai,0,,14,0,0,1,1.278143461775201,1.4073146356791202,368040.0,0,1,0,
T001002,U0034,2026-07-16 10:41:00,569.34,D0213,M046,Chennai,0,,10,0,0,1,-1.8900049322434591,0.4078197321258718,158340.0,0,1,0,
T001007,U0034,2026-07-16 18:04:00,1458.53,D0213,M007,Chennai,0,,18,0,0,0,0.28671093183935453,1.1041925893503806,26580.0,0,1,0,
T001013,U0034,2026-07-17 14:28:00,1524.95,D0213,M047,Chennai,0,,14,0,0,0,0.4175976242155193,1.144538713025061,73440.0,0,1,0,
T001018,U0034,2026-07-17 17:36:00,2022.19,D0213,M055,Chennai,0,,17,0,0,0,1.5133642186723741,1.501048910005274,11280.0,0,1,0,
T001028,U0034,2026-07-18 15:06:00,1507.42,D0213,M047,Chennai,0,,15,0,0,0,0.24161659692883666,1.0802786086765797,77400.0,0,1,0,
T001006,U0034,2026-07-19 11:32:00,512.03,D0213,M055,Chennai,0,,11,0,0,0,-1.9850203813655587,0.36498818346449385,73560.0,0,1,0,
T001012,U0034,2026-07-19 15:49:00,1525.44,D0213,M041,Chennai,0,,15,0,0,0,0.36745532402655734,1.13231244209628,15420.0,0,1,0,
T001027,U0034,2026-07-19 16:46:00,2011.08,D0213,M046,Chennai,0,,16,0,0,0,1.3829416058051582,1.481267286244413,3420.0,1,1,0,
T001005,U0034,2026-07-21 16:49:00,1574.31,D0213,M053,Chennai,0,,16,0,0,1,0.3734092922004257,1.129367005466037,172980.0,0,1,0,
T001020,U0034,2026-07-22 07:57:00,1075.17,D0213,M053,Chennai,0,,7,0,0,0,-0.6958665129625403,0.7660815111393122,54480.0,0,1,0,
T001004,U0034,2026-07-22 12:14:00,1311.87,D0213,M053,Chennai,0,,12,0,0,0,-0.16155353976547737,0.9457972729603522,15420.0,0,1,0,
T001010,U0034,2026-07-22 15:06:00,2751.09,D0213,M004,Chennai,0,,15,0,0,0,3.0094863696226812,1.9885405612808027,10320.0,0,1,15,amount z-score 3.0
T001025,U0034,2026-07-25 12:42:00,1201.33,D0213,M046,Chennai,0,,12,0,0,0,-0.4631221435571011,0.8310042756168375,250560.0,0,1,0,
T001026,U0034,2026-07-25 13:27:00,1524.01,D0213,M046,Chennai,0,,13,0,0,0,0.1716985204917668,1.0620172552606988,2700.0,1,1,0,
T001023,U0034,2026-07-26 13:41:00,20.0,D0213,M004,Chennai,0,,13,0,0,0,-2.7942827724014894,0.013901221386402714,87240.0,0,1,0,
T001011,U0034,2026-07-26 13:57:00,1213.76,D0213,M007,Chennai,0,,13,0,0,0,-0.295174206526264,0.8782801633270851,960.0,1,1,0,
T001008,U0034,2026-07-29 14:19:00,1961.62,D0213,M007,Chennai,0,,14,0,0,0,1.0471073323381845,1.4261101516065757,260520.0,0,1,0,
T001047,U0035,2026-07-01 13:39:00,581.05,D0823,M059,Lucknow,0,,13,0,1,1,0.0,1.0,1000000000.0,0,2,0,
T001042,U0035,2026-07-05 06:09:00,665.61,D0823,M034,Lucknow,0,,6,0,0,1,0.0,1.0,318600.0,0,2,0,
T001031,U0035,2026-07-05 16:44:00,338.69,D0823,M009,Lucknow,0,,16,0,0,1,0.0,1.0,38100.0,0,2,0,
T001032,U0035,2026-07-06 19:43:00,502.41,D0823,M017,Lucknow,0,,19,0,0,1,-0.1879463016135711,0.9507238131313772,97140.0,0,2,0,
T001043,U0035,2026-07-07 12:14:00,403.71,D0823,M034,Lucknow,0,,12,0,0,0,-0.981026326701971,0.7734797088295979,59460.0,0,2,0,
T001046,U0035,2026-07-07 13:21:00,396.11,D0823,M034,Lucknow,0,,13,0,0,0,-0.8680902228119142,0.7949323074431314,4020.0,0,2,0,
T001039,U0035,2026-07-08 17:27:00,425.58,D0823,M009,Lucknow,0,,17,0,0,0,-0.48843456929520457,0.884297576065153,101160.0,0,2,0,
T001033,U0035,2026-07-08 18:02:00,324.55,D0823,M017,Lucknow,0,,18,0,0,0,-1.3859872750429043,0.6857048845211418,2100.0,1,2,0,
T001034,U0035,2026-07-10 23:13:00,362.46,D0823,M009,Lucknow,0,,23,0,0,0,-0.8251356928787377,0.7971168657268076,191460.0,0,2,0,
T001041,U0035,2026-07-13 08:40:00,522.98,D0823,M010,Lucknow,0,,8,0,0,1,0.71819767261309,1.1766549895154719,206820.0,0,2,0,
T001040,U0035,2026-07-13 12:48:00,557.01,D0823,M009,Lucknow,0,,12,0,0,0,0.9843861708232549,1.231464795040039,14880.0,0,2,0,
T001050,U0035,2026-07-15 16:28:00,350.99,D0823,M028,Lucknow,0,,16,0,0,1,-1.0478767977889611,0.7599937780778694,186000.0,0,2,0,
T001029,U0035,2026-07-17 11:35:00,449.05,D0823,M017,Lucknow,0,,11,0,0,0,-0.033512203971159046,0.9921655612704517,155220.0,0,2,0,
T001035,U0035,2026-07-18 12:23:00,254.76,D0823,M059,Lucknow,0,,12,0,0,0,-1.9433577122271384,0.5632257393758827,89280.0,0,2,0,
T001049,U0035,2026-07-18 13:02:00,673.23,D0823,M033,Lucknow,0,,13,0,0,1,2.129024596488508,1.5363131916901847,2340.0,1,2,0,
T001044,U0035,2026-07-19 14:17:00,356.24,D0823,M034,Lucknow,0,,14,0,0,0,-0.8023223577976195,0.7848782111290705,90900.0,0,2,0,
T001036,U0035,2026-07-21 18:47:00,431.83,D0823,M059,Lucknow,0,,18,0,0,0,-0.1326932454669515,0.9643865575586354,189000.0,0,2,0,
T001038,U0035,2026-07-21 21:46:00,597.18,D0823,M028,Lucknow,0,,21,0,0,0,1.28881579347845,1.3364550419917516,10740.0,0,2,0,
T001045,U0035,2026-07-23 06:32:00,658.82,D0823,M028,Lucknow,0,,6,0,0,0,1.7186879392442427,1.44734811922071,117960.0,0,2,0,
T001048,U0035,2026-07-25 16:37:00,749.32,D0823,M028,Lucknow,0,,16,0,0,0,2.286319134863242,1.6082988942306622,209100.0,0,2,0,
T001030,U0035,2026-07-27 09:31:00,487.77,D0823,M009,Lucknow,0,,9,0,0,0,0.056678750485777696,1.0160202778792233,147240.0,0,2,0,
T001037,U0035,2026-07-27 13:02:00,399.59,D0823,M009,Lucknow,0,,13,0,0,0,-0.6105300579437791,0.8317076900428807,12660.0,0,2,0,
T001075,U0036,2026-07-01 16:39:00,1658.2,D0532,M039,Pune,0,,16,0,1,1,0.0,1.0,1000000000.0,0,1,0,
T001078,U0036,2026-07-02 04:36:00,4288.66,D0532,M023,Pune,0,,4,1,0,1,0.0,1.0,43020.0,0,1,0,
T001072,U0036,2026-07-03 14:03:00,4087.73,D0532,M039,Pune,0,,14,0,0,0,0.0,1.0,120420.0,0,1,0,
T007541,U0036,2026-07-04 01:45:00,40813.3,D0728,M040,Kolkata,1,account_takeover,1,1,1,1,31.34204739921136,12.201784025395623,42120.0,0,1,60,new device + amount >3x user avg; odd hour + new device; amount z-score 31.3
T001057,U0036,2026-07-05 11:30:00,4847.41,D0532,M023,Pune,0,,11,0,0,0,-0.4837555226364131,0.3813263440916564,121500.0,0,1,0,
T001056,U0036,2026-07-06 08:37:00,4789.88,D0532,M020,Pune,0,,8,0,0,1,-0.42676751283466774,0.4300075589475227,76020.0,0,1,0,
T001071,U0036,2026-07-07 10:35:00,4530.59,D0532,M039,Pune,0,,10,0,0,0,-0.4026106392557467,0.4494248012042529,93480.0,0,1,0,
T001067,U0036,2026-07-07 14:21:00,3263.82,D0532,M039,Pune,0,,14,0,0,0,-0.46662587079152473,0.3514030518678803,13560.0,0,1,0,
T001063,U0036,2026-07-09 20:49:00,3997.9,D0532,M049,Pune,0,,20,0,0,1,-0.3706905071183011,0.46841523208110464,196080.0,0,1,0,
T001077,U0036,2026-07-11 17:41:00,4715.44,D0532,M039,Pune,0,,17,0,0,0,-0.2851404681533406,0.587167041837168,161520.0,0,1,0,
T001061,U0036,2026-07-12 20:15:00,3145.92,D0532,M039,Pune,0,,20,0,0,0,-0.4111284570644614,0.40859855568445064,95640.0,0,1,0,
T001065,U0036,2026-07-12 20:19:00,3512.7,D0532,M046,Pune,0,,20,0,0,1,-0.3545486605722174,0.4821594020215693,240.0,1,1,0,
T001058,U0036,2026-07-14 12:58:00,3387.65,D0532,M023,Pune,0,,12,0,0,0,-0.34990119527030233,0.48596589058025114,146340.0,0,1,0,
T001053,U0036,2026-07-14 15:30:00,1458.41,D0532,M039,Pune,0,,15,0,0,0,-0.5297630818199227,0.21782518677984486,9120.0,0,1,0,
T001054,U0036,2026-07-19 19:39:00,4005.4,D0532,M039,Pune,0,,19,0,0,0,-0.24071359131340786,0.6336397106218918,446940.0,0,1,0,
T001069,U0036,2026-07-20 15:16:00,3156.44,D0532,M039,Pune,0,,15,0,0,0,-0.3232669289949283,0.5118384795513403,70620.0,0,1,0,
T001068,U0036,2026-07-20 15:34:00,3519.52,D0532,M023,Pune,0,,15,0,0,0,-0.2718484846150677,0.5886749295608661,1080.0,1,1,0,
T001076,U0036,2026-07-21 02:48:00,4927.58,D0532,M020,Pune,0,,2,1,0,0,-0.10306547266244422,0.8446232097958003,40440.0,0,1,0,
T001066,U0036,2026-07-22 16:25:00,5099.06,D0532,M023,Pune,0,,16,0,0,0,-0.0800756682579874,0.8816263720594978,135420.0,0,1,0,
T001060,U0036,2026-07-22 17:07:00,3165.73,D0532,M049,Pune,0,,17,0,0,0,-0.31020759416912264,0.5507855318928676,2520.0,1,1,0,
T001064,U0036,2026-07-24 12:00:00,3253.46,D0532,M020,Pune,0,,12,0,0,0,-0.2908399410799609,0.5790551219592014,154380.0,0,1,0,
T001073,U0036,2026-07-25 13:42:00,1536.7,D0532,M023,Pune,0,,13,0,0,0,-0.49915182702168637,0.27909842866010515,92520.0,0,1,0,
T001070,U0036,2026-07-25 23:19:00,1995.26,D0532,M023,Pune,0,,23,0,0,0,-0.426245479824952,0.37465993514727514,34620.0,0,1,0,
T001055,U0036,2026-07-26 14:58:00,3663.49,D0532,M023,Pune,0,,14,0,0,0,-0.1977785523534719,0.7071379750820332,56340.0,0,1,0,
T001074,U0036,2026-07-27 09:04:00,4371.63,D0532,M039,Pune,0,,9,0,0,0,-0.09923904172963231,0.8542493601787816,65160.0,0,1,0,
T001059,U0036,2026-07-27 17:06:00,3893.62,D0532,M020,Pune,0,,17,0,0,0,-0.16211254350780002,0.7653043573290006,28920.0,0,1,0,
T001062,U0036,2026-07-28 14:59:00,3187.59,D0532,M039,Pune,0,,14,0,0,0,-0.2565882200610491,0.6322388058447486,78780.0,0,1,0,
T001051,U0036,2026-07-28 17:05:00,4821.63,D0532,M046,Pune,0,,17,0,0,0,-0.02133131870908801,0.9695465411112699,7560.0,0,1,0,
T001052,U0036,2026-07-29 18:48:00,4904.53,D0532,M049,Pune,0,,18,0,0,0,-0.009056162724384554,0.987290099669893,92580.0,0,1,0,
T001086,U0037,2026-07-02 11:07:00,937.14,D0444,M052,Hyderabad,0,,11,0,1,1,0.0,1.0,1000000000.0,0,1,0,
T001092,U0037,2026-07-03 14:15:00,1985.16,D0444,M014,Hyderabad,0,,14,0,0,1,0.0,1.0,97680.0,0,1,0,
T001091,U0037,2026-07-05 08:26:00,1984.37,D0444,M052,Hyderabad,0,,8,0,0,0,0.0,1.0,151860.0,0,1,0,
T001080,U0037,2026-07-05 10:44:00,907.34,D0444,M060,Hyderabad,0,,10,0,0,1,-1.474554823508779,0.5547591336559667,8280.0,0,1,0,
T001097,U0037,2026-07-05 18:41:00,866.85,D0444,M060,Hyderabad,0,,18,0,0,0,-1.1040438325680144,0.5963870027080194,28620.0,0,1,0,
T001104,U0037,2026-07-06 17:01:00,1800.31,D0444,M052,Hyderabad,0,,17,0,0,0,0.8756595575343882,1.3473639611162602,80400.0,0,1,0,
T001090,U0037,2026-07-08 17:39:00,1637.97,D0444,M060,Hyderabad,0,,17,0,0,0,0.4367841609432207,1.1587811579118579,175080.0,0,1,0,
T001081,U0037,2026-07-09 12:50:00,936.75,D0444,M060,Hyderabad,0,,12,0,0,0,-1.0553105043605129,0.6480046718855523,69060.0,0,1,0,
T001089,U0037,2026-07-10 14:43:00,1520.83,D0444,M052,Hyderabad,0,,14,0,0,0,0.28841524042946004,1.1004668092027203,93180.0,0,1,0,
T001102,U0037,2026-07-11 19:59:00,1645.87,D0444,M014,Hyderabad,0,,19,0,0,0,0.5449052604319785,1.1777975489157604,105360.0,0,1,0,
T001093,U0037,2026-07-12 17:46:00,2230.94,D0444,M052,Hyderabad,0,,17,0,0,0,1.8423520621812859,1.5685891236627159,78420.0,0,1,0,
T001079,U0037,2026-07-13 15:03:00,1707.0,D0444,M014,Hyderabad,0,,15,0,0,0,0.4412022983645354,1.1412140730558515,76620.0,0,1,0,
T001096,U0037,2026-07-14 17:16:00,1281.37,D0444,M060,Hyderabad,0,,17,0,0,0,-0.5021060693739934,0.8466955529293282,94380.0,0,1,0,
T001088,U0037,2026-07-17 04:06:00,1736.25,D0444,M060,Hyderabad,0,,4,1,0,0,0.5370496508307441,1.160959061866769,211800.0,0,1,0,
T001098,U0037,2026-07-18 13:50:00,740.06,D0444,M014,Hyderabad,0,,13,0,0,0,-1.7707575903441426,0.48922309045647877,121440.0,0,1,0,
T001083,U0037,2026-07-19 13:05:00,1918.13,D0444,M060,Hyderabad,0,,13,0,0,0,0.9857475929116715,1.3126961544902416,83700.0,0,1,0,
T001085,U0037,2026-07-21 19:07:00,1842.56,D0444,M060,Hyderabad,0,,19,0,0,0,0.7632306245356051,1.2368073278116978,194520.0,0,1,0,
T001094,U0037,2026-07-22 16:17:00,924.49,D0444,M052,Hyderabad,0,,16,0,0,0,-1.2850259051254511,0.6120328358923256,76200.0,0,1,0,
T001099,U0037,2026-07-23 08:27:00,2235.36,D0444,M014,Hyderabad,0,,8,0,0,0,1.6355495635928727,1.5124568700746701,58200.0,0,1,0,
T001101,U0037,2026-07-24 05:25:00,2063.45,D0444,M014,Hyderabad,0,,5,1,0,0,1.1333671038645552,1.359474664268388,75480.0,0,1,0,
T001084,U0037,2026-07-29 15:04:00,1711.44,D0444,M052,Hyderabad,0,,15,0,0,0,0.34361437663110483,1.1076492928609294,466740.0,0,1,0,
T001095,U0037,2026-07-29 15:16:00,783.44,D0444,M014,Hyderabad,0,,15,0,0,0,-1.6245668946043939,0.5044588702581608,720.0,1,1,0,
T001103,U0037,2026-07-30 12:31:00,2190.42,D0444,M052,Hyderabad,0,,12,0,0,0,1.3727340497143679,1.442917763117488,76500.0,0,1,0,
T001082,U0037,2026-07-30 13:02:00,2626.8,D0444,M014,Hyderabad,0,,13,0,0,0,2.1665067876345177,1.6976859841504242,1860.0,1,1,0,
T001100,U0037,2026-07-30 15:33:00,1425.55,D0444,M014,Hyderabad,0,,15,0,0,0,-0.3125735540728959,0.8952983563355298,9060.0,0,1,0,
T001087,U0037,2026-07-30 19:03:00,1707.11,D0444,M052,Hyderabad,0,,19,0,0,0,0.23207851589035064,1.0766375244377577,12600.0,0,1,0,
T001140,U0038,2026-07-01 12:30:00,5295.59,D0045,M032,Hyderabad,0,,12,0,1,1,0.0,1.0,1000000000.0,0,1,0,
T001129,U0038,2026-07-02 08:39:00,3965.37,D0045,M055,Hyderabad,0,,8,0,0,1,0.0,1.0,72540.0,0,1,0,
T001138,U0038,2026-07-03 07:20:00,2964.01,D0045,M055,Hyderabad,0,,7,0,0,0,0.0,1.0,81660.0,0,1,0,
T001128,U0038,2026-07-03 17:13:00,3070.7,D0045,M055,Hyderabad,0,,17,0,0,0,-1.0515967169969431,0.7535478612822245,35580.0,0,1,0,
T001115,U0038,2026-07-04 22:09:00,5813.82,D0045,M055,Hyderabad,0,,22,0,0,0,2.129545767920889,1.5203832191671545,104160.0,0,1,0,
T001109,U0038,2026-07-05 09:23:00,4687.97,D0045,M022,Hyderabad,0,,9,0,0,1,0.40382076423007063,1.1103939505145806,40440.0,0,1,0,
T001113,U0038,2026-07-06 10:24:00,1806.1,D0045,M022,Hyderabad,0,,10,0,0,0,-2.3351167411097635,0.42006461091439273,90060.0,0,1,0,
T001122,U0038,2026-07-06 11:49:00,2720.65,D0045,M055,Hyderabad,0,,11,0,0,0,-0.9272956245273007,0.6899309362694698,5100.0,0,1,0,
T001132,U0038,2026-07-06 13:33:00,2130.02,D0045,M055,Hyderabad,0,,13,0,0,0,-1.2792644983032306,0.5619325283496105,6240.0,0,1,0,
T001130,U0038,2026-07-06 15:44:00,3134.1,D0045,M032,Hyderabad,0,,15,0,0,0,-0.354724440236559,0.8691286156589709,7860.0,0,1,0,
T001120,U0038,2026-07-06 15:47:00,4588.28,D0045,M055,Hyderabad,0,,15,0,0,0,0.8105597799843612,1.2892653290308185,180.0,1,1,0,
T001131,U0038,2026-07-09 14:27:00,1642.58,D0045,M055,Hyderabad,0,,14,0,0,0,-1.6122838374732902,0.4497238566183916,254400.0,0,1,0,
T001114,U0038,2026-07-09 15:33:00,3477.95,D0045,M022,Hyderabad,0,,15,0,0,0,-0.005304050804843028,0.9979963741053818,3960.0,0,1,0,
T001112,U0038,2026-07-09 16:09:00,4235.66,D0045,M022,Hyderabad,0,,16,0,0,0,0.593977847428618,1.2156083139950358,2160.0,1,1,0,
T001133,U0038,2026-07-11 13:30:00,5367.17,D0045,M032,Hyderabad,0,,13,0,0,0,1.4821962597823293,1.516982282018425,163260.0,0,1,0,
T001123,U0038,2026-07-11 15:34:00,3073.21,D0045,M032,Hyderabad,0,,15,0,0,0,-0.4596724970271493,0.8396753219975325,7440.0,0,1,0,
T001107,U0038,2026-07-13 11:36:00,1966.09,D0045,M055,Hyderabad,0,,11,0,0,0,-1.332037689343452,0.5426205702588346,158520.0,0,1,0,
T001136,U0038,2026-07-14 19:57:00,2623.89,D0045,M022,Hyderabad,0,,19,0,0,0,-0.7110852900829853,0.7441887428283459,116460.0,0,1,0,
T001116,U0038,2026-07-15 10:26:00,774.9,D0045,M032,Hyderabad,0,,10,0,0,0,-2.160891223039572,0.2229458997273631,52140.0,0,1,0,
T001119,U0038,2026-07-17 14:01:00,2987.0,D0045,M055,Hyderabad,0,,14,0,0,0,-0.2552494825733002,0.8960331273641057,185700.0,0,1,0,
T001105,U0038,2026-07-19 08:02:00,3313.04,D0045,M032,Hyderabad,0,,8,0,0,0,-0.0024238259199678147,0.999031135139861,151260.0,0,1,0,
T001118,U0038,2026-07-19 16:25:00,5529.84,D0045,M022,Hyderabad,0,,16,0,0,0,1.7112438527712468,1.6675733537385566,30180.0,0,1,0,
T001137,U0038,2026-07-22 09:04:00,5472.35,D0045,M032,Hyderabad,0,,9,0,0,0,1.5279019811160008,1.601636282233676,232740.0,0,1,0,
T001126,U0038,2026-07-22 19:27:00,1828.03,D0045,M055,Hyderabad,0,,19,0,0,0,-1.2151277189569696,0.5213856496300812,37380.0,0,1,0,
T001111,U0038,2026-07-23 14:37:00,5329.47,D0045,M022,Hyderabad,0,,14,0,0,0,1.3592716171077468,1.5509868512269478,69000.0,0,1,0,
T001135,U0038,2026-07-24 12:56:00,2581.4,D0045,M022,Hyderabad,0,,12,0,0,0,-0.6579492498722571,0.7350412804425256,80340.0,0,1,0,
T001117,U0038,2026-07-25 09:26:00,1758.29,D0045,M022,Hyderabad,0,,9,0,0,0,-1.2285205576543599,0.5058193151194285,73800.0,0,1,0,
T001127,U0038,2026-07-25 12:10:00,5750.64,D0045,M055,Hyderabad,0,,12,0,0,0,1.6582740732468408,1.6851695960699213,9840.0,0,1,0,
T001124,U0038,2026-07-25 19:06:00,2529.82,D0045,M055,Hyderabad,0,,19,0,0,0,-0.6658863583645939,0.7236318358115195,24960.0,0,1,0,
T001139,U0038,2026-07-26 17:53:00,2629.89,D0045,M055,Hyderabad,0,,17,0,0,0,-0.5797017004635905,0.7594938710948927,82020.0,0,1,0,
T001134,U0038,2026-07-26 21:54:00,3332.94,D0045,M055,Hyderabad,0,,21,0,0,0,-0.07180513174813999,0.9703086418306017,14460.0,0,1,0,
T001106,U0038,2026-07-27 11:11:00,4367.53,D0045,M055,Hyderabad,0,,11,0,0,0,0.6697578128754618,1.2727246659386422,47820.0,0,1,0,
T001125,U0038,2026-07-27 13:39:00,2553.31,D0045,M055,Hyderabad,0,,13,0,0,0,-0.6553080036204758,0.7377622950094187,8880.0,0,1,0,
T001110,U0038,2026-07-28 10:01:00,3567.92,D0045,M022,Hyderabad,0,,10,0,0,0,0.09801268738842549,1.0391852328109628,73320.0,0,1,0,
T001121,U0038,2026-07-29 10:21:00,3331.59,D0045,M022,Hyderabad,0,,10,0,0,0,-0.07818719217040364,0.9692351801795217,87600.0,0,1,0,
T001108,U0038,2026-07-29 13:59:00,4147.11,D0045,M055,Hyderabad,0,,13,0,0,0,0.5346609858340295,1.207549896022065,13080.0,0,1,0,
T001161,U0039,2026-07-02 13:45:00,2991.79,D0364,M038,Pune,0,,13,0,1,1,0.0,1.0,1000000000.0,0,1,0,
T001167,U0039,2026-07-03 09:26:00,3196.04,D0364,M058,Pune,0,,9,0,0,1,0.0,1.0,70860.0,0,1,0,
T001163,U0039,2026-07-04 12:00:00,4548.4,D0364,M038,Pune,0,,12,0,0,0,0.0,1.0,95640.0,0,1,0,
T001165,U0039,2026-07-04 14:12:00,2884.2,D0364,M047,Pune,0,,14,0,0,1,-1.005560664660967,0.8059253571861095,7920.0,0,1,0,
T001151,U0039,2026-07-04 19:30:00,2256.31,D0364,M038,Pune,0,,19,0,0,0,-1.7158644484012684,0.6626251885843177,19080.0,0,1,0,
T001157,U0039,2026-07-05 12:52:00,3205.13,D0364,M058,Pune,0,,12,0,0,0,0.03945558879561535,1.0093791291507643,62520.0,0,1,0,
T001158,U0039,2026-07-06 14:31:00,3148.85,D0364,M054,Pune,0,,14,0,0,1,-0.045653143288634825,0.9901073633799705,92340.0,0,1,0,
T001144,U0039,2026-07-08 15:04:00,3220.33,D0364,M015,Pune,0,,15,0,0,1,0.06975625884601706,1.0140161898895712,174780.0,0,1,0,
T001146,U0039,2026-07-13 06:27:00,4306.87,D0364,M054,Pune,0,,6,0,0,0,1.884962884281652,1.353773615987152,400980.0,0,1,0,
T001169,U0039,2026-07-13 11:46:00,3239.71,D0364,M054,Pune,0,,11,0,0,0,-0.1003635750743345,0.9798194897755497,19140.0,0,1,0,
T001149,U0039,2026-07-13 13:43:00,2674.7,D0364,M038,Pune,0,,13,0,0,0,-0.990530477611202,0.8105733651748402,7020.0,0,1,0,
T001145,U0039,2026-07-14 09:28:00,3222.88,D0364,M054,Pune,0,,9,0,0,0,-0.03194469298096793,0.9938145332549917,71100.0,0,1,0,
T001148,U0039,2026-07-14 13:52:00,4134.54,D0364,M058,Pune,0,,13,0,0,0,1.4857551739950379,1.2755935752678256,15840.0,0,1,0,
T001166,U0039,2026-07-14 18:31:00,3426.7,D0364,M047,Pune,0,,18,0,0,0,0.1868228406254919,1.0352628120437972,16740.0,0,1,0,
T001147,U0039,2026-07-16 14:52:00,3255.77,D0364,M049,Pune,0,,14,0,0,1,-0.10376518038051868,0.9811507333484132,159660.0,0,1,0,
T001162,U0039,2026-07-17 09:52:00,4447.37,D0364,M054,Pune,0,,9,0,0,0,1.9452705107814197,1.3419346386033653,68400.0,0,1,0,
T001154,U0039,2026-07-17 11:18:00,4289.28,D0364,M015,Pune,0,,11,0,0,0,1.4417723435922427,1.267152871351603,5160.0,0,1,0,
T001160,U0039,2026-07-19 17:11:00,5196.37,D0364,M038,Pune,0,,17,0,0,0,2.7274982448289973,1.5113772083926789,193980.0,0,1,0,
T001141,U0039,2026-07-20 03:36:00,3107.9,D0364,M006,Pune,0,,3,1,0,1,-0.5746209852573451,0.878969110402892,37500.0,0,1,0,
T001152,U0039,2026-07-20 13:25:00,1366.06,D0364,M038,Pune,0,,13,0,0,0,-2.9368137326438513,0.38882275788992654,35340.0,0,1,0,
T001168,U0039,2026-07-21 10:37:00,3713.7,D0364,M047,Pune,0,,10,0,0,0,0.3609578369685751,1.0903533802245613,76320.0,0,1,0,
T001164,U0039,2026-07-22 19:06:00,2630.68,D0364,M054,Pune,0,,19,0,0,0,-0.9464878698345569,0.7690665417079027,116940.0,0,1,0,
T001150,U0039,2026-07-23 17:46:00,2348.4,D0364,M054,Pune,0,,17,0,0,0,-1.245798388709147,0.6938264314546229,81600.0,0,1,0,
T001155,U0039,2026-07-26 17:17:00,2860.9,D0364,M058,Pune,0,,17,0,0,0,-0.5695629692231264,0.8566463197576362,257460.0,0,1,0,
T001142,U0039,2026-07-26 19:36:00,2833.19,D0364,M058,Pune,0,,19,0,0,0,-0.5872902082158079,0.8534467434780477,8340.0,0,1,0,
T001143,U0039,2026-07-26 20:50:00,3454.36,D0364,M038,Pune,0,,20,0,0,0,0.18858108758431963,1.0466987456054146,4440.0,0,1,0,
T001156,U0039,2026-07-27 11:49:00,2409.96,D0364,M047,Pune,0,,11,0,0,0,-1.117575458200634,0.7289279495350113,53940.0,0,1,0,
T001153,U0039,2026-07-28 10:21:00,4325.13,D0364,M049,Pune,0,,10,0,0,0,1.3071377514084743,1.321466499857253,81120.0,0,1,0,
T001159,U0039,2026-07-28 11:58:00,3041.68,D0364,M047,Pune,0,,11,0,0,0,-0.3302378796739233,0.9187826981743461,5820.0,0,1,0,
T001182,U0040,2026-07-01 15:02:00,3179.91,D0121,M060,Kolkata,0,,15,0,1,1,0.0,1.0,1000000000.0,0,1,0,
T001185,U0040,2026-07-01 15:39:00,5059.68,D0121,M030,Kolkata,0,,15,0,0,1,0.0,1.0,2220.0,1,1,0,
T001181,U0040,2026-07-02 08:36:00,3195.23,D0743,M060,Kolkata,0,,8,0,1,0,0.0,1.0,61020.0,0,2,0,
T001176,U0040,2026-07-02 19:17:00,2762.93,D0121,M051,Kolkata,0,,19,0,0,1,-1.1882438970759865,0.7248728006059896,38460.0,0,1,0,
T001178,U0040,2026-07-03 11:42:00,4132.07,D0121,M051,Kolkata,0,,11,0,0,0,0.6553634711801721,1.1641478399988314,59100.0,0,1,0,
T001187,U0040,2026-07-03 13:00:00,1001.75,D0121,M030,Kolkata,0,,13,0,0,0,-3.2152642318275166,0.27325691134084873,4680.0,0,1,0,
T001170,U0040,2026-07-07 18:23:00,2592.47,D0743,M030,Kolkata,0,,18,0,0,0,-0.5042923288681388,0.8046330430054156,364980.0,0,2,0,
T001173,U0040,2026-07-08 05:34:00,3192.17,D0743,M057,Kolkata,0,,5,1,0,1,0.051142090499716374,1.0192095066815028,40260.0,0,2,0,
T001183,U0040,2026-07-13 13:20:00,2169.55,D0743,M057,Kolkata,0,,13,0,0,0,-0.88130412558213,0.6910437520020597,459960.0,0,2,0,
T001175,U0040,2026-07-16 10:28:00,2735.67,D0121,M030,Kolkata,0,,10,0,0,0,-0.2737643186632293,0.9023399015412782,248880.0,0,1,0,
T001171,U0040,2026-07-18 05:26:00,3167.36,D0743,M051,Kolkata,0,,5,1,0,0,0.16042728571760648,1.0550330210602783,154680.0,0,2,0,
T001172,U0040,2026-07-20 13:23:00,3360.34,D0743,M057,Kolkata,0,,13,0,0,0,0.34908476431077406,1.1137417178435502,201420.0,0,2,0,
T001186,U0040,2026-07-20 18:39:00,2889.97,D0121,M057,Kolkata,0,,18,0,0,0,-0.16468518987792796,0.9488499449539235,18960.0,0,1,0,
T001179,U0040,2026-07-22 09:15:00,3591.0,D0121,M060,Kolkata,0,,9,0,0,0,0.6124494384345933,1.1836730550294567,138960.0,0,1,0,
T001184,U0040,2026-07-24 08:44:00,2430.67,D0743,M030,Kolkata,0,,8,0,0,0,-0.723671335692663,0.7908273508294988,170940.0,0,2,0,
T001174,U0040,2026-07-25 09:48:00,2929.4,D0121,M051,Kolkata,0,,9,0,0,0,-0.11604017653865022,0.9665696376348543,90240.0,0,1,0,
T001180,U0040,2026-07-26 22:44:00,1022.2,D0743,M030,Kolkata,0,,22,0,0,0,-2.367324554808467,0.33798599993743,132960.0,0,2,0,
T001177,U0040,2026-07-30 06:44:00,1498.65,D0743,M051,Kolkata,0,,6,0,0,0,-1.4881197976121434,0.5156006480003852,288000.0,0,2,0,
T001205,U0041,2026-07-04 18:27:00,923.71,D0055,M010,Delhi,0,,18,0,1,1,0.0,1.0,1000000000.0,0,1,0,
T001195,U0041,2026-07-04 21:20:00,1509.51,D0055,M026,Delhi,0,,21,0,0,1,0.0,1.0,10380.0,0,1,0,
T001198,U0041,2026-07-06 22:56:00,1733.15,D0055,M010,Delhi,0,,22,0,0,0,0.0,1.0,178560.0,0,1,0,
T001202,U0041,2026-07-09 22:21:00,785.42,D0055,M026,Delhi,0,,22,0,0,0,-1.7678595388636857,0.5655426662306448,257100.0,0,1,0,
T001197,U0041,2026-07-10 10:42:00,2595.61,D0055,M010,Delhi,0,,10,0,0,0,3.441539977018938,2.0967044223630604,44460.0,0,1,15,amount z-score 3.4
T001209,U0041,2026-07-11 21:25:00,1702.16,D0055,M010,Delhi,0,,21,0,0,0,0.29751747585343724,1.12764660603145,124980.0,0,1,0,
T001196,U0041,2026-07-16 11:17:00,2654.01,D0055,M026,Delhi,0,,11,0,0,0,1.8679008914269073,1.721601891297574,395520.0,0,1,0,
T001189,U0041,2026-07-16 13:52:00,1169.57,D0055,M029,Delhi,0,,13,0,0,1,-0.786658151474434,0.6877760197306829,9300.0,0,1,0,
T001188,U0041,2026-07-18 15:04:00,2389.19,D0055,M026,Delhi,0,,15,0,0,0,1.152210049775744,1.4620450777933716,177120.0,0,1,0,
T001208,U0041,2026-07-21 12:53:00,1003.46,D0055,M010,Delhi,0,,12,0,0,0,-1.0797029293520706,0.584073680664126,251340.0,0,1,0,
T001207,U0041,2026-07-23 08:30:00,1554.52,D0055,M026,Delhi,0,,8,0,0,0,-0.13875745746239862,0.9440907475778015,157020.0,0,1,0,
T001191,U0041,2026-07-23 13:47:00,2032.42,D0055,M026,Delhi,0,,13,0,0,0,0.6226361223016177,1.2406345943190222,19020.0,0,1,0,
T001192,U0041,2026-07-23 15:00:00,2862.55,D0055,M010,Delhi,0,,15,0,0,0,1.934580308155546,1.7130136385142487,4380.0,0,1,0,
T001204,U0041,2026-07-26 15:35:00,2771.88,D0055,M029,Delhi,0,,15,0,0,0,1.5027979954384652,1.5725070773543854,261300.0,0,1,0,
T001199,U0041,2026-07-28 14:44:00,629.17,D0055,M026,Delhi,0,,14,0,0,0,-1.728894054174306,0.3429098427073783,169740.0,0,1,0,
T001203,U0041,2026-07-28 15:04:00,1618.96,D0055,M010,Delhi,0,,15,0,0,0,-0.18360972338945075,0.9227882454034501,1200.0,1,1,0,
T001200,U0041,2026-07-28 15:40:00,1433.02,D0055,M026,Delhi,0,,15,0,0,0,-0.4376132935600607,0.8207654184677428,2160.0,2,1,0,
T001193,U0041,2026-07-28 20:39:00,1550.07,D0055,M026,Delhi,0,,20,0,0,0,-0.254396503589359,0.897266134304169,17940.0,0,1,0,
T001190,U0041,2026-07-29 10:40:00,2350.14,D0055,M010,Delhi,0,,10,0,0,0,0.9311671681510769,1.3681997561118142,50460.0,0,1,0,
T001201,U0041,2026-07-29 16:02:00,979.47,D0055,M029,Delhi,0,,16,0,0,0,-1.1412714185708832,0.5593855689814777,19320.0,0,1,0,
T001206,U0041,2026-07-29 16:55:00,1103.62,D0055,M029,Delhi,0,,16,0,0,0,-0.8952581173203907,0.6444874571357397,3180.0,1,1,0,
T001194,U0041,2026-07-30 16:21:00,1171.45,D0055,M026,Delhi,0,,16,0,0,0,-0.7571562576955039,0.6958791971677254,84360.0,0,1,0,
T001212,U0042,2026-07-01 03:58:00,2228.52,D0330,M011,Delhi,0,,3,1,1,1,0.0,1.0,1000000000.0,0,3,40,odd hour + new device; device shared by 3 users
T001210,U0042,2026-07-01 07:57:00,1341.28,D0330,M018,Delhi,0,,7,0,0,1,0.0,1.0,14340.0,0,3,20,device shared by 3 users
T001220,U0042,2026-07-01 12:16:00,2320.77,D0663,M022,Delhi,0,,12,0,1,1,0.0,1.0,15540.0,0,1,0,
T001221,U0042,2026-07-01 14:25:00,2272.54,D0330,M018,Delhi,0,,14,0,0,0,0.699763907596629,1.1573786571635452,7740.0,0,3,20,device shared by 3 users
T001239,U0042,2026-07-01 19:16:00,372.15,D0663,M018,Delhi,0,,19,0,0,0,-4.118330614245283,0.18235696925198508,17460.0,0,1,0,
T001241,U0042,2026-07-02 09:07:00,1248.82,D0663,M022,Delhi,0,,9,0,0,0,-0.6033435414429716,0.7315652945946781,49860.0,0,1,0,
T001236,U0042,2026-07-02 09:49:00,1436.76,D0663,M014,Delhi,0,,9,0,0,1,-0.2715827737614614,0.8810802849847423,2520.0,1,1,0,
T001234,U0042,2026-07-02 11:08:00,2369.01,D0330,M022,Delhi,0,,11,0,0,0,1.152721398766874,1.4778813341652526,4740.0,0,3,20,device shared by 3 users
T001225,U0042,2026-07-02 14:23:00,1348.9,D0330,M011,Delhi,0,,14,0,0,0,-0.5211520036378958,0.7940632158300125,11700.0,0,3,20,device shared by 3 users
T001252,U0042,2026-07-03 06:31:00,1754.2,D0663,M022,Delhi,0,,6,0,0,0,0.14686447363233818,1.0568354106259548,58080.0,0,1,0,
T001215,U0042,2026-07-03 13:23:00,3199.03,D0330,M011,Delhi,0,,13,0,0,0,2.507570087581002,1.9163958426063727,24720.0,0,3,20,device shared by 3 users
T001246,U0042,2026-07-03 16:07:00,1907.42,D0663,M022,Delhi,0,,16,0,0,0,0.1358465759720135,1.0547778546126352,9840.0,0,1,0,
T001235,U0042,2026-07-04 15:27:00,1979.15,D0663,M040,Delhi,0,,15,0,0,1,0.23262767581944174,1.0894703517952955,84000.0,0,1,0,
T001217,U0042,2026-07-04 16:13:00,2201.38,D0663,M018,Delhi,0,,16,0,0,0,0.553407717695657,1.2035191373887077,2760.0,1,1,0,
T001230,U0042,2026-07-08 09:25:00,2047.97,D0663,M022,Delhi,0,,9,0,0,0,0.2934146496780499,1.1036049744764336,321120.0,0,1,0,
T001247,U0042,2026-07-08 13:16:00,812.8,D0330,M014,Delhi,0,,13,0,0,0,-1.662959209937187,0.43499512961995274,13860.0,0,3,20,device shared by 3 users
T001233,U0042,2026-07-08 14:19:00,2788.04,D0330,M018,Delhi,0,,14,0,0,0,1.480403609883929,1.546725286669616,3780.0,0,3,20,device shared by 3 users
T001211,U0042,2026-07-08 21:10:00,2009.98,D0330,M022,Delhi,0,,21,0,0,0,0.21782144074962573,1.0803357952809467,24660.0,0,3,20,device shared by 3 users
T001227,U0042,2026-07-09 13:01:00,1597.78,D0330,M018,Delhi,0,,13,0,0,0,-0.4059088783549754,0.8549683217616654,57060.0,0,3,20,device shared by 3 users
T001245,U0042,2026-07-11 12:26:00,1987.61,D0663,M040,Delhi,0,,12,0,0,0,0.20384651243012936,1.0717463419930133,170700.0,0,1,0,
T001244,U0042,2026-07-12 02:50:00,1382.92,D0330,M018,Delhi,0,,2,1,0,0,-0.7509985103625775,0.7430238086320807,51840.0,0,3,20,device shared by 3 users
T001216,U0042,2026-07-12 17:09:00,2874.74,D0330,M014,Delhi,0,,17,0,0,0,1.6454367678736341,1.5636929327939095,51540.0,0,3,20,device shared by 3 users
T001250,U0042,2026-07-12 19:19:00,1243.78,D0663,M022,Delhi,0,,19,0,0,0,-0.9841464575618148,0.6596430187402286,7800.0,0,1,0,
T001218,U0042,2026-07-13 14:15:00,3332.3,D0663,M014,Delhi,0,,14,0,0,0,2.265062637225446,1.7938423252302578,68160.0,0,1,0,
T001242,U0042,2026-07-14 07:31:00,2552.34,D0663,M022,Delhi,0,,7,0,0,0,0.9018690539394839,1.3299830532272003,62160.0,0,1,0,
T001253,U0042,2026-07-14 13:16:00,1813.18,D0663,M040,Delhi,0,,13,0,0,0,-0.18771400146415076,0.9325102406858983,20700.0,0,1,0,
T001224,U0042,2026-07-14 23:15:00,3139.94,D0663,M018,Delhi,0,,23,0,0,0,1.7501893076729316,1.6190595741201836,35940.0,0,1,0,
T001222,U0042,2026-07-16 19:34:00,2785.24,D0330,M018,Delhi,0,,19,0,0,0,1.1282636140528102,1.4039737268307857,159540.0,0,3,20,device shared by 3 users
T001248,U0042,2026-07-17 19:32:00,2509.52,D0663,M022,Delhi,0,,19,0,0,0,0.6969724656572303,1.2469985468141422,86280.0,0,1,0,
T001228,U0042,2026-07-18 16:59:00,1671.59,D0663,M040,Delhi,0,,16,0,0,0,-0.5066296498982248,0.8236102538889789,77220.0,0,1,0,
T001240,U0042,2026-07-18 18:33:00,3223.0,D0663,M014,Delhi,0,,18,0,0,0,1.7275561246680669,1.5973986959794264,5640.0,0,1,0,
T001243,U0042,2026-07-19 12:51:00,2050.56,D0663,M018,Delhi,0,,12,0,0,0,-0.008317553116884145,0.9970934541255236,65880.0,0,1,0,
T001249,U0042,2026-07-19 12:58:00,1175.13,D0663,M018,Delhi,0,,12,0,0,0,-1.245834013088548,0.5714638277840076,420.0,1,1,0,
T001223,U0042,2026-07-19 14:03:00,1180.02,D0663,M018,Delhi,0,,14,0,0,0,-1.19208035698008,0.5813917479426421,3900.0,0,1,0,
T001219,U0042,2026-07-22 12:07:00,3144.24,D0330,M011,Delhi,0,,12,0,0,0,1.5900619410047157,1.5684670855050098,252240.0,0,3,20,device shared by 3 users
T001226,U0042,2026-07-23 13:20:00,547.0,D0663,M022,Delhi,0,,13,0,0,0,-2.0373574660578595,0.2685034950417996,90780.0,0,1,0,
T001251,U0042,2026-07-23 16:00:00,798.62,D0663,M018,Delhi,0,,16,0,0,0,-1.5718331773157357,0.40014580434876046,9600.0,0,1,0,
T001213,U0042,2026-07-23 17:41:00,1254.29,D0330,M014,Delhi,0,,17,0,0,0,-0.913915303039003,0.6388143245384486,6060.0,0,3,20,device shared by 3 users
T001238,U0042,2026-07-24 14:03:00,2879.45,D0663,M040,Delhi,0,,14,0,0,0,1.2074506579993074,1.4805868587936877,73320.0,0,1,0,
T001214,U0042,2026-07-24 18:20:00,1888.46,D0663,M022,Delhi,0,,18,0,0,0,-0.10319391689163902,0.9592087825122336,15420.0,0,1,0,
T001231,U0042,2026-07-25 13:50:00,2711.07,D0330,M014,Delhi,0,,13,0,0,0,0.9684698322699923,1.378444225420685,70200.0,0,3,20,device shared by 3 users
T001237,U0042,2026-07-25 18:53:00,2627.24,D0330,M040,Delhi,0,,18,0,0,0,0.8366389891200126,1.3236035210180719,18180.0,0,3,20,device shared by 3 users
T001229,U0042,2026-07-28 10:22:00,1519.61,D0330,M018,Delhi,0,,10,0,0,0,-0.6283602091327923,0.7597259519437083,228540.0,0,3,20,device shared by 3 users
T001232,U0042,2026-07-29 19:28:00,3133.87,D0663,M011,Delhi,0,,19,0,0,0,1.5076331490560657,1.575575933971019,119160.0,0,1,0,
T001257,U0043,2026-07-01 19:49:00,1788.56,D0414,M039,Jaipur,0,,19,0,1,1,0.0,1.0,1000000000.0,0,1,0,
T001262,U0043,2026-07-02 14:05:00,1894.15,D0414,M049,Jaipur,0,,14,0,0,1,0.0,1.0,65760.0,0,1,0,
T001254,U0043,2026-07-03 11:17:00,1549.39,D0414,M013,Jaipur,0,,11,0,0,1,0.0,1.0,76320.0,0,1,0,
T001275,U0043,2026-07-03 23:44:00,72.11,D0414,M054,Jaipur,0,,23,0,0,1,-11.592362017677155,0.0413466867750922,44820.0,0,1,0,
T001272,U0043,2026-07-04 17:22:00,965.94,D0414,M029,Jaipur,0,,17,0,0,1,-0.49017593952565935,0.7284326972511023,63480.0,0,1,0,
T001282,U0043,2026-07-05 07:47:00,846.74,D0414,M039,Jaipur,0,,7,0,0,0,-0.6054532509147188,0.6752151059582185,51900.0,0,1,0,
T001279,U0043,2026-07-05 11:20:00,1300.5,D0414,M054,Jaipur,0,,11,0,0,0,0.18077265303912085,1.0964058729896857,12780.0,0,1,0,
T001265,U0043,2026-07-05 16:37:00,1246.29,D0414,M013,Jaipur,0,,16,0,0,0,0.0746247731994304,1.0364293436261116,19020.0,0,1,0,
T001266,U0043,2026-07-06 11:57:00,1194.97,D0414,M054,Jaipur,0,,11,0,0,0,-0.023648645838891275,0.9892463318410821,69600.0,0,1,0,
T001276,U0043,2026-07-08 11:16:00,1166.12,D0414,M049,Jaipur,0,,11,0,0,0,-0.07800194375380559,0.9665179365115679,170340.0,0,1,0,
T001277,U0043,2026-07-08 13:03:00,930.61,D0414,M013,Jaipur,0,,13,0,0,0,-0.5531756511010999,0.7739108517053457,6420.0,0,1,0,
T001270,U0043,2026-07-09 09:06:00,1375.57,D0414,M054,Jaipur,0,,9,0,0,0,0.41637912006799516,1.1679526179203172,72180.0,0,1,0,
T001261,U0043,2026-07-09 14:22:00,2171.28,D0414,M039,Jaipur,0,,14,0,0,0,2.132720322874176,1.818118127422298,18960.0,0,1,0,
T001267,U0043,2026-07-10 08:39:00,1403.3,D0414,M054,Jaipur,0,,8,0,0,0,0.26183640365767963,1.1054808947414225,65820.0,0,1,0,
T001285,U0043,2026-07-10 12:21:00,1143.47,D0414,M049,Jaipur,0,,12,0,0,0,-0.2742940237923118,0.8940578685737418,13320.0,0,1,0,
T001273,U0043,2026-07-10 15:29:00,2023.6,D0414,M039,Jaipur,0,,15,0,0,0,1.5752988966265968,1.5934694722084073,11280.0,0,1,0,
T001287,U0043,2026-07-10 20:26:00,880.12,D0414,M049,Jaipur,0,,20,0,0,0,-0.8775827200963182,0.6682573573886412,17820.0,0,1,0,
T001290,U0043,2026-07-12 10:43:00,818.06,D0414,M013,Jaipur,0,,10,0,0,0,-0.9584002150961246,0.6334987185747607,137820.0,0,1,0,
T001260,U0043,2026-07-12 11:12:00,848.95,D0414,M039,Jaipur,0,,11,0,0,0,-0.8457209435704031,0.6710837304616044,1740.0,1,1,0,
T001271,U0043,2026-07-12 14:11:00,904.53,D0414,M054,Jaipur,0,,14,0,0,0,-0.6941560357760997,0.7276150060214622,10740.0,0,1,0,
T001258,U0043,2026-07-12 16:05:00,1710.37,D0414,M049,Jaipur,0,,16,0,0,0,1.0062534711038418,1.394839231524344,6840.0,0,1,0,
T001264,U0043,2026-07-12 23:04:00,1027.87,D0414,M029,Jaipur,0,,23,0,0,0,-0.4605366679691141,0.8227777553074568,25140.0,0,1,0,
T001280,U0043,2026-07-13 16:23:00,1643.48,D0414,M013,Jaipur,0,,16,0,0,0,0.8566156218500536,1.3262378714653011,62340.0,0,1,0,
T001288,U0043,2026-07-16 12:53:00,1749.35,D0414,M039,Jaipur,0,,12,0,0,0,1.0505288539587847,1.391928243497908,246600.0,0,1,0,
T001274,U0043,2026-07-17 13:38:00,500.49,D0414,M013,Jaipur,0,,13,0,0,0,-1.6547737521969663,0.39183267609893657,89100.0,0,1,0,
T001283,U0043,2026-07-18 21:12:00,1247.47,D0414,M013,Jaipur,0,,21,0,0,0,0.0025536146002330482,1.0009927511127992,113640.0,0,1,0,
T001292,U0043,2026-07-19 20:28:00,1086.36,D0414,M039,Jaipur,0,,20,0,0,0,-0.33661687369365056,0.8716818562971927,83760.0,0,1,0,
T001263,U0043,2026-07-20 13:43:00,845.33,D0414,M039,Jaipur,0,,13,0,0,0,-0.8455613005029159,0.6815213052868251,62100.0,0,1,0,
T001286,U0043,2026-07-20 17:31:00,2195.8,D0414,M029,Jaipur,0,,17,0,0,0,2.086941793566713,1.7906636307888169,13680.0,0,1,0,
T001269,U0043,2026-07-21 16:25:00,1251.1,D0414,M029,Jaipur,0,,16,0,0,0,-0.01752944608548798,0.9931871142964253,82440.0,0,1,0,
T001293,U0043,2026-07-23 15:12:00,258.07,D0414,M013,Jaipur,0,,15,0,0,0,-2.0802287296615547,0.20491568958062772,168420.0,0,1,0,
T001281,U0043,2026-07-26 08:22:00,1175.41,D0414,M039,Jaipur,0,,8,0,0,0,-0.10224615828564078,0.9578800700396745,234600.0,0,1,0,
T001268,U0043,2026-07-27 12:45:00,1723.84,D0414,M049,Jaipur,0,,12,0,0,0,1.0014920659808177,1.406665142306145,102180.0,0,1,0,
T001291,U0043,2026-07-27 14:25:00,452.02,D0414,M049,Jaipur,0,,14,0,0,0,-1.5853330036045061,0.36436129645855503,6000.0,0,1,0,
T001278,U0043,2026-07-27 16:30:00,579.01,D0414,M013,Jaipur,0,,16,0,0,0,-1.2570708247382762,0.47561632597031556,7500.0,0,1,0,
T001255,U0043,2026-07-27 17:14:00,1946.93,D0414,M049,Jaipur,0,,17,0,0,0,1.4613721938732085,1.6235924831285,2640.0,1,1,0,
T001284,U0043,2026-07-28 09:05:00,1127.96,D0414,M039,Jaipur,0,,9,0,0,0,-0.17708998840378012,0.9246171648329214,57060.0,0,1,0,
T001256,U0043,2026-07-28 11:39:00,1297.52,D0414,M039,Jaipur,0,,11,0,0,0,0.15627983818672841,1.0657811536647277,9240.0,0,1,0,
T001259,U0043,2026-07-28 13:58:00,1338.42,D0414,M013,Jaipur,0,,13,0,0,0,0.23501961634119306,1.0974765347484714,8340.0,0,1,0,
T001289,U0043,2026-07-30 18:06:00,1172.59,D0414,M049,Jaipur,0,,18,0,0,0,-0.10007398143428264,0.9591022087720998,187680.0,0,1,0,
T001300,U0044,2026-07-03 16:16:00,784.51,D0661,M012,Kolkata,0,,16,0,1,1,0.0,1.0,1000000000.0,0,1,0,
T001296,U0044,2026-07-03 16:28:00,1281.61,D0661,M036,Kolkata,0,,16,0,0,1,0.0,1.0,720.0,1,1,0,
T001333,U0044,2026-07-05 13:10:00,1215.71,D0661,M012,Kolkata,0,,13,0,0,0,0.0,1.0,160920.0,0,1,0,
T001335,U0044,2026-07-06 14:05:00,1088.9,D0661,M036,Kolkata,0,,14,0,0,0,-0.02287742563842211,0.9953897663845569,89700.0,0,1,0,
T001324,U0044,2026-07-06 14:31:00,1042.88,D0661,M036,Kolkata,0,,14,0,0,0,-0.2608444379754414,0.9544218005189781,1560.0,1,1,0,
T001302,U0044,2026-07-07 13:10:00,923.76,D0661,M012,Kolkata,0,,13,0,0,0,-0.9245784226066248,0.8531829954012359,81540.0,0,1,0,
T001331,U0044,2026-07-08 08:59:00,791.93,D0661,M036,Kolkata,0,,8,0,0,0,-1.5754777717521442,0.7497715922380057,71340.0,0,1,0,
T001298,U0044,2026-07-08 10:36:00,1197.43,D0661,M012,Kolkata,0,,10,0,0,0,0.9900105367818735,1.1757129019356753,5820.0,0,1,0,
T001334,U0044,2026-07-08 12:53:00,921.62,D0661,M012,Kolkata,0,,12,0,0,0,-0.6654889663076647,0.8854568351461312,8220.0,0,1,0,
T001311,U0044,2026-07-09 09:08:00,610.45,D0661,M042,Kolkata,0,,9,0,0,1,-2.4111211618325568,0.5940573177543544,72900.0,0,1,0,
T001312,U0044,2026-07-09 11:21:00,994.29,D0661,M042,Kolkata,0,,11,0,0,0,0.04074677467254482,1.0085304489303661,7980.0,0,1,0,
T001303,U0044,2026-07-10 09:42:00,1215.76,D0661,M012,Kolkata,0,,9,0,0,0,1.1641667632760724,1.2322168144229537,80460.0,0,1,0,
T001295,U0044,2026-07-11 13:43:00,410.6,D0661,M036,Kolkata,0,,13,0,0,0,-2.9938942972049953,0.4082576214884524,100860.0,0,1,0,
T001315,U0044,2026-07-11 20:50:00,1078.8,D0661,M036,Kolkata,0,,20,0,0,0,0.47873274739239136,1.1237995252507607,25620.0,0,1,0,
T001313,U0044,2026-07-12 15:55:00,806.77,D0661,M042,Kolkata,0,,15,0,0,0,-0.6704017088533799,0.8330558876209848,68700.0,0,1,0,
T001314,U0044,2026-07-16 12:35:00,894.91,D0661,M036,Kolkata,0,,12,0,0,0,-0.2654167899166552,0.9344678939523218,333600.0,0,1,0,
T001328,U0044,2026-07-16 16:01:00,706.19,D0661,M042,Kolkata,0,,16,0,0,0,-1.0789280486888675,0.7404385202391481,12360.0,0,1,0,
T001326,U0044,2026-07-17 19:04:00,760.2,D0661,M042,Kolkata,0,,19,0,0,0,-0.7778841290278117,0.809426459668332,97380.0,0,1,0,
T001307,U0044,2026-07-17 22:57:00,715.9,D0661,M042,Kolkata,0,,22,0,0,0,-0.9384391778857729,0.7704145314768902,13980.0,0,1,0,
T001330,U0044,2026-07-18 12:06:00,1309.82,D0661,M012,Kolkata,0,,12,0,0,0,1.7310494188010268,1.4268011739842048,47340.0,0,1,0,
T001320,U0044,2026-07-18 13:03:00,825.78,D0661,M036,Kolkata,0,,13,0,0,0,-0.47269931916979296,0.8807361749647118,3420.0,1,1,0,
T001318,U0044,2026-07-18 15:16:00,661.24,D0661,M036,Kolkata,0,,15,0,0,0,-1.1678387786679776,0.7092740655039859,7980.0,0,1,0,
T001294,U0044,2026-07-18 21:00:00,312.01,D0661,M042,Kolkata,0,,21,0,0,0,-2.6017217574367084,0.33915705534439566,20640.0,0,1,0,
T001319,U0044,2026-07-19 09:48:00,800.98,D0661,M012,Kolkata,0,,9,0,0,0,-0.3559439096937246,0.8964272896439053,46080.0,0,1,0,
T001332,U0044,2026-07-19 20:13:00,1407.05,D0661,M042,Kolkata,0,,20,0,0,0,2.02739658029738,1.5815436907483333,37500.0,0,1,0,
T007561,U0044,2026-07-21 03:30:00,5869.18,D0669,M056,Jaipur,1,account_takeover,3,1,1,1,18.37878467324566,6.447069516756958,112620.0,0,1,60,new device + amount >3x user avg; odd hour + new device; amount z-score 18.4
T001327,U0044,2026-07-22 10:49:00,772.31,D0661,M036,Kolkata,0,,10,0,0,0,-0.3322195886035172,0.7014064408257649,112740.0,0,1,0,
T001305,U0044,2026-07-22 12:52:00,1305.65,D0661,M042,Kolkata,0,,12,0,0,0,0.22272545096472587,1.1990422630166897,7380.0,0,1,0,
T001323,U0044,2026-07-23 03:05:00,408.2,D0661,M036,Kolkata,0,,3,1,0,0,-0.7198107517645138,0.3722240166681992,51180.0,0,1,0,
T001299,U0044,2026-07-23 13:55:00,879.86,D0661,M042,Kolkata,0,,13,0,0,0,-0.20360727359118672,0.8200674663023998,39000.0,0,1,0,
T001301,U0044,2026-07-24 16:27:00,568.38,D0661,M042,Kolkata,0,,16,0,0,0,-0.5339431346808654,0.5329511814295503,95520.0,0,1,0,
T001317,U0044,2026-07-24 18:37:00,1003.55,D0661,M036,Kolkata,0,,18,0,0,0,-0.050828467086004595,0.9553897274543407,7800.0,0,1,0,
T001297,U0044,2026-07-25 11:39:00,410.98,D0661,M042,Kolkata,0,,11,0,0,0,-0.7030511919098579,0.3918033090836323,61320.0,0,1,0,
T001325,U0044,2026-07-25 15:15:00,884.72,D0661,M012,Kolkata,0,,15,0,0,0,-0.16094949128737324,0.8592747895322755,12960.0,0,1,0,
T001316,U0044,2026-07-25 16:01:00,974.03,D0661,M036,Kolkata,0,,16,0,0,0,-0.05784357816423341,0.9499479795783469,2760.0,1,1,0,
T001308,U0044,2026-07-26 18:43:00,576.17,D0661,M036,Kolkata,0,,18,0,0,0,-0.5119600480127735,0.5627294477475827,96120.0,0,1,0,
T001310,U0044,2026-07-27 09:37:00,1212.8,D0661,M012,Kolkata,0,,9,0,0,0,0.23266585574597956,1.1990729451101423,53640.0,0,1,0,
T001309,U0044,2026-07-27 09:42:00,1107.61,D0661,M036,Kolkata,0,,9,0,0,0,0.10619694200404986,1.0892131881627183,300.0,1,1,0,
T001322,U0044,2026-07-27 15:44:00,1112.37,D0661,M042,Kolkata,0,,15,0,0,0,0.11042077143539265,1.0913319900664757,21720.0,0,1,0,
T001306,U0044,2026-07-27 21:16:00,402.72,D0661,M042,Kolkata,0,,21,0,0,0,-0.7436348026785525,0.39418033532079666,19920.0,0,1,0,
T001321,U0044,2026-07-28 13:46:00,1436.37,D0661,M036,Kolkata,0,,13,0,0,0,0.5198449013408587,1.4275325017373368,59400.0,0,1,0,
T001304,U0044,2026-07-29 12:34:00,705.87,D0661,M012,Kolkata,0,,12,0,0,0,-0.3790170737155791,0.6942872558184008,82080.0,0,1,0,
T001329,U0044,2026-07-30 01:48:00,1128.42,D0661,M042,Kolkata,0,,1,1,0,0,0.14679086115556783,1.1180416442192969,47640.0,0,1,0,
T001344,U0045,2026-07-04 11:45:00,2260.31,D0086,M030,Lucknow,0,,11,0,1,1,0.0,1.0,1000000000.0,0,1,0,
T001338,U0045,2026-07-04 14:18:00,2937.55,D0086,M009,Lucknow,0,,14,0,0,1,0.0,1.0,9180.0,0,1,0,
T001354,U0045,2026-07-07 11:45:00,3348.11,D0572,M055,Lucknow,0,,11,0,1,1,0.0,1.0,250020.0,0,1,0,
T001349,U0045,2026-07-08 13:50:00,3161.95,D0572,M043,Lucknow,0,,13,0,0,1,0.6985065123954974,1.109979323197959,93900.0,0,1,0,
T001340,U0045,2026-07-09 09:23:00,4307.58,D0572,M009,Lucknow,0,,9,0,0,0,3.355555328485229,1.4716807079407166,70380.0,0,1,15,amount z-score 3.4
T001336,U0045,2026-07-12 18:24:00,3043.37,D0086,M009,Lucknow,0,,18,0,0,0,-0.24069445331105163,0.9501326836657822,291660.0,0,1,0,
T001347,U0045,2026-07-15 07:32:00,2930.74,D0086,M009,Lucknow,0,,7,0,0,0,-0.4036978950529843,0.9226381204375793,220080.0,0,1,0,
T001350,U0045,2026-07-18 08:47:00,2348.97,D0572,M009,Lucknow,0,,8,0,0,0,-1.3899699061830133,0.7477526884181088,263700.0,0,1,0,
T001339,U0045,2026-07-18 12:26:00,3377.36,D0572,M005,Lucknow,0,,12,0,0,1,0.5638648705014622,1.1101255698203838,13140.0,0,1,0,
T001351,U0045,2026-07-20 08:09:00,3324.95,D0572,M009,Lucknow,0,,8,0,0,0,0.4305222695989661,1.0796873564556284,157380.0,0,1,0,
T001342,U0045,2026-07-20 10:36:00,2773.16,D0572,M055,Lucknow,0,,10,0,0,0,-0.6063797674612098,0.8933893322989805,8820.0,0,1,0,
T001348,U0045,2026-07-21 12:37:00,4766.03,D0572,M005,Lucknow,0,,12,0,0,0,3.198697853757626,1.5504303679371523,93660.0,0,1,15,amount z-score 3.2
T001341,U0045,2026-07-22 12:21:00,4248.64,D0572,M005,Lucknow,0,,12,0,0,0,1.4994490473155242,1.3215027025382522,85440.0,0,1,0,
T001346,U0045,2026-07-23 16:06:00,3961.94,D0572,M030,Lucknow,0,,16,0,0,0,0.9304815469717408,1.2025860213512423,99900.0,0,1,0,
T001343,U0045,2026-07-24 09:48:00,2002.52,D0572,M030,Lucknow,0,,9,0,0,0,-1.8809041056903064,0.5991640210164102,63720.0,0,1,0,
T001345,U0045,2026-07-24 09:56:00,3254.82,D0086,M055,Lucknow,0,,9,0,0,0,0.002537856582587569,1.0005968044097773,480.0,1,1,0,
T001353,U0045,2026-07-25 13:35:00,2266.58,D0572,M009,Lucknow,0,,13,0,0,0,-1.3318125647908363,0.6967660618823345,99540.0,0,1,0,
T001352,U0045,2026-07-29 19:42:00,2383.88,D0086,M043,Lucknow,0,,19,0,0,0,-1.074154686998786,0.7461340948842047,367620.0,0,1,0,
T001337,U0045,2026-07-30 17:31:00,2651.65,D0572,M005,Lucknow,0,,17,0,0,0,-0.6582264348529976,0.841816514678658,78540.0,0,1,0,
T001385,U0046,2026-07-01 05:27:00,2502.55,D0715,M043,Hyderabad,0,,5,1,1,1,0.0,1.0,1000000000.0,0,2,20,odd hour + new device
T001362,U0046,2026-07-03 06:44:00,3085.87,D0838,M015,Hyderabad,0,,6,0,1,1,0.0,1.0,177420.0,0,2,0,
T001393,U0046,2026-07-03 15:23:00,3698.69,D0715,M015,Hyderabad,0,,15,0,0,0,0.0,1.0,31140.0,0,2,0,
T001364,U0046,2026-07-04 09:09:00,1597.55,D0715,M036,Hyderabad,0,,9,0,0,1,-3.0676503227028094,0.516053971413264,63960.0,0,2,0,
T001397,U0046,2026-07-04 13:49:00,2755.35,D0838,M015,Hyderabad,0,,13,0,0,0,0.04414305635336487,1.012562633646779,16800.0,0,2,0,
T001363,U0046,2026-07-05 07:44:00,4033.2,D0715,M043,Hyderabad,0,,7,0,0,0,1.883968385046526,1.4784446633549226,64500.0,0,2,0,
T001368,U0046,2026-07-05 15:00:00,1260.87,D0838,M015,Hyderabad,0,,15,0,0,0,-2.111496690446637,0.42806145558343,26160.0,0,2,0,
T001395,U0046,2026-07-05 15:55:00,3105.64,D0838,M043,Hyderabad,0,,15,0,0,0,0.42406622422943446,1.1481666915932982,3300.0,1,2,0,
T001394,U0046,2026-07-05 18:43:00,2411.53,D0838,M043,Hyderabad,0,,18,0,0,0,-0.3841937133092787,0.8753396137971483,10080.0,0,2,0,
T001367,U0046,2026-07-08 18:32:00,2299.82,D0838,M036,Hyderabad,0,,18,0,0,0,-0.49076155221334167,0.8465162309649346,258540.0,0,2,0,
T001379,U0046,2026-07-08 22:12:00,2195.81,D0838,M043,Hyderabad,0,,22,0,0,0,-0.5875773407175704,0.8208307178663019,13200.0,0,2,0,
T001387,U0046,2026-07-09 04:51:00,3111.96,D0838,M043,Hyderabad,0,,4,1,0,0,0.6082358905780412,1.182564752643179,23940.0,0,2,0,
T001373,U0046,2026-07-10 14:57:00,2691.79,D0715,M015,Hyderabad,0,,14,0,0,0,0.026334683327932953,1.007568582890372,122760.0,0,2,0,
T001388,U0046,2026-07-10 15:26:00,3688.12,D0715,M043,Hyderabad,0,,15,0,0,0,1.375878729188908,1.3797033314810079,1740.0,1,2,0,
T001396,U0046,2026-07-10 17:34:00,3633.34,D0715,M043,Hyderabad,0,,17,0,0,0,1.1720410336848663,1.3233198265155222,7680.0,0,2,0,
T001391,U0046,2026-07-11 07:54:00,3330.9,D0838,M015,Hyderabad,0,,7,0,0,0,0.6881556765754862,1.1875687654734166,51600.0,0,2,0,
T001392,U0046,2026-07-11 18:01:00,1397.94,D0715,M015,Hyderabad,0,,18,0,0,0,-1.9168588655806607,0.49263363474779664,36420.0,0,2,0,
T001361,U0046,2026-07-11 19:45:00,1524.61,D0715,M036,Hyderabad,0,,19,0,0,0,-1.5286632662120903,0.5538003195788074,6240.0,0,2,0,
T001370,U0046,2026-07-12 07:21:00,2278.33,D0838,M043,Hyderabad,0,,7,0,0,0,-0.48962216875211906,0.8486183493184942,41760.0,0,2,0,
T001360,U0046,2026-07-13 09:05:00,4744.49,D0715,M036,Hyderabad,0,,9,0,0,0,2.5597666153315433,1.7813916201696345,92640.0,0,2,0,
T001357,U0046,2026-07-13 13:39:00,2274.77,D0715,M043,Hyderabad,0,,13,0,0,0,-0.5395596654490199,0.8219828010000719,16440.0,0,2,0,
T001365,U0046,2026-07-13 16:47:00,1981.2,D0715,M015,Hyderabad,0,,16,0,0,0,-0.8501486023280305,0.7220225625514881,11280.0,0,2,0,
T001358,U0046,2026-07-14 13:40:00,453.25,D0715,M015,Hyderabad,0,,13,0,0,0,-2.532425450478701,0.1672948927757348,75180.0,0,2,0,
T001372,U0046,2026-07-15 11:16:00,3914.2,D0715,M015,Hyderabad,0,,11,0,0,0,1.3224538706843585,1.49900478783066,77760.0,0,2,0,
T001380,U0046,2026-07-16 16:39:00,2827.11,D0715,M043,Hyderabad,0,,16,0,0,0,0.16176956064300865,1.060633922872629,105780.0,0,2,0,
T001369,U0046,2026-07-18 13:19:00,1892.65,D0715,M015,Hyderabad,0,,13,0,0,0,-0.795699229986645,0.7083388658447998,160800.0,0,2,0,
T001355,U0046,2026-07-18 17:52:00,3828.14,D0838,M043,Hyderabad,0,,17,0,0,0,1.2203256794904542,1.4489650393968008,16380.0,0,2,0,
T001371,U0046,2026-07-20 11:19:00,2217.7,D0715,M036,Hyderabad,0,,11,0,0,0,-0.4778755245446419,0.8256779398048462,149220.0,0,2,0,
T001366,U0046,2026-07-20 15:11:00,2329.38,D0715,M036,Hyderabad,0,,15,0,0,0,-0.3517568022536604,0.8726910145306761,13920.0,0,2,0,
T001390,U0046,2026-07-23 11:33:00,3336.34,D0715,M036,Hyderabad,0,,11,0,0,0,0.7136459787019447,1.2554551399798282,246120.0,0,2,0,
T001389,U0046,2026-07-23 17:53:00,3363.62,D0715,M043,Hyderabad,0,,17,0,0,0,0.7246935290017764,1.2550336984811408,22800.0,0,2,0,
T001382,U0046,2026-07-24 06:11:00,4937.47,D0838,M015,Hyderabad,0,,6,0,0,0,2.3890036534787633,1.827236042468366,44280.0,0,2,0,
T001374,U0046,2026-07-24 17:41:00,2617.6,D0838,M015,Hyderabad,0,,17,0,0,0,-0.15445349397008903,0.9442981213151539,41400.0,0,2,0,
T001359,U0046,2026-07-25 15:09:00,3896.1,D0715,M015,Hyderabad,0,,15,0,0,0,1.146213252307487,1.4078929021599282,77280.0,0,2,0,
T001356,U0046,2026-07-25 21:27:00,3438.65,D0838,M036,Hyderabad,0,,21,0,0,0,0.6453769507152395,1.227858545891458,22680.0,0,2,0,
T001386,U0046,2026-07-26 17:47:00,2249.43,D0838,M036,Hyderabad,0,,17,0,0,0,-0.5807603375281037,0.7980216007176942,73200.0,0,2,0,
T001381,U0046,2026-07-26 21:11:00,3051.44,D0715,M043,Hyderabad,0,,21,0,0,0,0.2558859998909672,1.088655507308521,12240.0,0,2,0,
T001375,U0046,2026-07-27 14:36:00,2342.99,D0715,M043,Hyderabad,0,,14,0,0,0,-0.48674527902967346,0.8339052499398119,62700.0,0,2,0,
T001376,U0046,2026-07-27 20:10:00,2650.67,D0838,M015,Hyderabad,0,,20,0,0,0,-0.154593060613836,0.9475548536411237,20040.0,0,2,0,
T001378,U0046,2026-07-28 08:41:00,2694.7,D0715,M043,Hyderabad,0,,8,0,0,0,-0.10556321243137201,0.964591719589178,45060.0,0,2,0,
T001377,U0046,2026-07-29 09:39:00,3082.35,D0838,M043,Hyderabad,0,,9,0,0,0,0.31468643693948495,1.1043320311716844,89880.0,0,2,0,
T001384,U0046,2026-07-29 12:34:00,4005.55,D0838,M015,Hyderabad,0,,12,0,0,0,1.3192664199790747,1.4314498480521651,10500.0,0,2,0,
T001383,U0046,2026-07-29 14:21:00,3537.91,D0715,M015,Hyderabad,0,,14,0,0,0,0.7704620641889552,1.2514750023934915,6420.0,0,2,0,
T001424,U0047,2026-07-04 12:29:00,2252.84,D0117,M033,Pune,0,,12,0,1,1,0.0,1.0,1000000000.0,0,2,0,
T001410,U0047,2026-07-04 14:07:00,2371.64,D0117,M059,Pune,0,,14,0,0,1,0.0,1.0,5880.0,0,2,0,
T001407,U0047,2026-07-05 16:16:00,3018.61,D0117,M001,Pune,0,,16,0,0,1,0.0,1.0,94140.0,0,2,0,
T001418,U0047,2026-07-06 11:26:00,1325.14,D0117,M028,Pune,0,,11,0,0,1,-3.633160250373683,0.5201325639812697,69000.0,0,2,0,
T001425,U0047,2026-07-07 10:00:00,1022.95,D0117,M028,Pune,0,,10,0,0,0,-2.0174117674342975,0.4562550244780721,81240.0,0,2,0,
T001399,U0047,2026-07-07 15:27:00,2079.02,D0117,M028,Pune,0,,15,0,0,0,0.11097252204900455,1.0404276566729715,19620.0,0,2,0,
T001428,U0047,2026-07-08 16:44:00,1536.66,D0117,M059,Pune,0,,16,0,0,0,-0.714110915944375,0.7638614103674198,91020.0,0,2,0,
T001403,U0047,2026-07-10 11:18:00,4566.12,D0117,M001,Pune,0,,11,0,0,0,4.1107284817266825,2.3490239470059096,153240.0,0,2,15,amount z-score 4.1
T001413,U0047,2026-07-10 12:07:00,1758.4,D0117,M059,Pune,0,,12,0,0,0,-0.487531752837572,0.7740722761928657,2940.0,1,2,0,
T001417,U0047,2026-07-11 11:49:00,2648.13,D0117,M028,Pune,0,,11,0,0,0,0.4311560554105396,1.1957611559881027,85320.0,0,2,0,
T001422,U0047,2026-07-11 14:37:00,1515.98,D0117,M028,Pune,0,,14,0,0,0,-0.7706890266886042,0.6713963231835428,10080.0,0,2,0,
T001402,U0047,2026-07-12 12:07:00,3982.55,D0117,M059,Pune,0,,12,0,0,0,1.901600767757806,1.8181016439176327,77400.0,0,2,0,
T001419,U0047,2026-07-15 10:17:00,1602.13,D0117,M001,Pune,0,,10,0,0,0,-0.7167233010009121,0.6847187336360864,252600.0,0,2,0,
T001400,U0047,2026-07-15 12:48:00,1548.74,D0117,M059,Pune,0,,12,0,0,0,-0.72834414137264,0.6783525832628794,9060.0,0,2,0,
T001423,U0047,2026-07-16 17:07:00,1606.3,D0117,M041,Pune,0,,17,0,0,1,-0.6307663392274451,0.720108386425222,101940.0,0,2,0,
T001412,U0047,2026-07-17 08:44:00,2015.64,D0117,M059,Pune,0,,8,0,0,0,-0.1789496170719345,0.9207981306100379,56220.0,0,2,0,
T001430,U0047,2026-07-18 17:48:00,2909.73,D0117,M041,Pune,0,,17,0,0,0,0.7790621803463003,1.3358549354930027,119040.0,0,2,0,
T001427,U0047,2026-07-19 14:59:00,2604.04,D0117,M033,Pune,0,,14,0,0,0,0.41293272706163087,1.1723516953412794,76260.0,0,2,0,
T001411,U0047,2026-07-19 17:52:00,2613.22,D0117,M041,Pune,0,,17,0,0,0,0.4095521406506249,1.1653264660741043,10380.0,0,2,0,
T001416,U0047,2026-07-20 12:43:00,2272.57,D0117,M041,Pune,0,,12,0,0,0,0.011953395126596707,1.0046765956807309,67860.0,0,2,0,
T001398,U0047,2026-07-21 08:37:00,2244.16,D0117,M028,Pune,0,,8,0,0,0,-0.021285878372796944,0.9918849349688167,71640.0,0,2,0,
T001431,U0047,2026-07-22 11:05:00,2403.75,D0117,M033,Pune,0,,11,0,0,0,0.16881178322443208,1.0628320243278446,95280.0,0,2,0,
T001405,U0047,2026-07-22 13:02:00,1794.49,D0117,M028,Pune,0,,13,0,0,0,-0.5754975756003259,0.7911845525579606,7020.0,0,2,0,
T001406,U0047,2026-07-22 16:09:00,2443.82,D0117,M028,Pune,0,,16,0,0,0,0.24215884806096596,1.08734386803486,11220.0,0,2,0,
T001429,U0047,2026-07-25 08:00:00,2521.41,D0117,M028,Pune,0,,8,0,0,0,0.33442356280926955,1.117798429144423,229860.0,0,2,0,
T001420,U0047,2026-07-25 11:39:00,1369.7,D0117,M001,Pune,0,,11,0,0,0,-1.1491632191886065,0.6043714181586712,13140.0,0,2,0,
T001415,U0047,2026-07-25 14:42:00,1979.76,D0117,M033,Pune,0,,14,0,0,0,-0.3214124543578098,0.8870543636015567,10980.0,0,2,0,
T001401,U0047,2026-07-25 14:47:00,2230.8,D0117,M033,Pune,0,,14,0,0,0,0.010764032143827458,1.0037345327317284,300.0,1,2,0,
T001426,U0047,2026-07-26 12:27:00,1471.2,D0117,M033,Pune,0,,12,0,0,0,-0.9926081492377812,0.6618689774860123,78000.0,0,2,0,
T001408,U0047,2026-07-27 21:17:00,2278.33,D0117,M041,Pune,0,,21,0,0,0,0.10765963127859295,1.037075631890453,118200.0,0,2,0,
T001409,U0047,2026-07-28 14:54:00,1192.12,D0117,M001,Pune,0,,14,0,0,0,-1.354159628363464,0.5419726635008428,63420.0,0,2,0,
T001421,U0047,2026-07-29 17:57:00,2669.51,D0117,M059,Pune,0,,17,0,0,0,0.6670204716106335,1.231837921311538,97380.0,0,2,0,
T001414,U0047,2026-07-29 19:07:00,2041.17,D0117,M059,Pune,0,,19,0,0,0,-0.18972053781149004,0.9351173218816043,4200.0,0,2,0,
T001404,U0047,2026-07-30 08:40:00,1445.41,D0117,M033,Pune,0,,8,0,0,0,-0.9967296992689489,0.6634874388790989,48780.0,0,2,0,
T001455,U0048,2026-07-01 13:34:00,587.4,D0540,M008,Jaipur,0,,13,0,1,1,0.0,1.0,1000000000.0,0,1,0,
T001461,U0048,2026-07-02 20:02:00,518.51,D0540,M055,Jaipur,0,,20,0,0,1,0.0,1.0,109680.0,0,1,0,
T001433,U0048,2026-07-03 18:31:00,716.37,D0540,M050,Jaipur,0,,18,0,0,1,0.0,1.0,80940.0,0,1,0,
T007619,U0048,2026-07-04 11:47:00,1448.8,D0540,M042,Jaipur,1,zero_day_drain,11,0,0,1,10.259660864181328,2.3851438817550368,62160.0,0,1,15,amount z-score 10.3
T001469,U0048,2026-07-04 13:18:00,528.21,D0540,M008,Jaipur,0,,13,0,0,0,-0.7801000771243097,0.6459151098158222,5460.0,0,1,0,
T001466,U0048,2026-07-04 14:07:00,398.45,D0540,M055,Jaipur,0,,14,0,0,0,-1.0278363856792871,0.5243742902958523,2940.0,1,1,0,
T007582,U0048,2026-07-04 16:00:00,4163.83,D0402,M027,Jaipur,1,device_ring,16,0,1,1,9.95183588880759,5.951531053445619,6780.0,0,6,60,new device + amount >3x user avg; device shared by 6 users; amount z-score 10.0
T001458,U0048,2026-07-04 16:36:00,525.53,D0540,M008,Jaipur,0,,16,0,0,0,-0.5333374407616919,0.4399544579451369,2160.0,1,1,0,
T001437,U0048,2026-07-05 14:25:00,990.51,D0540,M055,Jaipur,0,,14,0,0,0,-0.10081923905984498,0.8916384414338641,78540.0,0,1,0,
T001462,U0048,2026-07-09 09:11:00,770.33,D0540,M008,Jaipur,0,,9,0,0,0,-0.29048181457154576,0.7018873992476938,326760.0,0,1,0,
T001446,U0048,2026-07-11 07:00:00,743.43,D0540,M008,Jaipur,0,,7,0,0,0,-0.29948882798762494,0.6981913865985426,164940.0,0,1,0,
T001448,U0048,2026-07-11 10:21:00,582.29,D0540,M055,Jaipur,0,,10,0,0,0,-0.4412569731034629,0.5622844305658469,12060.0,0,1,0,
T001450,U0048,2026-07-11 14:54:00,640.1,D0540,M050,Jaipur,0,,14,0,0,0,-0.3607784020923367,0.6415081096591939,16380.0,0,1,0,
T001465,U0048,2026-07-11 19:36:00,160.33,D0540,M055,Jaipur,0,,19,0,0,0,-0.8460506858655727,0.1652393891949655,16920.0,0,1,0,
T001441,U0048,2026-07-12 11:20:00,1031.63,D0540,M055,Jaipur,0,,11,0,0,0,0.12602469518463516,1.1306339617280858,56640.0,0,1,0,
T001467,U0048,2026-07-12 12:15:00,771.3,D0540,M008,Jaipur,0,,12,0,0,0,-0.1630694853511756,0.8380222101730055,3300.0,1,1,0,
T001456,U0048,2026-07-12 12:26:00,64.97,D0540,M055,Jaipur,0,,12,0,0,0,-0.95504027489032,0.0713122434392629,660.0,1,1,0,
T007620,U0048,2026-07-13 12:57:00,1431.23,D0540,M009,Jaipur,1,zero_day_drain,12,0,0,1,0.6460190165405529,1.6617215263601968,88260.0,0,1,0,
T001432,U0048,2026-07-14 14:12:00,1026.22,D0540,M050,Jaipur,0,,14,0,0,0,0.15366116115637127,1.1492382969506867,90900.0,0,1,0,
T001438,U0048,2026-07-15 19:21:00,396.93,D0540,M055,Jaipur,0,,19,0,0,0,-0.5955624040675421,0.4410477765131544,104940.0,0,1,0,
T001460,U0048,2026-07-15 21:40:00,590.25,D0540,M008,Jaipur,0,,21,0,0,0,-0.3426352373152924,0.67471138221847,8340.0,0,1,0,
T001449,U0048,2026-07-16 10:26:00,575.36,D0540,M050,Jaipur,0,,10,0,0,0,-0.3517669343263202,0.6680385824422248,45960.0,0,1,0,
T001445,U0048,2026-07-18 10:35:00,897.55,D0540,M008,Jaipur,0,,10,0,0,0,0.06188248158957413,1.058092441248033,173340.0,0,1,0,
T001442,U0048,2026-07-20 16:18:00,771.45,D0540,M008,Jaipur,0,,16,0,0,0,-0.10138192301570736,0.9071460295383194,193380.0,0,1,0,
T001434,U0048,2026-07-21 09:29:00,726.53,D0540,M008,Jaipur,0,,9,0,0,0,-0.1581264421477512,0.857642867162162,61860.0,0,1,0,
T007621,U0048,2026-07-21 13:33:00,1234.06,D0540,M046,Jaipur,1,zero_day_drain,13,0,0,1,0.5240167345394631,1.4651067463993763,14640.0,0,1,0,
T001459,U0048,2026-07-21 18:46:00,1169.67,D0540,M055,Jaipur,0,,18,0,0,0,0.4237751710548256,1.3642565312595447,18780.0,0,1,0,
T001470,U0048,2026-07-21 19:17:00,766.13,D0540,M008,Jaipur,0,,19,0,0,0,-0.14168699214213407,0.8816886906316292,1860.0,1,1,0,
T001440,U0048,2026-07-22 15:02:00,506.5,D0540,M055,Jaipur,0,,15,0,0,0,-0.5033452018189978,0.5853710074023557,71100.0,0,1,0,
T007568,U0048,2026-07-22 15:09:00,4394.71,D0202,M045,Jaipur,1,device_ring,15,0,1,1,5.035184516436247,5.152715278707751,420.0,1,5,60,new device + amount >3x user avg; device shared by 5 users; amount z-score 5.0
T001464,U0048,2026-07-23 12:05:00,740.9,D0540,M050,Jaipur,0,,12,0,0,0,-0.2448881539449855,0.7630650027261217,75360.0,0,1,0,
T001451,U0048,2026-07-24 11:03:00,598.6,D0540,M008,Jaipur,0,,11,0,0,0,-0.39450502666428394,0.6212562113816865,82680.0,0,1,0,
T001463,U0048,2026-07-24 14:54:00,218.53,D0540,M050,Jaipur,0,,14,0,0,0,-0.8037842440669332,0.22951758012501733,13860.0,0,1,0,
T001447,U0048,2026-07-24 20:20:00,854.3,D0540,M050,Jaipur,0,,20,0,0,0,-0.08330279218921417,0.9187036290317758,19560.0,0,1,0,
T007622,U0048,2026-07-25 18:57:00,1406.39,D0540,M011,Jaipur,1,zero_day_drain,18,0,0,1,0.5353893245857306,1.5160393263369596,81420.0,0,1,0,
T001452,U0048,2026-07-26 12:01:00,695.33,D0540,M050,Jaipur,0,,12,0,0,0,-0.2780276327724326,0.7386508143048817,61440.0,0,1,0,
T001444,U0048,2026-07-26 12:06:00,462.73,D0540,M050,Jaipur,0,,12,0,0,0,-0.5401481893108394,0.49515391579595475,300.0,1,1,0,
T001439,U0048,2026-07-27 18:51:00,532.66,D0540,M008,Jaipur,0,,18,0,0,0,-0.44986167728474225,0.5778686980175215,110700.0,0,1,0,
T007623,U0048,2026-07-28 05:19:00,1475.69,D0540,M053,Jaipur,1,zero_day_drain,5,1,0,1,0.6592540386289374,1.6189210566447214,37680.0,0,1,0,
T001468,U0048,2026-07-28 12:18:00,523.41,D0540,M050,Jaipur,0,,12,0,0,0,-0.47395492473180195,0.5652421193490105,25140.0,0,1,0,
T001436,U0048,2026-07-28 12:49:00,413.41,D0540,M055,Jaipur,0,,12,0,0,0,-0.5974689529810288,0.45135643800456327,1860.0,1,1,0,
T001454,U0048,2026-07-28 14:19:00,663.16,D0540,M055,Jaipur,0,,14,0,0,0,-0.2882564340017425,0.7338507700136035,5400.0,0,1,0,
T001471,U0048,2026-07-28 16:32:00,433.02,D0540,M050,Jaipur,0,,16,0,0,0,-0.5634166422395633,0.48223443475687877,7980.0,0,1,0,
T001453,U0048,2026-07-29 11:00:00,437.39,D0540,M008,Jaipur,0,,11,0,0,0,-0.5494439672323858,0.4930378000828741,66480.0,0,1,0,
T001443,U0048,2026-07-29 15:30:00,495.58,D0540,M008,Jaipur,0,,15,0,0,0,-0.46964429741176594,0.5651426358301405,16200.0,0,1,0,
T001457,U0048,2026-07-29 19:44:00,912.84,D0540,M055,Jaipur,0,,19,0,0,0,0.055168828218288425,1.0511293836771227,15240.0,0,1,0,
T001435,U0048,2026-07-30 15:18:00,514.94,D0540,M055,Jaipur,0,,15,0,0,0,-0.44525973941172037,0.5922917578775877,70440.0,0,1,0,
T001492,U0049,2026-07-01 15:03:00,1168.9,D0655,M020,Chennai,0,,15,0,1,1,0.0,1.0,1000000000.0,0,1,0,
T001489,U0049,2026-07-02 09:29:00,2021.28,D0377,M044,Chennai,0,,9,0,1,1,0.0,1.0,66360.0,0,1,0,
T001481,U0049,2026-07-09 10:30:00,1936.52,D0655,M054,Chennai,0,,10,0,0,1,0.0,1.0,608460.0,0,1,0,
T001486,U0049,2026-07-09 19:10:00,1849.0,D0377,M042,Chennai,0,,19,0,0,1,0.36541245203390976,1.0819825612487664,31200.0,0,1,0,
T001487,U0049,2026-07-10 05:27:00,1520.48,D0655,M044,Chennai,0,,5,1,0,0,-0.6619952320697701,0.8718723563961337,37020.0,0,1,0,
T001484,U0049,2026-07-10 14:25:00,722.63,D0377,M054,Chennai,0,,14,0,0,0,-3.1018052345727436,0.42526759059644,32280.0,0,1,0,
T001477,U0049,2026-07-12 14:34:00,1928.3,D0655,M012,Chennai,0,,14,0,0,1,0.8448970210912864,1.255020983453382,173340.0,0,1,0,
T001488,U0049,2026-07-13 18:10:00,1246.18,D0377,M044,Chennai,0,,18,0,0,0,-0.7682432266081014,0.7825579898755906,99360.0,0,1,0,
T001473,U0049,2026-07-14 12:58:00,1057.23,D0377,M042,Chennai,0,,12,0,0,0,-1.1259907957185618,0.6824531657485925,67680.0,0,1,0,
T001491,U0049,2026-07-15 09:33:00,669.39,D0377,M054,Chennai,0,,9,0,0,0,-1.8754310207345062,0.4479016421646809,74100.0,0,1,0,
T001478,U0049,2026-07-17 14:01:00,2255.87,D0655,M020,Chennai,0,,14,0,0,0,1.7390135378315974,1.5976518252611722,188880.0,0,1,0,
T001479,U0049,2026-07-19 10:02:00,1323.55,D0655,M044,Chennai,0,,10,0,0,0,-0.31613648257226573,0.8890599403643882,158460.0,0,1,0,
T001474,U0049,2026-07-20 12:24:00,1380.64,D0377,M054,Chennai,0,,12,0,0,0,-0.18775912389482696,0.9360625508856693,94920.0,0,1,0,
T001485,U0049,2026-07-21 12:16:00,2000.35,D0655,M012,Chennai,0,,12,0,0,0,1.1023340990993657,1.3629240497905388,85920.0,0,1,0,
T001493,U0049,2026-07-21 13:28:00,1384.42,D0655,M044,Chennai,0,,13,0,0,0,-0.24992155088740073,0.9194300649671344,4320.0,0,1,0,
T001480,U0049,2026-07-25 11:13:00,1586.83,D0377,M042,Chennai,0,,11,0,0,0,0.1897717334935415,1.0595470939840297,337500.0,0,1,0,
T001483,U0049,2026-07-27 08:41:00,1386.99,D0377,M012,Chennai,0,,8,0,0,0,-0.2551625146158472,0.9226773963295186,163680.0,0,1,0,
T001472,U0049,2026-07-27 11:04:00,504.5,D0655,M054,Chennai,0,,11,0,0,0,-2.240180841607686,0.3371456558181172,8580.0,0,1,0,
T001490,U0049,2026-07-27 18:21:00,1467.39,D0655,M020,Chennai,0,,18,0,0,0,0.053656228341094486,1.0181150558829193,26220.0,0,1,0,
T001475,U0049,2026-07-29 14:12:00,1416.99,D0655,M044,Chennai,0,,14,0,0,0,-0.054185753891490156,0.9822097040120835,157860.0,0,1,0,
T001482,U0049,2026-07-30 08:02:00,1078.08,D0377,M012,Chennai,0,,8,0,0,0,-0.7868674027432758,0.7479540321666064,64200.0,0,1,0,
T001476,U0049,2026-07-30 13:39:00,1659.07,D0655,M020,Chennai,0,,13,0,0,0,0.514036630241738,1.1650180292980898,20220.0,0,1,0,
T001495,U0050,2026-07-02 17:12:00,4067.07,D0142,M026,Bengaluru,0,,17,0,1,1,0.0,1.0,1000000000.0,0,1,0,
T001510,U0050,2026-07-06 07:10:00,244.14,D0142,M032,Bengaluru,0,,7,0,0,1,0.0,1.0,309480.0,0,1,0,
T001502,U0050,2026-07-07 08:54:00,1125.83,D0142,M023,Bengaluru,0,,8,0,0,1,0.0,1.0,92640.0,0,1,0,
T001512,U0050,2026-07-08 12:14:00,3656.6,D0142,M044,Bengaluru,0,,12,0,0,1,1.128358038767151,2.017605166404364,98400.0,0,1,0,
T001500,U0050,2026-07-08 15:10:00,3706.14,D0142,M032,Bengaluru,0,,15,0,0,0,0.8815628538598236,1.6302118836328636,10560.0,0,1,0,
T001508,U0050,2026-07-08 15:34:00,3363.69,D0142,M008,Bengaluru,0,,15,0,0,1,0.5143803142362575,1.3139639894928026,1440.0,1,1,0,
T001516,U0050,2026-07-12 10:15:00,2745.53,D0142,M026,Bengaluru,0,,10,0,0,0,0.03541571374842317,1.0191611079727954,326460.0,0,1,0,
T001505,U0050,2026-07-12 11:02:00,2506.79,D0142,M044,Bengaluru,0,,11,0,0,0,-0.14412407947405234,0.9279988361893283,2820.0,1,1,0,
T001499,U0050,2026-07-12 13:38:00,20.0,D0142,M053,Bengaluru,0,,13,0,0,1,-2.1020675222762346,0.007471122939673531,9360.0,0,1,0,
T001515,U0050,2026-07-12 23:57:00,1734.39,D0142,M032,Bengaluru,0,,23,0,0,0,-0.4448880409879035,0.7281984938948466,37140.0,0,1,0,
T001497,U0050,2026-07-13 18:54:00,2046.01,D0142,M023,Bengaluru,0,,18,0,0,0,-0.19440473147558668,0.8830358672729189,68220.0,0,1,0,
T001514,U0050,2026-07-13 20:11:00,3657.2,D0142,M053,Bengaluru,0,,20,0,0,0,1.025064909655657,1.5953718615877701,4620.0,0,1,0,
T001498,U0050,2026-07-15 04:08:00,2546.89,D0142,M053,Bengaluru,0,,4,1,0,0,0.1058927622744854,1.0585068115416278,115020.0,0,1,0,
T001501,U0050,2026-07-15 13:16:00,1701.15,D0142,M005,Bengaluru,0,,13,0,0,1,-0.5601773832952511,0.7038431863385699,32880.0,0,1,0,
T001506,U0050,2026-07-16 11:24:00,1136.89,D0142,M032,Bengaluru,0,,11,0,0,0,-0.9870563217598631,0.48054869591295785,79680.0,0,1,0,
T001509,U0050,2026-07-17 13:01:00,2995.01,D0142,M032,Bengaluru,0,,13,0,0,0,0.5728972761876001,1.3113646547854518,92220.0,0,1,0,
T001513,U0050,2026-07-17 20:45:00,2458.49,D0142,M026,Bengaluru,0,,20,0,0,0,0.1072024727520592,1.0559013109192004,27840.0,0,1,0,
T001507,U0050,2026-07-18 11:40:00,4269.21,D0142,M026,Bengaluru,0,,11,0,0,0,1.6407288868903176,1.8275810569480604,53700.0,0,1,0,
T001517,U0050,2026-07-20 11:08:00,4963.54,D0142,M032,Bengaluru,0,,11,0,0,0,2.052714778202951,2.031414906914061,170880.0,0,1,0,
T001511,U0050,2026-07-20 15:22:00,2601.56,D0142,M026,Bengaluru,0,,15,0,0,0,0.019328532128030478,1.0099105984752077,15240.0,0,1,0,
T001504,U0050,2026-07-21 06:50:00,4231.34,D0142,M023,Bengaluru,0,,6,0,0,0,1.2847732959047375,1.6417682562621996,55680.0,0,1,0,
T001503,U0050,2026-07-21 20:31:00,3432.39,D0142,M026,Bengaluru,0,,20,0,0,0,0.5949589603649352,1.2922814529390108,49260.0,0,1,0,
T001494,U0050,2026-07-30 14:42:00,3683.75,D0142,M008,Bengaluru,0,,14,0,0,0,0.772263393920901,1.3687331800799374,756660.0,0,1,0,
T001496,U0050,2026-07-30 15:46:00,2481.69,D0142,M026,Bengaluru,0,,15,0,0,0,-0.1985994524582603,0.9075464101858112,3840.0,0,1,0,
T001531,U0051,2026-07-03 12:45:00,3392.89,D0126,M044,Kolkata,0,,12,0,1,1,0.0,1.0,1000000000.0,0,1,0,
T007348,U0051,2026-07-06 02:00:00,136.0,D0126,M053,Kolkata,1,velocity_burst,2,1,0,1,0.0,1.0,220500.0,0,1,0,
T007349,U0051,2026-07-06 02:01:00,131.78,D0126,M010,Kolkata,1,velocity_burst,2,1,0,1,0.0,1.0,60.0,1,1,0,
T007351,U0051,2026-07-06 02:03:00,37.19,D0126,M033,Kolkata,1,velocity_burst,2,1,0,1,-0.7700494315852748,0.030478027221400972,120.0,2,1,0,
T007350,U0051,2026-07-06 02:04:00,33.65,D0126,M004,Kolkata,1,velocity_burst,2,1,0,1,-0.6248293397061934,0.03639943098289342,60.0,3,1,0,
T007353,U0051,2026-07-06 02:05:00,17.61,D0126,M036,Kolkata,1,velocity_burst,2,1,0,1,-0.5503600923875691,0.02359634568365575,60.0,4,1,0,
T007352,U0051,2026-07-06 02:08:00,111.51,D0126,M005,Kolkata,1,velocity_burst,2,1,0,1,-0.41438786522241516,0.17845787782979813,180.0,5,1,30,5 txns in last 1h (velocity)
T001523,U0051,2026-07-06 08:54:00,2660.98,D0126,M058,Kolkata,0,,8,0,0,1,1.8171112843527393,4.824823918952666,24360.0,0,1,0,
T001532,U0051,2026-07-07 13:51:00,2969.89,D0126,M044,Kolkata,0,,13,0,0,0,1.6693978274546628,3.643137196314238,104220.0,0,1,0,
T001530,U0051,2026-07-07 21:39:00,4829.68,D0126,M058,Kolkata,0,,21,0,0,0,2.710803877192409,4.579583833828557,28080.0,0,1,0,
T001526,U0051,2026-07-08 13:28:00,3419.92,D0126,M001,Kolkata,0,,13,0,0,1,1.1423380689296254,2.388015511020729,56940.0,0,1,0,
T001519,U0051,2026-07-08 16:05:00,3608.56,D0126,M044,Kolkata,0,,16,0,0,0,1.1373048913103658,2.237412560404285,9420.0,0,1,0,
T001522,U0051,2026-07-09 11:26:00,3020.07,D0126,M044,Kolkata,0,,11,0,0,0,0.7017594060203928,1.6974902635278555,69660.0,0,1,0,
T001525,U0051,2026-07-14 11:33:00,3993.59,D0126,M001,Kolkata,0,,11,0,0,0,1.2242706689358065,2.1303752635874558,432420.0,0,1,0,
T001520,U0051,2026-07-14 17:39:00,3181.08,D0126,M044,Kolkata,0,,17,0,0,0,0.6582404102587871,1.5701659741531553,21960.0,0,1,0,
T001521,U0051,2026-07-21 12:34:00,3919.07,D0126,M058,Kolkata,0,,12,0,0,0,1.0560743188294675,1.8635970242593314,586500.0,0,1,0,
T001528,U0051,2026-07-21 16:14:00,4794.13,D0126,M058,Kolkata,0,,16,0,0,0,1.4967893179929077,2.1629603635908343,13200.0,0,1,0,
T001529,U0051,2026-07-21 16:57:00,2273.67,D0126,M038,Kolkata,0,,16,0,0,1,-0.053125077748407655,0.9601265347084241,2580.0,1,1,0,
T001534,U0051,2026-07-22 13:51:00,4347.8,D0126,M058,Kolkata,0,,13,0,0,0,1.149064287101073,1.8400673191014234,75240.0,0,1,0,
T001518,U0051,2026-07-25 13:33:00,4015.29,D0126,M001,Kolkata,0,,13,0,0,0,0.8902435750807902,1.6273895785278931,258120.0,0,1,0,
T001527,U0051,2026-07-26 13:43:00,4756.61,D0126,M044,Kolkata,0,,13,0,0,0,1.2799988147217958,1.8692090825509118,87000.0,0,1,0,
T001533,U0051,2026-07-28 15:50:00,1658.82,D0126,M038,Kolkata,0,,15,0,0,0,-0.5661087656613474,0.6259589003903232,180420.0,0,1,0,
T001524,U0051,2026-07-28 19:31:00,310.79,D0126,M058,Kolkata,0,,19,0,0,0,-1.331434326067597,0.11930561946528292,13260.0,0,1,0,
T001568,U0052,2026-07-01 16:47:00,1669.68,D0111,M002,Pune,0,,16,0,1,1,0.0,1.0,1000000000.0,0,2,0,
T001557,U0052,2026-07-02 17:47:00,1967.76,D0111,M059,Pune,0,,17,0,0,1,0.0,1.0,90000.0,0,2,0,
T001547,U0052,2026-07-03 11:40:00,1191.45,D0111,M001,Pune,0,,11,0,0,1,0.0,1.0,64380.0,0,2,0,
T001569,U0052,2026-07-03 15:15:00,1282.24,D0573,M001,Pune,0,,15,0,1,0,-1.023864582055655,0.796605430566897,12900.0,0,2,0,
T001552,U0052,2026-07-04 08:18:00,1087.57,D0111,M033,Pune,0,,8,0,0,1,-1.4150322013025851,0.7118617992339472,61380.0,0,2,0,
T001559,U0052,2026-07-04 12:54:00,1192.93,D0111,M040,Pune,0,,12,0,0,1,-0.749524539343519,0.8285732140326911,16560.0,0,2,0,
T001539,U0052,2026-07-04 15:41:00,1395.02,D0573,M033,Pune,0,,15,0,0,0,-0.011404268839315512,0.9974367308872507,10020.0,0,2,0,
T001571,U0052,2026-07-06 14:30:00,1386.38,D0573,M002,Pune,0,,14,0,0,0,-0.040244866700210116,0.9916222602278251,168540.0,0,2,0,
T001570,U0052,2026-07-07 16:02:00,822.63,D0111,M033,Pune,0,,16,0,0,0,-2.108194172553637,0.5890112167682277,91920.0,0,2,0,
T001554,U0052,2026-07-08 06:27:00,652.14,D0573,M001,Pune,0,,6,0,0,0,-2.169641449992454,0.4892819566073449,51900.0,0,2,0,
T001550,U0052,2026-07-08 11:18:00,2437.4,D0111,M002,Pune,0,,11,0,0,0,3.2485835908718506,1.927133571113448,17460.0,0,2,15,amount z-score 3.2
T001556,U0052,2026-07-09 12:06:00,1754.51,D0111,M001,Pune,0,,12,0,0,0,0.7952738321036974,1.27937382241713,89280.0,0,2,0,
T001542,U0052,2026-07-10 13:34:00,1715.65,D0573,M033,Pune,0,,13,0,0,0,0.6599974963607192,1.222574497145682,91680.0,0,2,0,
T001537,U0052,2026-07-11 11:06:00,1798.48,D0111,M040,Pune,0,,11,0,0,0,0.8029360133145234,1.2600262125671322,77520.0,0,2,0,
T001561,U0052,2026-07-11 18:47:00,1051.2,D0573,M040,Pune,0,,18,0,0,0,-0.8838465708080356,0.7230478371588522,27660.0,0,2,0,
T001536,U0052,2026-07-12 12:58:00,1136.96,D0111,M033,Pune,0,,12,0,0,0,-0.6424999951622283,0.7967469338085235,65460.0,0,2,0,
T001564,U0052,2026-07-13 05:55:00,2181.73,D0573,M002,Pune,0,,5,1,0,0,1.7457907660578298,1.5485617946598798,61020.0,0,2,0,
T001563,U0052,2026-07-16 08:56:00,1476.01,D0573,M002,Pune,0,,8,0,0,0,0.04646947339223177,1.0149022814416215,270060.0,0,2,0,
T001548,U0052,2026-07-16 14:27:00,1832.27,D0111,M059,Pune,0,,14,0,0,0,0.8311215940258833,1.2588239416628246,19860.0,0,2,0,
T001540,U0052,2026-07-17 07:00:00,1245.09,D0573,M059,Pune,0,,7,0,0,0,-0.5127149155179965,0.8439177206331462,59580.0,0,2,0,
T001549,U0052,2026-07-17 10:11:00,1916.8,D0573,M001,Pune,0,,10,0,0,0,1.027944889224411,1.3094193063456288,11460.0,0,2,0,
T001560,U0052,2026-07-18 09:45:00,951.71,D0573,M059,Pune,0,,9,0,0,0,-1.2110640683440141,0.6406993029581205,84840.0,0,2,0,
T001553,U0052,2026-07-18 11:51:00,1652.29,D0111,M033,Pune,0,,11,0,0,0,0.42979908471408984,1.1308038632684934,7560.0,0,2,0,
T001545,U0052,2026-07-19 19:15:00,474.46,D0111,M059,Pune,0,,19,0,0,0,-2.278717961402777,0.3228774566636927,113040.0,0,2,0,
T001573,U0052,2026-07-20 06:17:00,928.21,D0573,M002,Pune,0,,6,0,0,0,-1.0601645657490684,0.6500001746130116,39720.0,0,2,0,
T001535,U0052,2026-07-20 09:03:00,1384.4,D0111,M001,Pune,0,,9,0,0,0,-0.05002867906293085,0.9832227141611466,9960.0,0,2,0,
T001566,U0052,2026-07-20 13:51:00,920.03,D0573,M001,Pune,0,,13,0,0,0,-1.0519315958706346,0.6538417274361606,17280.0,0,2,0,
T001555,U0052,2026-07-20 16:02:00,1008.98,D0573,M001,Pune,0,,16,0,0,0,-0.8198752397330997,0.7263687503103063,7860.0,0,2,0,
T001558,U0052,2026-07-22 16:04:00,1283.64,D0573,M040,Pune,0,,16,0,0,0,-0.19940011828002743,0.933217495929268,172920.0,0,2,0,
T001546,U0052,2026-07-23 07:55:00,1360.7,D0573,M002,Pune,0,,7,0,0,0,-0.025678456130515857,0.9915241155437384,57060.0,0,2,0,
T001543,U0052,2026-07-24 14:24:00,1811.78,D0573,M001,Pune,0,,14,0,0,0,0.9875803584679512,1.3205932594037415,109740.0,0,2,0,
T001538,U0052,2026-07-24 19:17:00,1262.87,D0573,M002,Pune,0,,19,0,0,0,-0.2770163746131925,0.9110746768510355,17580.0,0,2,0,
T001567,U0052,2026-07-26 10:17:00,1180.05,D0111,M059,Pune,0,,10,0,0,0,-0.46120669953933535,0.8536980440762096,140400.0,0,2,0,
T001574,U0052,2026-07-26 15:22:00,1374.27,D0111,M040,Pune,0,,15,0,0,0,-0.0043449394347832284,0.9986323298262288,18300.0,0,2,0,
T001551,U0052,2026-07-26 18:45:00,1097.59,D0573,M002,Pune,0,,18,0,0,0,-0.6526107960975948,0.797611060031073,12180.0,0,2,0,
T001565,U0052,2026-07-27 19:48:00,864.25,D0573,M040,Pune,0,,19,0,0,0,-1.1907535562229812,0.6316973119258228,90180.0,0,2,0,
T001572,U0052,2026-07-28 12:52:00,1501.89,D0111,M033,Pune,0,,12,0,0,0,0.3473246360786671,1.1091077924892634,61440.0,0,2,0,
T001562,U0052,2026-07-29 09:22:00,1939.31,D0573,M001,Pune,0,,9,0,0,0,1.382816797590749,1.4279206660315935,73800.0,0,2,0,
T001541,U0052,2026-07-30 06:42:00,1157.98,D0573,M033,Pune,0,,6,0,0,0,-0.5069138908979595,0.8431301347962555,76800.0,0,2,0,
T001544,U0052,2026-07-30 10:21:00,1990.37,D0111,M059,Pune,0,,10,0,0,0,1.4788269602482047,1.4550494653580042,13140.0,0,2,0,
T001578,U0053,2026-07-02 13:12:00,3885.84,D0284,M018,Lucknow,0,,13,0,1,1,0.0,1.0,1000000000.0,0,1,0,
T001584,U0053,2026-07-03 10:31:00,4759.5,D0284,M018,Lucknow,0,,10,0,0,0,0.0,1.0,76740.0,0,1,0,
T001591,U0053,2026-07-06 09:42:00,3542.82,D0284,M030,Lucknow,0,,9,0,0,1,0.0,1.0,256260.0,0,1,0,
T001592,U0053,2026-07-06 13:16:00,3015.77,D0284,M055,Lucknow,0,,13,0,0,1,-2.0439759143569756,0.7423031858601373,12840.0,0,1,0,
T001589,U0053,2026-07-10 09:57:00,4133.95,D0284,M018,Lucknow,0,,9,0,0,0,0.5249667562638037,1.0876003767216502,333660.0,0,1,0,
T001575,U0053,2026-07-10 14:56:00,3478.54,D0284,M045,Lucknow,0,,14,0,0,1,-0.6676121544411957,0.8994108969288747,17940.0,0,1,0,
T001585,U0053,2026-07-11 08:08:00,1856.63,D0284,M030,Lucknow,0,,8,0,0,0,-3.5296536018966096,0.4882352269580674,61920.0,0,1,0,
T001590,U0053,2026-07-11 14:35:00,3744.3,D0284,M045,Lucknow,0,,14,0,0,0,0.2580023391024857,1.062296716156451,23220.0,0,1,0,
T001587,U0053,2026-07-13 15:01:00,2391.96,D0284,M001,Lucknow,0,,15,0,0,1,-1.4513309846036362,0.6733801707271424,174360.0,0,1,0,
T001588,U0053,2026-07-17 16:24:00,133.05,D0284,M055,Lucknow,0,,16,0,0,0,-3.929751781198081,0.03886649845940081,350580.0,0,1,0,
T001583,U0053,2026-07-20 11:56:00,2435.77,D0284,M045,Lucknow,0,,11,0,0,0,-0.5197210622109437,0.7871959343801844,243120.0,0,1,0,
T001577,U0053,2026-07-21 09:30:00,6726.16,D0284,M045,Lucknow,0,,9,0,0,0,3.0192697638267667,2.2166538381753806,77640.0,0,1,15,amount z-score 3.0
T001576,U0053,2026-07-21 11:29:00,4869.74,D0284,M018,Lucknow,0,,11,0,0,0,0.9837558560486257,1.457122915840538,7140.0,0,1,0,
T001581,U0053,2026-07-21 12:23:00,2986.67,D0284,M045,Lucknow,0,,12,0,0,0,-0.3057569408162061,0.8633140056334051,3240.0,1,1,0,
T001579,U0053,2026-07-22 13:00:00,3260.89,D0284,M055,Lucknow,0,,13,0,0,0,-0.11026404186622948,0.9518722618033889,88620.0,0,1,0,
T001580,U0053,2026-07-26 22:24:00,4295.36,D0284,M055,Lucknow,0,,22,0,0,0,0.6093391616305619,1.2578758289450187,379440.0,0,1,0,
T001586,U0053,2026-07-29 08:02:00,3695.24,D0284,M055,Lucknow,0,,8,0,0,0,0.159269427171933,1.0649691667672756,207480.0,0,1,0,
T001582,U0053,2026-07-30 13:45:00,5009.91,D0284,M045,Lucknow,0,,13,0,0,0,1.1111014747958348,1.4383604115224902,106980.0,0,1,0,
T001606,U0054,2026-07-01 20:31:00,1307.65,D0700,M040,Lucknow,0,,20,0,1,1,0.0,1.0,1000000000.0,0,1,0,
T001611,U0054,2026-07-03 11:20:00,3407.47,D0255,M007,Lucknow,0,,11,0,1,1,0.0,1.0,139740.0,0,2,0,
T001608,U0054,2026-07-04 12:53:00,2139.93,D0700,M040,Lucknow,0,,12,0,0,0,0.0,1.0,91980.0,0,1,0,
T001604,U0054,2026-07-04 16:01:00,3196.35,D0255,M007,Lucknow,0,,16,0,0,0,1.0555597704972512,1.3988300589789295,11280.0,0,2,0,
T001612,U0054,2026-07-06 08:27:00,303.69,D0700,M060,Lucknow,0,,8,0,0,1,-2.6130214964846457,0.1208548062475457,145560.0,0,1,0,
T001597,U0054,2026-07-06 15:35:00,3264.75,D0700,M040,Lucknow,0,,15,0,0,0,1.026382353131348,1.5763986592215042,25680.0,0,1,0,
T001607,U0054,2026-07-07 08:18:00,3294.02,D0255,M007,Lucknow,0,,8,0,0,0,0.8895845064268867,1.4511271785346405,60180.0,0,2,0,
T001605,U0054,2026-07-07 17:47:00,3511.93,D0700,M007,Lucknow,0,,17,0,0,0,0.9744526258345025,1.4534535576045815,34140.0,0,1,0,
T001610,U0054,2026-07-08 22:26:00,3506.54,D0255,M040,Lucknow,0,,22,0,0,0,0.8569596941346548,1.3733774795987317,103140.0,0,2,0,
T001593,U0054,2026-07-08 22:43:00,3228.73,D0255,M060,Lucknow,0,,22,0,0,0,0.5221835609940665,1.2141972799586258,1020.0,1,2,0,
T001617,U0054,2026-07-12 10:55:00,4349.33,D0700,M007,Lucknow,0,,10,0,0,0,1.5572182324597306,1.6013108466306871,303120.0,0,1,0,
T001596,U0054,2026-07-13 10:56:00,3647.67,D0255,M040,Lucknow,0,,10,0,0,0,0.7088455105266852,1.2733695135475294,86460.0,0,2,0,
T001609,U0054,2026-07-14 11:08:00,3459.25,D0255,M060,Lucknow,0,,11,0,0,0,0.4903668005971606,1.1806965454246237,87120.0,0,2,0,
T001599,U0054,2026-07-17 11:54:00,2718.15,D0255,M007,Lucknow,0,,11,0,0,0,-0.24112335520525716,0.9150287782371334,261960.0,0,2,0,
T001595,U0054,2026-07-17 13:27:00,446.09,D0255,M007,Lucknow,0,,13,0,0,0,-2.4795848764907698,0.15108722626734475,5580.0,0,2,0,
T001616,U0054,2026-07-18 07:14:00,1192.56,D0255,M040,Lucknow,0,,7,0,0,0,-1.3737016149167356,0.42814112912464675,64020.0,0,2,0,
T001601,U0054,2026-07-18 12:53:00,2659.47,D0700,M060,Lucknow,0,,12,0,0,0,-0.022249200499935604,0.9901664044737014,20340.0,0,1,0,
T001619,U0054,2026-07-19 11:55:00,3031.99,D0700,M060,Lucknow,0,,11,0,0,0,0.3018771582513604,1.1295153696203155,82920.0,0,1,0,
T001614,U0054,2026-07-19 12:33:00,2817.04,D0255,M007,Lucknow,0,,12,0,0,0,0.10106270969426784,1.0419423831107915,2280.0,1,2,0,
T001602,U0054,2026-07-20 10:11:00,2649.12,D0700,M040,Lucknow,0,,10,0,0,0,-0.05537369615477541,0.9776753739063379,77880.0,0,1,0,
T001613,U0054,2026-07-21 12:45:00,1103.81,D0255,M060,Lucknow,0,,12,0,0,0,-1.5051862630368429,0.40782365521743946,95640.0,0,2,0,
T001620,U0054,2026-07-25 17:48:00,3206.02,D0255,M060,Lucknow,0,,17,0,0,0,0.526384627914805,1.2188967460878117,363780.0,0,2,0,
T001598,U0054,2026-07-28 18:40:00,1102.76,D0700,M060,Lucknow,0,,18,0,0,0,-1.4448026384702755,0.4151278643292066,262320.0,0,1,0,
T001600,U0054,2026-07-28 18:46:00,1719.61,D0700,M060,Lucknow,0,,18,0,0,0,-0.7913946320389075,0.6642284265690287,360.0,1,1,0,
T001618,U0054,2026-07-29 07:24:00,2015.53,D0255,M060,Lucknow,0,,7,0,0,0,-0.4931361098343863,0.7895791207167105,45480.0,0,2,0,
T001594,U0054,2026-07-29 09:00:00,3895.18,D0700,M060,Lucknow,0,,9,0,0,0,1.271925197968083,1.5388800720095905,5760.0,0,1,0,
T001603,U0054,2026-07-29 13:02:00,2172.56,D0255,M007,Lucknow,0,,13,0,0,0,-0.3792991698731756,0.8408911454998024,14520.0,0,2,0,
T001615,U0054,2026-07-29 23:55:00,3761.65,D0255,M060,Lucknow,0,,23,0,0,0,1.1189812755150927,1.4645804006572198,39180.0,0,2,0,
T001649,U0055,2026-07-01 12:06:00,453.12,D0612,M047,Kolkata,0,,12,0,1,1,0.0,1.0,1000000000.0,0,1,0,
T001647,U0055,2026-07-01 14:56:00,561.76,D0612,M052,Kolkata,0,,14,0,0,1,0.0,1.0,10200.0,0,1,0,
T001621,U0055,2026-07-03 13:02:00,214.36,D0612,M057,Kolkata,0,,13,0,0,1,0.0,1.0,165960.0,0,1,0,
T001651,U0055,2026-07-06 10:59:00,600.95,D0612,M014,Kolkata,0,,10,0,0,1,1.317701308353256,1.4666379190394767,251820.0,0,1,0,
T001643,U0055,2026-07-07 10:14:00,661.39,D0612,M057,Kolkata,0,,10,0,0,0,1.3545601637124514,1.4455111186368386,83700.0,0,1,0,
T001624,U0055,2026-07-07 12:53:00,412.6,D0612,M002,Kolkata,0,,12,0,0,1,-0.5446800956981194,0.8279886641649302,9540.0,0,1,0,
T001648,U0055,2026-07-07 13:18:00,475.81,D0612,M047,Kolkata,0,,13,0,0,0,-0.055854991089011506,0.9830175795239602,1500.0,1,1,0,
T001630,U0055,2026-07-07 13:50:00,340.94,D0612,M009,Kolkata,0,,13,0,0,1,-1.0413513732481425,0.7060908449603,1920.0,2,1,0,
T001625,U0055,2026-07-07 16:31:00,403.73,D0612,M057,Kolkata,0,,16,0,0,0,-0.4518876263020322,0.86801955238498,9660.0,0,1,0,
T001631,U0055,2026-07-08 15:35:00,271.56,D0612,M009,Kolkata,0,,15,0,0,0,-1.4417527844194018,0.5925433841012616,83040.0,0,1,0,
T001633,U0055,2026-07-09 13:23:00,423.39,D0612,M009,Kolkata,0,,13,0,0,0,-0.12020024185253005,0.9630773688234952,78480.0,0,1,0,
T001622,U0055,2026-07-09 14:20:00,627.81,D0612,M057,Kolkata,0,,14,0,0,0,1.4720707893433032,1.4328773457268011,3420.0,1,1,0,
T001646,U0055,2026-07-09 14:48:00,479.92,D0612,M047,Kolkata,0,,14,0,0,0,0.1937469041651753,1.0572050598840441,1680.0,1,1,0,
T001639,U0055,2026-07-10 06:01:00,448.85,D0612,M047,Kolkata,0,,6,0,0,0,-0.05504994964386636,0.9844297757851604,54780.0,0,1,0,
T001629,U0055,2026-07-13 12:40:00,533.82,D0612,M009,Kolkata,0,,12,0,0,0,0.630644133473921,1.1720917951928527,283140.0,0,1,0,
T001642,U0055,2026-07-13 18:45:00,608.29,D0612,M047,Kolkata,0,,18,0,0,0,1.2135094570578455,1.3204539472726073,21900.0,0,1,0,
T001634,U0055,2026-07-16 12:32:00,336.04,D0612,M014,Kolkata,0,,12,0,0,0,-1.0874672397918432,0.7151403892579112,236820.0,0,1,0,
T001628,U0055,2026-07-17 10:18:00,445.3,D0612,M057,Kolkata,0,,10,0,0,0,-0.13538889060387577,0.963811088342905,78360.0,0,1,0,
T001640,U0055,2026-07-18 13:59:00,495.27,D0612,M014,Kolkata,0,,13,0,0,0,0.28463969862949007,1.0741261043449752,99660.0,0,1,0,
T001644,U0055,2026-07-18 16:47:00,292.55,D0612,M027,Kolkata,0,,16,0,0,1,-1.454356014325562,0.6320076030331017,10080.0,0,1,0,
T001626,U0055,2026-07-19 07:15:00,267.92,D0612,M009,Kolkata,0,,7,0,0,0,-1.55321544377167,0.5896477110443454,52080.0,0,1,0,
T001638,U0055,2026-07-19 13:27:00,365.33,D0612,M052,Kolkata,0,,13,0,0,0,-0.6480728912401358,0.8200554101253863,22320.0,0,1,0,
T001637,U0055,2026-07-19 14:55:00,484.45,D0612,M027,Kolkata,0,,14,0,0,0,0.34917499634267696,1.0964116793813357,5280.0,0,1,0,
T001650,U0055,2026-07-21 05:53:00,489.15,D0612,M002,Kolkata,0,,5,1,0,0,0.37988456686458844,1.1024275929671035,140280.0,0,1,0,
T001641,U0055,2026-07-21 14:20:00,247.58,D0612,M047,Kolkata,0,,14,0,0,0,-1.6857121852453003,0.5556150875246031,30420.0,0,1,0,
T001627,U0055,2026-07-23 10:14:00,406.1,D0612,M052,Kolkata,0,,10,0,0,0,-0.25996884192602454,0.9278561543575741,158040.0,0,1,0,
T001623,U0055,2026-07-23 20:36:00,430.42,D0612,M009,Kolkata,0,,20,0,0,0,-0.050657358258829235,0.9861587800447366,37320.0,0,1,0,
T001636,U0055,2026-07-25 11:58:00,233.37,D0612,M027,Kolkata,0,,11,0,0,0,-1.7334427059668938,0.5349609994520527,141720.0,0,1,0,
T001632,U0055,2026-07-27 14:14:00,488.16,D0612,M047,Kolkata,0,,14,0,0,0,0.4892654742608022,1.1379229363290166,180960.0,0,1,0,
T001645,U0055,2026-07-29 17:47:00,572.77,D0612,M057,Kolkata,0,,17,0,0,0,1.1878966537161306,1.3288327753144293,185580.0,0,1,0,
T001635,U0055,2026-07-30 15:22:00,219.82,D0612,M014,Kolkata,0,,15,0,0,0,-1.7988766456665601,0.5044554637000541,77700.0,0,1,0,
T001653,U0056,2026-07-02 12:07:00,920.89,D0005,M003,Kolkata,0,,12,0,1,1,0.0,1.0,1000000000.0,0,3,20,device shared by 3 users
T001664,U0056,2026-07-04 14:27:00,645.43,D0005,M037,Kolkata,0,,14,0,0,1,0.0,1.0,181200.0,0,3,20,device shared by 3 users
T001666,U0056,2026-07-04 18:20:00,1116.9,D0005,M037,Kolkata,0,,18,0,0,0,0.0,1.0,13980.0,0,3,20,device shared by 3 users
T001662,U0056,2026-07-04 18:30:00,1436.91,D0005,M003,Kolkata,0,,18,0,0,0,2.8052925629149645,1.6065510823489488,600.0,1,3,20,device shared by 3 users
T001670,U0056,2026-07-06 16:18:00,988.79,D0005,M049,Kolkata,0,,16,0,0,1,-0.14295549042181926,0.9599600003301253,164880.0,0,3,20,device shared by 3 users
T001667,U0056,2026-07-07 19:45:00,468.0,D0005,M037,Kolkata,0,,19,0,0,0,-2.1417340423379962,0.45802243873654075,98820.0,0,3,20,device shared by 3 users
T001661,U0056,2026-07-10 18:03:00,1101.2,D0005,M049,Kolkata,0,,18,0,0,0,0.5476567429296229,1.1847399627198454,253080.0,0,3,20,device shared by 3 users
T001663,U0056,2026-07-13 12:04:00,2849.04,D0005,M049,Kolkata,0,,12,0,0,0,6.392665819974694,2.9863614279311346,237660.0,0,3,35,device shared by 3 users; amount z-score 6.4
T001665,U0056,2026-07-13 13:02:00,1175.99,D0005,M003,Kolkata,0,,13,0,0,0,-0.021748850985462174,0.9874842022281693,3480.0,1,3,20,device shared by 3 users
T001668,U0056,2026-07-14 18:41:00,178.5,D0005,M003,Kolkata,0,,18,0,0,0,-1.564257197688341,0.1500959996495551,106740.0,0,3,20,device shared by 3 users
T001652,U0056,2026-07-15 17:09:00,1271.68,D0005,M003,Kolkata,0,,17,0,0,0,0.26834214629878533,1.1686462979707615,80880.0,0,3,20,device shared by 3 users
T001654,U0056,2026-07-19 20:50:00,1753.83,D0005,M049,Kolkata,0,,20,0,0,0,0.9920403803744741,1.5873945644970275,358860.0,0,3,20,device shared by 3 users
T001656,U0056,2026-07-23 11:49:00,1358.84,D0005,M049,Kolkata,0,,11,0,0,0,0.3068383080577958,1.1724953179462991,313140.0,0,3,20,device shared by 3 users
T001655,U0056,2026-07-24 10:30:00,1407.78,D0005,M049,Kolkata,0,,10,0,0,0,0.3716417648394073,1.1988169778865043,81660.0,0,3,20,device shared by 3 users
T001658,U0056,2026-07-25 08:20:00,1264.33,D0005,M003,Kolkata,0,,8,0,0,0,0.12056588675963537,1.0615841150079839,78600.0,0,3,20,device shared by 3 users
T001660,U0056,2026-07-26 23:25:00,879.29,D0005,M037,Kolkata,0,,23,0,0,0,-0.5384060680249624,0.73526976860834,140700.0,0,3,20,device shared by 3 users
T001671,U0056,2026-07-28 09:44:00,1495.27,D0005,M003,Kolkata,0,,9,0,0,0,0.5556169061346244,1.2713934964265892,123540.0,0,3,20,device shared by 3 users
T001657,U0056,2026-07-29 16:58:00,1857.78,D0005,M003,Kolkata,0,,16,0,0,0,1.178832639454138,1.5548059400151872,112440.0,0,3,20,device shared by 3 users
T001659,U0056,2026-07-30 10:53:00,1767.74,D0005,M003,Kolkata,0,,10,0,0,0,0.9450613606636162,1.4352130865258108,64500.0,0,3,20,device shared by 3 users
T001669,U0056,2026-07-30 13:17:00,969.16,D0005,M003,Kolkata,0,,13,0,0,0,-0.5146756089534072,0.7692327609307376,8640.0,0,3,20,device shared by 3 users
T001712,U0057,2026-07-01 16:34:00,2472.58,D0052,M050,Delhi,0,,16,0,1,1,0.0,1.0,1000000000.0,0,1,0,
T001679,U0057,2026-07-01 16:42:00,2032.58,D0052,M007,Delhi,0,,16,0,0,1,0.0,1.0,480.0,1,1,0,
T001672,U0057,2026-07-02 17:55:00,1563.78,D0220,M052,Delhi,0,,17,0,1,1,0.0,1.0,90780.0,0,2,0,
T001675,U0057,2026-07-03 10:10:00,2659.21,D0220,M050,Delhi,0,,10,0,0,0,1.7145445342391805,1.3145013785037414,58500.0,0,2,0,
T001704,U0057,2026-07-04 10:59:00,3159.42,D0052,M042,Delhi,0,,10,0,0,1,2.3090288531000587,1.4479219530150507,89340.0,0,1,0,
T001705,U0057,2026-07-05 11:30:00,1767.08,D0220,M050,Delhi,0,,11,0,0,0,-1.1216553527795552,0.743246937455154,88260.0,0,2,0,
T001677,U0057,2026-07-05 18:20:00,2909.91,D0052,M052,Delhi,0,,18,0,0,0,1.160531400183654,1.278645735506082,24600.0,0,1,0,
T001682,U0057,2026-07-06 11:29:00,1289.97,D0220,M050,Delhi,0,,11,0,0,0,-1.9485371064486372,0.5451270662295957,61740.0,0,2,0,
T001688,U0057,2026-07-06 13:08:00,3500.02,D0052,M052,Delhi,0,,13,0,0,0,2.0210854246849035,1.568238423943621,5940.0,0,1,0,
T001685,U0057,2026-07-07 12:15:00,2534.73,D0052,M060,Delhi,0,,12,0,0,1,0.2271071502679108,1.0682767836543272,83220.0,0,1,0,
T001697,U0057,2026-07-09 08:31:00,1481.4,D0052,M060,Delhi,0,,8,0,0,0,-1.337616133174874,0.6201107774616437,159360.0,0,1,0,
T001684,U0057,2026-07-11 08:19:00,1645.77,D0220,M060,Delhi,0,,8,0,0,0,-0.9471465862268771,0.7135587218060712,172080.0,0,2,0,
T001698,U0057,2026-07-11 17:31:00,2603.73,D0052,M052,Delhi,0,,17,0,0,0,0.5089403006007465,1.1565087191737589,33120.0,0,1,0,
T001701,U0057,2026-07-13 12:24:00,2478.31,D0052,M007,Delhi,0,,12,0,0,0,0.2974739904979647,1.0877054084701656,154380.0,0,1,0,
T001715,U0057,2026-07-13 13:53:00,1849.71,D0052,M045,Delhi,0,,13,0,0,1,-0.6822517246050047,0.8067650530821011,5340.0,0,1,0,
T001710,U0057,2026-07-13 15:09:00,4254.99,D0220,M052,Delhi,0,,15,0,0,0,3.1267183350993655,1.880065805309236,4560.0,0,2,15,amount z-score 3.1
T001689,U0057,2026-07-13 16:04:00,2622.4,D0052,M050,Delhi,0,,16,0,0,0,0.29979601876935275,1.0982957177771613,3300.0,1,1,0,
T001690,U0057,2026-07-14 16:25:00,3005.51,D0220,M053,Delhi,0,,16,0,0,1,0.7931793345721728,1.2515108778274684,87660.0,0,2,0,
T001687,U0057,2026-07-15 14:16:00,2483.9,D0220,M053,Delhi,0,,14,0,0,0,0.06487069647457938,1.0200565347809882,78660.0,0,2,0,
T001692,U0057,2026-07-16 15:40:00,2543.89,D0052,M053,Delhi,0,,15,0,0,0,0.14499018447695852,1.0435908448703826,91440.0,0,1,0,
T001709,U0057,2026-07-16 19:18:00,1907.29,D0220,M007,Delhi,0,,19,0,0,0,-0.7494973023348134,0.7807340687515683,13080.0,0,2,0,
T001691,U0057,2026-07-17 14:52:00,1383.16,D0052,M052,Delhi,0,,14,0,0,0,-1.4634725311150345,0.5721596540843658,70440.0,0,1,0,
T001683,U0057,2026-07-17 22:51:00,2142.85,D0220,M052,Delhi,0,,22,0,0,0,-0.3146298873997473,0.9039941824788602,28740.0,0,2,0,
T001708,U0057,2026-07-20 13:01:00,2193.79,D0220,M053,Delhi,0,,13,0,0,0,-0.23519932430422066,0.9293633205553993,223800.0,0,2,0,
T001695,U0057,2026-07-20 16:17:00,1189.11,D0220,M053,Delhi,0,,16,0,0,0,-1.6759739934691167,0.5052340419317215,11760.0,0,2,0,
T001681,U0057,2026-07-21 07:24:00,2551.34,D0052,M007,Delhi,0,,7,0,0,0,0.3403053518537266,1.105910714180979,54420.0,0,1,0,
T001686,U0057,2026-07-22 11:25:00,2018.52,D0220,M053,Delhi,0,,11,0,0,0,-0.4221582181317089,0.8714034681674394,100860.0,0,2,0,
T001702,U0057,2026-07-23 09:00:00,2469.26,D0220,M042,Delhi,0,,9,0,0,0,0.23591481055101982,1.0710912286230538,77700.0,0,2,0,
T001714,U0057,2026-07-24 09:20:00,1673.28,D0220,M042,Delhi,0,,9,0,0,0,-0.9342127969562377,0.7239807142778772,87600.0,0,2,0,
T001713,U0057,2026-07-24 12:30:00,2716.18,D0052,M050,Delhi,0,,12,0,0,0,0.6269450070275725,1.186506975419485,11400.0,0,1,0,
T001711,U0057,2026-07-24 18:03:00,1413.77,D0220,M045,Delhi,0,,18,0,0,0,-1.3201331966176224,0.6137604555819857,19980.0,0,2,0,
T001674,U0057,2026-07-25 11:17:00,2007.47,D0220,M042,Delhi,0,,11,0,0,0,-0.39228441910379047,0.8824989956050949,62040.0,0,2,0,
T001678,U0057,2026-07-25 13:18:00,1981.91,D0052,M060,Delhi,0,,13,0,0,0,-0.4232035292949182,0.8744736115083335,7260.0,0,1,0,
T001676,U0057,2026-07-25 16:05:00,3311.81,D0220,M052,Delhi,0,,16,0,0,0,1.5879456836781014,1.4668419609318208,10020.0,0,2,0,
T001680,U0057,2026-07-25 18:31:00,1394.28,D0052,M045,Delhi,0,,18,0,0,0,-1.3198142235863501,0.6091795753701639,8760.0,0,1,0,
T001703,U0057,2026-07-26 14:07:00,2336.9,D0220,M050,Delhi,0,,14,0,0,0,0.10764475217304095,1.032552647843144,70560.0,0,2,0,
T001673,U0057,2026-07-27 07:51:00,3168.19,D0052,M053,Delhi,0,,7,0,0,0,1.3377471325573544,1.3985911181111363,63840.0,0,1,0,
T001694,U0057,2026-07-27 10:57:00,2167.17,D0052,M050,Delhi,0,,10,0,0,0,-0.17971121232265996,0.946496493838141,11160.0,0,1,0,
T001700,U0057,2026-07-27 14:51:00,2042.71,D0052,M060,Delhi,0,,14,0,0,0,-0.3622058952858773,0.8933973423318492,14040.0,0,1,0,
T001707,U0057,2026-07-28 14:33:00,988.2,D0052,M060,Delhi,0,,14,0,0,0,-1.9417794142953801,0.4333826465119609,85320.0,0,1,0,
T001693,U0057,2026-07-28 19:17:00,1314.65,D0220,M042,Delhi,0,,19,0,0,0,-1.3579147836044305,0.5848342140427679,17040.0,0,2,0,
T001696,U0057,2026-07-29 09:10:00,2801.33,D0220,M060,Delhi,0,,9,0,0,0,0.8303260918042439,1.2589456419825125,49980.0,0,2,0,
T001699,U0057,2026-07-29 11:10:00,2509.72,D0220,M052,Delhi,0,,11,0,0,0,0.39185651823793854,1.1209819284286526,7200.0,0,2,0,
T001706,U0057,2026-07-29 13:32:00,2601.86,D0052,M045,Delhi,0,,13,0,0,0,0.5212203816211922,1.1588762911784758,8520.0,0,1,0,
T001723,U0058,2026-07-02 16:50:00,813.62,D0493,M010,Pune,0,,16,0,1,1,0.0,1.0,1000000000.0,0,1,0,
T001716,U0058,2026-07-05 10:54:00,988.39,D0493,M050,Pune,0,,10,0,0,1,0.0,1.0,237840.0,0,1,0,
T001721,U0058,2026-07-07 15:09:00,1184.51,D0670,M027,Pune,0,,15,0,1,1,0.0,1.0,188100.0,0,1,0,
T001722,U0058,2026-07-08 16:21:00,1261.65,D0670,M050,Pune,0,,16,0,0,0,1.7567354826656012,1.267344600470771,90720.0,0,1,0,
T001726,U0058,2026-07-08 19:56:00,984.24,D0670,M050,Pune,0,,19,0,0,0,-0.44553257103292887,0.9267425729886114,12900.0,0,1,0,
T001720,U0058,2026-07-09 14:57:00,1343.31,D0493,M010,Pune,0,,14,0,0,0,1.8637677269300055,1.2836436734854075,68460.0,0,1,0,
T001734,U0058,2026-07-11 11:37:00,827.46,D0493,M027,Pune,0,,11,0,0,0,-1.4696992172577135,0.7550138989296864,160800.0,0,1,0,
T001718,U0058,2026-07-11 15:16:00,518.34,D0670,M010,Pune,0,,15,0,0,0,-2.7871809553361055,0.4901110058879054,13140.0,0,1,0,
T007556,U0058,2026-07-12 02:13:00,11828.39,D0060,M014,Ahmedabad,1,account_takeover,2,1,1,1,42.655386362903,11.945576089492343,39420.0,0,1,60,new device + amount >3x user avg; odd hour + new device; amount z-score 42.7
T001728,U0058,2026-07-16 09:30:00,806.16,D0493,M010,Pune,0,,9,0,0,0,-0.40657832387689613,0.3673657245371603,371820.0,0,1,0,
T001719,U0058,2026-07-16 16:51:00,834.21,D0493,M027,Pune,0,,16,0,0,0,-0.37397645400750096,0.4058217351829306,26460.0,0,1,0,
T001727,U0058,2026-07-18 07:00:00,1547.87,D0493,M027,Pune,0,,7,0,0,0,-0.1265911823852827,0.7959956574315085,137340.0,0,1,0,
T001730,U0058,2026-07-18 14:42:00,895.76,D0670,M010,Pune,0,,14,0,0,0,-0.33832387501206523,0.4686132052661894,27720.0,0,1,0,
T001733,U0058,2026-07-21 17:53:00,831.65,D0670,M010,Pune,0,,17,0,0,0,-0.34575773038192514,0.4536162968687466,270660.0,0,1,0,
T001724,U0058,2026-07-22 13:15:00,1098.75,D0493,M050,Pune,0,,13,0,0,0,-0.2365000826838495,0.6236428441628327,69720.0,0,1,0,
T001729,U0058,2026-07-23 07:39:00,1116.08,D0670,M010,Pune,0,,7,0,0,0,-0.22166982715760444,0.6497825864637268,66240.0,0,1,0,
T001717,U0058,2026-07-26 12:46:00,1409.01,D0670,M010,Pune,0,,12,0,0,0,-0.10298700322584269,0.8386842596621943,277620.0,0,1,0,
T001731,U0058,2026-07-27 10:44:00,166.67,D0670,M050,Pune,0,,10,0,0,0,-0.5863548726988406,0.10015730267511243,79080.0,0,1,0,
T001732,U0058,2026-07-29 22:52:00,1047.17,D0670,M027,Pune,0,,22,0,0,0,-0.21302869811140207,0.662391538539122,216480.0,0,1,0,
T001725,U0058,2026-07-30 09:55:00,1811.41,D0493,M050,Pune,0,,9,0,0,0,0.10592212078843898,1.1665427247256808,39780.0,0,1,0,
T001756,U0059,2026-07-01 16:38:00,3711.23,D0090,M029,Mumbai,0,,16,0,1,1,0.0,1.0,1000000000.0,0,2,0,
T001742,U0059,2026-07-02 12:24:00,2237.59,D0090,M043,Mumbai,0,,12,0,0,1,0.0,1.0,71160.0,0,2,0,
T001752,U0059,2026-07-03 14:28:00,3145.02,D0090,M055,Mumbai,0,,14,0,0,1,0.0,1.0,93840.0,0,2,0,
T001762,U0059,2026-07-03 16:04:00,2118.24,D0090,M031,Mumbai,0,,16,0,0,1,-1.5042759631273315,0.698793908613261,5760.0,0,2,0,
T001758,U0059,2026-07-05 11:11:00,1871.2,D0090,M029,Mumbai,0,,11,0,0,0,-1.4167174091528802,0.6675656967600783,155220.0,0,2,0,
T001745,U0059,2026-07-05 16:42:00,1222.28,D0090,M004,Mumbai,0,,16,0,0,1,-2.002176308383675,0.4671152797818608,19860.0,0,2,0,
T001748,U0059,2026-07-06 17:36:00,2742.98,D0090,M036,Mumbai,0,,17,0,0,1,0.4368730008114562,1.150453389667883,89640.0,0,2,0,
T001754,U0059,2026-07-07 09:03:00,3925.78,D0090,M029,Mumbai,0,,9,0,0,0,1.9341844192678899,1.611895211479501,55620.0,0,2,0,
T001750,U0059,2026-07-08 18:24:00,2869.93,D0090,M043,Mumbai,0,,18,0,0,0,0.28419444872965727,1.0946452610259993,120060.0,0,2,0,
T001743,U0059,2026-07-09 09:27:00,2435.67,D0090,M004,Mumbai,0,,9,0,0,0,-0.2584291694386056,0.9193423987638915,54180.0,0,2,0,
T001736,U0059,2026-07-09 13:37:00,3867.23,D0090,M055,Mumbai,0,,13,0,0,0,1.574501691792886,1.4715531852944939,15000.0,0,2,0,
T001760,U0059,2026-07-11 09:55:00,3320.48,D0090,M031,Mumbai,0,,9,0,0,0,0.697994570247034,1.2115665987223594,159480.0,0,2,0,
T001737,U0059,2026-07-11 12:18:00,4894.75,D0090,M055,Mumbai,0,,12,0,0,0,2.5954756742594407,1.755039122248559,8580.0,0,2,0,
T001749,U0059,2026-07-11 15:51:00,2542.49,D0090,M043,Mumbai,0,,15,0,0,0,-0.4252785779496076,0.8615828837730981,12780.0,0,2,0,
T001755,U0059,2026-07-12 10:07:00,4423.7,D0090,M043,Mumbai,0,,10,0,0,0,1.6124059785854288,1.5140446596897479,65760.0,0,2,0,
T001740,U0059,2026-07-12 15:52:00,4284.95,D0090,M043,Mumbai,0,,15,0,0,0,1.2957410733743189,1.4179633281775832,20700.0,0,2,0,
T001759,U0059,2026-07-13 12:22:00,3686.62,D0090,M043,Mumbai,0,,12,0,0,0,0.5904407202241994,1.1889081843210776,73800.0,0,2,0,
T001761,U0059,2026-07-14 14:17:00,2667.23,D0090,M004,Mumbai,0,,14,0,0,0,-0.48140979047333454,0.8507090222565634,93300.0,0,2,0,
T001739,U0059,2026-07-15 13:01:00,3114.36,D0090,M004,Mumbai,0,,13,0,0,0,0.005322666696301744,1.0016279125135001,81840.0,0,2,0,
T001751,U0059,2026-07-16 14:55:00,4690.05,D0090,M004,Mumbai,0,,14,0,0,0,1.7075223815475822,1.508265752735117,93240.0,0,2,0,
T001753,U0059,2026-07-17 13:07:00,3796.39,D0090,M043,Mumbai,0,,13,0,0,0,0.6293969492483814,1.1906175423704284,79920.0,0,2,0,
T001738,U0059,2026-07-18 13:21:00,4416.95,D0090,M004,Mumbai,0,,13,0,0,0,1.2608702449178475,1.3727758199041307,87240.0,0,2,0,
T001746,U0059,2026-07-19 13:06:00,3733.83,D0090,M031,Mumbai,0,,13,0,0,0,0.4798273788806045,1.1411283328401087,85500.0,0,2,0,
T001747,U0059,2026-07-21 10:52:00,3596.46,D0090,M036,Mumbai,0,,10,0,0,0,0.3217271478664302,1.092442248273039,164760.0,0,2,0,
T001741,U0059,2026-07-24 11:49:00,1738.63,D0090,M004,Mumbai,0,,11,0,0,0,-1.6876756397424335,0.5260909574491744,262620.0,0,2,0,
T001744,U0059,2026-07-29 12:13:00,3572.45,D0090,M043,Mumbai,0,,12,0,0,0,0.3441726980105082,1.1018728982843198,433440.0,0,2,0,
T001735,U0059,2026-07-29 15:40:00,3055.85,D0090,M055,Mumbai,0,,15,0,0,0,-0.21100779993218258,0.9388561427466713,12420.0,0,2,0,
T001757,U0059,2026-07-30 16:12:00,4983.29,D0090,M031,Mumbai,0,,16,0,0,0,1.8739102206735334,1.5345031845474062,88320.0,0,2,0,
T001782,U0060,2026-07-01 11:40:00,5473.96,D0156,M011,Ahmedabad,0,,11,0,1,1,0.0,1.0,1000000000.0,0,1,0,
T001776,U0060,2026-07-02 17:17:00,976.24,D0156,M006,Ahmedabad,0,,17,0,0,1,0.0,1.0,106620.0,0,1,0,
T001779,U0060,2026-07-04 12:13:00,3141.51,D0156,M045,Ahmedabad,0,,12,0,0,1,0.0,1.0,154560.0,0,1,0,
T001770,U0060,2026-07-05 16:25:00,2927.35,D0156,M006,Ahmedabad,0,,16,0,0,0,-0.1469483310743782,0.9155875226892013,101520.0,0,1,0,
T001767,U0060,2026-07-05 18:01:00,3296.09,D0156,M045,Ahmedabad,0,,18,0,0,0,0.10428960502881154,1.0531429672665065,5760.0,0,1,0,
T001773,U0060,2026-07-06 09:21:00,3256.89,D0156,M006,Ahmedabad,0,,9,0,0,0,0.06572751413783702,1.0296740780107447,55200.0,0,1,0,
T001766,U0060,2026-07-08 14:24:00,3308.53,D0156,M023,Ahmedabad,0,,14,0,0,1,0.09957842145041239,1.040852472716861,190980.0,0,1,0,
T001777,U0060,2026-07-09 14:45:00,3653.98,D0156,M023,Ahmedabad,0,,14,0,0,0,0.37805151977668366,1.1428600787200676,87660.0,0,1,0,
T001768,U0060,2026-07-10 13:40:00,2451.36,D0156,M011,Ahmedabad,0,,13,0,0,0,-0.7042243509363896,0.753263643657136,82500.0,0,1,0,
T001775,U0060,2026-07-12 12:11:00,2841.51,D0156,M023,Ahmedabad,0,,12,0,0,0,-0.29305093121056563,0.897762788407326,167460.0,0,1,0,
T001765,U0060,2026-07-12 14:36:00,5491.12,D0156,M006,Ahmedabad,0,,14,0,0,0,2.2417222847288936,1.7528159032078554,8700.0,0,1,0,
T001763,U0060,2026-07-12 16:07:00,3655.05,D0156,M011,Ahmedabad,0,,16,0,0,0,0.2543205967925754,1.091991968937065,5460.0,0,1,0,
T001772,U0060,2026-07-13 14:33:00,2356.88,D0156,M011,Ahmedabad,0,,14,0,0,0,-0.8740653671845873,0.6987904950268683,80760.0,0,1,0,
T001780,U0060,2026-07-15 13:04:00,3925.21,D0156,M006,Ahmedabad,0,,13,0,0,0,0.5487703866851369,1.1913885134697784,167460.0,0,1,0,
T001771,U0060,2026-07-15 22:12:00,4868.17,D0156,M011,Ahmedabad,0,,22,0,0,0,1.3658265756857235,1.4576705970182147,32880.0,0,1,0,
T001769,U0060,2026-07-18 15:29:00,5502.37,D0156,M045,Ahmedabad,0,,15,0,0,0,1.7976109073125197,1.598787188015194,235020.0,0,1,0,
T001764,U0060,2026-07-21 15:40:00,3430.94,D0156,M045,Ahmedabad,0,,15,0,0,0,-0.11459021540819557,0.9609429782790619,259860.0,0,1,0,
T001781,U0060,2026-07-23 15:20:00,3418.28,D0156,M006,Ahmedabad,0,,15,0,0,0,-0.12184515504272819,0.9596018040424414,171600.0,0,1,0,
T001774,U0060,2026-07-24 08:23:00,2844.34,D0156,M011,Ahmedabad,0,,8,0,0,0,-0.618201065445488,0.8002777313543291,61380.0,0,1,0,
T001778,U0060,2026-07-30 10:06:00,2706.36,D0156,M011,Ahmedabad,0,,10,0,0,0,-0.7179857571692372,0.7695451853534784,524580.0,0,1,0,
T001818,U0061,2026-07-02 08:49:00,3043.76,D0784,M056,Delhi,0,,8,0,1,1,0.0,1.0,1000000000.0,0,1,0,
T001805,U0061,2026-07-03 09:50:00,4305.34,D0515,M033,Delhi,0,,9,0,1,1,0.0,1.0,90060.0,0,1,0,
T001813,U0061,2026-07-03 16:23:00,3186.12,D0515,M033,Delhi,0,,16,0,0,0,0.0,1.0,23580.0,0,1,0,
T001810,U0061,2026-07-05 16:23:00,2617.31,D0784,M056,Delhi,0,,16,0,0,0,-1.5854147865538297,0.7453028980661145,172800.0,0,1,0,
T001797,U0061,2026-07-06 13:44:00,3435.36,D0515,M033,Delhi,0,,13,0,0,0,0.2361436678430089,1.044775415514802,76860.0,0,1,0,
T001807,U0061,2026-07-06 14:21:00,3558.08,D0515,M056,Delhi,0,,14,0,0,0,0.4288966740588581,1.0724932462560057,2220.0,1,1,0,
T001804,U0061,2026-07-06 17:00:00,3665.12,D0515,M033,Delhi,0,,17,0,0,0,0.5916344241757185,1.091569181997719,9540.0,0,1,0,
T001812,U0061,2026-07-07 14:58:00,1309.35,D0784,M056,Delhi,0,,14,0,0,0,-4.243803847166841,0.38492357961376544,79080.0,0,1,0,
T001786,U0061,2026-07-09 14:09:00,3842.29,D0515,M015,Delhi,0,,14,0,0,1,0.8444993616433243,1.2236378021328804,169860.0,0,1,0,
T001794,U0061,2026-07-10 09:48:00,4131.23,D0784,M056,Delhi,0,,9,0,0,0,1.1211798017892824,1.2837557090939353,70740.0,0,1,0,
T001821,U0061,2026-07-10 10:05:00,2726.33,D0515,M056,Delhi,0,,10,0,0,0,-0.7112429068234668,0.8238149798864157,1020.0,1,1,0,
T001795,U0061,2026-07-10 11:34:00,620.31,D0784,M033,Delhi,0,,11,0,0,0,-3.2975534008020975,0.19049008251760685,5340.0,0,1,0,
T001820,U0061,2026-07-12 08:34:00,2512.25,D0515,M015,Delhi,0,,8,0,0,0,-0.4963252055896343,0.8272915371885342,162000.0,0,1,0,
T001788,U0061,2026-07-12 12:06:00,4004.99,D0784,M056,Delhi,0,,12,0,0,0,0.9841912330057389,1.3366125965782742,12720.0,0,1,0,
T001802,U0061,2026-07-12 12:45:00,20.0,D0784,M015,Delhi,0,,12,0,0,0,-2.985334052601852,0.006518018594713974,2340.0,1,1,0,
T001814,U0061,2026-07-13 16:45:00,254.17,D0784,M056,Delhi,0,,16,0,0,0,-2.0962637527408154,0.0887096698826501,100800.0,0,1,0,
T001791,U0061,2026-07-14 15:18:00,1866.25,D0784,M056,Delhi,0,,15,0,0,0,-0.6138076084016243,0.6906919199211171,81180.0,0,1,0,
T001796,U0061,2026-07-15 10:19:00,2684.07,D0515,M056,Delhi,0,,10,0,0,0,0.02338559547655487,1.0117727376355512,68460.0,0,1,0,
T001789,U0061,2026-07-17 14:57:00,1983.65,D0515,M033,Delhi,0,,14,0,0,0,-0.5169380958733264,0.7472574063790814,189480.0,0,1,0,
T001800,U0061,2026-07-18 08:35:00,1928.33,D0784,M033,Delhi,0,,8,0,0,0,-0.5431357884962154,0.7362111624449472,63480.0,0,1,0,
T001787,U0061,2026-07-18 09:48:00,3814.51,D0515,M015,Delhi,0,,9,0,0,0,0.9846101273650586,1.4757949176705156,4380.0,0,1,0,
T001792,U0061,2026-07-18 15:34:00,2921.26,D0784,M033,Delhi,0,,15,0,0,0,0.22296895620303908,1.1051659894191865,20760.0,0,1,0,
T001783,U0061,2026-07-18 15:41:00,2010.25,D0784,M056,Delhi,0,,15,0,0,0,-0.5294727876357858,0.756896105282558,420.0,1,1,0,
T001817,U0061,2026-07-20 13:08:00,3543.82,D0515,M015,Delhi,0,,13,0,0,0,0.7633883641806505,1.3485674212728977,163620.0,0,1,0,
T001806,U0061,2026-07-20 19:56:00,3948.77,D0515,M056,Delhi,0,,19,0,0,0,1.0790421679075937,1.4811555668779264,24480.0,0,1,0,
T001790,U0061,2026-07-21 14:04:00,2165.17,D0784,M033,Delhi,0,,14,0,0,0,-0.46336780970226543,0.7968044061712627,65280.0,0,1,0,
T001816,U0061,2026-07-21 14:08:00,4028.79,D0784,M015,Delhi,0,,14,0,0,0,1.1358935894888509,1.4943137532156419,240.0,1,1,0,
T001793,U0061,2026-07-22 20:14:00,3190.93,D0784,M033,Delhi,0,,20,0,0,0,0.37800604246828745,1.1622654287974732,108360.0,0,1,0,
T001809,U0061,2026-07-24 06:16:00,2554.28,D0515,M056,Delhi,0,,6,0,0,0,-0.17847218004435395,0.9250111969557818,122520.0,0,1,0,
T001808,U0061,2026-07-24 11:41:00,4640.24,D0784,M015,Delhi,0,,11,0,0,0,1.6534185349907524,1.6847807532160655,19500.0,0,1,0,
T001798,U0061,2026-07-24 12:47:00,3724.56,D0515,M056,Delhi,0,,12,0,0,0,0.7746338576565072,1.3221360712731023,3960.0,0,1,0,
T001815,U0061,2026-07-24 16:48:00,2925.78,D0515,M056,Delhi,0,,16,0,0,0,0.06826418865942313,1.0279054482556553,14460.0,0,1,0,
T001822,U0061,2026-07-24 17:20:00,4068.82,D0784,M015,Delhi,0,,17,0,0,0,1.0652045063414803,1.4282407476031176,1920.0,1,1,0,
T001784,U0061,2026-07-24 17:31:00,2109.66,D0784,M015,Delhi,0,,17,0,0,0,-0.6766447182539966,0.7310478915732119,660.0,2,1,0,
T001819,U0061,2026-07-24 19:42:00,5195.15,D0784,M056,Delhi,0,,19,0,0,0,2.050020058963151,1.8145984502782597,7860.0,0,1,0,
T001785,U0061,2026-07-24 22:19:00,4732.97,D0515,M056,Delhi,0,,22,0,0,0,1.5196759831276232,1.615563950946692,9420.0,0,1,0,
T001801,U0061,2026-07-26 11:12:00,2514.27,D0784,M056,Delhi,0,,11,0,0,0,-0.38560275556701384,0.8437991604643458,132780.0,0,1,0,
T001803,U0061,2026-07-27 14:02:00,4212.91,D0784,M033,Delhi,0,,14,0,0,0,1.0442550029594206,1.4198637605187903,96600.0,0,1,0,
T001811,U0061,2026-07-27 19:57:00,1639.65,D0515,M033,Delhi,0,,19,0,0,0,-1.1392808519370852,0.546567020106595,21300.0,0,1,0,
T001799,U0061,2026-07-28 13:59:00,1774.05,D0784,M033,Delhi,0,,13,0,0,0,-0.9941342821435415,0.598324830884692,64920.0,0,1,0,
T001842,U0062,2026-07-02 19:45:00,853.88,D0584,M031,Hyderabad,0,,19,0,1,1,0.0,1.0,1000000000.0,0,1,0,
T001823,U0062,2026-07-03 08:48:00,380.98,D0584,M028,Hyderabad,0,,8,0,0,1,0.0,1.0,46980.0,0,1,0,
T001849,U0062,2026-07-04 12:58:00,334.88,D0584,M031,Hyderabad,0,,12,0,0,0,0.0,1.0,101400.0,0,1,0,
T001843,U0062,2026-07-06 11:55:00,740.67,D0584,M010,Hyderabad,0,,11,0,0,1,0.9269832691653018,1.4155274094776313,169020.0,0,1,0,
T001826,U0062,2026-07-07 11:54:00,592.81,D0584,M010,Hyderabad,0,,11,0,0,0,0.06792602005125487,1.0263286585041984,86340.0,0,1,0,
T001837,U0062,2026-07-07 15:40:00,733.33,D0584,M010,Hyderabad,0,,15,0,0,0,0.7621356542167133,1.2629597459666169,13560.0,0,1,0,
T001830,U0062,2026-07-09 12:31:00,923.27,D0584,M028,Hyderabad,0,,12,0,0,0,1.6560056006340327,1.5233174274683683,161460.0,0,1,0,
T001836,U0062,2026-07-10 08:40:00,186.28,D0584,M009,Hyderabad,0,,8,0,0,1,-2.2233939511414182,0.28596742809984343,72540.0,0,1,0,
T001833,U0062,2026-07-10 13:04:00,676.0,D0584,M009,Hyderabad,0,,13,0,0,0,0.3324042429152536,1.1394618720390017,15840.0,0,1,0,
T007644,U0062,2026-07-11 17:19:00,1848.86,D0584,M003,Hyderabad,1,zero_day_drain,17,0,0,1,5.278976636318868,3.0688736785341724,101700.0,0,1,15,amount z-score 5.3
T001824,U0062,2026-07-12 14:16:00,584.92,D0584,M010,Hyderabad,0,,14,0,0,0,-0.3261834555962173,0.8044604827911852,75420.0,0,1,0,
T007645,U0062,2026-07-12 21:02:00,1405.73,D0584,M021,Hyderabad,1,zero_day_drain,21,0,0,1,1.6560408574828176,1.9683383629012001,24360.0,0,1,0,
T001848,U0062,2026-07-13 15:07:00,1178.55,D0584,M028,Hyderabad,0,,15,0,0,0,0.9178425391830178,1.5270131199301034,65100.0,0,1,0,
T001828,U0062,2026-07-14 11:15:00,1105.18,D0584,M010,Hyderabad,0,,11,0,0,0,0.6875835045005225,1.3761609000350485,72480.0,0,1,0,
T001835,U0062,2026-07-14 15:09:00,743.21,D0584,M009,Hyderabad,0,,15,0,0,0,-0.1892333510750906,0.9012242157773495,14040.0,0,1,0,
T001832,U0062,2026-07-14 16:39:00,988.96,D0584,M031,Hyderabad,0,,16,0,0,0,0.40763728200910343,1.2071725290528512,5400.0,0,1,0,
T001845,U0062,2026-07-15 07:35:00,901.4,D0584,M028,Hyderabad,0,,7,0,0,0,0.17658220318407677,1.0862277627823558,53760.0,0,1,0,
T001831,U0062,2026-07-15 11:57:00,823.71,D0584,M009,Hyderabad,0,,11,0,0,0,-0.02628684411496753,0.9875984813508815,15720.0,0,1,0,
T001841,U0062,2026-07-15 14:51:00,1024.15,D0584,M028,Hyderabad,0,,14,0,0,0,0.49860663035723757,1.2287653741734594,10440.0,0,1,0,
T001839,U0062,2026-07-15 17:33:00,616.62,D0584,M028,Hyderabad,0,,17,0,0,0,-0.6056395726228984,0.7310131727173192,9720.0,0,1,0,
T001844,U0062,2026-07-16 17:19:00,352.93,D0584,M010,Hyderabad,0,,17,0,0,0,-1.3005745146800642,0.4241083091556368,85560.0,0,1,0,
T001840,U0062,2026-07-16 18:43:00,562.1,D0584,M028,Hyderabad,0,,18,0,0,0,-0.6614380506518495,0.6945091634786418,5040.0,0,1,0,
T001838,U0062,2026-07-19 06:58:00,1252.22,D0584,M053,Hyderabad,0,,6,0,0,1,1.2312386705662097,1.568981717346003,216900.0,0,1,0,
T001827,U0062,2026-07-20 14:44:00,549.2,D0584,M010,Hyderabad,0,,14,0,0,0,-0.721383984305164,0.6715135680952476,114360.0,0,1,0,
T001834,U0062,2026-07-21 17:54:00,596.71,D0584,M010,Hyderabad,0,,17,0,0,0,-0.5697348670174841,0.7397292530437494,97800.0,0,1,0,
T007646,U0062,2026-07-22 06:50:00,1403.04,D0584,M057,Hyderabad,1,zero_day_drain,6,0,0,1,1.6642402191992782,1.7576184238287453,46560.0,0,1,0,
T001825,U0062,2026-07-24 13:25:00,889.69,D0584,M028,Hyderabad,0,,13,0,0,0,0.18185777835532943,1.082976778666754,196500.0,0,1,0,
T001829,U0062,2026-07-25 08:22:00,1334.97,D0584,M028,Hyderabad,0,,8,0,0,0,1.3881622645989429,1.620016016529954,68220.0,0,1,0,
T001847,U0062,2026-07-28 14:10:00,38.24,D0584,M031,Hyderabad,0,,14,0,0,0,-2.1518663225229027,0.04539979006026505,280080.0,0,1,0,
T007647,U0062,2026-07-29 09:48:00,1596.16,D0584,M060,Hyderabad,1,zero_day_drain,9,0,0,1,1.976794937743952,1.9595156964051652,70680.0,0,1,0,
T001846,U0062,2026-07-30 15:06:00,724.32,D0584,M053,Hyderabad,0,,15,0,0,0,-0.2814108066196697,0.8616480253364301,105480.0,0,1,0,
T001862,U0063,2026-07-01 07:18:00,1908.82,D0853,M037,Lucknow,0,,7,0,1,1,0.0,1.0,1000000000.0,0,1,0,
T001850,U0063,2026-07-02 15:29:00,1929.72,D0853,M026,Lucknow,0,,15,0,0,1,0.0,1.0,115860.0,0,1,0,
T001861,U0063,2026-07-04 13:42:00,2737.26,D0853,M006,Lucknow,0,,13,0,0,1,0.0,1.0,166380.0,0,1,0,
T001871,U0063,2026-07-04 19:25:00,1491.21,D0853,M018,Lucknow,0,,19,0,0,1,-1.8167641329046351,0.6803172234494737,20580.0,0,1,0,
T001866,U0063,2026-07-06 19:01:00,2611.22,D0853,M018,Lucknow,0,,19,0,0,0,1.3173440728679433,1.294764726313831,171360.0,0,1,0,
T001854,U0063,2026-07-07 12:39:00,2047.7,D0853,M026,Lucknow,0,,12,0,0,0,-0.1877351772800738,0.9588199537943931,63480.0,0,1,0,
T001860,U0063,2026-07-10 06:33:00,2260.89,D0853,M026,Lucknow,0,,6,0,0,0,0.3261904694159635,1.065960601198045,237240.0,0,1,0,
T001858,U0063,2026-07-11 15:20:00,1646.85,D0853,M037,Lucknow,0,,15,0,0,0,-1.2350432384128462,0.7692058752033827,118020.0,0,1,0,
T001868,U0063,2026-07-12 09:36:00,2425.33,D0853,M018,Lucknow,0,,9,0,0,0,0.8475691422345506,1.166467772335766,65760.0,0,1,0,
T001864,U0063,2026-07-12 11:34:00,2335.75,D0853,M006,Lucknow,0,,11,0,0,0,0.545092333447433,1.102982842230608,7080.0,0,1,0,
T001863,U0063,2026-07-13 07:39:00,552.54,D0853,M006,Lucknow,0,,7,0,0,0,-4.120287065940357,0.25825961964581984,72300.0,0,1,0,
T001856,U0063,2026-07-14 21:29:00,1537.07,D0853,M037,Lucknow,0,,21,0,0,0,-0.7822737508362746,0.7703807618856728,136200.0,0,1,0,
T001852,U0063,2026-07-20 17:01:00,2344.58,D0853,M037,Lucknow,0,,17,0,0,0,0.6741922502506199,1.1980296667920114,502320.0,0,1,0,
T001869,U0063,2026-07-21 09:38:00,2117.99,D0853,M037,Lucknow,0,,9,0,0,0,0.23341974753559988,1.066008515492385,59820.0,0,1,0,
T001870,U0063,2026-07-21 09:39:00,3130.55,D0853,M018,Lucknow,0,,9,0,0,0,2.0910615174521308,1.5682473881046877,60.0,1,1,0,
T001851,U0063,2026-07-22 18:52:00,2115.2,D0853,M018,Lucknow,0,,18,0,0,0,0.07281597364766193,1.0209321986430695,119580.0,0,1,0,
T001857,U0063,2026-07-23 08:55:00,873.33,D0853,M037,Lucknow,0,,8,0,0,0,-2.082665504852364,0.4209747448312221,50580.0,0,1,0,
T001855,U0063,2026-07-25 11:15:00,2093.12,D0853,M026,Lucknow,0,,11,0,0,0,0.14235152907214282,1.0445320711830637,181200.0,0,1,0,
T001865,U0063,2026-07-26 18:31:00,274.36,D0853,M018,Lucknow,0,,18,0,0,0,-2.8454685801478354,0.13657629477096453,112560.0,0,1,0,
T001853,U0063,2026-07-27 12:13:00,2885.9,D0853,M026,Lucknow,0,,12,0,0,0,1.3667056410586416,1.5049916977869855,63720.0,0,1,0,
T001859,U0063,2026-07-27 17:05:00,1954.02,D0853,M006,Lucknow,0,,17,0,0,0,-0.01654790881809235,0.9939218278849586,17520.0,0,1,0,
T001867,U0063,2026-07-28 09:10:00,3058.04,D0853,M026,Lucknow,0,,9,0,0,0,1.5504655095854154,1.555937344826253,57900.0,0,1,0,
T001910,U0064,2026-07-01 09:53:00,4726.75,D0368,M033,Kolkata,0,,9,0,1,1,0.0,1.0,1000000000.0,0,2,0,
T001911,U0064,2026-07-01 11:47:00,273.78,D0368,M033,Kolkata,0,,11,0,0,0,0.0,1.0,6840.0,0,2,0,
T001898,U0064,2026-07-01 15:24:00,1104.6,D0368,M033,Kolkata,0,,15,0,0,0,0.0,1.0,13020.0,0,2,0,
T001907,U0064,2026-07-01 19:01:00,2424.2,D0368,M033,Kolkata,0,,19,0,0,0,0.20129040125325331,1.1912277046395927,13020.0,0,2,0,
T001900,U0064,2026-07-02 15:37:00,2691.19,D0368,M035,Kolkata,0,,15,0,0,1,0.33210890816226846,1.2620874083839708,74160.0,0,2,0,
T001894,U0064,2026-07-04 12:12:00,3393.36,D0368,M012,Kolkata,0,,12,0,0,1,0.7552890485899685,1.5121224321546052,160500.0,0,2,0,
T001887,U0064,2026-07-04 15:35:00,1429.15,D0368,M035,Kolkata,0,,15,0,0,0,-0.6924318849688837,0.586764089788572,12180.0,0,2,0,
T001899,U0064,2026-07-04 18:29:00,2134.25,D0368,M012,Kolkata,0,,18,0,0,0,-0.11330254359893879,0.9312299480510472,10440.0,0,2,0,
T001906,U0064,2026-07-05 09:44:00,118.83,D0368,M053,Kolkata,0,,9,0,0,1,-1.6535234007775752,0.0522982536210926,54900.0,0,2,0,
T001877,U0064,2026-07-06 21:33:00,1928.86,D0368,M033,Kolkata,0,,21,0,0,0,-0.07421242549869748,0.9488213610139317,128940.0,0,2,0,
T001876,U0064,2026-07-07 15:49:00,2282.61,D0368,M053,Kolkata,0,,15,0,0,0,0.1955207646636987,1.1286098317433302,65760.0,0,2,0,
T001904,U0064,2026-07-08 05:13:00,2728.33,D0368,M019,Kolkata,0,,5,1,0,1,0.5368795485995834,1.3334010135844274,48240.0,0,2,0,
T001874,U0064,2026-07-08 08:01:00,1742.32,D0368,M053,Kolkata,0,,8,0,0,0,-0.2929725452219163,0.8284955838746473,10080.0,0,2,0,
T001905,U0064,2026-07-09 11:14:00,520.56,D0368,M053,Kolkata,0,,11,0,0,0,-1.3101146805693866,0.25084225305881996,97980.0,0,2,0,
T001891,U0064,2026-07-09 19:27:00,3560.15,D0368,M035,Kolkata,0,,19,0,0,0,1.317240968013024,1.81251974994626,29580.0,0,2,0,
T001912,U0064,2026-07-10 20:00:00,2104.24,D0368,M055,Kolkata,0,,20,0,0,1,0.027212356704281716,1.0162484613047407,88380.0,0,2,0,
T001892,U0064,2026-07-11 03:41:00,3368.04,D0368,M053,Kolkata,0,,3,1,0,0,1.0820492756566422,1.6249539390975394,27660.0,0,2,0,
T001872,U0064,2026-07-11 19:34:00,829.6,D0368,M012,Kolkata,0,,19,0,0,0,-1.0987689948303798,0.38605882840586764,57180.0,0,2,0,
T001908,U0064,2026-07-13 07:14:00,3634.48,D0368,M003,Kolkata,0,,7,0,0,1,1.2932774898709165,1.751049360492653,128400.0,0,2,0,
T001888,U0064,2026-07-15 13:45:00,2168.73,D0368,M012,Kolkata,0,,13,0,0,0,0.009056124551492014,1.005136442004386,196260.0,0,2,0,
T001896,U0064,2026-07-15 16:56:00,668.71,D0368,M055,Kolkata,0,,16,0,0,0,-1.2487480606965273,0.30984595260922304,11460.0,0,2,0,
T001878,U0064,2026-07-16 16:15:00,3020.09,D0368,M003,Kolkata,0,,16,0,0,0,0.7731680360618899,1.446906809148024,83940.0,0,2,0,
T001903,U0064,2026-07-19 11:27:00,2808.43,D0368,M055,Kolkata,0,,11,0,0,0,0.5681608156238184,1.3187135114567958,241920.0,0,2,0,
T001889,U0064,2026-07-19 17:26:00,1217.9,D0368,M035,Kolkata,0,,17,0,0,0,-0.8000276227773425,0.5640553620070601,21540.0,0,2,0,
T001886,U0064,2026-07-20 09:02:00,2936.98,D0368,M003,Kolkata,0,,9,0,0,0,0.7000682093902898,1.3853907958926728,56160.0,0,2,0,
T001890,U0064,2026-07-21 12:59:00,3310.37,D0368,M003,Kolkata,0,,12,0,0,0,1.002684195273339,1.5378146771870789,100620.0,0,2,0,
T001885,U0064,2026-07-21 16:15:00,2873.24,D0368,M019,Kolkata,0,,16,0,0,0,0.5859042616748846,1.3076982991959396,11760.0,0,2,0,
T001893,U0064,2026-07-22 10:28:00,3900.85,D0368,M019,Kolkata,0,,10,0,0,0,1.473145935206372,1.755389813334297,65580.0,0,2,0,
T001897,U0064,2026-07-22 13:18:00,1330.4,D0368,M012,Kolkata,0,,13,0,0,0,-0.8194184250035428,0.5829554023542385,10200.0,0,2,0,
T001881,U0064,2026-07-23 08:29:00,2896.38,D0368,M012,Kolkata,0,,8,0,0,0,0.5604718857264316,1.287654948761448,69060.0,0,2,0,
T001901,U0064,2026-07-23 13:59:00,1429.09,D0368,M053,Kolkata,0,,13,0,0,0,-0.7378129419974688,0.6293020512622229,19800.0,0,2,0,
T001902,U0064,2026-07-23 20:23:00,2593.63,D0368,M003,Kolkata,0,,20,0,0,0,0.30901254725791505,1.1559317194240324,23040.0,0,2,0,
T001909,U0064,2026-07-24 14:22:00,1471.76,D0368,M035,Kolkata,0,,14,0,0,0,-0.701513803704225,0.6527547429471594,64740.0,0,2,0,
T001883,U0064,2026-07-25 06:51:00,3078.58,D0368,M003,Kolkata,0,,6,0,0,0,0.7655595202443349,1.3799317207479171,59340.0,0,2,0,
T001880,U0064,2026-07-25 13:40:00,4203.84,D0368,M033,Kolkata,0,,13,0,0,0,1.7706325890538828,1.8634907431644632,24540.0,0,2,0,
T007545,U0064,2026-07-26 03:33:00,18595.19,D0868,M039,Jaipur,1,account_takeover,3,1,1,1,14.386965843374956,8.044465011226151,49980.0,0,1,60,new device + amount >3x user avg; odd hour + new device; amount z-score 14.4
T001882,U0064,2026-07-26 14:08:00,728.98,D0368,M053,Kolkata,0,,14,0,0,0,-0.7018406315664486,0.26375296260879477,38100.0,0,2,0,
T001884,U0064,2026-07-27 08:08:00,3316.75,D0368,M033,Kolkata,0,,8,0,0,0,0.2111481707861537,1.2244003569315618,64800.0,0,2,0,
T001873,U0064,2026-07-27 13:12:00,1543.56,D0368,M053,Kolkata,0,,13,0,0,0,-0.41560048066737904,0.5664702948902907,18240.0,0,2,0,
T001895,U0064,2026-07-27 17:51:00,1275.08,D0368,M012,Kolkata,0,,17,0,0,0,-0.5048103205529518,0.47320112999282854,16740.0,0,2,0,
T001875,U0064,2026-07-28 13:39:00,1558.59,D0368,M035,Kolkata,0,,13,0,0,0,-0.39509616612793375,0.5861352878624407,71280.0,0,2,0,
T001879,U0064,2026-07-29 19:43:00,3171.37,D0368,M012,Kolkata,0,,19,0,0,0,0.19558207819656448,1.204811362666711,108240.0,0,2,0,
T001913,U0064,2026-07-30 19:49:00,2249.18,D0368,M003,Kolkata,0,,19,0,0,0,-0.1453045384010735,0.8503225199271829,86760.0,0,2,0,
T001947,U0065,2026-07-01 14:37:00,1689.24,D0530,M015,Bengaluru,0,,14,0,1,1,0.0,1.0,1000000000.0,0,1,0,
T001941,U0065,2026-07-01 15:34:00,1315.79,D0632,M019,Bengaluru,0,,15,0,1,1,0.0,1.0,3420.0,1,1,0,
T001943,U0065,2026-07-01 16:23:00,1050.22,D0632,M019,Bengaluru,0,,16,0,0,0,0.0,1.0,2940.0,1,1,0,
T001944,U0065,2026-07-02 13:46:00,1057.07,D0632,M048,Bengaluru,0,,13,0,0,1,-1.12423896650594,0.7820011090941363,76980.0,0,1,0,
T001939,U0065,2026-07-02 15:37:00,1594.31,D0530,M033,Bengaluru,0,,15,0,0,1,1.2143840167306048,1.2474258252633434,6660.0,0,1,0,
T007624,U0065,2026-07-03 09:20:00,2470.04,D0530,M052,Bengaluru,1,zero_day_drain,9,0,0,1,4.2585927681235844,1.841491179741919,63780.0,0,1,15,amount z-score 4.3
T001932,U0065,2026-07-04 09:14:00,1739.52,D0632,M037,Bengaluru,0,,9,0,0,1,0.43290605399968707,1.137353745223036,86040.0,0,1,0,
T001931,U0065,2026-07-04 11:39:00,1297.15,D0632,M037,Bengaluru,0,,11,0,0,0,-0.5761868132656284,0.8317966244795505,8700.0,0,1,0,
T001951,U0065,2026-07-05 15:20:00,1132.59,D0530,M037,Bengaluru,0,,15,0,0,0,-0.9067838294564395,0.741870773602064,99660.0,0,1,0,
T001919,U0065,2026-07-07 10:14:00,1311.6,D0632,M048,Bengaluru,0,,10,0,0,0,-0.4001505979017895,0.8844943733437497,154440.0,0,1,0,
T001930,U0065,2026-07-07 12:09:00,2706.53,D0632,M036,Bengaluru,0,,12,0,0,1,3.0313567418722527,1.8465116552062237,6900.0,0,1,15,amount z-score 3.0
T001923,U0065,2026-07-07 15:28:00,1369.48,D0530,M036,Bengaluru,0,,15,0,0,0,-0.39543114519391753,0.8675551679997011,11940.0,0,1,0,
T001916,U0065,2026-07-07 16:40:00,1220.85,D0530,M015,Bengaluru,0,,16,0,0,0,-0.6678740745214373,0.7820305180235894,4320.0,0,1,0,
T001949,U0065,2026-07-07 20:53:00,1277.26,D0530,M036,Bengaluru,0,,20,0,0,0,-0.517628660243053,0.8321166414599737,15180.0,0,1,0,
T001914,U0065,2026-07-08 11:23:00,1306.18,D0632,M033,Bengaluru,0,,11,0,0,0,-0.43437790687425737,0.8612858627540488,52200.0,0,1,0,
T001924,U0065,2026-07-08 13:03:00,2000.07,D0530,M033,Bengaluru,0,,13,0,0,0,1.0568015574177327,1.3311419058548613,6000.0,0,1,0,
T001945,U0065,2026-07-08 17:41:00,609.22,D0530,M033,Bengaluru,0,,17,0,0,0,-1.9605616336428247,0.39724344763179015,16680.0,0,1,0,
T001921,U0065,2026-07-09 17:23:00,3599.96,D0530,M019,Bengaluru,0,,17,0,0,0,4.187014468648576,2.4336512474839234,85320.0,0,1,15,amount z-score 4.2
T001920,U0065,2026-07-10 09:49:00,1341.23,D0530,M036,Bengaluru,0,,9,0,0,0,-0.3699277066446487,0.839811903848439,59160.0,0,1,0,
T007594,U0065,2026-07-11 12:15:00,3022.03,D0632,M006,Bengaluru,1,zero_day_drain,12,0,0,1,2.129304212079504,1.9083348304953531,95160.0,0,1,0,
T001940,U0065,2026-07-12 06:39:00,1264.21,D0632,M033,Bengaluru,0,,6,0,0,0,-0.5365803262062808,0.7636345620349203,66240.0,0,1,0,
T001948,U0065,2026-07-12 15:42:00,1903.79,D0530,M048,Bengaluru,0,,15,0,0,0,0.37248968239639907,1.163057842955785,32580.0,0,1,0,
T001926,U0065,2026-07-13 17:18:00,2499.88,D0530,M036,Bengaluru,0,,17,0,0,0,1.2115790445410024,1.5159833654640305,92160.0,0,1,0,
T001937,U0065,2026-07-14 16:08:00,2110.01,D0632,M033,Bengaluru,0,,16,0,0,0,0.5985157228679467,1.2514816299256624,82200.0,0,1,0,
T001927,U0065,2026-07-14 17:28:00,117.72,D0530,M019,Bengaluru,0,,17,0,0,0,-2.2699955422968126,0.06909763514687862,4800.0,0,1,0,
T001938,U0065,2026-07-14 17:31:00,1135.0,D0632,M033,Bengaluru,0,,17,0,0,0,-0.6720472351221135,0.6919727498741203,180.0,1,1,0,
T001918,U0065,2026-07-15 17:28:00,2643.16,D0530,M048,Bengaluru,0,,17,0,0,0,1.3749350094785093,1.6307691202405261,86220.0,0,1,0,
T001933,U0065,2026-07-17 11:50:00,852.5,D0632,M033,Bengaluru,0,,11,0,0,0,-1.068089801910905,0.513965779070365,152520.0,0,1,0,
T001950,U0065,2026-07-17 18:34:00,2339.98,D0530,M015,Bengaluru,0,,18,0,0,0,0.9391310525469744,1.4356771889893012,24240.0,0,1,0,
T001946,U0065,2026-07-18 16:36:00,1396.08,D0530,M037,Bengaluru,0,,16,0,0,0,-0.3424679216953663,0.843876565123273,79320.0,0,1,0,
T001942,U0065,2026-07-18 17:50:00,1687.34,D0530,M033,Bengaluru,0,,17,0,0,0,0.05597118712999145,1.025267622132689,4440.0,0,1,0,
T001928,U0065,2026-07-19 11:52:00,1388.34,D0530,M019,Bengaluru,0,,11,0,0,0,-0.3540179810261351,0.8429011270046766,64920.0,0,1,0,
T007625,U0065,2026-07-20 07:56:00,2660.78,D0530,M040,Bengaluru,1,zero_day_drain,7,0,0,1,1.4175263519310506,1.6234058830840437,72240.0,0,1,0,
T007626,U0065,2026-07-21 17:36:00,3726.18,D0530,M002,Bengaluru,1,zero_day_drain,17,0,0,1,2.8124954348673863,2.231280732001534,121200.0,0,1,0,
T001922,U0065,2026-07-22 08:42:00,1448.37,D0530,M048,Bengaluru,0,,8,0,0,0,-0.3527445521734041,0.8369902354817595,54360.0,0,1,0,
T007595,U0065,2026-07-22 12:04:00,3111.07,D0632,M056,Bengaluru,1,zero_day_drain,12,0,0,1,1.7587877465342052,1.806250878127898,12120.0,0,1,0,
T001925,U0065,2026-07-22 15:36:00,2235.61,D0530,M019,Bengaluru,0,,15,0,0,0,0.5850558097473276,1.2695366722685502,12720.0,0,1,0,
T007627,U0065,2026-07-22 18:42:00,2585.58,D0530,M016,Bengaluru,1,zero_day_drain,18,0,0,1,1.009765331703939,1.4576555719954414,11160.0,0,1,0,
T007596,U0065,2026-07-23 11:06:00,2957.4,D0632,M056,Bengaluru,1,zero_day_drain,11,0,0,0,1.4458292833226698,1.6474331356776368,59040.0,0,1,0,
T001934,U0065,2026-07-23 12:13:00,1607.25,D0632,M033,Bengaluru,0,,12,0,0,0,-0.2672979270933971,0.8807054715382542,4020.0,0,1,0,
T007628,U0065,2026-07-23 14:51:00,3686.79,D0530,M005,Bengaluru,1,zero_day_drain,14,0,0,1,2.3197481528028554,2.0262490303932688,9480.0,0,1,0,
T001935,U0065,2026-07-24 10:10:00,1725.34,D0632,M037,Bengaluru,0,,10,0,0,0,-0.16522194554972225,0.9250864873632582,69540.0,0,1,0,
T001915,U0065,2026-07-24 22:54:00,1885.48,D0530,M037,Bengaluru,0,,22,0,0,0,0.028414782488993887,1.0127561741996474,45840.0,0,1,0,
T007573,U0065,2026-07-25 16:18:00,5938.8,D0887,M002,Bengaluru,1,device_ring,16,0,1,0,4.935163349519097,3.1889877627478334,62640.0,0,4,60,new device + amount >3x user avg; device shared by 4 users; amount z-score 4.9
T007597,U0065,2026-07-26 21:15:00,3548.33,D0632,M021,Bengaluru,1,zero_day_drain,21,0,0,1,1.5655513364291485,1.8150658581459145,104220.0,0,1,0,
T001917,U0065,2026-07-27 14:29:00,3011.55,D0530,M033,Bengaluru,0,,14,0,0,0,0.9881468408208878,1.5130826842474794,62040.0,0,1,0,
T001929,U0065,2026-07-29 12:24:00,1243.81,D0530,M019,Bengaluru,0,,12,0,0,0,-0.7442049993442567,0.6180296848583645,165300.0,0,1,0,
T001936,U0065,2026-07-29 16:46:00,852.35,D0530,M015,Bengaluru,0,,16,0,0,0,-1.1127759835450661,0.4269895049794613,15720.0,0,1,0,
T001974,U0066,2026-07-01 17:54:00,1094.21,D0461,M054,Kolkata,0,,17,0,1,1,0.0,1.0,1000000000.0,0,1,0,
T001961,U0066,2026-07-02 12:20:00,2050.56,D0727,M008,Kolkata,0,,12,0,1,1,0.0,1.0,66360.0,0,1,0,
T001987,U0066,2026-07-03 08:06:00,1052.31,D0727,M050,Kolkata,0,,8,0,0,1,0.0,1.0,71160.0,0,1,0,
T001980,U0066,2026-07-03 08:46:00,552.92,D0727,M050,Kolkata,0,,8,0,0,0,-1.8352884200775386,0.3952176272109054,2400.0,1,1,0,
T001970,U0066,2026-07-07 16:46:00,1861.37,D0727,M008,Kolkata,0,,16,0,0,0,1.2435736963249324,1.567469472364236,374400.0,0,1,0,
T001968,U0066,2026-07-08 05:12:00,1466.76,D0727,M054,Kolkata,0,,5,1,0,0,0.26052980044561164,1.1092708462018683,44760.0,0,1,0,
T001984,U0066,2026-07-08 18:27:00,1757.82,D0461,M051,Kolkata,0,,18,0,0,1,0.8081880888314367,1.3056140458455503,47700.0,0,1,0,
T001965,U0066,2026-07-09 13:16:00,992.15,D0727,M031,Kolkata,0,,13,0,0,1,-0.837946646047296,0.7060883793692913,67740.0,0,1,0,
T001995,U0066,2026-07-11 14:10:00,1125.11,D0727,M054,Kolkata,0,,14,0,0,0,-0.4750176657223422,0.8312520195925399,176040.0,0,1,0,
T001959,U0066,2026-07-11 20:03:00,921.44,D0461,M051,Kolkata,0,,20,0,0,0,-0.8860870100558417,0.6937851835411519,21180.0,0,1,0,
T001960,U0066,2026-07-13 10:38:00,2387.23,D0727,M031,Kolkata,0,,10,0,0,0,2.432056560269134,1.8542096275594209,138900.0,0,1,0,
T001958,U0066,2026-07-15 14:23:00,1311.26,D0727,M054,Kolkata,0,,14,0,0,0,-0.14249297505156508,0.9450906434596524,186300.0,0,1,0,
T001952,U0066,2026-07-15 17:02:00,1392.14,D0461,M051,Kolkata,0,,17,0,0,0,0.021558803252711617,1.007997276792692,9540.0,0,1,0,
T001993,U0066,2026-07-16 12:57:00,471.85,D0727,M031,Kolkata,0,,12,0,0,0,-1.8489227381610687,0.3414391534983753,71700.0,0,1,0,
T001957,U0066,2026-07-16 17:46:00,456.75,D0727,M054,Kolkata,0,,17,0,0,0,-1.6258344382459995,0.346827298779388,17340.0,0,1,0,
T001966,U0066,2026-07-17 10:31:00,1044.83,D0727,M050,Kolkata,0,,10,0,0,0,-0.38741579181247837,0.829498757669548,60300.0,0,1,0,
T001975,U0066,2026-07-17 14:38:00,740.55,D0461,M051,Kolkata,0,,14,0,0,0,-0.937627752588688,0.5942611127044739,14820.0,0,1,0,
T001973,U0066,2026-07-17 16:34:00,817.67,D0727,M031,Kolkata,0,,16,0,0,0,-0.743242742211512,0.6721899133998398,6960.0,0,1,0,
T001982,U0066,2026-07-18 13:27:00,1565.82,D0727,M050,Kolkata,0,,13,0,0,0,0.7019123652905984,1.311106282450568,75180.0,0,1,0,
T001992,U0066,2026-07-18 14:17:00,1045.16,D0727,M050,Kolkata,0,,14,0,0,0,-0.323211547647027,0.8610438904137698,3000.0,1,1,0,
T001964,U0066,2026-07-18 19:56:00,1205.46,D0727,M051,Kolkata,0,,19,0,0,0,0.00012647898627793233,1.0000535085786753,20340.0,0,1,0,
T001994,U0066,2026-07-19 10:38:00,1619.5,D0461,M054,Kolkata,0,,10,0,0,0,0.8320703364143424,1.3435390061372976,52920.0,0,1,0,
T001962,U0066,2026-07-19 12:32:00,1124.85,D0461,M008,Kolkata,0,,12,0,0,0,-0.20122778314677706,0.9188289246480514,6840.0,0,1,0,
T001954,U0066,2026-07-19 18:15:00,1979.49,D0727,M031,Kolkata,0,,18,0,0,0,1.5713612894924016,1.6226646342852775,20580.0,0,1,0,
T001981,U0066,2026-07-21 14:34:00,933.45,D0727,M051,Kolkata,0,,14,0,0,0,-0.6400864842430558,0.7458349154964778,159540.0,0,1,0,
T001963,U0066,2026-07-21 18:16:00,2535.78,D0461,M054,Kolkata,0,,18,0,0,0,2.6420034807539388,2.046921181170404,13320.0,0,1,0,
T001983,U0066,2026-07-22 07:09:00,1642.5,D0727,M031,Kolkata,0,,7,0,0,0,0.6525777481555325,1.2745311040761773,46380.0,0,1,0,
T001967,U0066,2026-07-22 12:08:00,1525.3,D0727,M008,Kolkata,0,,12,0,0,0,0.41680776558324595,1.1716740239780998,17940.0,0,1,0,
T001955,U0066,2026-07-23 12:20:00,2267.74,D0727,M031,Kolkata,0,,12,0,0,0,1.813750846384707,1.731371119115804,87120.0,0,1,0,
T001977,U0066,2026-07-23 13:58:00,1363.19,D0727,M031,Kolkata,0,,13,0,0,0,0.03718499495757773,1.0151643540097404,5880.0,0,1,0,
T001956,U0066,2026-07-24 10:11:00,1144.34,D0727,M050,Kolkata,0,,10,0,0,0,-0.36990470371318884,0.851756734296054,72780.0,0,1,0,
T001988,U0066,2026-07-25 13:23:00,1558.54,D0727,M050,Kolkata,0,,13,0,0,0,0.4171888085096381,1.1656287363557614,97920.0,0,1,0,
T001969,U0066,2026-07-25 16:05:00,1551.9,D0727,M050,Kolkata,0,,16,0,0,0,0.39683207315636404,1.154686156732287,9720.0,0,1,0,
T001990,U0066,2026-07-26 06:14:00,1200.05,D0727,M031,Kolkata,0,,6,0,0,0,-0.29055116521626345,0.8887274328331155,50940.0,0,1,0,
T001985,U0066,2026-07-27 10:18:00,1429.66,D0461,M051,Kolkata,0,,10,0,0,0,0.16423885671912122,1.0622473768331202,101040.0,0,1,0,
T001979,U0066,2026-07-27 10:40:00,1375.31,D0461,M054,Kolkata,0,,10,0,0,0,0.05375085009314567,1.0200507900310831,1320.0,1,1,0,
T001953,U0066,2026-07-27 11:14:00,1583.15,D0461,M008,Kolkata,0,,11,0,0,0,0.47208370832622504,1.173549576119417,2040.0,2,1,0,
T001971,U0066,2026-07-27 12:06:00,1381.93,D0461,M008,Kolkata,0,,12,0,0,0,0.0541627011057901,1.019607713355446,3120.0,1,1,0,
T001986,U0066,2026-07-28 14:51:00,1384.75,D0461,M051,Kolkata,0,,14,0,0,0,0.05926751926917377,1.021161438057907,96300.0,0,1,0,
T001976,U0066,2026-07-29 07:56:00,1433.29,D0727,M054,Kolkata,0,,7,0,0,0,0.16005838418127338,1.0563832795135015,61500.0,0,1,0,
T001989,U0066,2026-07-29 11:04:00,235.83,D0727,M050,Kolkata,0,,11,0,0,0,-2.3785076224065715,0.1735700370161527,11280.0,0,1,0,
T001978,U0066,2026-07-29 15:36:00,2028.78,D0461,M031,Kolkata,0,,15,0,0,0,1.4021375101319529,1.5238916504626348,16320.0,0,1,0,
T001991,U0066,2026-07-30 20:16:00,1646.09,D0461,M031,Kolkata,0,,20,0,0,0,0.5929650072257409,1.2212061948769328,103200.0,0,1,0,
T001972,U0066,2026-07-30 23:59:00,1173.9,D0461,M051,Kolkata,0,,23,0,0,0,-0.3626439118845415,0.8664392096496187,13380.0,0,1,0,
T002012,U0067,2026-07-01 09:21:00,1532.0,D0345,M053,Hyderabad,0,,9,0,1,1,0.0,1.0,1000000000.0,0,1,0,
T001998,U0067,2026-07-01 09:37:00,1133.68,D0445,M005,Hyderabad,0,,9,0,1,1,0.0,1.0,960.0,1,1,0,
T002027,U0067,2026-07-02 10:26:00,565.04,D0345,M004,Hyderabad,0,,10,0,0,1,0.0,1.0,89340.0,0,1,0,
T002017,U0067,2026-07-02 10:27:00,883.68,D0445,M004,Hyderabad,0,,10,0,0,0,-0.4869675614538182,0.8205725031999932,60.0,1,1,0,
T002029,U0067,2026-07-03 08:09:00,1156.36,D0345,M004,Hyderabad,0,,8,0,0,0,0.3612359489919759,1.1242076598053587,78120.0,0,1,0,
T002023,U0067,2026-07-03 22:24:00,1923.92,D0445,M053,Hyderabad,0,,22,0,0,0,2.714313530384885,1.8250878413880653,51300.0,0,1,0,
T002000,U0067,2026-07-05 23:40:00,1027.9,D0445,M053,Hyderabad,0,,23,0,0,0,-0.392134771346945,0.8572167205291548,177360.0,0,1,0,
T002015,U0067,2026-07-06 13:08:00,1689.07,D0345,M053,Hyderabad,0,,13,0,0,0,1.2588295699865777,1.4379294564400096,48480.0,0,1,0,
T001996,U0067,2026-07-07 10:08:00,1341.59,D0345,M005,Hyderabad,0,,10,0,0,0,0.24529895679972027,1.0828388806442204,75600.0,0,1,0,
T002030,U0067,2026-07-07 12:58:00,1051.75,D0445,M004,Hyderabad,0,,12,0,0,0,-0.5018060812392792,0.8411577458962557,10200.0,0,1,0,
T002006,U0067,2026-07-07 15:41:00,1013.31,D0345,M053,Hyderabad,0,,15,0,0,0,-0.5712827612215251,0.8234951829920257,9780.0,0,1,0,
T002001,U0067,2026-07-07 17:03:00,1964.25,D0345,M053,Hyderabad,0,,17,0,0,0,2.0485254233656076,1.6223354318609964,4920.0,0,1,0,
T001999,U0067,2026-07-08 15:43:00,1101.44,D0345,M004,Hyderabad,0,,15,0,0,0,-0.4206599945806243,0.8648609027696077,81600.0,0,1,0,
T002009,U0067,2026-07-09 11:03:00,1330.06,D0445,M005,Hyderabad,0,,11,0,0,0,0.17625611441814915,1.0553461022791455,69600.0,0,1,0,
T002004,U0067,2026-07-09 21:38:00,1455.93,D0345,M005,Hyderabad,0,,21,0,0,0,0.49935281322752334,1.1506696652595327,38100.0,0,1,0,
T002014,U0067,2026-07-10 16:01:00,1554.82,D0345,M053,Hyderabad,0,,16,0,0,0,0.7443769721919657,1.2166053371861065,66180.0,0,1,0,
T002020,U0067,2026-07-11 13:45:00,667.04,D0345,M004,Hyderabad,0,,13,0,0,0,-1.7153564803121435,0.514969504736378,78240.0,0,1,0,
T002002,U0067,2026-07-11 16:51:00,1249.51,D0345,M053,Hyderabad,0,,16,0,0,0,-0.022953500910888346,0.9929800327189872,11160.0,0,1,0,
T002019,U0067,2026-07-14 10:02:00,1154.2,D0345,M005,Hyderabad,0,,10,0,0,0,-0.2771411764030585,0.9175954606718806,234660.0,0,1,0,
T002024,U0067,2026-07-14 12:24:00,1618.26,D0445,M004,Hyderabad,0,,12,0,0,0,1.0030040058303287,1.2921298299660875,8520.0,0,1,0,
T002007,U0067,2026-07-14 12:30:00,2592.98,D0445,M005,Hyderabad,0,,12,0,0,0,3.629046236499773,2.0406070541641674,360.0,1,1,15,amount z-score 3.6
T002026,U0067,2026-07-15 08:51:00,2199.3,D0445,M004,Hyderabad,0,,8,0,0,0,1.9084768526724047,1.6490750980519162,73260.0,0,1,0,
T002018,U0067,2026-07-16 09:40:00,879.72,D0445,M005,Hyderabad,0,,9,0,0,0,-1.0310499335273433,0.6407264225824666,89340.0,0,1,0,
T002022,U0067,2026-07-17 10:16:00,923.33,D0345,M005,Hyderabad,0,,10,0,0,0,-0.8947415891567357,0.6831602581463154,88560.0,0,1,0,
T002008,U0067,2026-07-20 10:56:00,1399.71,D0445,M004,Hyderabad,0,,10,0,0,0,0.13856600544551273,1.0494827407050737,261600.0,0,1,0,
T002005,U0067,2026-07-21 15:43:00,1389.18,D0345,M004,Hyderabad,0,,15,0,0,0,0.11315808287801252,1.0395299441319215,103620.0,0,1,0,
T002013,U0067,2026-07-23 22:58:00,869.11,D0445,M005,Hyderabad,0,,22,0,0,0,-1.0248864167538596,0.6493718174022014,198900.0,0,1,0,
T002016,U0067,2026-07-24 10:29:00,1334.16,D0445,M004,Hyderabad,0,,10,0,0,0,0.028723672554459796,1.0099581848371113,41460.0,0,1,0,
T007370,U0067,2026-07-25 00:00:00,45.96,D0345,M003,Hyderabad,1,velocity_burst,0,1,0,1,-2.836165265439057,0.0347793185381643,48660.0,0,1,0,
T007371,U0067,2026-07-25 00:02:00,77.12,D0345,M019,Hyderabad,1,velocity_burst,0,1,0,1,-2.403381651111754,0.06036829709536734,120.0,1,1,0,
T007373,U0067,2026-07-25 00:03:00,49.88,D0345,M023,Hyderabad,1,velocity_burst,0,1,0,1,-2.214633256440638,0.04030774382739233,60.0,2,1,0,
T007372,U0067,2026-07-25 00:04:00,88.67,D0345,M008,Hyderabad,1,velocity_burst,0,1,0,1,-1.9560336696529024,0.07394283027309141,60.0,3,1,0,
T007374,U0067,2026-07-25 00:08:00,84.49,D0345,M056,Hyderabad,1,velocity_burst,0,1,0,1,-1.8265929627067286,0.07255682786292383,240.0,4,1,0,
T002021,U0067,2026-07-26 19:44:00,1586.77,D0345,M053,Hyderabad,0,,19,0,0,0,0.744792392060865,1.402062309892676,156960.0,0,1,0,
T002011,U0067,2026-07-27 13:44:00,603.59,D0345,M004,Hyderabad,0,,13,0,0,0,-0.892459674457336,0.5270961070996657,64800.0,0,1,0,
T002010,U0067,2026-07-28 11:43:00,1644.6,D0445,M053,Hyderabad,0,,11,0,0,0,0.8514050547063403,1.455848050878054,79140.0,0,1,0,
T002028,U0067,2026-07-28 14:32:00,1869.52,D0445,M005,Hyderabad,0,,14,0,0,0,1.2045821767286196,1.6342600874734932,10140.0,0,1,0,
T002025,U0067,2026-07-29 15:57:00,1461.15,D0345,M004,Hyderabad,0,,15,0,0,0,0.49132390277590016,1.2557529389768431,91500.0,0,1,0,
T002003,U0067,2026-07-30 17:08:00,1524.35,D0445,M053,Hyderabad,0,,17,0,0,0,0.5886952751906596,1.3013105134460612,90660.0,0,1,0,
T001997,U0067,2026-07-30 20:33:00,1532.76,D0445,M004,Hyderabad,0,,20,0,0,0,0.5926818544028437,1.298458208964019,12300.0,0,1,0,
T002033,U0068,2026-07-01 06:14:00,356.2,D0439,M027,Mumbai,0,,6,0,1,1,0.0,1.0,1000000000.0,0,1,0,
T002054,U0068,2026-07-02 16:19:00,1336.85,D0439,M018,Mumbai,0,,16,0,0,1,0.0,1.0,122700.0,0,1,0,
T002044,U0068,2026-07-03 20:30:00,1063.97,D0301,M043,Mumbai,0,,20,0,1,1,0.0,1.0,101460.0,0,1,0,
T002038,U0068,2026-07-03 20:38:00,729.92,D0439,M004,Mumbai,0,,20,0,0,1,-0.4575456680334773,0.7942488620384521,480.0,1,1,0,
T002053,U0068,2026-07-06 06:48:00,723.85,D0439,M001,Mumbai,0,,6,0,0,1,-0.4028001407027398,0.830355554348104,209400.0,0,1,0,
T002051,U0068,2026-07-07 14:23:00,789.92,D0439,M027,Mumbai,0,,14,0,0,0,-0.156557041988725,0.9379712584360995,113700.0,0,1,0,
T002052,U0068,2026-07-08 09:17:00,793.19,D0439,M027,Mumbai,0,,9,0,0,0,-0.13191166266671833,0.9516928584720655,68040.0,0,1,0,
T002046,U0068,2026-07-08 11:23:00,1167.81,D0301,M001,Mumbai,0,,11,0,0,0,1.202112530151358,1.4109097482047726,7560.0,0,1,0,
T002036,U0068,2026-07-08 13:21:00,781.74,D0301,M053,Mumbai,0,,13,0,0,1,-0.3076652383530154,0.8983310124686826,7080.0,0,1,0,
T002037,U0068,2026-07-09 13:47:00,963.08,D0301,M043,Mumbai,0,,13,0,0,0,0.37681195606001777,1.119361523600688,87960.0,0,1,0,
T002057,U0068,2026-07-10 13:40:00,1023.15,D0301,M004,Mumbai,0,,13,0,0,0,0.585661724533334,1.1751524417016281,85980.0,0,1,0,
T002047,U0068,2026-07-12 07:04:00,727.34,D0301,M004,Mumbai,0,,7,0,0,0,-0.6234498207199337,0.8223024797274602,149040.0,0,1,0,
T002035,U0068,2026-07-15 05:18:00,497.19,D0301,M043,Mumbai,0,,5,1,0,0,-1.5258897264530098,0.5705526041982677,252840.0,0,1,0,
T002040,U0068,2026-07-18 11:44:00,1009.14,D0301,M018,Mumbai,0,,11,0,0,0,0.6507706621983866,1.1976053028407463,282360.0,0,1,0,
T002043,U0068,2026-07-19 09:58:00,801.48,D0301,M001,Mumbai,0,,9,0,0,0,-0.21196155875920691,0.9379245768843224,80040.0,0,1,0,
T002039,U0068,2026-07-19 16:17:00,898.74,D0301,M043,Mumbai,0,,16,0,0,0,0.19721063984162338,1.0561127711186369,22740.0,0,1,0,
T002050,U0068,2026-07-20 03:07:00,812.94,D0301,M004,Mumbai,0,,3,1,0,0,-0.17481013322084818,0.9519503310458977,39000.0,0,1,0,
T002041,U0068,2026-07-20 13:24:00,844.37,D0301,M018,Mumbai,0,,13,0,0,0,-0.03154277167478709,0.9915573562373475,37020.0,0,1,0,
T002056,U0068,2026-07-21 07:02:00,899.16,D0439,M053,Mumbai,0,,7,0,0,0,0.21669431665516034,1.056393626278968,63480.0,0,1,0,
T002049,U0068,2026-07-21 16:24:00,825.53,D0439,M004,Mumbai,0,,16,0,0,0,-0.13043275432017173,0.9670179593654922,33720.0,0,1,0,
T002055,U0068,2026-07-21 19:15:00,539.86,D0439,M027,Mumbai,0,,19,0,0,0,-1.4842297880481434,0.6334314421478057,10260.0,0,1,0,
T002031,U0068,2026-07-23 12:41:00,578.59,D0301,M027,Mumbai,0,,12,0,0,0,-1.198617618005095,0.690935051658695,149160.0,0,1,0,
T002045,U0068,2026-07-23 15:56:00,677.63,D0439,M001,Mumbai,0,,15,0,0,0,-0.6797437333216306,0.8207357172004773,11700.0,0,1,0,
T002048,U0068,2026-07-24 18:24:00,726.84,D0439,M053,Mumbai,0,,18,0,0,0,-0.42942745372899827,0.8872535037851339,95280.0,0,1,0,
T002032,U0068,2026-07-25 15:04:00,1089.94,D0301,M053,Mumbai,0,,15,0,0,0,1.2991342703128204,1.3367694680538729,74400.0,0,1,0,
T002034,U0068,2026-07-26 13:03:00,1193.97,D0301,M043,Mumbai,0,,13,0,0,0,1.7181770502824925,1.4448944069746654,79140.0,0,1,0,
T002042,U0068,2026-07-29 14:23:00,939.1,D0439,M001,Mumbai,0,,14,0,0,0,0.44544621738718954,1.1173418009440204,264000.0,0,1,0,
T002080,U0069,2026-07-01 11:42:00,3266.97,D0108,M029,Delhi,0,,11,0,1,1,0.0,1.0,1000000000.0,0,1,0,
T002088,U0069,2026-07-01 13:16:00,2145.91,D0108,M056,Delhi,0,,13,0,0,1,0.0,1.0,5640.0,0,1,0,
T002076,U0069,2026-07-01 18:54:00,2805.18,D0601,M060,Delhi,0,,18,0,1,1,0.0,1.0,20280.0,0,1,0,
T002087,U0069,2026-07-03 13:12:00,3384.38,D0601,M029,Delhi,0,,13,0,0,0,1.4021352645993643,1.2354667642112132,152280.0,0,1,0,
T002059,U0069,2026-07-03 20:53:00,2403.32,D0108,M005,Delhi,0,,20,0,0,1,-1.0220692346316045,0.8285567515699952,27660.0,0,1,0,
T002085,U0069,2026-07-05 15:58:00,2408.2,D0601,M056,Delhi,0,,15,0,0,0,-0.8212311260352796,0.8597177158327297,155100.0,0,1,0,
T002091,U0069,2026-07-06 14:32:00,4182.42,D0601,M056,Delhi,0,,14,0,0,0,3.1403774825044906,1.5288522690945323,81240.0,0,1,15,amount z-score 3.1
T002069,U0069,2026-07-06 16:30:00,2841.18,D0601,M060,Delhi,0,,16,0,0,0,-0.1528137493428956,0.9656192007158864,7080.0,0,1,0,
T002090,U0069,2026-07-06 17:02:00,1077.65,D0601,M005,Delhi,0,,17,0,0,0,-2.9865389856703763,0.36783692487858405,1920.0,1,1,0,
T002096,U0069,2026-07-06 17:31:00,4650.5,D0108,M056,Delhi,0,,17,0,0,0,2.3352912658295915,1.7072870264882258,1740.0,1,1,0,
T002062,U0069,2026-07-06 18:13:00,3824.26,D0601,M056,Delhi,0,,18,0,0,0,0.9329394222800637,1.3112178646392572,2520.0,1,1,0,
T002093,U0069,2026-07-07 18:08:00,1586.76,D0601,M029,Delhi,0,,18,0,0,0,-1.4655898402028196,0.5290808083238666,86100.0,0,1,0,
T002082,U0069,2026-07-07 18:15:00,2092.56,D0601,M005,Delhi,0,,18,0,0,0,-0.7874094520031958,0.7262317747018071,420.0,1,1,0,
T002072,U0069,2026-07-08 07:14:00,1562.44,D0601,M056,Delhi,0,,7,0,0,0,-1.277186454668426,0.5539163696051679,46740.0,0,1,0,
T002083,U0069,2026-07-09 05:24:00,2544.6,D0601,M060,Delhi,0,,5,1,0,0,-0.18565513316836652,0.9318019348576371,79800.0,0,1,0,
T002071,U0069,2026-07-10 11:47:00,3347.16,D0601,M005,Delhi,0,,11,0,0,0,0.6480252315787596,1.231287856987882,109380.0,0,1,0,
T002079,U0069,2026-07-11 07:12:00,2840.19,D0108,M005,Delhi,0,,7,0,0,0,0.08665960174831994,1.0299058388971838,69900.0,0,1,0,
T002098,U0069,2026-07-11 10:50:00,2841.17,D0601,M029,Delhi,0,,10,0,0,0,0.08511481915559609,1.0284519863544832,13080.0,0,1,0,
T002058,U0069,2026-07-11 15:10:00,2815.2,D0108,M029,Delhi,0,,15,0,0,0,0.0537682758261219,1.0174430799748622,15600.0,0,1,0,
T002067,U0069,2026-07-13 03:41:00,3033.5,D0601,M060,Delhi,0,,3,1,0,0,0.30217198268268614,1.0953334323929502,131460.0,0,1,0,
T002063,U0069,2026-07-13 08:00:00,3505.11,D0601,M056,Delhi,0,,8,0,0,0,0.8463649560612609,1.2596177597800615,15540.0,0,1,0,
T002070,U0069,2026-07-13 09:55:00,3370.37,D0108,M060,Delhi,0,,9,0,0,0,0.6531681666494001,1.196405901940231,6900.0,0,1,0,
T002061,U0069,2026-07-13 20:29:00,2952.09,D0601,M056,Delhi,0,,20,0,0,0,0.13147629728130586,1.0386532459747038,38040.0,0,1,0,
T002086,U0069,2026-07-14 20:30:00,2315.92,D0601,M029,Delhi,0,,20,0,0,0,-0.6496151292986833,0.8134582912034866,86460.0,0,1,0,
T002066,U0069,2026-07-15 14:23:00,3313.98,D0108,M029,Delhi,0,,14,0,0,0,0.605827875455848,1.1731414818677128,64380.0,0,1,0,
T002068,U0069,2026-07-16 16:05:00,4521.71,D0601,M005,Delhi,0,,16,0,0,0,2.1049946692473718,1.5896657080753216,92520.0,0,1,0,
T002064,U0069,2026-07-16 19:57:00,4781.13,D0108,M060,Delhi,0,,19,0,0,0,2.2148319279436315,1.6435923965360841,13920.0,0,1,0,
T002095,U0069,2026-07-17 08:00:00,5657.55,D0108,M060,Delhi,0,,8,0,0,0,2.971341491572865,1.8995960391493567,43380.0,0,1,0,
T002101,U0069,2026-07-17 16:20:00,3871.76,D0108,M029,Delhi,0,,16,0,0,0,0.7856037824191803,1.2595271759197768,30000.0,0,1,0,
T002075,U0069,2026-07-18 04:51:00,2382.1,D0108,M060,Delhi,0,,4,1,0,0,-0.7133958534953105,0.768050536552431,45060.0,0,1,0,
T002097,U0069,2026-07-18 14:20:00,971.41,D0108,M005,Delhi,0,,14,0,0,0,-2.1064664206745003,0.31564814259985974,34140.0,0,1,0,
T002084,U0069,2026-07-20 18:32:00,3461.94,D0601,M060,Delhi,0,,18,0,0,0,0.43017048244990397,1.150310385796583,187920.0,0,1,0,
T002077,U0069,2026-07-21 11:53:00,2299.7,D0108,M005,Delhi,0,,11,0,0,0,-0.6974801791719071,0.7605565269085296,62460.0,0,1,0,
T002060,U0069,2026-07-21 13:26:00,3498.31,D0108,M056,Delhi,0,,13,0,0,0,0.4822253269760573,1.1654167965047384,5580.0,0,1,0,
T002074,U0069,2026-07-21 14:07:00,3578.93,D0601,M060,Delhi,0,,14,0,0,0,0.5526669340959398,1.1865017401572084,2460.0,1,1,0,
T002073,U0069,2026-07-21 16:51:00,4454.04,D0108,M060,Delhi,0,,16,0,0,0,1.4108458116327007,1.4687951893653004,9840.0,0,1,0,
T002099,U0069,2026-07-21 20:00:00,3564.36,D0108,M005,Delhi,0,,20,0,0,0,0.4824764865717913,1.1602986172138183,11340.0,0,1,0,
T002100,U0069,2026-07-23 20:57:00,2044.89,D0108,M029,Delhi,0,,20,0,0,0,-1.0301552598508867,0.6627972430871125,176220.0,0,1,0,
T002094,U0069,2026-07-24 14:27:00,1630.68,D0108,M060,Delhi,0,,14,0,0,0,-1.4125774083654523,0.5332741243113474,63000.0,0,1,0,
T002089,U0069,2026-07-25 17:13:00,1614.72,D0601,M029,Delhi,0,,17,0,0,0,-1.3756016758548717,0.5344507440465598,96360.0,0,1,0,
T002092,U0069,2026-07-25 17:29:00,2309.68,D0601,M005,Delhi,0,,17,0,0,0,-0.654664306736863,0.7734754914452641,960.0,1,1,0,
T002081,U0069,2026-07-26 19:51:00,2677.69,D0108,M056,Delhi,0,,19,0,0,0,-0.2845528678098492,0.901698121473618,94920.0,0,1,0,
T002078,U0069,2026-07-29 17:47:00,3494.66,D0601,M060,Delhi,0,,17,0,0,0,0.5243606397502718,1.1795693084318768,251760.0,0,1,0,
T002065,U0069,2026-07-30 08:38:00,3151.08,D0108,M056,Delhi,0,,8,0,0,0,0.17501634677793892,1.0591759562965126,53460.0,0,1,0,
T002118,U0070,2026-07-01 09:48:00,491.22,D0635,M041,Bengaluru,0,,9,0,1,1,0.0,1.0,1000000000.0,0,1,0,
T002111,U0070,2026-07-01 13:07:00,1099.31,D0635,M052,Bengaluru,0,,13,0,0,1,0.0,1.0,11940.0,0,1,0,
T007440,U0070,2026-07-02 01:00:00,36.4,D0635,M041,Bengaluru,1,velocity_burst,1,1,0,0,0.0,1.0,42780.0,0,1,0,
T007441,U0070,2026-07-02 01:01:00,83.63,D0635,M023,Bengaluru,1,velocity_burst,1,1,0,1,-1.053389693688766,0.15421069101766388,60.0,1,1,0,
T007442,U0070,2026-07-02 01:02:00,12.25,D0635,M012,Bengaluru,1,velocity_burst,1,1,0,1,-0.974630374365054,0.028645589681401205,60.0,2,1,0,
T007443,U0070,2026-07-02 01:03:00,81.29,D0635,M054,Bengaluru,1,velocity_burst,1,1,0,1,-0.6331018656227941,0.23592270698474382,60.0,3,1,0,
T007444,U0070,2026-07-02 01:08:00,71.38,D0635,M047,Bengaluru,1,velocity_burst,1,1,0,1,-0.5848275166167533,0.23739260494187925,300.0,4,1,0,
T007445,U0070,2026-07-02 01:10:00,37.92,D0635,M053,Bengaluru,1,velocity_burst,1,1,0,1,-0.6186864348170245,0.1415317673391759,120.0,5,1,30,5 txns in last 1h (velocity)
T007446,U0070,2026-07-02 01:12:00,45.45,D0635,M032,Bengaluru,1,velocity_burst,1,1,0,1,-0.5442077898556364,0.1900282212186549,120.0,6,1,30,6 txns in last 1h (velocity)
T007447,U0070,2026-07-02 01:14:00,36.29,D0635,M044,Bengaluru,1,velocity_burst,1,1,0,1,-0.5316995135559471,0.16673558388818938,120.0,7,1,30,7 txns in last 1h (velocity)
T007448,U0070,2026-07-02 01:16:00,110.32,D0635,M048,Bengaluru,1,velocity_burst,1,1,0,1,-0.27182254028536496,0.5529436503055242,120.0,8,1,30,8 txns in last 1h (velocity)
T007449,U0070,2026-07-02 01:18:00,84.53,D0635,M058,Bengaluru,1,velocity_burst,1,1,0,1,-0.34046340048129303,0.4416279554786567,120.0,9,1,30,9 txns in last 1h (velocity)
T002127,U0070,2026-07-02 12:57:00,733.45,D0635,M037,Bengaluru,0,,12,0,0,1,1.8243665070449189,4.018922438811561,41940.0,0,1,0,
T002107,U0070,2026-07-03 13:30:00,1000.95,D0635,M041,Bengaluru,0,,13,0,0,0,2.386614146068274,4.451040535169687,88380.0,0,1,0,
T002102,U0070,2026-07-05 18:57:00,523.73,D0635,M041,Bengaluru,0,,18,0,0,0,0.6549367290574526,1.8683718931713702,192420.0,0,1,0,
T002125,U0070,2026-07-08 11:33:00,1152.82,D0635,M037,Bengaluru,0,,11,0,0,0,2.3513850397525413,3.8875524809777406,232560.0,0,1,0,
T002123,U0070,2026-07-09 12:06:00,937.47,D0635,M041,Bengaluru,0,,12,0,0,0,1.4361942823958493,2.6780361791326848,88380.0,0,1,0,
T002110,U0070,2026-07-09 16:03:00,342.33,D0635,M052,Bengaluru,0,,16,0,0,0,-0.10062996644188252,0.8900650134924077,14220.0,0,1,0,
T002116,U0070,2026-07-10 07:42:00,1093.07,D0635,M037,Bengaluru,0,,7,0,0,0,1.7402407631805914,2.859468596187265,56340.0,0,1,0,
T002124,U0070,2026-07-10 13:31:00,363.45,D0635,M022,Bengaluru,0,,13,0,0,1,-0.13134293246781364,0.8660289100875805,20940.0,0,1,0,
T002119,U0070,2026-07-14 14:10:00,876.18,D0635,M020,Bengaluru,0,,14,0,0,1,1.1003905197798334,2.101841607190272,347940.0,0,1,0,
T002109,U0070,2026-07-15 18:15:00,1098.09,D0635,M052,Bengaluru,0,,18,0,0,0,1.5738925657121623,2.5028534344870184,101100.0,0,1,0,
T002130,U0070,2026-07-20 06:18:00,1078.43,D0635,M037,Bengaluru,0,,6,0,0,0,1.41228390159278,2.3008670827104147,388980.0,0,1,0,
T002129,U0070,2026-07-20 10:40:00,982.41,D0635,M037,Bengaluru,0,,10,0,0,0,1.1068397964955805,1.9838023974072378,15720.0,0,1,0,
T002128,U0070,2026-07-21 15:43:00,384.8,D0635,M001,Bengaluru,0,,15,0,0,1,-0.2958967944734208,0.7464374232330186,104580.0,0,1,0,
T002103,U0070,2026-07-22 03:09:00,1045.95,D0635,M001,Bengaluru,0,,3,1,0,0,1.2354082008388818,2.0497296774093914,41160.0,0,1,0,
T002105,U0070,2026-07-22 13:18:00,991.23,D0635,M022,Bengaluru,0,,13,0,0,0,1.0522721032812536,1.8671126492745898,36540.0,0,1,0,
T002126,U0070,2026-07-22 13:58:00,908.51,D0635,M022,Bengaluru,0,,13,0,0,0,0.8232035841447121,1.6580498606043965,2400.0,1,1,0,
T002104,U0070,2026-07-22 18:33:00,762.13,D0635,M022,Bengaluru,0,,18,0,0,0,0.46248072815783153,1.3589651797156044,16500.0,0,1,0,
T002120,U0070,2026-07-23 08:47:00,458.48,D0635,M052,Bengaluru,0,,8,0,0,0,-0.25455329321498715,0.8075267568690735,51240.0,0,1,0,
T002114,U0070,2026-07-27 08:42:00,1200.1,D0635,M037,Bengaluru,0,,8,0,0,0,1.5051660649208312,2.1274005825151687,345300.0,0,1,0,
T002113,U0070,2026-07-27 15:43:00,313.09,D0635,M041,Bengaluru,0,,15,0,0,0,-0.6306345413207987,0.5355341129478598,25260.0,0,1,0,
T002112,U0070,2026-07-27 16:32:00,910.42,D0635,M037,Bengaluru,0,,16,0,0,0,0.7838933939843709,1.5801907693385837,2940.0,1,1,0,
T002122,U0070,2026-07-28 13:16:00,465.73,D0635,M052,Bengaluru,0,,13,0,0,0,-0.28443259340128435,0.7943880923521893,74640.0,0,1,0,
T002115,U0070,2026-07-29 07:00:00,698.79,D0635,M001,Bengaluru,0,,7,0,0,0,0.2776384992868702,1.199166597732898,63840.0,0,1,0,
T002121,U0070,2026-07-29 12:48:00,1184.09,D0635,M037,Bengaluru,0,,12,0,0,0,1.449927264039051,2.0204737772423127,20880.0,0,1,0,
T002117,U0070,2026-07-29 16:57:00,910.05,D0635,M037,Bengaluru,0,,16,0,0,0,0.7346801366754779,1.5100602905755858,14940.0,0,1,0,
T002108,U0070,2026-07-29 21:59:00,988.34,D0635,M037,Bengaluru,0,,21,0,0,0,0.9077841813697224,1.6176678993983957,18120.0,0,1,0,
T002106,U0070,2026-07-30 16:32:00,328.55,D0635,M022,Bengaluru,0,,16,0,0,0,-0.7050845075891952,0.5291539225048043,66780.0,0,1,0,
T002161,U0071,2026-07-01 17:02:00,762.04,D0890,M059,Chennai,0,,17,0,1,1,0.0,1.0,1000000000.0,0,2,0,
T002167,U0071,2026-07-01 19:45:00,243.54,D0827,M048,Chennai,0,,19,0,1,1,0.0,1.0,9780.0,0,1,0,
T002153,U0071,2026-07-03 17:59:00,20.0,D0827,M048,Chennai,0,,17,0,0,0,0.0,1.0,166440.0,0,1,0,
T002149,U0071,2026-07-05 13:57:00,554.68,D0827,M012,Chennai,0,,13,0,0,1,0.6847230485730049,1.6225355361184828,158280.0,0,1,0,
T002166,U0071,2026-07-06 08:42:00,769.2,D0827,M059,Chennai,0,,8,0,0,0,1.3150205275121818,1.9470213713008715,67500.0,0,1,0,
T002150,U0071,2026-07-06 16:44:00,319.86,D0890,M048,Chennai,0,,16,0,0,0,-0.508210734759029,0.6807096084191483,28920.0,0,2,0,
T002137,U0071,2026-07-07 11:02:00,655.26,D0827,M059,Chennai,0,,11,0,0,0,0.7643450215178214,1.4728694915419591,65880.0,0,1,0,
T002154,U0071,2026-07-07 16:40:00,432.94,D0827,M040,Chennai,0,,16,0,0,1,-0.15834884570366778,0.9115677750630232,20280.0,0,1,0,
T002133,U0071,2026-07-09 12:10:00,222.1,D0890,M059,Chennai,0,,12,0,0,0,-0.9963573884732155,0.47286508021702595,156600.0,0,2,0,
T002165,U0071,2026-07-09 14:40:00,384.31,D0827,M040,Chennai,0,,14,0,0,0,-0.2344180289043988,0.8691256934526083,9000.0,0,1,0,
T002170,U0071,2026-07-10 09:10:00,545.22,D0827,M059,Chennai,0,,9,0,0,0,0.4634073664403805,1.2493784243803672,66600.0,0,1,0,
T002138,U0071,2026-07-10 14:07:00,1005.47,D0890,M059,Chennai,0,,14,0,0,0,2.4733107579452973,2.2529704684552976,17820.0,0,2,0,
T002134,U0071,2026-07-11 05:26:00,910.86,D0827,M048,Chennai,0,,5,1,0,0,1.5714953867903174,1.8480172822300995,55140.0,0,1,0,
T002159,U0071,2026-07-11 13:29:00,591.85,D0827,M040,Chennai,0,,13,0,0,0,0.23968314531817814,1.127254051780343,28980.0,0,1,0,
T002164,U0071,2026-07-11 13:54:00,830.88,D0890,M047,Chennai,0,,13,0,0,1,1.1185300391465123,1.5682624310964086,1500.0,1,2,0,
T002145,U0071,2026-07-11 21:05:00,400.02,D0827,M040,Chennai,0,,21,0,0,0,-0.5536719638281683,0.7274669278653181,25860.0,0,1,0,
T002139,U0071,2026-07-12 13:46:00,481.59,D0827,M047,Chennai,0,,13,0,0,0,-0.2227168789120422,0.890984627576307,60060.0,0,1,0,
T002155,U0071,2026-07-15 14:21:00,732.58,D0890,M048,Chennai,0,,14,0,0,0,0.7606892239681512,1.3640860363961764,261300.0,0,2,0,
T002136,U0071,2026-07-17 07:26:00,895.59,D0827,M048,Chennai,0,,7,0,0,0,1.369964316459491,1.6345534525650998,147900.0,0,1,0,
T002160,U0071,2026-07-17 08:16:00,393.85,D0890,M048,Chennai,0,,8,0,0,0,-0.6656604884281393,0.6955899742223027,3000.0,1,2,0,
T002147,U0071,2026-07-17 14:30:00,275.29,D0890,M047,Chennai,0,,14,0,0,0,-1.1063945458946525,0.4937122474968934,22440.0,0,2,0,
T002158,U0071,2026-07-18 13:25:00,565.26,D0827,M040,Chennai,0,,13,0,0,0,0.08241305548650733,1.038796266270295,82500.0,0,1,0,
T002152,U0071,2026-07-19 18:16:00,561.65,D0827,M047,Chennai,0,,18,0,0,0,0.06608367153325848,1.030345075279607,103860.0,0,1,0,
T002144,U0071,2026-07-21 07:47:00,490.62,D0890,M040,Chennai,0,,7,0,0,0,-0.2254939283102842,0.8988548689765476,135060.0,0,2,0,
T002156,U0071,2026-07-21 13:03:00,705.26,D0890,M012,Chennai,0,,13,0,0,0,0.6740834075766855,1.2975608386005109,18960.0,0,2,0,
T002141,U0071,2026-07-21 23:57:00,584.0,D0827,M059,Chennai,0,,23,0,0,0,0.14334718916395517,1.0618243577747646,39240.0,0,1,0,
T002163,U0071,2026-07-22 11:36:00,465.33,D0827,M040,Chennai,0,,11,0,0,0,-0.36947474152931564,0.8440524279509468,41940.0,0,1,0,
T002151,U0071,2026-07-22 15:35:00,151.17,D0890,M059,Chennai,0,,15,0,0,0,-1.7340068346602273,0.2757970838085362,14340.0,0,2,0,
T002162,U0071,2026-07-22 16:49:00,684.87,D0890,M048,Chennai,0,,16,0,0,0,0.638010323543645,1.282663628452272,4440.0,0,2,0,
T002132,U0071,2026-07-24 09:55:00,644.43,D0890,M040,Chennai,0,,9,0,0,0,0.44979023324060524,1.1952749175318798,147960.0,0,2,0,
T002157,U0071,2026-07-24 12:30:00,859.05,D0827,M040,Chennai,0,,12,0,0,0,1.3702007002039658,1.5830431943859418,9300.0,0,1,0,
T002168,U0071,2026-07-24 17:50:00,679.73,D0827,M047,Chennai,0,,17,0,0,0,0.5423211888771927,1.229471540949927,19200.0,0,1,0,
T002146,U0071,2026-07-24 17:54:00,522.23,D0890,M040,Chennai,0,,17,0,0,0,-0.14957871545666768,0.9378656996934814,240.0,1,2,0,
T002142,U0071,2026-07-25 09:53:00,515.33,D0827,M059,Chennai,0,,9,0,0,0,-0.17752818561290015,0.9272199072447904,57540.0,0,1,0,
T002135,U0071,2026-07-26 14:00:00,549.93,D0827,M040,Chennai,0,,14,0,0,0,-0.020750055190449798,0.9915973944867426,101220.0,0,1,0,
T002140,U0071,2026-07-26 15:15:00,671.52,D0827,M048,Chennai,0,,15,0,0,0,0.5288657122544097,1.2111312000887564,4500.0,0,1,0,
T002169,U0071,2026-07-28 10:06:00,635.77,D0890,M012,Chennai,0,,10,0,0,0,0.35628549941369564,1.139968051763448,154260.0,0,2,0,
T002143,U0071,2026-07-28 14:05:00,686.5,D0827,M047,Chennai,0,,14,0,0,0,0.5851691019455154,1.2262905708138567,14340.0,0,1,0,
T002148,U0071,2026-07-29 12:27:00,645.24,D0890,M040,Chennai,0,,12,0,0,0,0.38255144639027266,1.145765047886517,80520.0,0,2,0,
T002131,U0071,2026-07-30 14:23:00,862.66,D0827,M047,Chennai,0,,14,0,0,0,1.4014686384390609,1.5261378733374076,93360.0,0,1,0,
T002192,U0072,2026-07-02 08:23:00,1006.54,D0038,M009,Bengaluru,0,,8,0,1,1,0.0,1.0,1000000000.0,0,1,0,
T002172,U0072,2026-07-04 07:03:00,871.43,D0679,M009,Bengaluru,0,,7,0,1,0,0.0,1.0,168000.0,0,1,0,
T002173,U0072,2026-07-04 16:28:00,1385.55,D0679,M027,Bengaluru,0,,16,0,0,1,0.0,1.0,33900.0,0,1,0,
T007637,U0072,2026-07-06 10:07:00,2515.05,D0038,M017,Bengaluru,1,zero_day_drain,10,0,0,1,6.558293700412762,2.311966831232565,149940.0,0,1,15,amount z-score 6.6
T002179,U0072,2026-07-06 14:18:00,824.03,D0679,M027,Bengaluru,0,,14,0,0,0,-0.9605547418177226,0.5704040961203868,15060.0,0,1,0,
T002183,U0072,2026-07-07 14:42:00,1307.44,D0038,M009,Bengaluru,0,,14,0,0,0,-0.020796524150498364,0.990094810385231,87840.0,0,1,0,
T002194,U0072,2026-07-08 11:33:00,1496.57,D0679,M019,Bengaluru,0,,11,0,0,1,0.31041220502858863,1.1351927415270773,75060.0,0,1,0,
T007638,U0072,2026-07-08 15:34:00,1776.05,D0038,M005,Bengaluru,1,zero_day_drain,15,0,0,1,0.8075999324589315,1.3216610437499134,14460.0,0,1,0,
T002178,U0072,2026-07-10 13:53:00,681.51,D0679,M011,Bengaluru,0,,13,0,0,1,-1.3757785977709216,0.48754768508562524,166740.0,0,1,0,
T002182,U0072,2026-07-11 10:52:00,1223.82,D0038,M011,Bengaluru,0,,10,0,0,0,-0.17483866304417842,0.9283734126908698,75540.0,0,1,0,
T002187,U0072,2026-07-11 13:13:00,447.36,D0038,M011,Bengaluru,0,,13,0,0,0,-1.6788383053798963,0.34180955185493755,8460.0,0,1,0,
T002185,U0072,2026-07-11 14:20:00,530.76,D0038,M009,Bengaluru,0,,14,0,0,0,-1.2760710069696266,0.43134163470137393,4020.0,0,1,0,
T002176,U0072,2026-07-13 22:02:00,1016.67,D0038,M053,Bengaluru,0,,22,0,0,1,-0.27794344640602664,0.8673357445371868,200520.0,0,1,0,
T002191,U0072,2026-07-14 07:46:00,1281.31,D0679,M053,Bengaluru,0,,7,0,0,0,0.22461283874681337,1.1043739937626311,35040.0,0,1,0,
T002171,U0072,2026-07-14 11:22:00,1669.15,D0038,M053,Bengaluru,0,,11,0,0,0,0.9612451842947156,1.4280109666964582,12960.0,0,1,0,
T002196,U0072,2026-07-14 12:49:00,835.57,D0679,M019,Bengaluru,0,,12,0,0,0,-0.7077235841276691,0.695024853524637,5220.0,0,1,0,
T002188,U0072,2026-07-14 13:22:00,1245.85,D0038,M053,Bengaluru,0,,13,0,0,0,0.13064163126219458,1.0564312207869546,1980.0,1,1,0,
T002175,U0072,2026-07-14 14:11:00,1670.81,D0038,M009,Bengaluru,0,,14,0,0,0,0.9861504282386938,1.4120929698038354,2940.0,1,1,0,
T007639,U0072,2026-07-14 15:52:00,2643.13,D0038,M032,Bengaluru,1,zero_day_drain,15,0,0,1,2.9044474345470555,2.1838564860290175,6060.0,0,1,0,
T002197,U0072,2026-07-16 08:04:00,921.06,D0038,M009,Bengaluru,0,,8,0,0,0,-0.6319919738136887,0.7163791615724516,144720.0,0,1,0,
T002190,U0072,2026-07-16 11:36:00,794.31,D0038,M019,Bengaluru,0,,11,0,0,0,-0.8330916002813937,0.6266829609338482,12720.0,0,1,0,
T007640,U0072,2026-07-16 15:22:00,1759.03,D0038,M010,Bengaluru,1,zero_day_drain,15,0,0,1,0.9125081806491449,1.4129311642542595,13560.0,0,1,0,
T002184,U0072,2026-07-19 03:34:00,1864.82,D0038,M053,Bengaluru,0,,3,1,0,0,1.063783640045928,1.4703092845806252,216720.0,0,1,0,
T002193,U0072,2026-07-20 09:21:00,1100.44,D0038,M009,Bengaluru,0,,9,0,0,0,-0.34502268661886326,0.8502510422477771,107220.0,0,1,0,
T002189,U0072,2026-07-21 14:33:00,1593.43,D0679,M053,Bengaluru,0,,14,0,0,0,0.5573492042155849,1.238888099629415,105120.0,0,1,0,
T002174,U0072,2026-07-22 07:41:00,734.46,D0038,M027,Bengaluru,0,,7,0,0,0,-1.0377667615756716,0.5656359846286222,61680.0,0,1,0,
T002195,U0072,2026-07-23 15:29:00,750.94,D0679,M019,Bengaluru,0,,15,0,0,0,-0.9668691053887606,0.5881537462840721,114480.0,0,1,0,
T002177,U0072,2026-07-24 06:26:00,854.61,D0038,M011,Bengaluru,0,,6,0,0,0,-0.7418099721248254,0.6797186439735362,53820.0,0,1,0,
T002180,U0072,2026-07-25 15:03:00,1301.24,D0038,M009,Bengaluru,0,,15,0,0,0,0.10834943274605645,1.0469235689833007,117420.0,0,1,0,
T002181,U0072,2026-07-27 15:59:00,796.6,D0679,M009,Bengaluru,0,,15,0,0,0,-0.8474655736659714,0.6398758655512153,176160.0,0,1,0,
T002186,U0072,2026-07-28 14:48:00,932.0,D0679,M009,Bengaluru,0,,14,0,0,0,-0.5661657228286079,0.757733022614049,82140.0,0,1,0,
T002202,U0073,2026-07-01 12:25:00,2104.2,D0175,M034,Pune,0,,12,0,1,1,0.0,1.0,1000000000.0,0,1,0,
T002206,U0073,2026-07-02 15:36:00,3491.64,D0175,M056,Pune,0,,15,0,0,1,0.0,1.0,97860.0,0,1,0,
T002212,U0073,2026-07-03 13:20:00,3048.84,D0175,M034,Pune,0,,13,0,0,0,0.0,1.0,78240.0,0,1,0,
T002203,U0073,2026-07-04 23:38:00,2828.64,D0175,M056,Pune,0,,23,0,0,0,-0.09145600823172789,0.9816349473959817,123480.0,0,1,0,
T002204,U0073,2026-07-06 11:51:00,3366.65,D0175,M056,Pune,0,,11,0,0,0,0.9933824902068176,1.1737317529106723,130380.0,0,1,0,
T002211,U0073,2026-07-10 10:18:00,3665.58,D0175,M034,Pune,0,,10,0,0,0,1.4208500739402838,1.235036189010141,340020.0,0,1,0,
T002205,U0073,2026-07-13 14:34:00,3621.58,D0175,M042,Pune,0,,14,0,0,1,1.0370411846706649,1.1742142218391085,274560.0,0,1,0,
T002209,U0073,2026-07-15 12:40:00,2460.58,D0175,M034,Pune,0,,12,0,0,0,-1.3594731488750118,0.7784136485188592,165960.0,0,1,0,
T002198,U0073,2026-07-15 19:38:00,2581.93,D0175,M030,Pune,0,,19,0,0,1,-0.9192151696944592,0.8400717266178683,25080.0,0,1,0,
T002210,U0073,2026-07-16 12:09:00,2603.58,D0175,M042,Pune,0,,12,0,0,0,-0.7875603624591162,0.8624413128859282,59460.0,0,1,0,
T002199,U0073,2026-07-17 09:06:00,942.3,D0175,M056,Pune,0,,9,0,0,0,-3.947616095126132,0.31649247198774855,75420.0,0,1,0,
T002201,U0073,2026-07-17 17:00:00,3433.47,D0175,M056,Pune,0,,17,0,0,0,0.8390940513207503,1.2296119351544192,28440.0,0,1,0,
T002207,U0073,2026-07-18 11:55:00,2609.47,D0175,M056,Pune,0,,11,0,0,0,-0.3138988608251036,0.9169711897481111,68100.0,0,1,0,
T002208,U0073,2026-07-18 17:07:00,2197.22,D0175,M030,Pune,0,,17,0,0,0,-0.8683406344341235,0.7770690064245918,18720.0,0,1,0,
T002200,U0073,2026-07-24 09:22:00,2770.41,D0175,M030,Pune,0,,9,0,0,0,-0.01690341827175287,0.9956376062761855,490500.0,0,1,0,
T002246,U0074,2026-07-01 13:34:00,1896.09,D0366,M035,Ahmedabad,0,,13,0,1,1,0.0,1.0,1000000000.0,0,1,0,
T002219,U0074,2026-07-02 04:55:00,1500.04,D0583,M043,Ahmedabad,0,,4,1,1,1,0.0,1.0,55260.0,0,1,20,odd hour + new device
T002233,U0074,2026-07-02 11:47:00,2499.27,D0366,M035,Ahmedabad,0,,11,0,0,0,0.0,1.0,24720.0,0,1,0,
T002228,U0074,2026-07-02 16:50:00,1937.81,D0366,M043,Ahmedabad,0,,16,0,0,0,-0.06650521542461721,0.9860959387050433,18180.0,0,1,0,
T002221,U0074,2026-07-06 07:33:00,2350.34,D0366,M004,Ahmedabad,0,,7,0,0,1,1.1012325217415349,1.2001925130564903,312180.0,0,1,0,
T002213,U0074,2026-07-06 12:34:00,2866.6,D0583,M004,Ahmedabad,0,,12,0,0,0,2.3381442938054224,1.4074659615716199,18060.0,0,1,0,
T002222,U0074,2026-07-06 12:45:00,744.48,D0366,M022,Ahmedabad,0,,12,0,0,1,-3.1937078223116813,0.3422857206964124,660.0,1,1,0,
T002225,U0074,2026-07-08 08:22:00,2277.42,D0366,M022,Ahmedabad,0,,8,0,0,0,0.4719016154317783,1.1556627464390392,157020.0,0,1,0,
T002220,U0074,2026-07-09 20:41:00,1966.29,D0366,M045,Ahmedabad,0,,20,0,0,1,-0.06929180192931604,0.9787376216581021,130740.0,0,1,0,
T007468,U0074,2026-07-12 00:00:00,65.82,D0366,M042,Ahmedabad,1,velocity_burst,0,1,0,1,-3.3342759984458348,0.03284005067564085,184740.0,0,1,0,
T007469,U0074,2026-07-12 00:01:00,33.81,D0366,M060,Ahmedabad,1,velocity_burst,0,1,0,1,-2.2166588868725823,0.01867526578494928,60.0,1,1,0,
T007470,U0074,2026-07-12 00:02:00,101.56,D0366,M036,Ahmedabad,1,velocity_burst,0,1,0,1,-1.6834648998403539,0.06159233912739321,60.0,2,1,0,
T007471,U0074,2026-07-12 00:03:00,77.99,D0366,M009,Ahmedabad,1,velocity_burst,0,1,0,1,-1.473764115613085,0.05131053263895908,60.0,3,1,0,
T007473,U0074,2026-07-12 00:05:00,40.19,D0366,M046,Ahmedabad,1,velocity_burst,0,1,0,1,-1.3479039653445914,0.028522965970786504,120.0,4,1,0,
T007475,U0074,2026-07-12 00:07:00,69.49,D0366,M048,Ahmedabad,1,velocity_burst,0,1,0,1,-1.1938298444700624,0.052994627285106635,120.0,5,1,30,5 txns in last 1h (velocity)
T007472,U0074,2026-07-12 00:08:00,48.53,D0366,M038,Ahmedabad,1,velocity_burst,0,1,0,1,-1.1221079502147082,0.03950410259873655,60.0,6,1,30,6 txns in last 1h (velocity)
T007474,U0074,2026-07-12 00:12:00,48.93,D0366,M004,Ahmedabad,1,velocity_burst,0,1,0,0,-1.0457161082807434,0.0423734271567091,240.0,7,1,30,7 txns in last 1h (velocity)
T007476,U0074,2026-07-12 00:16:00,115.34,D0366,M015,Ahmedabad,1,velocity_burst,0,1,0,1,-0.9206117437604934,0.10584701679818148,240.0,8,1,30,8 txns in last 1h (velocity)
T002218,U0074,2026-07-12 10:18:00,2842.31,D0366,M022,Ahmedabad,0,,10,0,0,0,1.7166563221410605,2.744719954431064,36120.0,0,1,0,
T002236,U0074,2026-07-13 12:27:00,2911.05,D0583,M004,Ahmedabad,0,,12,0,0,0,1.6170855350596691,2.5746742296839207,94140.0,0,1,0,
T002227,U0074,2026-07-14 10:53:00,2966.6,D0366,M045,Ahmedabad,0,,10,0,0,0,1.5308975308063928,2.43230124719817,80760.0,0,1,0,
T002239,U0074,2026-07-14 11:53:00,3032.38,D0366,M022,Ahmedabad,0,,11,0,0,0,1.4730478262059867,2.327488050096665,3600.0,1,1,0,
T002231,U0074,2026-07-14 12:46:00,2822.73,D0366,M045,Ahmedabad,0,,12,0,0,0,1.1986938412155008,2.043279982885419,3180.0,1,1,0,
T002214,U0074,2026-07-15 09:36:00,2732.27,D0366,M043,Ahmedabad,0,,9,0,0,0,1.0627266407191196,1.8919788504580746,75000.0,0,1,0,
T002243,U0074,2026-07-15 10:55:00,2568.88,D0366,M022,Ahmedabad,0,,10,0,0,0,0.8821360835831771,1.7150954690621814,4740.0,0,1,0,
T002216,U0074,2026-07-15 12:31:00,614.02,D0366,M045,Ahmedabad,0,,12,0,0,0,-0.7670615835483783,0.39854637838386897,5760.0,0,1,0,
T002245,U0074,2026-07-16 11:11:00,1054.86,D0583,M042,Ahmedabad,0,,11,0,0,0,-0.3757840369579527,0.7008993551221924,81600.0,0,1,0,
T002240,U0074,2026-07-16 19:56:00,1859.8,D0583,M004,Ahmedabad,0,,19,0,0,0,0.31518082806615116,1.2495825558792009,31500.0,0,1,0,
T002215,U0074,2026-07-19 13:49:00,1803.92,D0366,M045,Ahmedabad,0,,13,0,0,0,0.2607558855584306,1.20132905456697,237180.0,0,1,0,
T002229,U0074,2026-07-20 13:16:00,372.24,D0583,M045,Ahmedabad,0,,13,0,0,0,-0.9993278959494052,0.2461858721137903,84420.0,0,1,0,
T002230,U0074,2026-07-20 13:41:00,2575.86,D0583,M035,Ahmedabad,0,,13,0,0,0,0.9666007724093666,1.7474886388425641,1500.0,1,1,0,
T002223,U0074,2026-07-20 14:32:00,2090.98,D0366,M035,Ahmedabad,0,,14,0,0,0,0.510838205222112,1.385142012702131,3060.0,1,1,0,
T002237,U0074,2026-07-20 19:27:00,1546.3,D0366,M035,Ahmedabad,0,,19,0,0,0,0.01649508223260194,1.0121441086160663,17700.0,0,1,0,
T002232,U0074,2026-07-21 15:35:00,3544.93,D0366,M022,Ahmedabad,0,,15,0,0,0,1.8207145823606232,2.3195111635250707,72480.0,0,1,0,
T002241,U0074,2026-07-22 16:57:00,2813.11,D0583,M045,Ahmedabad,0,,16,0,0,0,1.0720303239727467,1.7719022136843503,91320.0,0,1,0,
T002234,U0074,2026-07-23 08:54:00,1889.15,D0583,M035,Ahmedabad,0,,8,0,0,0,0.23275430603698202,1.1642479669625871,57420.0,0,1,0,
T002238,U0074,2026-07-23 13:43:00,1835.9,D0583,M045,Ahmedabad,0,,13,0,0,0,0.18219747929116586,1.1262923383282755,17340.0,0,1,0,
T002242,U0074,2026-07-24 14:24:00,1805.25,D0366,M045,Ahmedabad,0,,14,0,0,0,0.15214930749815767,1.103721762147021,88860.0,0,1,0,
T002235,U0074,2026-07-24 15:24:00,2547.45,D0366,M042,Ahmedabad,0,,15,0,0,0,0.8244640976615399,1.553259862980169,3600.0,1,1,0,
T002244,U0074,2026-07-26 08:03:00,1824.3,D0583,M035,Ahmedabad,0,,8,0,0,0,0.14689468121098892,1.0967737155073682,146340.0,0,1,0,
T002224,U0074,2026-07-26 13:56:00,2402.83,D0583,M022,Ahmedabad,0,,13,0,0,0,0.6795424603985869,1.4411008789861317,21180.0,0,1,0,
T002226,U0074,2026-07-26 14:53:00,2824.8,D0583,M004,Ahmedabad,0,,14,0,0,0,1.0599757143447432,1.676145111855285,3420.0,1,1,0,
T002217,U0074,2026-07-28 16:56:00,1656.34,D0583,M035,Ahmedabad,0,,16,0,0,0,-0.0521122301081637,0.9672472586851909,180180.0,0,1,0,
T002252,U0075,2026-07-02 11:15:00,1704.62,D0619,M035,Hyderabad,0,,11,0,1,1,0.0,1.0,1000000000.0,0,1,0,
T002257,U0075,2026-07-03 13:04:00,463.98,D0766,M052,Hyderabad,0,,13,0,1,1,0.0,1.0,92940.0,0,1,0,
T002254,U0075,2026-07-05 08:36:00,2122.89,D0619,M035,Hyderabad,0,,8,0,0,0,0.0,1.0,156720.0,0,1,0,
T002248,U0075,2026-07-07 15:48:00,2238.19,D0766,M035,Hyderabad,0,,15,0,0,0,1.146575265092059,1.5646244067459383,198720.0,0,1,0,
T002258,U0075,2026-07-10 12:52:00,3081.39,D0619,M025,Hyderabad,0,,12,0,0,1,2.060526066324078,1.8876208317175596,248640.0,0,1,0,
T002256,U0075,2026-07-12 06:48:00,900.88,D0766,M035,Hyderabad,0,,6,0,0,0,-1.194139403640263,0.4686679004165676,150960.0,0,1,0,
T002253,U0075,2026-07-13 08:30:00,2938.17,D0766,M052,Hyderabad,0,,8,0,0,0,1.3656107004906024,1.6770456470909514,92520.0,0,1,0,
T002250,U0075,2026-07-14 12:34:00,1667.35,D0766,M035,Hyderabad,0,,12,0,0,0,-0.28077597247345665,0.8677580567255677,101040.0,0,1,0,
T002259,U0075,2026-07-15 10:22:00,1588.66,D0619,M052,Hyderabad,0,,10,0,0,0,-0.35385876345762796,0.8407015190553966,78480.0,0,1,0,
T002262,U0075,2026-07-15 11:57:00,4000.88,D0619,M035,Hyderabad,0,,11,0,0,0,2.6555850153927434,2.155371709701867,5700.0,0,1,0,
T002261,U0075,2026-07-16 13:35:00,2583.73,D0766,M052,Hyderabad,0,,13,0,0,0,0.5127863462279354,1.247756194038755,92280.0,0,1,0,
T002263,U0075,2026-07-18 10:54:00,2989.0,D0766,M052,Hyderabad,0,,10,0,0,0,0.903042655438377,1.4116769147082298,163140.0,0,1,0,
T002260,U0075,2026-07-18 20:12:00,2300.74,D0766,M025,Hyderabad,0,,20,0,0,0,0.11597596438292487,1.0505766033984003,33480.0,0,1,0,
T002255,U0075,2026-07-19 12:03:00,3670.59,D0619,M035,Hyderabad,0,,12,0,0,0,1.6035031784600384,1.6695895232793618,57060.0,0,1,0,
T002251,U0075,2026-07-20 16:49:00,2063.65,D0766,M035,Hyderabad,0,,16,0,0,0,-0.24935693936299622,0.8958183399018558,103560.0,0,1,0,
T002249,U0075,2026-07-26 18:10:00,3126.17,D0766,M008,Hyderabad,0,,18,0,0,1,0.8999365628826212,1.3665432787882825,523260.0,0,1,0,
T002247,U0075,2026-07-28 10:48:00,3259.48,D0619,M035,Hyderabad,0,,10,0,0,0,0.9942724821363875,1.392907059039288,146280.0,0,1,0,
T002293,U0076,2026-07-01 12:50:00,1839.54,D0095,M023,Chennai,0,,12,0,1,1,0.0,1.0,1000000000.0,0,2,0,
T002287,U0076,2026-07-01 16:00:00,2170.06,D0020,M001,Chennai,0,,16,0,1,1,0.0,1.0,11400.0,0,2,0,
T002288,U0076,2026-07-02 12:26:00,3097.01,D0095,M023,Chennai,0,,12,0,0,0,0.0,1.0,73560.0,0,2,0,
T002277,U0076,2026-07-03 11:40:00,1498.35,D0020,M050,Chennai,0,,11,0,0,1,-1.63551512505572,0.632516769331995,83640.0,0,2,0,
T002283,U0076,2026-07-05 11:43:00,2129.64,D0020,M001,Chennai,0,,11,0,0,0,-0.03627490035056546,0.9899592788392,172980.0,0,2,0,
T002265,U0076,2026-07-05 11:47:00,2011.85,D0095,M023,Chennai,0,,11,0,0,0,-0.2535766401950336,0.9370866166708184,240.0,1,2,0,
T002275,U0076,2026-07-06 09:52:00,2036.57,D0020,M050,Chennai,0,,9,0,0,0,-0.17968436934009038,0.9586528009169678,79500.0,0,2,0,
T002298,U0076,2026-07-07 05:02:00,2162.65,D0095,M050,Chennai,0,,5,1,0,0,0.11196404068680203,1.0240498891858125,69000.0,0,2,0,
T002264,U0076,2026-07-08 11:19:00,3259.24,D0095,M001,Chennai,0,,11,0,0,0,2.6869145856445935,1.538677431325559,109020.0,0,2,0,
T002291,U0076,2026-07-08 18:23:00,1676.76,D0020,M023,Chennai,0,,18,0,0,0,-1.0572048133382257,0.7468897408242845,25440.0,0,2,0,
T002274,U0076,2026-07-09 11:06:00,2663.07,D0020,M035,Chennai,0,,11,0,0,1,0.8833066641965195,1.2170323374692007,60180.0,0,2,0,
T002295,U0076,2026-07-10 12:59:00,2454.98,D0095,M035,Chennai,0,,12,0,0,0,0.4215721042176502,1.1002267690713983,93180.0,0,2,0,
T002271,U0076,2026-07-11 15:51:00,2050.02,D0095,M035,Chennai,0,,15,0,0,0,-0.3908050143253181,0.9111294483448886,96720.0,0,2,0,
T002272,U0076,2026-07-14 18:36:00,829.12,D0020,M050,Chennai,0,,18,0,0,0,-2.842446396605383,0.37103808829877677,269100.0,0,2,0,
T002294,U0076,2026-07-15 06:46:00,1784.72,D0020,M023,Chennai,0,,6,0,0,0,-0.5840612850768017,0.8362460946733765,43800.0,0,2,0,
T002269,U0076,2026-07-15 09:19:00,969.11,D0020,M050,Chennai,0,,9,0,0,0,-1.953069198150885,0.4590968549075483,9180.0,0,2,0,
T002290,U0076,2026-07-16 10:18:00,3143.11,D0095,M050,Chennai,0,,10,0,0,0,1.7519069854720442,1.5410853342259752,89940.0,0,2,0,
T002267,U0076,2026-07-17 11:43:00,1610.7,D0095,M036,Chennai,0,,11,0,0,1,-0.7436205695558508,0.7653749178771302,91500.0,0,2,0,
T002286,U0076,2026-07-19 15:07:00,1780.98,D0095,M023,Chennai,0,,15,0,0,0,-0.451897184378477,0.8574656623263912,185040.0,0,2,0,
T002266,U0076,2026-07-20 17:40:00,1823.05,D0095,M035,Chennai,0,,17,0,0,0,-0.37187457139398306,0.8843548265856589,95580.0,0,2,0,
T002296,U0076,2026-07-20 18:33:00,2517.93,D0095,M001,Chennai,0,,18,0,0,0,0.747065992144959,1.2285422992927673,3180.0,1,2,0,
T002270,U0076,2026-07-22 12:13:00,2056.06,D0095,M001,Chennai,0,,12,0,0,0,-0.025439516217255664,0.9923876868811229,150000.0,0,2,0,
T002292,U0076,2026-07-22 14:37:00,1831.23,D0095,M001,Chennai,0,,14,0,0,0,-0.396036660300132,0.8841761085280417,8640.0,0,2,0,
T002289,U0076,2026-07-22 17:19:00,2166.55,D0095,M050,Chennai,0,,17,0,0,0,0.17809971094746058,1.0513738041030771,9720.0,0,2,0,
T002281,U0076,2026-07-24 11:29:00,2613.9,D0020,M011,Chennai,0,,11,0,0,1,0.9425018719273626,1.2657523958658485,151800.0,0,2,0,
T002268,U0076,2026-07-24 15:33:00,2502.97,D0095,M036,Chennai,0,,15,0,0,0,0.7164060646476987,1.199287222335429,14640.0,0,2,0,
T002278,U0076,2026-07-25 11:57:00,1642.31,D0095,M021,Chennai,0,,11,0,0,1,-0.801439100902114,0.7809200465130703,73440.0,0,2,0,
T002285,U0076,2026-07-25 15:27:00,2170.92,D0020,M011,Chennai,0,,15,0,0,0,0.14880507983723992,1.0407190999224558,12600.0,0,2,0,
T002279,U0076,2026-07-25 20:42:00,1075.72,D0020,M035,Chennai,0,,20,0,0,0,-1.8070507872471195,0.5149414280416198,18900.0,0,2,0,
T002282,U0076,2026-07-27 10:00:00,1798.48,D0095,M021,Chennai,0,,10,0,0,0,-0.43977864082574214,0.8755676689915434,134280.0,0,2,0,
T002280,U0076,2026-07-27 14:02:00,2483.23,D0020,M023,Chennai,0,,14,0,0,0,0.7634921978620717,1.2139649249523525,14520.0,0,2,0,
T002297,U0076,2026-07-28 15:36:00,1399.31,D0020,M011,Chennai,0,,15,0,0,0,-1.1601340269615148,0.6793848938820835,92040.0,0,2,0,
T002276,U0076,2026-07-29 18:07:00,1958.9,D0020,M001,Chennai,0,,18,0,0,0,-0.14011982940943812,0.9606992516569203,95460.0,0,2,0,
T002273,U0076,2026-07-30 12:25:00,3188.78,D0020,M050,Chennai,0,,12,0,0,0,2.045240520468022,1.5657314206504291,65880.0,0,2,0,
T002284,U0076,2026-07-30 19:35:00,1611.21,D0095,M021,Chennai,0,,19,0,0,0,-0.7809004165834755,0.7781763433851417,25800.0,0,2,0,
T002305,U0077,2026-07-01 08:56:00,2494.52,D0129,M017,Chennai,0,,8,0,1,1,0.0,1.0,1000000000.0,0,1,0,
T002309,U0077,2026-07-01 10:17:00,3429.97,D0129,M025,Chennai,0,,10,0,0,1,0.0,1.0,4860.0,0,1,0,
T002300,U0077,2026-07-02 09:11:00,3204.03,D0129,M001,Chennai,0,,9,0,0,1,0.0,1.0,82440.0,0,1,0,
T002311,U0077,2026-07-02 11:42:00,3335.19,D0129,M025,Chennai,0,,11,0,0,0,0.7335491697956766,1.0960780057130581,9060.0,0,1,0,
T002308,U0077,2026-07-04 16:24:00,3313.01,D0129,M001,Chennai,0,,16,0,0,0,0.5360888765885944,1.0632500271385485,189720.0,0,1,0,
T002307,U0077,2026-07-06 09:18:00,1419.8,D0129,M032,Chennai,0,,9,0,0,1,-5.132673573755027,0.4499667863630822,147240.0,0,1,0,
T002320,U0077,2026-07-07 16:40:00,1873.72,D0129,M025,Chennai,0,,16,0,0,0,-1.3846732390980858,0.6537555270530007,112920.0,0,1,0,
T002315,U0077,2026-07-10 19:31:00,3070.08,D0129,M032,Chennai,0,,19,0,0,0,0.4616949452444143,1.1269160740563091,269460.0,0,1,0,
T002319,U0077,2026-07-13 06:38:00,3044.68,D0129,M032,Chennai,0,,6,0,0,0,0.3904499300796041,1.100139473648027,212820.0,0,1,0,
T002314,U0077,2026-07-13 12:11:00,1249.6,D0129,M025,Chennai,0,,12,0,0,0,-2.2949413372705796,0.44655151860158965,19980.0,0,1,0,
T002302,U0077,2026-07-15 18:12:00,4161.89,D0129,M001,Chennai,0,,18,0,0,0,1.9195308003957963,1.5744100528949143,194460.0,0,1,0,
T002299,U0077,2026-07-16 14:25:00,3821.12,D0129,M011,Chennai,0,,14,0,0,1,1.1929904354606777,1.3737628069392473,72780.0,0,1,0,
T002317,U0077,2026-07-19 20:19:00,3791.05,D0129,M032,Chennai,0,,20,0,0,0,1.0458767348674853,1.3217826567312085,280440.0,0,1,0,
T002301,U0077,2026-07-22 08:08:00,2686.43,D0129,M032,Chennai,0,,8,0,0,0,-0.28625788803292096,0.9140228939752846,215340.0,0,1,0,
T002318,U0077,2026-07-22 10:56:00,2298.65,D0129,M025,Chennai,0,,10,0,0,0,-0.7295755446289052,0.7869184293024699,10080.0,0,1,0,
T002312,U0077,2026-07-23 11:07:00,4178.18,D0129,M011,Chennai,0,,11,0,0,0,1.5483366084799375,1.4509671998357978,87060.0,0,1,0,
T002304,U0077,2026-07-23 13:04:00,1974.21,D0129,M032,Chennai,0,,13,0,0,0,-1.1329223255409666,0.6667950125165136,7020.0,0,1,0,
T002316,U0077,2026-07-23 14:08:00,3296.95,D0129,M011,Chennai,0,,14,0,0,0,0.4499907051934289,1.1358165266595601,3840.0,0,1,0,
T002303,U0077,2026-07-24 14:37:00,3893.73,D0129,M025,Chennai,0,,14,0,0,0,1.1318905554357135,1.3313647297239342,88140.0,0,1,0,
T002310,U0077,2026-07-29 14:26:00,2077.73,D0129,M001,Chennai,0,,14,0,0,0,-1.0428552862143305,0.6982507500287555,431340.0,0,1,0,
T002306,U0077,2026-07-30 13:22:00,3531.11,D0129,M001,Chennai,0,,13,0,0,0,0.6967367155192472,1.2048580433439016,82560.0,0,1,0,
T002313,U0077,2026-07-30 16:57:00,3555.4,D0129,M001,Chennai,0,,16,0,0,0,0.7007763544224067,1.2014260044712712,12900.0,0,1,0,
T002333,U0078,2026-07-01 19:55:00,2350.97,D0429,M042,Lucknow,0,,19,0,1,1,0.0,1.0,1000000000.0,0,2,0,
T007629,U0078,2026-07-02 16:39:00,5580.06,D0429,M001,Lucknow,1,zero_day_drain,16,0,0,1,0.0,1.0,74640.0,0,2,0,
T007630,U0078,2026-07-03 11:52:00,4918.57,D0429,M053,Lucknow,1,zero_day_drain,11,0,0,1,0.0,1.0,69180.0,0,2,0,
T002329,U0078,2026-07-04 18:22:00,1474.18,D0886,M029,Lucknow,0,,18,0,1,1,-2.0169228075201375,0.3441772505733617,109800.0,0,3,20,device shared by 3 users
T002356,U0078,2026-07-06 08:02:00,1748.42,D0886,M029,Lucknow,0,,8,0,0,0,-1.0697969996129337,0.488256591349977,135600.0,0,3,20,device shared by 3 users
T002348,U0078,2026-07-07 11:54:00,2299.09,D0886,M042,Lucknow,0,,11,0,0,0,-0.5389352651982984,0.7152381127925119,100320.0,0,3,20,device shared by 3 users
T002328,U0078,2026-07-07 20:11:00,2849.3,D0429,M057,Lucknow,0,,20,0,0,1,-0.13390616524768423,0.9305715599947838,29820.0,0,2,0,
T002341,U0078,2026-07-08 15:36:00,2932.65,D0886,M057,Lucknow,0,,15,0,0,0,-0.06717780277198541,0.9673882768211574,69900.0,0,3,20,device shared by 3 users
T007631,U0078,2026-07-09 16:46:00,6301.02,D0429,M039,Lucknow,1,zero_day_drain,16,0,0,1,2.3833447286825833,2.0870144122819085,90600.0,0,2,0,
T002331,U0078,2026-07-09 21:44:00,4492.63,D0886,M038,Lucknow,0,,21,0,0,1,0.6687412049323911,1.3276851904479319,17880.0,0,3,20,device shared by 3 users
T002353,U0078,2026-07-11 12:20:00,2881.16,D0429,M050,Lucknow,0,,12,0,0,1,-0.38160082574295096,0.8244395993965588,138960.0,0,2,0,
T002346,U0078,2026-07-11 14:00:00,4948.26,D0886,M029,Lucknow,0,,14,0,0,0,0.9781460554014708,1.4389020841458144,6000.0,0,3,20,device shared by 3 users
T002324,U0078,2026-07-12 13:50:00,1182.41,D0429,M050,Lucknow,0,,13,0,0,0,-1.5518315928879727,0.3317004200694168,85800.0,0,2,0,
T002342,U0078,2026-07-12 21:56:00,3767.97,D0429,M029,Lucknow,0,,21,0,0,0,0.2407196674952706,1.1143092880209882,29160.0,0,2,0,
T002334,U0078,2026-07-13 07:58:00,3885.73,D0429,M042,Lucknow,0,,7,0,0,0,0.3074336309414307,1.139828049756696,36120.0,0,2,0,
T002352,U0078,2026-07-14 18:26:00,1993.06,D0886,M029,Lucknow,0,,18,0,0,0,-0.9634749315728092,0.5792384854519788,124080.0,0,3,20,device shared by 3 users
T002345,U0078,2026-07-14 20:02:00,4056.84,D0429,M042,Lucknow,0,,20,0,0,0,0.47208473885113045,1.2108732163320997,5760.0,0,2,0,
T007632,U0078,2026-07-15 20:23:00,4621.95,D0429,M024,Lucknow,1,zero_day_drain,20,0,0,1,0.8417205409843791,1.3626428832005906,87660.0,0,2,0,
T002330,U0078,2026-07-16 23:08:00,2228.28,D0429,M042,Lucknow,0,,23,0,0,0,-0.8508829858713743,0.6439674092416688,96300.0,0,2,0,
T002325,U0078,2026-07-17 12:12:00,3725.24,D0429,M038,Lucknow,0,,12,0,0,0,0.2297210694923426,1.097144043742718,47040.0,0,2,0,
T002349,U0078,2026-07-17 13:30:00,2458.6,D0886,M042,Lucknow,0,,13,0,0,0,-0.6802755185060885,0.7205977799924067,4680.0,0,3,20,device shared by 3 users
T002340,U0078,2026-07-17 16:17:00,938.31,D0886,M029,Lucknow,0,,16,0,0,0,-1.7563178878935932,0.27872017219191636,10020.0,0,3,20,device shared by 3 users
T002322,U0078,2026-07-19 09:31:00,2627.02,D0886,M038,Lucknow,0,,9,0,0,0,-0.4361661440115921,0.8067939138748476,148440.0,0,3,20,device shared by 3 users
T002350,U0078,2026-07-19 15:01:00,3177.5,D0886,M042,Lucknow,0,,15,0,0,0,-0.036196055858930654,0.9841207553146523,19800.0,0,3,20,device shared by 3 users
T002323,U0078,2026-07-19 17:49:00,4483.16,D0886,M017,Lucknow,0,,17,0,0,1,0.9061404556078291,1.3894230851841463,10080.0,0,3,20,device shared by 3 users
T002343,U0078,2026-07-20 16:58:00,2523.15,D0429,M050,Lucknow,0,,16,0,0,0,-0.545878206143082,0.769981902146281,83340.0,0,2,0,
T002326,U0078,2026-07-21 10:32:00,3315.9,D0429,M017,Lucknow,0,,10,0,0,0,0.04993330332971123,1.0209350331918776,63240.0,0,2,0,
T002335,U0078,2026-07-21 12:47:00,4481.65,D0886,M038,Lucknow,0,,12,0,0,0,0.9213539224886639,1.3787896341567438,8100.0,0,3,20,device shared by 3 users
T002332,U0078,2026-07-21 19:21:00,3181.22,D0429,M050,Lucknow,0,,19,0,0,0,-0.08496758849680283,0.9656459863760178,23640.0,0,2,0,
T002354,U0078,2026-07-22 09:19:00,20.0,D0429,M050,Lucknow,0,,9,0,0,0,-2.4984992170421685,0.0060781163689305,50280.0,0,2,0,
T002339,U0078,2026-07-22 18:46:00,2515.25,D0429,M050,Lucknow,0,,18,0,0,0,-0.470978610278963,0.7905919994832824,34020.0,0,2,0,
T002336,U0078,2026-07-22 21:19:00,3328.3,D0886,M057,Lucknow,0,,21,0,0,0,0.12052376710928328,1.0532643317302788,9180.0,0,3,20,device shared by 3 users
T002357,U0078,2026-07-23 13:09:00,3708.61,D0886,M017,Lucknow,0,,13,0,0,0,0.3952192857553496,1.1716659003276968,57000.0,0,3,20,device shared by 3 users
T002321,U0078,2026-07-24 13:14:00,3643.83,D0429,M029,Lucknow,0,,13,0,0,0,0.3405314401522163,1.1452423249527364,86700.0,0,2,0,
T002327,U0078,2026-07-25 13:37:00,3994.21,D0886,M029,Lucknow,0,,13,0,0,0,0.5965445211072735,1.2500255656303856,87780.0,0,3,20,device shared by 3 users
T002338,U0078,2026-07-25 14:14:00,2534.02,D0886,M029,Lucknow,0,,14,0,0,0,-0.5156669825317599,0.7874203727316256,2220.0,1,3,20,device shared by 3 users
T002355,U0078,2026-07-27 23:46:00,1979.39,D0886,M017,Lucknow,0,,23,0,0,0,-0.929028743938634,0.6187284509493198,207120.0,0,3,20,device shared by 3 users
T002337,U0078,2026-07-28 08:49:00,433.69,D0429,M042,Lucknow,0,,8,0,0,0,-2.0857451791057398,0.13697666475596415,32580.0,0,2,0,
T007633,U0078,2026-07-28 12:29:00,6761.74,D0429,M046,Lucknow,1,zero_day_drain,12,0,0,1,2.6873784835519117,2.185257896787934,13200.0,0,2,0,
T002351,U0078,2026-07-28 15:25:00,3402.94,D0886,M042,Lucknow,0,,15,0,0,0,0.14636524796997763,1.0673242327122172,10560.0,0,3,20,device shared by 3 users
T002347,U0078,2026-07-29 10:10:00,4057.54,D0429,M050,Lucknow,0,,10,0,0,0,0.5964101007174999,1.2704996180646513,67500.0,0,2,0,
T002344,U0078,2026-07-29 11:39:00,2364.86,D0886,M050,Lucknow,0,,11,0,0,0,-0.5914626666003765,0.735633155168333,5340.0,0,3,20,device shared by 3 users
T002365,U0079,2026-07-01 16:21:00,4684.44,D0585,M058,Ahmedabad,0,,16,0,1,1,0.0,1.0,1000000000.0,0,1,0,
T002372,U0079,2026-07-02 09:21:00,2664.32,D0585,M058,Ahmedabad,0,,9,0,0,0,0.0,1.0,61200.0,0,1,0,
T002360,U0079,2026-07-02 09:53:00,4861.89,D0585,M054,Ahmedabad,0,,9,0,0,1,0.0,1.0,1920.0,1,1,0,
T002359,U0079,2026-07-04 16:35:00,1061.19,D0585,M054,Ahmedabad,0,,16,0,0,0,-3.018822329609492,0.2607207641868236,196920.0,0,1,0,
T002366,U0079,2026-07-07 14:22:00,4078.06,D0585,M007,Ahmedabad,0,,14,0,0,1,0.48632411986427143,1.2290865467850465,251220.0,0,1,0,
T002373,U0079,2026-07-10 09:09:00,3103.62,D0585,M038,Ahmedabad,0,,9,0,0,1,-0.2560838082672131,0.8944201404923312,240420.0,0,1,0,
T002371,U0079,2026-07-14 07:42:00,3144.05,D0585,M038,Ahmedabad,0,,7,0,0,0,-0.20171442670811615,0.9223009044147998,340380.0,0,1,0,
T002368,U0079,2026-07-14 16:27:00,4615.17,D0585,M058,Ahmedabad,0,,16,0,0,0,1.02039972389588,1.3690473209918084,31500.0,0,1,0,
T002367,U0079,2026-07-16 08:15:00,2853.21,D0585,M007,Ahmedabad,0,,8,0,0,0,-0.5554032435798026,0.8090557667751361,143280.0,0,1,0,
T002363,U0079,2026-07-21 08:24:00,2551.72,D0585,M007,Ahmedabad,0,,8,0,0,0,-0.7742346331402902,0.7392492421235067,432540.0,0,1,0,
T002362,U0079,2026-07-21 16:31:00,3199.29,D0585,M007,Ahmedabad,0,,16,0,0,0,-0.1430981691472466,0.9516691665568527,29220.0,0,1,0,
T002361,U0079,2026-07-21 16:42:00,2047.22,D0585,M007,Ahmedabad,0,,16,0,0,0,-1.1995084395473232,0.6116588657312215,660.0,1,1,0,
T002358,U0079,2026-07-22 09:52:00,1627.95,D0585,M038,Ahmedabad,0,,9,0,0,0,-1.467108376325061,0.5026582316664883,61800.0,0,1,0,
T002364,U0079,2026-07-25 17:46:00,3794.73,D0585,M058,Ahmedabad,0,,17,0,0,0,0.5970743094569465,1.2182982220041803,287640.0,0,1,0,
T002370,U0079,2026-07-28 12:36:00,3171.73,D0585,M054,Ahmedabad,0,,12,0,0,0,0.007543538078658321,1.0026499956412105,240600.0,0,1,0,
T002369,U0079,2026-07-29 18:02:00,2644.14,D0585,M054,Ahmedabad,0,,18,0,0,0,-0.48414079255352743,0.8357201507137948,105960.0,0,1,0,
T002395,U0080,2026-07-01 13:25:00,811.04,D0312,M046,Jaipur,0,,13,0,1,1,0.0,1.0,1000000000.0,0,1,0,
T002398,U0080,2026-07-02 12:12:00,1472.98,D0312,M058,Jaipur,0,,12,0,0,1,0.0,1.0,82020.0,0,1,0,
T002396,U0080,2026-07-02 19:30:00,1947.39,D0312,M058,Jaipur,0,,19,0,0,0,0.0,1.0,26280.0,0,1,0,
T002390,U0080,2026-07-03 09:29:00,20.0,D0005,M003,Jaipur,0,,9,0,1,1,-2.983752088682799,0.014179670596198662,50340.0,0,3,20,device shared by 3 users
T002397,U0080,2026-07-05 22:44:00,2793.97,D0312,M003,Jaipur,0,,22,0,0,0,2.388281065166415,2.628746695680965,220500.0,0,1,0,
T002380,U0080,2026-07-06 18:06:00,2967.89,D0005,M003,Jaipur,0,,18,0,0,0,1.643321163258367,2.106266800295891,69720.0,0,3,20,device shared by 3 users
T002394,U0080,2026-07-06 20:06:00,1371.08,D0005,M003,Jaipur,0,,20,0,0,0,-0.28559095255172623,0.8215577923166612,7200.0,0,3,20,device shared by 3 users
T002391,U0080,2026-07-07 06:58:00,1091.91,D0312,M058,Jaipur,0,,6,0,0,0,-0.5503860356767294,0.6713927448910347,39120.0,0,1,0,
T002375,U0080,2026-07-07 12:21:00,1484.53,D0005,M058,Jaipur,0,,12,0,0,0,-0.08105526215750734,0.9519070612815654,19380.0,0,3,20,device shared by 3 users
T002379,U0080,2026-07-07 13:11:00,2388.41,D0312,M046,Jaipur,0,,13,0,0,0,0.959308430743759,1.5397187398522956,3000.0,1,1,0,
T002399,U0080,2026-07-08 17:10:00,2020.46,D0312,M030,Jaipur,0,,17,0,0,1,0.4456097912231753,1.2358158189784114,100740.0,0,1,0,
T002392,U0080,2026-07-09 17:14:00,1766.2,D0312,M003,Jaipur,0,,17,0,0,0,0.11561423453960247,1.0576243647604873,86640.0,0,1,0,
T002384,U0080,2026-07-13 19:32:00,1511.43,D0005,M030,Jaipur,0,,19,0,0,0,-0.20888902528227654,0.9007392775471783,353880.0,0,3,20,device shared by 3 users
T002386,U0080,2026-07-14 18:03:00,1968.16,D0005,M046,Jaipur,0,,18,0,0,0,0.3948409135699529,1.1819530289765883,81060.0,0,3,20,device shared by 3 users
T002388,U0080,2026-07-15 14:57:00,2269.04,D0005,M030,Jaipur,0,,14,0,0,0,0.7830311128592825,1.3451600533196595,75240.0,0,3,20,device shared by 3 users
T002387,U0080,2026-07-16 08:45:00,2104.22,D0005,M003,Jaipur,0,,8,0,0,0,0.5165811151872468,1.2193904528043293,64080.0,0,3,20,device shared by 3 users
T002406,U0080,2026-07-16 14:00:00,2539.68,D0005,M030,Jaipur,0,,14,0,0,0,1.1046737153104103,1.4518311125011012,18900.0,0,3,20,device shared by 3 users
T002403,U0080,2026-07-16 18:49:00,2702.95,D0312,M030,Jaipur,0,,18,0,0,0,1.2623829688224046,1.5051612605319917,17340.0,0,1,0,
T002382,U0080,2026-07-17 04:56:00,1661.19,D0312,M030,Jaipur,0,,4,1,0,0,-0.25389737391528916,0.8997957946866927,36420.0,0,1,0,
T007563,U0080,2026-07-17 10:03:00,1918.78,D0238,M027,Jaipur,1,device_ring,10,0,1,1,0.11589524882745827,1.044831658241698,18420.0,0,3,20,device shared by 3 users
T002404,U0080,2026-07-18 15:50:00,1322.95,D0005,M003,Jaipur,0,,15,0,0,0,-0.7473114740490675,0.7187736591179321,107220.0,0,3,20,device shared by 3 users
T002385,U0080,2026-07-19 08:12:00,2163.88,D0005,M003,Jaipur,0,,8,0,0,0,0.5080688279342176,1.1916182449843271,58920.0,0,3,20,device shared by 3 users
T002407,U0080,2026-07-20 08:18:00,784.87,D0312,M003,Jaipur,0,,8,0,0,0,-1.555422704534408,0.4284847883940385,86760.0,0,1,0,
T002389,U0080,2026-07-21 14:05:00,2861.42,D0312,M030,Jaipur,0,,14,0,0,0,1.5537559889954595,1.601943478901748,107220.0,0,1,0,
T002381,U0080,2026-07-22 12:30:00,1366.82,D0312,M046,Jaipur,0,,12,0,0,0,-0.6531678645153248,0.7464809529236004,80700.0,0,1,0,
T002402,U0080,2026-07-22 16:53:00,1165.39,D0312,M058,Jaipur,0,,16,0,0,0,-0.9214169072379705,0.6429915304460859,15780.0,0,1,0,
T002383,U0080,2026-07-25 15:41:00,1696.14,D0312,M030,Jaipur,0,,15,0,0,0,-0.1306491744134082,0.9488560269272852,254880.0,0,1,0,
T002405,U0080,2026-07-26 16:19:00,1728.46,D0005,M058,Jaipur,0,,16,0,0,0,-0.08111418736616553,0.9687715754383112,88680.0,0,3,20,device shared by 3 users
T002401,U0080,2026-07-27 05:25:00,2283.17,D0312,M058,Jaipur,0,,5,1,0,0,0.7426390595716772,1.281105639141012,47160.0,0,1,0,
T002376,U0080,2026-07-27 14:17:00,1918.48,D0005,M030,Jaipur,0,,14,0,0,0,0.17786691955875986,1.0661406341296553,31920.0,0,3,20,device shared by 3 users
T002400,U0080,2026-07-28 10:50:00,2071.94,D0312,M003,Jaipur,0,,10,0,0,0,0.4079226353577975,1.1488887186162022,73980.0,0,1,0,
T002393,U0080,2026-07-28 20:30:00,1187.94,D0312,M003,Jaipur,0,,20,0,0,0,-0.961312111280652,0.6555629982267421,34800.0,0,1,0,
T002374,U0080,2026-07-29 11:02:00,1685.36,D0005,M003,Jaipur,0,,11,0,0,0,-0.16542036001882435,0.9401833274424182,52320.0,0,3,20,device shared by 3 users
T002378,U0080,2026-07-29 18:51:00,2189.89,D0005,M003,Jaipur,0,,18,0,0,0,0.627260971350834,1.2238553525676894,28140.0,0,3,20,device shared by 3 users
T002377,U0080,2026-07-29 22:07:00,1373.76,D0312,M046,Jaipur,0,,22,0,0,0,-0.6754056457986993,0.762726162179432,11760.0,0,1,0,
T002418,U0081,2026-07-02 05:45:00,1695.38,D0371,M032,Bengaluru,0,,5,1,1,1,0.0,1.0,1000000000.0,0,2,20,odd hour + new device
T002420,U0081,2026-07-05 21:27:00,2780.46,D0218,M036,Bengaluru,0,,21,0,1,1,0.0,1.0,315720.0,0,1,0,
T002409,U0081,2026-07-07 13:07:00,1883.39,D0371,M033,Bengaluru,0,,13,0,0,1,0.0,1.0,142800.0,0,2,0,
T002408,U0081,2026-07-08 15:10:00,2844.07,D0218,M032,Bengaluru,0,,15,0,0,0,1.5298575944323463,1.3417048913115088,93780.0,0,1,0,
T002412,U0081,2026-07-11 11:04:00,2616.37,D0371,M005,Bengaluru,0,,11,0,0,1,0.6112468999913538,1.1371442847078137,244440.0,0,2,0,
T002415,U0081,2026-07-11 13:14:00,1086.64,D0371,M032,Bengaluru,0,,13,0,0,0,-2.66841061380996,0.45967442387999224,7800.0,0,2,0,
T002414,U0081,2026-07-12 08:38:00,2634.71,D0371,M033,Bengaluru,0,,8,0,0,0,0.7485019237184106,1.2248473802853732,69840.0,0,2,0,
T002410,U0081,2026-07-13 14:09:00,1642.88,D0218,M032,Bengaluru,0,,14,0,0,0,-0.9285048977706716,0.7399874650968913,106260.0,0,1,0,
T002416,U0081,2026-07-14 11:44:00,294.73,D0218,M033,Bengaluru,0,,11,0,0,0,-3.027724268768492,0.1372121578281009,77700.0,0,1,0,
T002422,U0081,2026-07-24 15:11:00,1995.75,D0218,M036,Bengaluru,0,,15,0,0,0,0.06547079354241414,1.0276406097475164,876420.0,0,1,0,
T002419,U0081,2026-07-26 13:04:00,1572.73,D0218,M032,Bengaluru,0,,13,0,0,0,-0.48163024295052326,0.8075892527476667,165180.0,0,1,0,
T002421,U0081,2026-07-28 10:31:00,2056.61,D0371,M036,Bengaluru,0,,10,0,0,0,0.1910903842352505,1.0748606335110393,163620.0,0,2,0,
T002413,U0081,2026-07-29 14:22:00,1719.73,D0218,M013,Bengaluru,0,,14,0,0,1,-0.2860229763043974,0.8932223896966085,100260.0,0,1,0,
T002411,U0081,2026-07-30 17:07:00,1540.15,D0218,M036,Bengaluru,0,,17,0,0,0,-0.5331782999915711,0.8065740253475862,96300.0,0,1,0,
T002417,U0081,2026-07-30 20:49:00,2289.18,D0218,M013,Bengaluru,0,,20,0,0,0,0.6022300227432507,1.2156351933340326,13320.0,0,1,0,
T002438,U0082,2026-07-01 17:48:00,1343.48,D0332,M038,Mumbai,0,,17,0,1,1,0.0,1.0,1000000000.0,0,1,0,
T002428,U0082,2026-07-04 13:51:00,1646.73,D0332,M037,Mumbai,0,,13,0,0,1,0.0,1.0,244980.0,0,1,0,
T002447,U0082,2026-07-05 07:44:00,1261.94,D0332,M038,Mumbai,0,,7,0,0,0,0.0,1.0,64380.0,0,1,0,
T002425,U0082,2026-07-05 10:38:00,981.44,D0044,M052,Mumbai,0,,10,0,1,1,-2.6332419678845715,0.6924308874152387,10440.0,0,1,0,
T002461,U0082,2026-07-06 12:11:00,1606.8,D0332,M037,Mumbai,0,,12,0,0,0,1.2588493001561838,1.2280671575510749,91980.0,0,1,0,
T002454,U0082,2026-07-06 15:21:00,872.1,D0044,M045,Mumbai,0,,15,0,0,1,-2.038476263030581,0.6374636529222284,11400.0,0,1,0,
T002426,U0082,2026-07-06 15:46:00,1568.13,D0332,M040,Mumbai,0,,15,0,0,1,0.9783857946315743,1.2199406407892075,1500.0,1,1,0,
T002444,U0082,2026-07-06 16:15:00,665.13,D0332,M045,Mumbai,0,,16,0,0,0,-2.3162688763742665,0.5016809218013702,1740.0,2,1,0,
T002437,U0082,2026-07-06 18:56:00,1893.13,D0332,M040,Mumbai,0,,18,0,0,0,1.884566198626026,1.522764998900825,9660.0,0,1,0,
T002427,U0082,2026-07-07 11:53:00,1100.55,D0332,M038,Mumbai,0,,11,0,0,0,-0.5596335356014378,0.8366458645133817,61020.0,0,1,0,
T002436,U0082,2026-07-07 15:02:00,937.95,D0044,M038,Mumbai,0,,15,0,0,0,-0.9623414474336272,0.7248773703904442,11340.0,0,1,0,
T002431,U0082,2026-07-07 19:16:00,1405.56,D0332,M042,Mumbai,0,,19,0,0,1,0.39204267539730736,1.1141267290904049,15240.0,0,1,0,
T002455,U0082,2026-07-08 15:41:00,1068.62,D0044,M038,Mumbai,0,,15,0,0,0,-0.5791985269193869,0.8390689219437601,73500.0,0,1,0,
T002456,U0082,2026-07-09 10:24:00,539.75,D0332,M045,Mumbai,0,,10,0,0,0,-2.085319233757051,0.4291180776893131,67380.0,0,1,0,
T002430,U0082,2026-07-09 12:47:00,948.86,D0044,M040,Mumbai,0,,12,0,0,0,-0.6782916060025117,0.7864422587111247,8580.0,0,1,0,
T002453,U0082,2026-07-10 08:03:00,1267.22,D0332,M038,Mumbai,0,,8,0,0,0,0.20901965501986322,1.0654775141726696,69360.0,0,1,0,
T002439,U0082,2026-07-11 13:30:00,1291.85,D0044,M037,Mumbai,0,,13,0,0,0,0.2702893112511097,1.0817594649343445,106020.0,0,1,0,
T002440,U0082,2026-07-11 15:29:00,775.1,D0332,M001,Mumbai,0,,15,0,0,1,-1.2097169582288032,0.6459407305869733,7140.0,0,1,0,
T002423,U0082,2026-07-11 22:03:00,1442.92,D0332,M042,Mumbai,0,,22,0,0,0,0.7510846866876849,1.226605409090489,23640.0,0,1,0,
T002457,U0082,2026-07-13 08:31:00,1848.28,D0044,M037,Mumbai,0,,8,0,0,0,1.876838272356567,1.552677909282518,124080.0,0,1,0,
T002460,U0082,2026-07-13 10:34:00,1209.92,D0332,M040,Mumbai,0,,10,0,0,0,-0.03604861092703253,0.9890809677701121,7380.0,0,1,0,
T002442,U0082,2026-07-13 20:34:00,20.0,D0332,M038,Mumbai,0,,20,0,0,0,-3.325805212088323,0.01635803213093286,36000.0,0,1,0,
T002449,U0082,2026-07-14 13:07:00,1175.09,D0332,M042,Mumbai,0,,13,0,0,0,0.01642718504894576,1.0060913475713607,59580.0,0,1,0,
T002443,U0082,2026-07-15 14:59:00,1611.94,D0332,M037,Mumbai,0,,14,0,0,0,1.0473976955840556,1.3797492038036356,93120.0,0,1,0,
T002463,U0082,2026-07-16 09:22:00,2071.55,D0044,M001,Mumbai,0,,9,0,0,0,2.086590226914706,1.7455355889919435,66180.0,0,1,0,
T002445,U0082,2026-07-16 19:09:00,870.22,D0332,M052,Mumbai,0,,19,0,0,0,-0.7817618408854612,0.7120334980971145,35220.0,0,1,0,
T002462,U0082,2026-07-17 15:14:00,1194.62,D0044,M042,Mumbai,0,,15,0,0,0,-0.03135959267249243,0.9884121368108995,72300.0,0,1,0,
T002432,U0082,2026-07-17 23:31:00,1753.29,D0044,M042,Mumbai,0,,23,0,0,0,1.243956640565981,1.451270857884013,29820.0,0,1,0,
T002459,U0082,2026-07-18 13:17:00,1860.88,D0332,M001,Mumbai,0,,13,0,0,0,1.432485324424415,1.5158961438150373,49560.0,0,1,0,
T002435,U0082,2026-07-18 13:59:00,1256.6,D0044,M037,Mumbai,0,,13,0,0,0,0.015982642304494855,1.0057502741511752,2520.0,1,1,0,
T002429,U0082,2026-07-19 14:40:00,1954.66,D0332,M045,Mumbai,0,,14,0,0,0,1.5951629338662716,1.5641597068277568,88860.0,0,1,0,
T002458,U0082,2026-07-22 12:22:00,1334.59,D0044,M001,Mumbai,0,,12,0,0,0,0.1375130130924816,1.04887853197292,250920.0,0,1,0,
T002451,U0082,2026-07-25 19:44:00,1154.7,D0332,M037,Mumbai,0,,19,0,0,0,-0.26868752416119573,0.9061156620459182,285720.0,0,1,0,
T002433,U0082,2026-07-27 09:17:00,1168.79,D0044,M038,Mumbai,0,,9,0,0,0,-0.23219755803773648,0.9197891421115038,135180.0,0,1,0,
T002424,U0082,2026-07-27 11:03:00,1442.24,D0332,M052,Mumbai,0,,11,0,0,0,0.40324268012129033,1.13766684309894,6360.0,0,1,0,
T002450,U0082,2026-07-28 17:11:00,1118.25,D0044,M038,Mumbai,0,,17,0,0,0,-0.36124440101853444,0.8786412631387343,108480.0,0,1,0,
T002448,U0082,2026-07-28 18:47:00,1785.97,D0332,M001,Mumbai,0,,18,0,0,0,1.2254403684711004,1.4080347089213547,5760.0,0,1,0,
T002452,U0082,2026-07-29 10:49:00,1272.85,D0332,M040,Mumbai,0,,10,0,0,0,-0.022475512027583477,0.9925519788841156,57720.0,0,1,0,
T002441,U0082,2026-07-29 18:55:00,1007.63,D0044,M001,Mumbai,0,,18,0,0,0,-0.6546464440683005,0.7858908857887994,29160.0,0,1,0,
T002446,U0082,2026-07-30 12:35:00,1015.27,D0332,M052,Mumbai,0,,12,0,0,0,-0.6243209155187842,0.7962208613899964,63600.0,0,1,0,
T002434,U0082,2026-07-30 15:48:00,1265.14,D0044,M037,Mumbai,0,,15,0,0,0,-0.008414860756125367,0.9972607914952442,11580.0,0,1,0,
T002473,U0083,2026-07-02 13:53:00,1413.05,D0210,M031,Pune,0,,13,0,1,1,0.0,1.0,1000000000.0,0,2,0,
T002475,U0083,2026-07-06 14:48:00,1976.57,D0210,M031,Pune,0,,14,0,0,0,0.0,1.0,348900.0,0,2,0,
T002467,U0083,2026-07-08 17:30:00,858.37,D0772,M056,Pune,0,,17,0,1,1,0.0,1.0,182520.0,0,1,0,
T002465,U0083,2026-07-09 13:50:00,942.98,D0210,M016,Pune,0,,13,0,0,1,-1.0361629421861909,0.6659478948872658,73200.0,0,2,0,
T002468,U0083,2026-07-09 16:45:00,2672.94,D0772,M056,Pune,0,,16,0,0,0,3.0885632408357018,2.059684411923256,10500.0,0,1,15,amount z-score 3.1
T002471,U0083,2026-07-11 15:50:00,20.0,D0772,M056,Pune,0,,15,0,0,0,-2.2865006188531423,0.012716320499143351,169500.0,0,1,0,
T002470,U0083,2026-07-13 13:47:00,2129.65,D0772,M031,Pune,0,,13,0,0,0,0.9618028576844587,1.6207567045127937,165420.0,0,1,0,
T002480,U0083,2026-07-15 22:13:00,1980.17,D0210,M056,Pune,0,,22,0,0,0,0.6579463827968806,1.384241966923882,203160.0,0,2,0,
T002478,U0083,2026-07-17 21:37:00,2890.08,D0210,M016,Pune,0,,21,0,0,0,1.7335345042474528,1.9277272361957607,170640.0,0,2,0,
T002464,U0083,2026-07-17 23:39:00,1213.26,D0772,M016,Pune,0,,23,0,0,0,-0.5042018045959491,0.7336387654368909,7320.0,0,1,0,
T002469,U0083,2026-07-18 10:16:00,1991.17,D0772,M056,Pune,0,,10,0,0,0,0.4545081033583747,1.2369766664138402,38220.0,0,1,0,
T002466,U0083,2026-07-19 12:07:00,2467.28,D0772,M016,Pune,0,,12,0,0,0,1.0188015047041525,1.5004267957244766,93060.0,0,1,0,
T002472,U0083,2026-07-19 13:44:00,2536.76,D0210,M056,Pune,0,,13,0,0,0,1.0219915880993689,1.480921912081472,5820.0,0,2,0,
T002479,U0083,2026-07-22 12:16:00,2549.88,D0210,M016,Pune,0,,12,0,0,0,0.9609802388689491,1.4354771370059085,253920.0,0,2,0,
T002477,U0083,2026-07-23 22:09:00,1596.64,D0210,M016,Pune,0,,22,0,0,0,-0.2933655696881014,0.8717268743271169,121980.0,0,2,0,
T002481,U0083,2026-07-24 15:01:00,839.01,D0210,M031,Pune,0,,15,0,0,0,-1.2590434823708547,0.46203026539603603,60720.0,0,2,0,
T002476,U0083,2026-07-25 17:02:00,2393.96,D0772,M056,Pune,0,,17,0,0,0,0.8114348992032768,1.3641861661637078,93660.0,0,1,0,
T002474,U0083,2026-07-27 12:39:00,1516.86,D0210,M031,Pune,0,,12,0,0,0,-0.3538950554177816,0.8462462136467231,157020.0,0,2,0,
T002482,U0084,2026-07-01 04:16:00,1226.87,D0549,M025,Mumbai,0,,4,1,1,1,0.0,1.0,1000000000.0,0,3,40,odd hour + new device; device shared by 3 users
T002491,U0084,2026-07-02 07:03:00,282.38,D0805,M051,Mumbai,0,,7,0,1,1,0.0,1.0,96420.0,0,1,0,
T002510,U0084,2026-07-03 13:39:00,1455.25,D0805,M014,Mumbai,0,,13,0,0,1,0.0,1.0,110160.0,0,1,0,
T002505,U0084,2026-07-04 09:47:00,2276.88,D0805,M032,Mumbai,0,,9,0,0,1,2.5383312433433542,2.3041457220737267,72480.0,0,1,0,
T002499,U0084,2026-07-05 10:43:00,1963.49,D0805,M014,Mumbai,0,,10,0,0,0,0.9193601923060597,1.4984526964284575,89760.0,0,1,0,
T002509,U0084,2026-07-06 18:20:00,1543.1,D0549,M025,Mumbai,0,,18,0,0,0,0.14864553585659443,1.0708728949510034,113820.0,0,3,20,device shared by 3 users
T002497,U0084,2026-07-07 07:16:00,632.23,D0549,M032,Mumbai,0,,7,0,0,0,-1.3142090373634454,0.433629744660558,46560.0,0,3,20,device shared by 3 users
T002516,U0084,2026-07-07 13:01:00,1367.71,D0805,M014,Mumbai,0,,13,0,0,0,0.04261699133700886,1.0206573412992686,20700.0,0,1,0,
T002511,U0084,2026-07-07 15:04:00,1237.76,D0549,M025,Mumbai,0,,15,0,0,0,-0.1739939171980551,0.9213028386569646,7380.0,0,3,20,device shared by 3 users
T002495,U0084,2026-07-09 12:23:00,924.43,D0805,M032,Mumbai,0,,12,0,0,0,-0.709764510588122,0.694151431981077,163140.0,0,1,0,
T002501,U0084,2026-07-10 15:31:00,1131.07,D0549,M051,Mumbai,0,,15,0,0,0,-0.28664960491931935,0.8761125003864318,97680.0,0,3,20,device shared by 3 users
T002515,U0084,2026-07-10 16:35:00,1453.8,D0549,M014,Mumbai,0,,16,0,0,0,0.3320907586711229,1.138922182942864,3840.0,0,3,20,device shared by 3 users
T002522,U0084,2026-07-11 12:39:00,723.94,D0805,M025,Mumbai,0,,12,0,0,0,-1.104589310193747,0.5606516174779416,72240.0,0,1,0,
T002512,U0084,2026-07-11 13:53:00,2342.85,D0805,M025,Mumbai,0,,13,0,0,0,2.1222344178164056,1.8778728025241924,4440.0,0,1,0,
T002520,U0084,2026-07-11 16:34:00,1627.65,D0805,M025,Mumbai,0,,16,0,0,0,0.5278883074311103,1.2276368179964123,9660.0,0,1,0,
T002502,U0084,2026-07-11 17:02:00,1652.74,D0549,M032,Mumbai,0,,17,0,0,0,0.5503247415814057,1.2279259265912728,1680.0,1,3,20,device shared by 3 users
T002494,U0084,2026-07-11 17:47:00,2063.28,D0549,M032,Mumbai,0,,17,0,0,0,1.281390349964611,1.511411650218381,2700.0,1,3,20,device shared by 3 users
T002507,U0084,2026-07-12 11:44:00,615.59,D0549,M014,Mumbai,0,,11,0,0,0,-1.4283736521871602,0.43776790430282764,64620.0,0,3,20,device shared by 3 users
T002488,U0084,2026-07-13 15:58:00,1249.83,D0549,M051,Mumbai,0,,15,0,0,0,-0.19812085311238023,0.9174553090974926,101640.0,0,3,20,device shared by 3 users
T002525,U0084,2026-07-14 18:28:00,1492.05,D0805,M014,Mumbai,0,,18,0,0,0,0.24536555058228154,1.100039384773853,95400.0,0,1,0,
T002500,U0084,2026-07-14 19:13:00,105.83,D0549,M051,Mumbai,0,,19,0,0,0,-2.329147789045305,0.07763664167961834,2700.0,1,3,20,device shared by 3 users
T002492,U0084,2026-07-15 12:38:00,1847.45,D0549,M025,Mumbai,0,,12,0,0,0,0.9208536722215396,1.4175465931459559,62700.0,0,3,20,device shared by 3 users
T002503,U0084,2026-07-15 14:59:00,1342.2,D0805,M025,Mumbai,0,,14,0,0,0,0.02412001514622989,1.0106865434757348,8460.0,0,1,0,
T002483,U0084,2026-07-16 11:59:00,509.41,D0805,M025,Mumbai,0,,11,0,0,0,-1.423589032851665,0.38341135855963365,75600.0,0,1,0,
T002521,U0084,2026-07-17 10:46:00,1010.12,D0805,M025,Mumbai,0,,10,0,0,0,-0.48474224143602995,0.7803219984837115,82020.0,0,1,0,
T002496,U0084,2026-07-18 09:56:00,1673.66,D0549,M051,Mumbai,0,,9,0,0,0,0.6762817268841405,1.3043711378762122,83400.0,0,3,20,device shared by 3 users
T002486,U0084,2026-07-18 09:57:00,1008.32,D0805,M032,Mumbai,0,,9,0,0,0,-0.5073557193623083,0.7767437182864282,60.0,1,1,0,
T002519,U0084,2026-07-18 17:22:00,2143.18,D0549,M032,Mumbai,0,,17,0,0,0,1.5194397435540912,1.6647308134476908,26700.0,0,3,20,device shared by 3 users
T002524,U0084,2026-07-22 12:48:00,1496.02,D0549,M032,Mumbai,0,,12,0,0,0,0.3094321068454108,1.1350968894516713,329160.0,0,3,20,device shared by 3 users
T002518,U0084,2026-07-22 18:05:00,322.31,D0805,M014,Mumbai,0,,18,0,0,0,-1.7688838054197447,0.2434169662078166,19020.0,0,1,0,
T002517,U0084,2026-07-24 09:12:00,946.36,D0549,M032,Mumbai,0,,9,0,0,0,-0.5884946042373882,0.7332069599240677,140820.0,0,3,20,device shared by 3 users
T002523,U0084,2026-07-24 10:03:00,1451.96,D0805,M014,Mumbai,0,,10,0,0,0,0.2977620998581918,1.134693765537164,3060.0,1,1,0,
T002490,U0084,2026-07-24 18:31:00,1624.85,D0549,M014,Mumbai,0,,18,0,0,0,0.5957138799114626,1.2644833174821357,30480.0,0,3,20,device shared by 3 users
T002513,U0084,2026-07-24 18:39:00,1728.33,D0805,M014,Mumbai,0,,18,0,0,0,0.7667019525403731,1.3343189545705447,480.0,1,1,0,
T002514,U0084,2026-07-25 11:26:00,436.38,D0805,M014,Mumbai,0,,11,0,0,0,-1.553099244892285,0.33361710139561435,60420.0,0,1,0,
T002504,U0084,2026-07-26 07:36:00,2574.96,D0549,M025,Mumbai,0,,7,0,0,0,2.258859579899821,2.006792358500565,72600.0,0,3,20,device shared by 3 users
T002498,U0084,2026-07-26 11:06:00,1517.1,D0805,M032,Mumbai,0,,11,0,0,0,0.328765151202044,1.1501837232436147,12600.0,0,1,0,
T002493,U0084,2026-07-26 11:20:00,2116.58,D0805,M051,Mumbai,0,,11,0,0,0,1.3309986524908892,1.598190170735473,840.0,1,1,0,
T002508,U0084,2026-07-26 14:54:00,597.53,D0805,M051,Mumbai,0,,14,0,0,0,-1.2443524066977956,0.4441913908688132,12840.0,0,1,0,
T002485,U0084,2026-07-26 16:49:00,344.61,D0805,M025,Mumbai,0,,16,0,0,0,-1.6228280479634956,0.2598795909126711,6900.0,0,1,0,
T002484,U0084,2026-07-27 12:18:00,1436.87,D0805,M025,Mumbai,0,,12,0,0,0,0.21957549662658474,1.1040094835818401,70140.0,0,1,0,
T002489,U0084,2026-07-27 18:50:00,1536.44,D0805,M025,Mumbai,0,,18,0,0,0,0.38017241354593456,1.1775262608849035,23520.0,0,1,0,
T002506,U0084,2026-07-28 16:37:00,1154.8,D0805,M025,Mumbai,0,,16,0,0,0,-0.25789405501267154,0.8813125556909356,78420.0,0,1,0,
T002487,U0084,2026-07-30 18:24:00,1962.22,D0805,M014,Mumbai,0,,18,0,0,0,1.0990528575555651,1.5016587999827837,179220.0,0,1,0,
T002545,U0085,2026-07-01 09:06:00,3338.2,D0357,M032,Jaipur,0,,9,0,1,1,0.0,1.0,1000000000.0,0,1,0,
T002538,U0085,2026-07-01 10:32:00,4211.77,D0357,M012,Jaipur,0,,10,0,0,1,0.0,1.0,5160.0,0,1,0,
T002549,U0085,2026-07-01 13:45:00,4601.32,D0404,M052,Jaipur,0,,13,0,1,1,0.0,1.0,11580.0,0,1,0,
T002553,U0085,2026-07-01 14:41:00,2852.77,D0357,M032,Jaipur,0,,14,0,0,0,-2.2677126204145024,0.7043128752492173,3360.0,1,1,0,
T002552,U0085,2026-07-01 16:56:00,3273.7,D0404,M032,Jaipur,0,,16,0,0,0,-0.6902810423537689,0.8727504419809703,8100.0,0,1,0,
T002540,U0085,2026-07-04 18:10:00,2972.63,D0357,M059,Jaipur,0,,18,0,0,1,-1.0550691117342565,0.8131822496812567,263640.0,0,1,0,
T002527,U0085,2026-07-05 14:56:00,1215.95,D0404,M052,Jaipur,0,,14,0,0,0,-3.6150422446184516,0.3433207577809196,74760.0,0,1,0,
T002544,U0085,2026-07-05 15:09:00,3082.06,D0357,M059,Jaipur,0,,15,0,0,0,-0.12633885172336876,0.9602997191922626,780.0,1,1,0,
T002542,U0085,2026-07-06 10:42:00,2476.69,D0404,M059,Jaipur,0,,10,0,0,0,-0.7591132401555921,0.7755287999951375,70380.0,0,1,0,
T002550,U0085,2026-07-07 15:30:00,2854.1,D0357,M012,Jaipur,0,,15,0,0,0,-0.2828845442830207,0.9165679750448933,103680.0,0,1,0,
T002547,U0085,2026-07-07 16:34:00,3838.71,D0357,M012,Jaipur,0,,16,0,0,0,0.8582996944475373,1.2431381777685433,3840.0,0,1,0,
T002529,U0085,2026-07-11 10:50:00,3079.52,D0357,M032,Jaipur,0,,10,0,0,0,-0.0889749177000445,0.9757133924939916,324960.0,0,1,0,
T002530,U0085,2026-07-13 10:39:00,4537.14,D0357,M012,Jaipur,0,,10,0,0,0,1.6814294909434329,1.4404602214308406,172140.0,0,1,0,
T002543,U0085,2026-07-13 13:17:00,3482.01,D0404,M052,Jaipur,0,,13,0,0,0,0.25780930415219616,1.0692476781641238,9480.0,0,1,0,
T002526,U0085,2026-07-13 13:46:00,1240.27,D0357,M052,Jaipur,0,,13,0,0,0,-2.405483364316758,0.378984720914163,1740.0,1,1,0,
T002537,U0085,2026-07-14 11:43:00,5104.64,D0357,M012,Jaipur,0,,11,0,0,0,2.0476806346051593,1.6271725848057885,79020.0,0,1,0,
T002541,U0085,2026-07-17 09:07:00,1673.21,D0404,M052,Jaipur,0,,9,0,0,0,-1.5183168104533389,0.5132400382770611,249840.0,0,1,0,
T002551,U0085,2026-07-18 13:01:00,4860.78,D0404,M052,Jaipur,0,,13,0,0,0,1.5677992138743293,1.5349444749083898,100440.0,0,1,0,
T002531,U0085,2026-07-19 15:15:00,2043.89,D0404,M032,Jaipur,0,,15,0,0,0,-1.087087824234303,0.6267948785267022,94440.0,0,1,0,
T002536,U0085,2026-07-19 17:21:00,3685.98,D0404,M052,Jaipur,0,,17,0,0,0,0.4355961215275952,1.153018734113969,7560.0,0,1,0,
T002554,U0085,2026-07-20 16:19:00,3387.58,D0357,M032,Jaipur,0,,16,0,0,0,0.15122958995069655,1.0516296845149347,82680.0,0,1,0,
T002533,U0085,2026-07-20 18:46:00,2909.77,D0357,M012,Jaipur,0,,18,0,0,0,-0.2974585391570748,0.9010844833267353,8820.0,0,1,0,
T002534,U0085,2026-07-22 13:25:00,3769.98,D0357,M052,Jaipur,0,,13,0,0,0,0.5282460296415777,1.172743287538973,153540.0,0,1,0,
T002546,U0085,2026-07-23 08:40:00,1809.44,D0357,M052,Jaipur,0,,8,0,0,0,-1.3819046786610518,0.558674027755355,69300.0,0,1,0,
T002539,U0085,2026-07-23 19:03:00,3554.66,D0357,M032,Jaipur,0,,19,0,0,0,0.3568205784064139,1.1180796962648356,37380.0,0,1,0,
T002535,U0085,2026-07-24 04:39:00,1938.96,D0404,M012,Jaipur,0,,4,1,0,0,-1.2146801039830553,0.6070117785232824,34560.0,0,1,0,
T002532,U0085,2026-07-27 16:31:00,1052.49,D0404,M052,Jaipur,0,,16,0,0,0,-2.009622536625304,0.3345497373921805,301920.0,0,1,0,
T002548,U0085,2026-07-28 11:08:00,3796.19,D0357,M032,Jaipur,0,,11,0,0,0,0.6639608237303363,1.2371675573307,67020.0,0,1,0,
T002528,U0085,2026-07-29 10:27:00,1771.07,D0357,M059,Jaipur,0,,10,0,0,0,-1.2199864446093749,0.5723388269823119,83940.0,0,1,0,
T002588,U0086,2026-07-01 14:36:00,5615.4,D0726,M037,Bengaluru,0,,14,0,1,1,0.0,1.0,1000000000.0,0,1,0,
T002583,U0086,2026-07-01 18:07:00,3388.58,D0726,M025,Bengaluru,0,,18,0,0,1,0.0,1.0,12660.0,0,1,0,
T002566,U0086,2026-07-02 11:07:00,5774.5,D0726,M025,Bengaluru,0,,11,0,0,0,0.0,1.0,61200.0,0,1,0,
T002557,U0086,2026-07-05 12:29:00,4521.95,D0726,M056,Bengaluru,0,,12,0,0,1,-0.3711168865552666,0.9179462297371692,264120.0,0,1,0,
T002577,U0086,2026-07-06 09:56:00,2212.1,D0726,M025,Bengaluru,0,,9,0,0,0,-2.723721675553778,0.4584561068414628,77220.0,0,1,0,
T002573,U0086,2026-07-08 21:47:00,4883.81,D0726,M037,Bengaluru,0,,21,0,0,0,0.4298609817078538,1.135108236656705,215460.0,0,1,0,
T002562,U0086,2026-07-09 16:38:00,5019.16,D0726,M018,Bengaluru,0,,16,0,0,1,0.49449211301927004,1.1408763485072073,67860.0,0,1,0,
T002572,U0086,2026-07-10 10:15:00,4603.7,D0726,M025,Bengaluru,0,,10,0,0,0,0.09807261255310423,1.0257961831840787,63420.0,0,1,0,
T002598,U0086,2026-07-10 14:11:00,3567.33,D0726,M018,Bengaluru,0,,14,0,0,0,-0.8463023260309817,0.792317430527648,14160.0,0,1,0,
T002586,U0086,2026-07-11 12:27:00,3676.63,D0726,M046,Bengaluru,0,,12,0,0,1,-0.6669466343201015,0.8358820536297842,80160.0,0,1,0,
T002585,U0086,2026-07-12 08:30:00,5480.71,D0726,M025,Bengaluru,0,,8,0,0,0,1.1000500825237143,1.2668307166497244,72180.0,0,1,0,
T002579,U0086,2026-07-12 09:10:00,3124.39,D0726,M025,Bengaluru,0,,9,0,0,0,-1.2397210670702563,0.70507922313604,2400.0,1,1,0,
T002593,U0086,2026-07-12 09:32:00,3416.34,D0726,M056,Bengaluru,0,,9,0,0,0,-0.8451851117542054,0.7903885727131649,1320.0,1,1,0,
T002574,U0086,2026-07-12 10:37:00,5931.78,D0726,M018,Bengaluru,0,,10,0,0,0,1.5873149029757856,1.394839430544258,3900.0,0,1,0,
T002564,U0086,2026-07-12 15:39:00,3083.56,D0726,M018,Bengaluru,0,,15,0,0,0,-1.1641385702391853,0.7052007974030348,18120.0,0,1,0,
T002594,U0086,2026-07-13 10:47:00,4358.59,D0726,M046,Bengaluru,0,,10,0,0,0,0.06439198149252207,1.0167793311276545,68880.0,0,1,0,
T002570,U0086,2026-07-13 23:27:00,3594.53,D0726,M037,Bengaluru,0,,23,0,0,0,-0.6440164058180384,0.8376596467561633,45600.0,0,1,0,
T002591,U0086,2026-07-14 02:59:00,4669.99,D0726,M056,Bengaluru,0,,2,1,0,0,0.39525641288845154,1.098774639874364,12720.0,0,1,0,
T002567,U0086,2026-07-14 13:36:00,3506.43,D0726,M018,Bengaluru,0,,13,0,0,0,-0.739942463261663,0.8205049069847192,38220.0,0,1,0,
T002563,U0086,2026-07-14 16:02:00,3702.77,D0726,M037,Bengaluru,0,,16,0,0,0,-0.5182080389122453,0.874711983508789,8760.0,0,1,0,
T002565,U0086,2026-07-15 18:55:00,3421.4,D0726,M037,Bengaluru,0,,18,0,0,0,-0.7819196443701457,0.8133385233811437,96780.0,0,1,0,
T002571,U0086,2026-07-16 16:22:00,4001.98,D0726,M025,Bengaluru,0,,16,0,0,0,-0.16822155802701852,0.9598866521252098,77220.0,0,1,0,
T002597,U0086,2026-07-17 12:22:00,2106.9,D0726,M037,Bengaluru,0,,12,0,0,0,-2.114038496948969,0.5062692484215562,72000.0,0,1,0,
T002578,U0086,2026-07-17 13:41:00,4131.93,D0726,M046,Bengaluru,0,,13,0,0,0,0.057416420329653245,1.01464683878028,4740.0,0,1,0,
T002590,U0086,2026-07-17 15:47:00,6695.52,D0726,M046,Bengaluru,0,,15,0,0,0,2.5768655845890636,1.6431654713422832,7560.0,0,1,0,
T002581,U0086,2026-07-18 16:45:00,3576.69,D0726,M037,Bengaluru,0,,16,0,0,0,-0.5378144575155391,0.8557495175959098,89880.0,0,1,0,
T002555,U0086,2026-07-19 12:50:00,2881.65,D0726,M025,Bengaluru,0,,12,0,0,0,-1.1532498640698228,0.693302569441384,72300.0,0,1,0,
T002595,U0086,2026-07-20 14:23:00,3890.2,D0726,M056,Bengaluru,0,,14,0,0,0,-0.19710017437593827,0.9467056371330269,91980.0,0,1,0,
T002584,U0086,2026-07-21 07:09:00,4104.71,D0726,M018,Bengaluru,0,,7,0,0,0,0.0030538495932866112,1.0008129673908828,60360.0,0,1,0,
T002559,U0086,2026-07-21 21:06:00,2462.73,D0726,M046,Bengaluru,0,,21,0,0,0,-1.5274967080186874,0.6004475410881899,50220.0,0,1,0,
T002587,U0086,2026-07-22 06:53:00,3493.2,D0726,M018,Bengaluru,0,,6,0,0,0,-0.5056030421773704,0.8631866176430252,35220.0,0,1,0,
T002580,U0086,2026-07-22 11:37:00,2480.61,D0726,M046,Bengaluru,0,,11,0,0,0,-1.431466072279558,0.6156879676445677,17040.0,0,1,0,
T002576,U0086,2026-07-22 16:34:00,2807.21,D0726,M018,Bengaluru,0,,16,0,0,0,-1.0684755117542029,0.7052196748151843,17820.0,0,1,0,
T002582,U0086,2026-07-23 10:58:00,4587.0,D0726,M025,Bengaluru,0,,10,0,0,0,0.5835885970244004,1.1627199583370798,66240.0,0,1,0,
T002560,U0086,2026-07-24 19:50:00,6540.31,D0726,M018,Bengaluru,0,,19,0,0,0,2.365585532538052,1.6499515703543195,118320.0,0,1,0,
T002558,U0086,2026-07-25 19:42:00,4801.35,D0726,M037,Bengaluru,0,,19,0,0,0,0.660688148522969,1.1891737909759794,85920.0,0,1,0,
T002596,U0086,2026-07-27 08:59:00,2547.9,D0726,M037,Bengaluru,0,,8,0,0,0,-1.3174801203765778,0.6277521008524545,134220.0,0,1,0,
T002568,U0086,2026-07-27 14:55:00,4143.44,D0726,M056,Bengaluru,0,,14,0,0,0,0.10843718900034062,1.0312365759744737,21360.0,0,1,0,
T002589,U0086,2026-07-28 13:21:00,4990.79,D0726,M018,Bengaluru,0,,13,0,0,0,0.8488045388910811,1.2411083574378465,80760.0,0,1,0,
T002569,U0086,2026-07-28 17:56:00,4619.65,D0726,M056,Bengaluru,0,,17,0,0,0,0.5040519095835885,1.1417547279373563,16500.0,0,1,0,
T002561,U0086,2026-07-28 19:00:00,4768.98,D0726,M046,Bengaluru,0,,19,0,0,0,0.6286246192728377,1.1744996315852079,3840.0,0,1,0,
T002592,U0086,2026-07-29 09:45:00,2007.89,D0726,M056,Bengaluru,0,,9,0,0,0,-1.8502795509270435,0.49240542280838256,53100.0,0,1,0,
T002575,U0086,2026-07-30 16:53:00,5659.87,D0726,M018,Bengaluru,0,,16,0,0,0,1.4193510862809262,1.4049796830672643,112080.0,0,1,0,
T002556,U0086,2026-07-30 18:44:00,5747.3,D0726,M056,Bengaluru,0,,18,0,0,0,1.4462242179890041,1.4133715774290128,6660.0,0,1,0,
T002602,U0087,2026-07-01 08:45:00,560.47,D0536,M030,Ahmedabad,0,,8,0,1,1,0.0,1.0,1000000000.0,0,1,0,
T002605,U0087,2026-07-03 11:06:00,395.49,D0660,M013,Ahmedabad,0,,11,0,1,1,0.0,1.0,181260.0,0,1,0,
T002601,U0087,2026-07-06 10:45:00,728.32,D0536,M030,Ahmedabad,0,,10,0,0,0,0.0,1.0,257940.0,0,1,0,
T002610,U0087,2026-07-06 15:08:00,444.73,D0660,M013,Ahmedabad,0,,15,0,0,0,-0.8588280610095573,0.7921426352052936,15780.0,0,1,0,
T002608,U0087,2026-07-09 10:06:00,421.29,D0660,M029,Ahmedabad,0,,10,0,0,1,-0.8664526500871081,0.7915228189787312,241080.0,0,1,0,
T002600,U0087,2026-07-11 13:04:00,539.01,D0536,M030,Ahmedabad,0,,13,0,0,0,0.23566511728759845,1.0567580263954082,183480.0,0,1,0,
T002620,U0087,2026-07-11 17:19:00,531.39,D0536,M029,Ahmedabad,0,,17,0,0,0,0.14650489775839826,1.0320556997542056,15300.0,0,1,0,
T002611,U0087,2026-07-12 06:49:00,602.01,D0660,M013,Ahmedabad,0,,6,0,0,0,0.8114705214467154,1.163882672370763,48600.0,0,1,0,
T002624,U0087,2026-07-12 13:30:00,751.08,D0536,M013,Ahmedabad,0,,13,0,0,0,2.1960371114042587,1.4229345582852064,24060.0,0,1,0,
T002623,U0087,2026-07-14 13:36:00,670.07,D0660,M029,Ahmedabad,0,,13,0,0,0,0.9886326229331394,1.2124818275575897,173160.0,0,1,0,
T002613,U0087,2026-07-16 12:14:00,531.18,D0536,M013,Ahmedabad,0,,12,0,0,0,-0.2812638243211193,0.9411643787387277,167880.0,0,1,0,
T002615,U0087,2026-07-16 19:23:00,1023.29,D0536,M054,Ahmedabad,0,,19,0,0,1,4.088903917045517,1.8228529661263113,25740.0,0,1,15,amount z-score 4.1
T002616,U0087,2026-07-16 20:35:00,596.3,D0536,M013,Ahmedabad,0,,20,0,0,0,-0.02128082422607131,0.9940638992754199,4320.0,0,1,0,
T002622,U0087,2026-07-17 11:55:00,358.71,D0536,M029,Ahmedabad,0,,11,0,0,0,-1.4983231209485868,0.5982618792967204,55200.0,0,1,0,
T002607,U0087,2026-07-18 09:27:00,680.29,D0660,M013,Ahmedabad,0,,9,0,0,0,0.5867159213501015,1.1681176037852405,77520.0,0,1,0,
T002619,U0087,2026-07-18 13:11:00,575.09,D0536,M030,Ahmedabad,0,,13,0,0,0,-0.08474769852787234,0.976535126029953,13440.0,0,1,0,
T002599,U0087,2026-07-18 13:31:00,704.91,D0660,M013,Ahmedabad,0,,13,0,0,0,0.7400535474624474,1.1987347886662842,1200.0,1,1,0,
T002617,U0087,2026-07-19 14:19:00,615.78,D0660,M029,Ahmedabad,0,,14,0,0,0,0.13402453780662027,1.0350645596490975,89280.0,0,1,0,
T002614,U0087,2026-07-21 11:57:00,502.92,D0660,M030,Ahmedabad,0,,11,0,0,0,-0.6155660815947772,0.8437146110376187,164280.0,0,1,0,
T002621,U0087,2026-07-22 13:43:00,759.18,D0660,M054,Ahmedabad,0,,13,0,0,0,1.1293460668859148,1.2841876953045743,92760.0,0,1,0,
T002618,U0087,2026-07-23 07:54:00,236.5,D0660,M029,Ahmedabad,0,,7,0,0,0,-2.427820415575558,0.39444573636773717,65460.0,0,1,0,
T002606,U0087,2026-07-24 14:15:00,500.78,D0536,M030,Ahmedabad,0,,14,0,0,0,-0.4934967392558139,0.8600238290563631,109260.0,0,1,0,
T002609,U0087,2026-07-25 13:55:00,268.68,D0660,M013,Ahmedabad,0,,13,0,0,0,-1.909977581949048,0.46437721022844275,85200.0,0,1,0,
T002604,U0087,2026-07-25 19:46:00,672.39,D0536,M013,Ahmedabad,0,,19,0,0,0,0.6280846452934451,1.1898446368896076,21060.0,0,1,0,
T002612,U0087,2026-07-27 11:04:00,359.23,D0536,M013,Ahmedabad,0,,11,0,0,0,-1.2477502198838135,0.6306955583205174,141480.0,0,1,0,
T002625,U0087,2026-07-29 10:55:00,330.14,D0660,M054,Ahmedabad,0,,10,0,0,0,-1.3570395483256046,0.588313282279333,172260.0,0,1,0,
T002603,U0087,2026-07-29 11:43:00,603.61,D0536,M013,Ahmedabad,0,,11,0,0,0,0.2971531110200008,1.0929457896825534,2880.0,1,1,0,
T002633,U0088,2026-07-01 12:40:00,4183.43,D0182,M027,Bengaluru,0,,12,0,1,1,0.0,1.0,1000000000.0,0,2,0,
T002655,U0088,2026-07-01 14:01:00,3582.05,D0182,M018,Bengaluru,0,,14,0,0,1,0.0,1.0,4860.0,0,2,0,
T002646,U0088,2026-07-03 08:01:00,2855.82,D0182,M057,Bengaluru,0,,8,0,0,1,0.0,1.0,151200.0,0,2,0,
T002640,U0088,2026-07-04 11:00:00,4982.61,D0182,M027,Bengaluru,0,,11,0,0,0,2.656956134475911,1.4073446749247234,97140.0,0,2,0,
T002651,U0088,2026-07-04 13:24:00,5239.89,D0182,M001,Bengaluru,0,,13,0,0,1,1.7129764182568599,1.3432248708578236,8640.0,0,2,0,
T002661,U0088,2026-07-04 18:48:00,3986.02,D0182,M057,Bengaluru,0,,18,0,0,0,-0.20750034888998384,0.9561644227645235,19440.0,0,2,0,
T002635,U0088,2026-07-04 23:30:00,3326.86,D0182,M001,Bengaluru,0,,23,0,0,0,-1.0057298306452893,0.8039188361082154,16920.0,0,2,0,
T002663,U0088,2026-07-05 06:08:00,3525.05,D0182,M001,Bengaluru,0,,6,0,0,0,-0.6223518538986441,0.876358647179479,23880.0,0,2,0,
T002664,U0088,2026-07-05 07:44:00,1064.31,D0182,M001,Bengaluru,0,,7,0,0,0,-3.7835776059623973,0.2687504753638768,5760.0,0,2,0,
T002638,U0088,2026-07-05 12:53:00,1930.79,D0182,M057,Bengaluru,0,,12,0,0,0,-1.4702622194332735,0.5306629441368799,18540.0,0,2,0,
T002641,U0088,2026-07-06 05:25:00,4785.84,D0182,M039,Bengaluru,0,,5,1,0,1,1.0847831602233151,1.3801261530018385,59520.0,0,2,0,
T002639,U0088,2026-07-06 12:36:00,2212.13,D0182,M027,Bengaluru,0,,12,0,0,0,-1.1283066078240984,0.6166189462906893,25860.0,0,2,0,
T002645,U0088,2026-07-06 17:49:00,3270.58,D0182,M039,Bengaluru,0,,17,0,0,0,-0.1648316617136678,0.9417432114539023,18780.0,0,2,0,
T002659,U0088,2026-07-06 18:57:00,2706.8,D0182,M027,Bengaluru,0,,18,0,0,0,-0.6357722685729185,0.7829147287178818,4080.0,0,2,0,
T002627,U0088,2026-07-07 16:42:00,4153.06,D0182,M001,Bengaluru,0,,16,0,0,0,0.6494055357677118,1.2201506831989197,78300.0,0,2,0,
T002665,U0088,2026-07-09 14:08:00,3979.75,D0182,M057,Bengaluru,0,,14,0,0,0,0.46541810432509023,1.1523206915500284,163560.0,0,2,0,
T002667,U0088,2026-07-11 10:37:00,4209.71,D0182,M027,Bengaluru,0,,10,0,0,0,0.656331828935391,1.2074100933007506,160140.0,0,2,0,
T002630,U0088,2026-07-11 12:01:00,2063.92,D0182,M057,Bengaluru,0,,12,0,0,0,-1.3536855992332246,0.584828993062019,5040.0,0,2,0,
T002626,U0088,2026-07-12 14:03:00,5643.62,D0182,M027,Bengaluru,0,,14,0,0,0,1.9888536231963174,1.6369226381530138,93720.0,0,2,0,
T002632,U0088,2026-07-12 15:16:00,2391.19,D0182,M039,Bengaluru,0,,15,0,0,0,-0.992246396860786,0.6710650930788961,4380.0,0,2,0,
T002636,U0088,2026-07-12 23:12:00,3757.96,D0182,M001,Bengaluru,0,,23,0,0,0,0.21477263075686406,1.072271680506355,28560.0,0,2,0,
T002628,U0088,2026-07-14 15:40:00,5819.51,D0182,M039,Bengaluru,0,,15,0,0,0,1.9986354000955073,1.654805819704261,145680.0,0,2,0,
T002653,U0088,2026-07-14 20:31:00,6566.82,D0182,M001,Bengaluru,0,,20,0,0,0,2.407133421551937,1.8133351067969186,17460.0,0,2,0,
T002647,U0088,2026-07-15 11:19:00,2635.71,D0182,M027,Bengaluru,0,,11,0,0,0,-0.8317771598887429,0.702956084458541,53280.0,0,2,0,
T002648,U0088,2026-07-16 11:25:00,5177.38,D0182,M018,Bengaluru,0,,11,0,0,0,1.1088664920343259,1.398135752906631,86760.0,0,2,0,
T002658,U0088,2026-07-16 22:03:00,3236.17,D0182,M001,Bengaluru,0,,22,0,0,0,-0.3940925078171129,0.8602185348376536,38280.0,0,2,0,
T002666,U0088,2026-07-17 13:33:00,3863.65,D0182,M039,Bengaluru,0,,13,0,0,0,0.09284324984506688,1.032562630407002,55800.0,0,2,0,
T002652,U0088,2026-07-17 14:26:00,4471.14,D0182,M039,Bengaluru,0,,14,0,0,0,0.5627373749180362,1.1934753146646362,3180.0,1,2,0,
T002631,U0088,2026-07-18 19:25:00,3812.21,D0182,M057,Bengaluru,0,,19,0,0,0,0.03145089777070018,1.0106049157451449,104340.0,0,2,0,
T002642,U0088,2026-07-19 12:06:00,1680.08,D0182,M001,Bengaluru,0,,12,0,0,0,-1.6750087895175907,0.44522112772548883,60060.0,0,2,0,
T002634,U0088,2026-07-19 14:06:00,4745.24,D0182,M027,Bengaluru,0,,14,0,0,0,0.8104464112079914,1.2811807971157256,7200.0,0,2,0,
T002662,U0088,2026-07-19 15:08:00,4623.32,D0182,M027,Bengaluru,0,,15,0,0,0,0.6935126235216789,1.2370428611397761,3720.0,0,2,0,
T002668,U0088,2026-07-20 13:00:00,3659.52,D0182,M001,Bengaluru,0,,13,0,0,0,-0.08333358842897125,0.9719629268428691,78720.0,0,2,0,
T002637,U0088,2026-07-20 20:06:00,2287.56,D0182,M018,Bengaluru,0,,20,0,0,0,-1.1817943975029135,0.608089082240189,25560.0,0,2,0,
T002649,U0088,2026-07-21 14:45:00,4125.44,D0182,M039,Bengaluru,0,,14,0,0,0,0.3244879883637358,1.1094304578930374,67140.0,0,2,0,
T002643,U0088,2026-07-22 08:04:00,3464.0,D0182,M057,Bengaluru,0,,8,0,0,0,-0.21500761772227897,0.9286497641341218,62340.0,0,2,0,
T002644,U0088,2026-07-22 17:42:00,2744.91,D0182,M039,Bengaluru,0,,17,0,0,0,-0.8006461052456973,0.7373331896731764,34680.0,0,2,0,
T002656,U0088,2026-07-22 18:29:00,5574.79,D0182,M027,Bengaluru,0,,18,0,0,0,1.5459438677181765,1.5081977313789454,2820.0,1,2,0,
T002657,U0088,2026-07-25 14:59:00,2713.41,D0182,M027,Bengaluru,0,,14,0,0,0,-0.8351479246665037,0.7243952527115787,246600.0,0,2,0,
T002650,U0088,2026-07-26 15:56:00,5051.96,D0182,M001,Bengaluru,0,,15,0,0,0,1.0825585452931463,1.3583135728472033,89820.0,0,2,0,
T002654,U0088,2026-07-26 20:31:00,1934.23,D0182,M027,Bengaluru,0,,20,0,0,0,-1.4744798450458103,0.5154365755589569,16500.0,0,2,0,
T002660,U0088,2026-07-27 11:32:00,5335.93,D0182,M001,Bengaluru,0,,11,0,0,0,1.302163087740796,1.438933008921979,54060.0,0,2,0,
T002629,U0088,2026-07-29 10:38:00,3060.42,D0182,M057,Bengaluru,0,,10,0,0,0,-0.5450453967700546,0.8167634918296794,169560.0,0,2,0,
T002673,U0089,2026-07-01 14:21:00,3480.07,D0487,M015,Lucknow,0,,14,0,1,1,0.0,1.0,1000000000.0,0,1,0,
T002680,U0089,2026-07-02 15:45:00,2303.92,D0487,M023,Lucknow,0,,15,0,0,1,0.0,1.0,91440.0,0,1,0,
T002700,U0089,2026-07-03 14:42:00,3560.9,D0487,M023,Lucknow,0,,14,0,0,0,0.0,1.0,82620.0,0,1,0,
T002679,U0089,2026-07-03 14:52:00,2442.79,D0487,M015,Lucknow,0,,14,0,0,0,-1.1701309564972584,0.7842114778929838,600.0,1,1,0,
T002698,U0089,2026-07-05 15:44:00,2214.26,D0487,M053,Lucknow,0,,15,0,0,1,-1.2711593128740941,0.751381102727125,175920.0,0,1,0,
T002691,U0089,2026-07-07 13:32:00,844.11,D0452,M023,Lucknow,0,,13,0,1,0,-3.2989473752774177,0.3014260879915833,164880.0,0,1,0,
T002681,U0089,2026-07-10 13:41:00,846.6,D0452,M020,Lucknow,0,,13,0,0,1,-1.7925490301695177,0.3421516159481539,259740.0,0,1,0,
T002693,U0089,2026-07-10 18:55:00,2939.67,D0487,M053,Lucknow,0,,18,0,0,0,0.6872210638675463,1.311294777543687,18840.0,0,1,0,
T002697,U0089,2026-07-11 15:59:00,2711.71,D0452,M023,Lucknow,0,,15,0,0,0,0.39146397010444034,1.1643037469668605,75840.0,0,1,0,
T002695,U0089,2026-07-12 17:45:00,2793.32,D0487,M020,Lucknow,0,,17,0,0,0,0.45377849224330075,1.1778412975150163,92760.0,0,1,0,
T002701,U0089,2026-07-14 15:32:00,2309.39,D0452,M020,Lucknow,0,,15,0,0,0,-0.11713907544471339,0.956770316146234,164820.0,0,1,0,
T002682,U0089,2026-07-14 17:23:00,1258.84,D0487,M015,Lucknow,0,,17,0,0,0,-1.3477719480097528,0.5235896747289275,6660.0,0,1,0,
T002704,U0089,2026-07-14 18:23:00,1820.27,D0452,M053,Lucknow,0,,18,0,0,0,-0.5595405894068978,0.7884058009447603,3600.0,1,1,0,
T002670,U0089,2026-07-15 11:45:00,1480.45,D0452,M053,Lucknow,0,,11,0,0,0,-0.9315474203481816,0.6518305143298568,62520.0,0,1,0,
T002678,U0089,2026-07-16 10:28:00,2773.08,D0487,M020,Lucknow,0,,10,0,0,0,0.6623546180614626,1.2521042492161447,81780.0,0,1,0,
T002677,U0089,2026-07-16 11:16:00,3291.56,D0487,M053,Lucknow,0,,11,0,0,0,1.2582791663240211,1.4616431674611956,2880.0,1,1,0,
T002674,U0089,2026-07-16 11:36:00,1613.84,D0452,M053,Lucknow,0,,11,0,0,0,-0.8383936683419332,0.6965412797424435,1200.0,1,1,0,
T002683,U0089,2026-07-16 12:19:00,2500.91,D0452,M020,Lucknow,0,,12,0,0,0,0.27141229203269546,1.099023181243802,2580.0,1,1,0,
T002686,U0089,2026-07-16 13:48:00,1521.2,D0452,M020,Lucknow,0,,13,0,0,0,-0.9485530782260991,0.6648328579181995,5340.0,0,1,0,
T002688,U0089,2026-07-17 14:06:00,1110.72,D0487,M053,Lucknow,0,,14,0,0,0,-1.4118369801312014,0.4941516460367664,87480.0,0,1,0,
T002690,U0089,2026-07-20 13:29:00,2545.79,D0487,M053,Lucknow,0,,13,0,0,0,0.43116713350153324,1.161994001424544,256980.0,0,1,0,
T002699,U0089,2026-07-20 15:09:00,2378.3,D0452,M015,Lucknow,0,,15,0,0,0,0.21134000244778472,1.077235491300855,6000.0,0,1,0,
T002689,U0089,2026-07-21 11:33:00,2281.82,D0452,M015,Lucknow,0,,11,0,0,0,0.08400520627749081,1.0299197602328554,73440.0,0,1,0,
T002672,U0089,2026-07-22 17:36:00,3748.02,D0452,M053,Lucknow,0,,17,0,0,0,1.9816897412810257,1.6895043689878981,108180.0,0,1,0,
T002685,U0089,2026-07-23 17:20:00,1925.75,D0487,M053,Lucknow,0,,17,0,0,0,-0.43724530551928614,0.8438323987192623,85440.0,0,1,0,
T002669,U0089,2026-07-24 12:03:00,2801.68,D0487,M053,Lucknow,0,,12,0,0,0,0.6658397837434311,1.2353676863411958,67380.0,0,1,0,
T002702,U0089,2026-07-25 13:56:00,2048.2,D0452,M020,Lucknow,0,,13,0,0,0,-0.3030110147493773,0.8950272580639511,93180.0,0,1,0,
T002696,U0089,2026-07-26 20:22:00,3244.51,D0452,M023,Lucknow,0,,20,0,0,0,1.2382959613862932,1.4233273432648514,109560.0,0,1,0,
T002692,U0089,2026-07-27 09:42:00,2243.96,D0487,M023,Lucknow,0,,9,0,0,0,-0.08910430207848044,0.9697368546833076,48000.0,0,1,0,
T002684,U0089,2026-07-27 09:55:00,2144.35,D0452,M053,Lucknow,0,,9,0,0,0,-0.21651202272632658,0.9276580334445664,780.0,1,1,0,
T002703,U0089,2026-07-28 09:43:00,2215.03,D0487,M015,Lucknow,0,,9,0,0,0,-0.1197024759076911,0.9605508756388006,85680.0,0,1,0,
T002675,U0089,2026-07-28 15:21:00,2706.73,D0487,M023,Lucknow,0,,15,0,0,0,0.5398179550805399,1.1752728686617995,20280.0,0,1,0,
T002694,U0089,2026-07-28 23:00:00,1841.98,D0452,M023,Lucknow,0,,23,0,0,0,-0.6407006628946199,0.7954381640723193,27540.0,0,1,0,
T002687,U0089,2026-07-29 12:36:00,1278.17,D0487,M053,Lucknow,0,,12,0,0,0,-1.3966611434982055,0.5554060879241987,48960.0,0,1,0,
T002671,U0089,2026-07-30 12:23:00,2415.07,D0487,M015,Lucknow,0,,12,0,0,0,0.1938164455601526,1.0633302206219581,85620.0,0,1,0,
T002676,U0089,2026-07-30 14:26:00,4522.66,D0487,M015,Lucknow,0,,14,0,0,0,3.070748254249676,1.9876836088870669,7380.0,0,1,15,amount z-score 3.1
T002705,U0090,2026-07-01 11:14:00,331.29,D0667,M050,Lucknow,0,,11,0,1,1,0.0,1.0,1000000000.0,0,1,0,
T002711,U0090,2026-07-01 15:25:00,2004.08,D0667,M015,Lucknow,0,,15,0,0,1,0.0,1.0,15060.0,0,1,0,
T002747,U0090,2026-07-01 17:09:00,1416.66,D0194,M015,Lucknow,0,,17,0,1,0,0.0,1.0,6240.0,0,2,0,
T002716,U0090,2026-07-02 12:47:00,1481.96,D0194,M002,Lucknow,0,,12,0,0,1,0.3337778748068021,1.184926558808224,70680.0,0,2,0,
T002724,U0090,2026-07-04 18:58:00,1320.95,D0194,M050,Lucknow,0,,18,0,0,0,0.020467926589112822,1.0095166394971968,195060.0,0,2,0,
T002745,U0090,2026-07-05 10:19:00,993.17,D0194,M060,Lucknow,0,,10,0,0,1,-0.5840265673693101,0.7575736766792879,55260.0,0,2,0,
T002744,U0090,2026-07-05 13:42:00,380.52,D0194,M015,Lucknow,0,,13,0,0,0,-1.7182438759250895,0.3024757188468564,12180.0,0,2,0,
T002714,U0090,2026-07-06 09:03:00,1352.72,D0667,M018,Lucknow,0,,9,0,0,1,0.39033376965939837,1.1942845096365966,69660.0,0,1,0,
T002707,U0090,2026-07-07 10:53:00,2114.24,D0667,M015,Lucknow,0,,10,0,0,0,1.7921647283857354,1.8223555824768116,93000.0,0,1,0,
T002735,U0090,2026-07-07 15:34:00,746.1,D0667,M002,Lucknow,0,,15,0,0,0,-0.88955169790549,0.5892542636841719,16860.0,0,1,0,
T002743,U0090,2026-07-08 14:40:00,1851.66,D0667,M018,Lucknow,0,,14,0,0,0,1.106419187495853,1.525043052882224,83160.0,0,1,0,
T002726,U0090,2026-07-10 12:38:00,472.02,D0667,M060,Lucknow,0,,12,0,0,0,-1.3815751183197187,0.37104910517627726,165480.0,0,1,0,
T002706,U0090,2026-07-10 17:31:00,2422.1,D0194,M002,Lucknow,0,,17,0,0,0,2.0381500837059283,2.0092953015296846,17580.0,0,2,0,
T002742,U0090,2026-07-11 12:02:00,1325.29,D0667,M002,Lucknow,0,,12,0,0,0,0.039850324722095896,1.0202102497731909,66660.0,0,1,0,
T002740,U0090,2026-07-12 10:23:00,908.01,D0194,M036,Lucknow,0,,10,0,0,1,-0.6188569151444615,0.6979798773073539,80460.0,0,2,0,
T002741,U0090,2026-07-13 10:04:00,1403.7,D0667,M015,Lucknow,0,,10,0,0,0,0.2076551449230632,1.1011847317593502,85260.0,0,1,0,
T002721,U0090,2026-07-13 11:17:00,1279.36,D0194,M018,Lucknow,0,,11,0,0,0,-0.005677932813652546,0.9973344005493272,4380.0,0,2,0,
T002729,U0090,2026-07-13 11:42:00,1352.17,D0667,M018,Lucknow,0,,11,0,0,0,0.11911471724318695,1.0542592738100414,1500.0,1,1,0,
T002709,U0090,2026-07-14 16:00:00,1164.91,D0667,M050,Lucknow,0,,16,0,0,0,-0.21396741996080695,0.9055268605847521,101880.0,0,1,0,
T002713,U0090,2026-07-16 08:45:00,1427.51,D0667,M036,Lucknow,0,,8,0,0,0,0.26640762014257297,1.1152004583221264,146700.0,0,1,0,
T002708,U0090,2026-07-16 12:14:00,757.18,D0194,M050,Lucknow,0,,12,0,0,0,-0.9810892124177825,0.5881370580500573,12540.0,0,2,0,
T002712,U0090,2026-07-16 17:22:00,981.84,D0194,M036,Lucknow,0,,17,0,0,0,-0.519720727986915,0.7778975002891522,18480.0,0,2,0,
T002710,U0090,2026-07-17 14:52:00,1382.28,D0667,M036,Lucknow,0,,14,0,0,0,0.2505616696814472,1.1063292898742392,77400.0,0,1,0,
T002715,U0090,2026-07-17 15:22:00,1951.98,D0194,M036,Lucknow,0,,15,0,0,0,1.3418475727786863,1.5551082575179986,1800.0,1,2,0,
T002723,U0090,2026-07-18 14:26:00,879.4,D0667,M050,Lucknow,0,,14,0,0,0,-0.7681115490512092,0.6847643051345531,83040.0,0,1,0,
T002732,U0090,2026-07-19 11:46:00,773.92,D0667,M018,Lucknow,0,,11,0,0,0,-0.9457553212106925,0.6103258241746139,76800.0,0,1,0,
T002718,U0090,2026-07-19 14:35:00,1538.87,D0194,M002,Lucknow,0,,14,0,0,0,0.5562362894186779,1.2320429661926884,10140.0,0,2,0,
T002733,U0090,2026-07-23 06:12:00,652.37,D0194,M018,Lucknow,0,,6,0,0,0,-1.1811723875691105,0.5178469732811546,315420.0,0,2,0,
T002731,U0090,2026-07-23 13:21:00,899.43,D0194,M002,Lucknow,0,,13,0,0,0,-0.6545246700666791,0.7264712137870887,25740.0,0,2,0,
T002725,U0090,2026-07-24 12:01:00,1085.29,D0194,M002,Lucknow,0,,12,0,0,0,-0.27553514764080445,0.8849374207090263,81600.0,0,2,0,
T002722,U0090,2026-07-24 16:01:00,1248.03,D0667,M002,Lucknow,0,,16,0,0,0,0.05222570555208669,1.021552492439586,14400.0,0,1,0,
T002734,U0090,2026-07-24 20:01:00,1638.8,D0667,M015,Lucknow,0,,20,0,0,0,0.8392264599098855,1.3404782858033804,14400.0,0,1,0,
T002727,U0090,2026-07-25 11:09:00,815.62,D0194,M036,Lucknow,0,,11,0,0,0,-0.8508910581604249,0.6601235622022577,54480.0,0,2,0,
T002738,U0090,2026-07-26 13:12:00,1368.57,D0194,M060,Lucknow,0,,13,0,0,0,0.2966434299294054,1.1191814416535846,93780.0,0,2,0,
T002717,U0090,2026-07-27 12:43:00,1688.94,D0194,M015,Lucknow,0,,12,0,0,0,0.9529184464610799,1.3763472497292601,84660.0,0,2,0,
T002720,U0090,2026-07-27 14:00:00,1245.2,D0194,M018,Lucknow,0,,14,0,0,0,0.010101685919878431,1.0039404805531065,4620.0,0,2,0,
T002728,U0090,2026-07-27 14:26:00,1072.65,D0194,M036,Lucknow,0,,14,0,0,0,-0.35173670716901756,0.8647276716901596,1560.0,1,2,0,
T002737,U0090,2026-07-27 16:39:00,1144.27,D0194,M002,Lucknow,0,,16,0,0,0,-0.1944264014663457,0.9258497757264855,7980.0,0,2,0,
T002746,U0090,2026-07-27 18:33:00,910.12,D0667,M015,Lucknow,0,,18,0,0,0,-0.6949364556034429,0.7378344825783144,6840.0,0,1,0,
T002739,U0090,2026-07-28 12:49:00,1955.75,D0667,M060,Lucknow,0,,12,0,0,0,1.5806730743263833,1.5962573009528869,65760.0,0,1,0,
T002730,U0090,2026-07-29 10:24:00,1305.11,D0667,M036,Lucknow,0,,10,0,0,0,0.13103230501427315,1.049568214636247,77700.0,0,1,0,
T002736,U0090,2026-07-29 10:38:00,1727.66,D0194,M015,Lucknow,0,,10,0,0,0,1.038656740137672,1.3877048122190974,840.0,1,2,0,
T002719,U0090,2026-07-29 14:56:00,2170.49,D0194,M002,Lucknow,0,,14,0,0,0,1.9655827977205083,1.7274520231003927,15480.0,0,2,0,
T002748,U0091,2026-07-05 11:34:00,3212.12,D0712,M035,Mumbai,0,,11,0,1,1,0.0,1.0,1000000000.0,0,1,0,
T002757,U0091,2026-07-06 11:46:00,4692.11,D0226,M028,Mumbai,0,,11,0,1,1,0.0,1.0,87120.0,0,1,0,
T002761,U0091,2026-07-06 18:17:00,3349.59,D0712,M035,Mumbai,0,,18,0,0,0,0.0,1.0,23460.0,0,1,0,
T002759,U0091,2026-07-08 05:26:00,2396.12,D0226,M035,Mumbai,0,,5,1,0,0,-2.0297817611474684,0.6387484425807197,126540.0,0,1,0,
T002762,U0091,2026-07-10 11:25:00,3282.34,D0226,M060,Mumbai,0,,11,0,0,1,-0.1579826413575988,0.9618621031412998,194340.0,0,1,0,
T002781,U0091,2026-07-10 16:06:00,2169.71,D0712,M060,Mumbai,0,,16,0,0,0,-1.6472350640876972,0.6407022560928882,16860.0,0,1,0,
T002755,U0091,2026-07-10 18:28:00,2957.49,D0226,M050,Mumbai,0,,18,0,0,1,-0.2783383749723974,0.928957663281483,8520.0,0,1,0,
T002756,U0091,2026-07-11 06:10:00,2223.93,D0712,M025,Mumbai,0,,6,0,0,1,-1.225999462383702,0.7057061179619855,42120.0,0,1,0,
T002764,U0091,2026-07-11 14:45:00,1836.07,D0712,M028,Mumbai,0,,14,0,0,0,-1.555137929737641,0.6048804511047237,30900.0,0,1,0,
T002753,U0091,2026-07-12 16:04:00,3241.15,D0226,M025,Mumbai,0,,16,0,0,0,0.4139003247463037,1.1168043923519442,91140.0,0,1,0,
T002765,U0091,2026-07-13 12:51:00,4589.17,D0226,M028,Mumbai,0,,12,0,0,0,2.1096274346523614,1.563035261313182,74820.0,0,1,0,
T002778,U0091,2026-07-13 14:39:00,481.75,D0712,M050,Mumbai,0,,14,0,0,0,-2.941481366556155,0.1560907574796612,6480.0,0,1,0,
T002774,U0091,2026-07-14 06:34:00,3392.63,D0712,M060,Mumbai,0,,6,0,0,0,0.4705496671641466,1.1823911495651898,57300.0,0,1,0,
T002758,U0091,2026-07-14 13:42:00,3278.19,D0712,M035,Mumbai,0,,13,0,0,0,0.34208958168732523,1.1266991111334843,25680.0,0,1,0,
T002782,U0091,2026-07-14 17:35:00,4168.82,D0712,M050,Mumbai,0,,17,0,0,0,1.182403092865664,1.4199541286821329,13980.0,0,1,0,
T002749,U0091,2026-07-15 13:32:00,2735.83,D0712,M035,Mumbai,0,,13,0,0,0,-0.2679714812320882,0.9064804787857971,71820.0,0,1,0,
T002770,U0091,2026-07-15 15:30:00,3993.96,D0712,M060,Mumbai,0,,15,0,0,0,0.972019076301152,1.3311253224778792,7080.0,0,1,0,
T002776,U0091,2026-07-16 08:36:00,2693.85,D0226,M060,Mumbai,0,,8,0,0,0,-0.35830011666990735,0.8806651333307313,61560.0,0,1,0,
T002754,U0091,2026-07-16 10:55:00,2889.27,D0226,M057,Mumbai,0,,10,0,0,1,-0.1502925531664839,0.9508551353552905,8340.0,0,1,0,
T002750,U0091,2026-07-17 11:17:00,3956.08,D0712,M057,Mumbai,0,,11,0,0,0,0.9562433922271433,1.3053172659674974,87720.0,0,1,0,
T002751,U0091,2026-07-17 17:30:00,2231.35,D0712,M050,Mumbai,0,,17,0,0,0,-0.8767864911260267,0.7251684994339735,22380.0,0,1,0,
T002772,U0091,2026-07-18 14:46:00,2773.64,D0226,M035,Mumbai,0,,14,0,0,0,-0.27454032425861447,0.9133611814052355,76560.0,0,1,0,
T002779,U0091,2026-07-20 14:00:00,1766.47,D0226,M035,Mumbai,0,,14,0,0,0,-1.3416304277935374,0.5839994095311803,170040.0,0,1,0,
T002780,U0091,2026-07-22 09:23:00,1633.43,D0226,M025,Mumbai,0,,9,0,0,0,-1.4033011153872081,0.549963227165251,156180.0,0,1,0,
T002769,U0091,2026-07-22 16:57:00,3627.16,D0712,M060,Mumbai,0,,16,0,0,0,0.734869722121927,1.244574349130399,27240.0,0,1,0,
T002752,U0091,2026-07-23 11:13:00,5337.72,D0226,M060,Mumbai,0,,11,0,0,0,2.4931710243397043,1.813768591147173,65760.0,0,1,0,
T002773,U0091,2026-07-23 11:38:00,4109.21,D0712,M028,Mumbai,0,,11,0,0,0,1.024555294281102,1.3539415493837914,1500.0,1,1,0,
T002767,U0091,2026-07-23 13:24:00,2135.69,D0712,M057,Mumbai,0,,13,0,0,0,-0.8955033957501115,0.6945821901985791,6360.0,0,1,0,
T002775,U0091,2026-07-24 12:00:00,1880.16,D0226,M025,Mumbai,0,,12,0,0,0,-1.1116999107189913,0.6182205709092297,81360.0,0,1,0,
T002771,U0091,2026-07-24 14:19:00,4072.72,D0712,M060,Mumbai,0,,14,0,0,0,1.0225363036773532,1.3570272463994222,8340.0,0,1,0,
T002763,U0091,2026-07-24 14:54:00,2729.78,D0712,M060,Mumbai,0,,14,0,0,0,-0.2930530595905401,0.8988633563039501,2100.0,1,1,0,
T002768,U0091,2026-07-26 12:55:00,3228.42,D0226,M060,Mumbai,0,,12,0,0,0,0.19506994129289512,1.0665353329061842,165660.0,0,1,0,
T002783,U0091,2026-07-27 13:30:00,3402.77,D0712,M057,Mumbai,0,,13,0,0,0,0.3633510106672583,1.1218008209894283,88500.0,0,1,0,
T002777,U0091,2026-07-27 14:40:00,3775.96,D0226,M028,Mumbai,0,,14,0,0,0,0.7290566313277751,1.2402537303565353,4200.0,0,1,0,
T002766,U0091,2026-07-28 18:47:00,2288.45,D0226,M028,Mumbai,0,,18,0,0,0,-0.7805981651327263,0.7463912297725628,101220.0,0,1,0,
T002760,U0091,2026-07-30 12:04:00,2476.07,D0226,M057,Mumbai,0,,12,0,0,0,-0.573296472492165,0.8134790204803768,148620.0,0,1,0,
T002796,U0092,2026-07-01 09:31:00,4280.2,D0167,M007,Lucknow,0,,9,0,1,1,0.0,1.0,1000000000.0,0,2,0,
T002816,U0092,2026-07-01 12:16:00,3354.56,D0167,M033,Lucknow,0,,12,0,0,1,0.0,1.0,9900.0,0,2,0,
T002790,U0092,2026-07-03 17:48:00,3804.33,D0167,M019,Lucknow,0,,17,0,0,1,0.0,1.0,192720.0,0,2,0,
T002787,U0092,2026-07-04 10:38:00,3251.88,D0167,M019,Lucknow,0,,10,0,0,0,-1.4847554815076676,0.8528335730763111,60600.0,0,2,0,
T002788,U0092,2026-07-04 14:08:00,5498.72,D0167,M019,Lucknow,0,,14,0,0,0,4.479374791836033,1.4971700298898794,12600.0,0,2,15,amount z-score 4.5
T002803,U0092,2026-07-07 10:51:00,3592.2,D0167,M019,Lucknow,0,,10,0,0,0,-0.5460212429591632,0.8896124703030078,247380.0,0,2,0,
T002797,U0092,2026-07-07 13:13:00,3596.45,D0167,M033,Lucknow,0,,13,0,0,0,-0.4809397808981976,0.9073584981915165,8520.0,0,2,0,
T002792,U0092,2026-07-08 09:41:00,3751.97,D0167,M033,Lucknow,0,,9,0,0,0,-0.22161831521436093,0.9592908113963432,73680.0,0,2,0,
T002794,U0092,2026-07-08 14:15:00,975.76,D0167,M019,Lucknow,0,,14,0,0,0,-4.325022494698544,0.2507549715371919,16440.0,0,2,0,
T002807,U0092,2026-07-08 16:31:00,2942.28,D0167,M007,Lucknow,0,,16,0,0,0,-0.5605386158084137,0.8247823540089759,8160.0,0,2,0,
T002811,U0092,2026-07-09 17:14:00,4425.0,D0167,M033,Lucknow,0,,17,0,0,0,0.8564650864328386,1.2625416028821494,88980.0,0,2,0,
T002815,U0092,2026-07-11 15:51:00,3043.55,D0167,M019,Lucknow,0,,15,0,0,0,-0.5150721152359687,0.8481431140420165,167820.0,0,2,0,
T002805,U0092,2026-07-11 16:10:00,2631.9,D0167,M033,Lucknow,0,,16,0,0,0,-0.8897538450531,0.7428293217776002,1140.0,1,2,0,
T002800,U0092,2026-07-12 08:14:00,4486.24,D0167,M019,Lucknow,0,,8,0,0,0,0.9998421162724612,1.2917534903077645,57840.0,0,2,0,
T002799,U0092,2026-07-14 14:19:00,3073.76,D0167,M019,Lucknow,0,,14,0,0,0,-0.4665536629931924,0.8669810679685614,194700.0,0,2,0,
T002808,U0092,2026-07-14 16:49:00,4746.61,D0167,M019,Lucknow,0,,16,0,0,0,1.2532416132814184,1.350801952989595,9000.0,0,2,0,
T002813,U0092,2026-07-15 13:31:00,2144.95,D0167,M033,Lucknow,0,,13,0,0,0,-1.4488854342231083,0.5973188597982835,74520.0,0,2,0,
T002806,U0092,2026-07-17 10:08:00,4231.93,D0167,M033,Lucknow,0,,10,0,0,0,0.7074484899558235,1.2070868360439355,160620.0,0,2,0,
T002789,U0092,2026-07-18 07:11:00,3984.79,D0167,M033,Lucknow,0,,7,0,0,0,0.4337301788016341,1.123666720711007,75780.0,0,2,0,
T002810,U0092,2026-07-19 13:19:00,2553.17,D0167,M033,Lucknow,0,,13,0,0,0,-1.0274431741925905,0.7153099187757584,108480.0,0,2,0,
T002814,U0092,2026-07-20 13:35:00,6698.1,D0167,M007,Lucknow,0,,13,0,0,0,3.21469480194271,1.9036737820588465,87360.0,0,2,15,amount z-score 3.2
T002795,U0092,2026-07-20 14:39:00,4076.45,D0167,M033,Lucknow,0,,14,0,0,0,0.3447899495302357,1.1107730991603395,3840.0,0,2,0,
T002785,U0092,2026-07-20 21:31:00,1367.9,D0167,M007,Lucknow,0,,21,0,0,0,-2.0089843928931477,0.37086541579794347,24720.0,0,2,0,
T002804,U0092,2026-07-21 10:51:00,2523.54,D0167,M033,Lucknow,0,,10,0,0,0,-0.8686982970144446,0.7034240787638903,48000.0,0,2,0,
T002809,U0092,2026-07-22 18:33:00,4874.66,D0167,M033,Lucknow,0,,18,0,0,0,1.0934398546925588,1.3757880165795324,114120.0,0,2,0,
T002802,U0092,2026-07-23 14:42:00,4138.05,D0167,M033,Lucknow,0,,14,0,0,0,0.44347502862835086,1.1505974244639425,72540.0,0,2,0,
T002791,U0092,2026-07-24 11:03:00,5423.85,D0167,M007,Lucknow,0,,11,0,0,0,1.5028562162266437,1.4994330076094924,73260.0,0,2,0,
T002812,U0092,2026-07-24 17:03:00,4254.82,D0167,M033,Lucknow,0,,17,0,0,0,0.4647013996309806,1.1548899796609522,21600.0,0,2,0,
T002793,U0092,2026-07-25 07:25:00,5779.1,D0167,M033,Lucknow,0,,7,0,0,0,1.7138040732752626,1.559997230788869,51720.0,0,2,0,
T002798,U0092,2026-07-25 09:58:00,4611.32,D0167,M007,Lucknow,0,,9,0,0,0,0.669135542637801,1.2211878865934944,9180.0,0,2,0,
T002786,U0092,2026-07-27 10:18:00,3467.45,D0167,M033,Lucknow,0,,10,0,0,0,-0.27215729041060766,0.9115429950659308,174000.0,0,2,0,
T002801,U0092,2026-07-30 16:08:00,2114.68,D0167,M019,Lucknow,0,,16,0,0,0,-1.378326949446008,0.5575099443198067,280200.0,0,2,0,
T002784,U0092,2026-07-30 16:18:00,5424.65,D0167,M033,Lucknow,0,,16,0,0,0,1.365131588456697,1.4501967704272576,600.0,1,2,0,
T002829,U0093,2026-07-01 10:24:00,734.21,D0840,M057,Jaipur,0,,10,0,1,1,0.0,1.0,1000000000.0,0,1,0,
T002842,U0093,2026-07-01 13:07:00,864.74,D0390,M055,Jaipur,0,,13,0,1,1,0.0,1.0,9780.0,0,1,0,
T002818,U0093,2026-07-01 16:02:00,1185.22,D0390,M055,Jaipur,0,,16,0,0,0,0.0,1.0,10500.0,0,1,0,
T002840,U0093,2026-07-02 17:50:00,1778.31,D0840,M055,Jaipur,0,,17,0,0,0,4.487079855202091,1.916165318300069,92880.0,0,1,15,amount z-score 4.5
T002820,U0093,2026-07-03 16:12:00,844.05,D0840,M055,Jaipur,0,,16,0,0,0,-0.7357468488537879,0.7399922842489239,80520.0,0,1,0,
T002819,U0093,2026-07-06 08:39:00,1097.3,D0840,M045,Jaipur,0,,8,0,0,1,0.04213971016589226,1.0147913717164323,232020.0,0,1,0,
T002833,U0093,2026-07-07 12:04:00,1572.48,D0390,M045,Jaipur,0,,12,0,0,0,1.409719784689967,1.4506652220762242,98700.0,0,1,0,
T002838,U0093,2026-07-07 13:10:00,1696.98,D0390,M057,Jaipur,0,,13,0,0,0,1.4943257087656232,1.4708276415472175,3960.0,0,1,0,
T002832,U0093,2026-07-07 13:14:00,1254.79,D0390,M057,Jaipur,0,,13,0,0,0,0.08614155482464686,1.0271177865164194,240.0,1,1,0,
T002827,U0093,2026-07-09 16:09:00,1196.81,D0390,M055,Jaipur,0,,16,0,0,0,-0.07865757532559893,0.9767148942707675,183300.0,0,1,0,
T002843,U0093,2026-07-13 20:21:00,600.62,D0390,M055,Jaipur,0,,20,0,0,0,-1.8065429961866042,0.49130912385198633,360720.0,0,1,0,
T002839,U0093,2026-07-14 15:41:00,2210.33,D0840,M055,Jaipur,0,,15,0,0,0,2.7943694111412913,1.8957242229858333,69600.0,0,1,0,
T002830,U0093,2026-07-15 11:32:00,921.46,D0840,M057,Jaipur,0,,11,0,0,0,-0.7211159660983869,0.7354108577355885,71460.0,0,1,0,
T002836,U0093,2026-07-15 15:10:00,701.41,D0840,M057,Jaipur,0,,15,0,0,0,-1.1678800552699704,0.5714206032706993,13080.0,0,1,0,
T002826,U0093,2026-07-16 18:08:00,1392.08,D0390,M057,Jaipur,0,,18,0,0,0,0.44460793958995337,1.16990571200419,97080.0,0,1,0,
T002844,U0093,2026-07-17 12:57:00,1285.99,D0390,M055,Jaipur,0,,12,0,0,0,0.18680806625579915,1.06864297817272,67740.0,0,1,0,
T002841,U0093,2026-07-18 19:27:00,749.78,D0390,M057,Jaipur,0,,19,0,0,0,-1.0703594225034005,0.6203969838863372,109800.0,0,1,0,
T002845,U0093,2026-07-19 09:42:00,1283.44,D0390,M045,Jaipur,0,,9,0,0,0,0.2371467348588169,1.0862228266828273,51300.0,0,1,0,
T002828,U0093,2026-07-20 13:17:00,20.0,D0840,M045,Jaipur,0,,13,0,0,0,-2.791426473222656,0.016846045844490933,99300.0,0,1,0,
T002835,U0093,2026-07-20 15:52:00,1095.76,D0390,M057,Jaipur,0,,15,0,0,0,-0.062134763066762196,0.9733258523378592,9300.0,0,1,0,
T002824,U0093,2026-07-22 13:16:00,1318.73,D0840,M045,Jaipur,0,,13,0,0,0,0.4127368921142091,1.1729467883914562,163440.0,0,1,0,
T002831,U0093,2026-07-23 17:37:00,1686.04,D0840,M057,Jaipur,0,,17,0,0,0,1.1968786986944486,1.4874017451650747,102060.0,0,1,0,
T002823,U0093,2026-07-24 17:50:00,1095.13,D0390,M057,Jaipur,0,,17,0,0,0,-0.13649256044843408,0.9451690482389454,87180.0,0,1,0,
T002821,U0093,2026-07-25 17:17:00,1116.98,D0390,M057,Jaipur,0,,17,0,0,0,-0.08545888070614248,0.966330720312168,84420.0,0,1,0,
T002834,U0093,2026-07-27 09:52:00,1085.22,D0390,M045,Jaipur,0,,9,0,0,0,-0.15487632028413953,0.9401732101141206,146100.0,0,1,0,
T002822,U0093,2026-07-27 16:15:00,533.76,D0840,M055,Jaipur,0,,16,0,0,0,-1.4133554419778032,0.4635287231635759,22980.0,0,1,0,
T002817,U0093,2026-07-30 17:00:00,1234.78,D0840,M055,Jaipur,0,,17,0,0,0,0.2406387103095874,1.0949013039365685,261900.0,0,1,0,
T002825,U0093,2026-07-30 19:50:00,1351.02,D0390,M055,Jaipur,0,,19,0,0,0,0.5019382012864563,1.1937774072786063,10200.0,0,1,0,
T002837,U0093,2026-07-30 20:46:00,1095.24,D0840,M055,Jaipur,0,,20,0,0,0,-0.10281806632562834,0.9611156268068293,3360.0,1,1,0,
T002850,U0094,2026-07-02 19:36:00,1282.51,D0059,M003,Mumbai,0,,19,0,1,1,0.0,1.0,1000000000.0,0,1,0,
T002862,U0094,2026-07-03 12:49:00,1602.91,D0886,M046,Mumbai,0,,12,0,1,1,0.0,1.0,61980.0,0,3,20,device shared by 3 users
T002856,U0094,2026-07-04 09:49:00,2071.97,D0059,M030,Mumbai,0,,9,0,0,1,0.0,1.0,75600.0,0,1,0,
T002849,U0094,2026-07-07 07:26:00,1776.92,D0886,M019,Mumbai,0,,7,0,0,1,0.38389467808678485,1.0753158409513983,250620.0,0,3,20,device shared by 3 users
T002860,U0094,2026-07-07 11:41:00,1622.36,D0886,M003,Mumbai,0,,11,0,0,0,-0.21413231929909537,0.9636384419703646,15300.0,0,3,20,device shared by 3 users
T002846,U0094,2026-07-09 10:54:00,1511.87,D0059,M046,Mumbai,0,,10,0,0,0,-0.6207861388269063,0.904588789012496,169980.0,0,1,0,
T002852,U0094,2026-07-09 12:21:00,1588.04,D0886,M030,Mumbai,0,,12,0,0,0,-0.23445693637457365,0.965516681718562,5220.0,0,3,20,device shared by 3 users
T002857,U0094,2026-07-10 13:22:00,1131.82,D0886,M019,Mumbai,0,,13,0,0,0,-2.2453086871605206,0.6915449458005078,90060.0,0,3,20,device shared by 3 users
T002853,U0094,2026-07-11 12:03:00,1074.87,D0886,M046,Mumbai,0,,12,0,0,0,-1.8570681393880124,0.6830860152628858,81660.0,0,3,20,device shared by 3 users
T002861,U0094,2026-07-12 10:35:00,1914.78,D0059,M030,Mumbai,0,,10,0,0,0,1.3320994840814055,1.2612661528791136,81120.0,0,1,0,
T002866,U0094,2026-07-12 17:10:00,1737.37,D0059,M030,Mumbai,0,,17,0,0,0,0.5858288663025358,1.1152679564417447,23700.0,0,1,0,
T002864,U0094,2026-07-12 19:08:00,1973.58,D0059,M046,Mumbai,0,,19,0,0,0,1.3459764728984482,1.2537599426527708,7080.0,0,1,0,
T002855,U0094,2026-07-16 14:26:00,1798.43,D0059,M003,Mumbai,0,,14,0,0,0,0.6266136012482731,1.1188324945084767,328680.0,0,1,0,
T002851,U0094,2026-07-18 21:40:00,2999.94,D0059,M046,Mumbai,0,,21,0,0,0,4.635016960086788,1.8494060194133528,198840.0,0,1,15,amount z-score 4.6
T002865,U0094,2026-07-19 19:44:00,2166.4,D0886,M003,Mumbai,0,,19,0,0,0,0.9777127447584363,1.2591495037595182,79440.0,0,3,20,device shared by 3 users
T002848,U0094,2026-07-20 12:07:00,1251.42,D0059,M046,Mumbai,0,,12,0,0,0,-1.0977907236965456,0.7149944556258047,58980.0,0,1,0,
T002859,U0094,2026-07-24 20:39:00,2535.65,D0059,M003,Mumbai,0,,20,0,0,0,1.7898120786685199,1.4750088974626192,376320.0,0,1,0,
T002854,U0094,2026-07-25 13:34:00,1526.51,D0886,M030,Mumbai,0,,13,0,0,0,-0.4986316781648283,0.8638463500126699,60900.0,0,3,20,device shared by 3 users
T002863,U0094,2026-07-25 18:07:00,1033.6,D0886,M030,Mumbai,0,,18,0,0,0,-1.5252401780708478,0.589368445225569,16380.0,0,3,20,device shared by 3 users
T002858,U0094,2026-07-26 12:54:00,1821.1,D0059,M046,Mumbai,0,,12,0,0,0,0.21619459865070634,1.0613463711896254,67620.0,0,1,0,
T002847,U0094,2026-07-29 13:35:00,1303.13,D0059,M019,Mumbai,0,,13,0,0,0,-0.8797480770459153,0.7571483971714943,261660.0,0,1,0,
T002883,U0095,2026-07-01 12:22:00,1269.03,D0808,M056,Jaipur,0,,12,0,1,1,0.0,1.0,1000000000.0,0,1,0,
T002884,U0095,2026-07-01 16:50:00,3092.0,D0808,M018,Jaipur,0,,16,0,0,1,0.0,1.0,16080.0,0,1,0,
T002900,U0095,2026-07-02 19:30:00,2306.56,D0808,M024,Jaipur,0,,19,0,0,1,0.0,1.0,96000.0,0,1,0,
T002882,U0095,2026-07-03 12:17:00,3344.91,D0808,M056,Jaipur,0,,12,0,0,0,1.5033366952281815,1.5050010566763998,60420.0,0,1,0,
T002880,U0095,2026-07-04 11:24:00,3046.03,D0808,M012,Jaipur,0,,11,0,0,1,0.6711995267983373,1.2168908859058614,83220.0,0,1,0,
T002889,U0095,2026-07-07 06:00:00,4913.76,D0808,M056,Jaipur,0,,6,0,0,0,3.047647914546407,1.8814368838294062,239760.0,0,1,15,amount z-score 3.0
T002872,U0095,2026-07-07 11:52:00,2624.87,D0808,M056,Jaipur,0,,11,0,0,0,-0.33661994381610716,0.8763056903011339,21120.0,0,1,0,
T002867,U0095,2026-07-08 08:21:00,2782.8,D0808,M029,Jaipur,0,,8,0,0,1,-0.15541653432862598,0.9457420340173018,73740.0,0,1,0,
T002876,U0095,2026-07-08 16:24:00,5776.47,D0808,M024,Jaipur,0,,16,0,0,0,2.9656227671146698,1.976554279142803,28980.0,0,1,0,
T002885,U0095,2026-07-09 11:18:00,5214.36,D0808,M025,Jaipur,0,,11,0,0,1,1.5478499116282751,1.6095674259679216,68040.0,0,1,0,
T002868,U0095,2026-07-12 10:55:00,1187.26,D0808,M056,Jaipur,0,,10,0,0,0,-1.6695660843401372,0.3454270325629911,257820.0,0,1,0,
T002907,U0095,2026-07-12 11:12:00,4337.2,D0808,M029,Jaipur,0,,11,0,0,0,0.7679473147738489,1.3417271190417077,1020.0,1,1,0,
T002891,U0095,2026-07-13 11:25:00,3495.52,D0808,M024,Jaipur,0,,11,0,0,0,0.12116173839300479,1.051409377993197,87180.0,0,1,0,
T002870,U0095,2026-07-13 14:36:00,2479.86,D0808,M018,Jaipur,0,,14,0,0,0,-0.6326325927114552,0.7429732173533993,11460.0,0,1,0,
T002874,U0095,2026-07-14 10:35:00,4711.21,D0808,M024,Jaipur,0,,10,0,0,0,1.082587577616318,1.4378904318486478,71940.0,0,1,0,
T002895,U0095,2026-07-14 12:32:00,2530.18,D0808,M025,Jaipur,0,,12,0,0,0,-0.6333136709851573,0.7503226452170415,7020.0,0,1,0,
T002881,U0095,2026-07-14 19:37:00,5205.7,D0808,M018,Jaipur,0,,19,0,0,0,1.4473109389877845,1.568217514131613,25500.0,0,1,0,
T002892,U0095,2026-07-15 18:26:00,3583.89,D0808,M018,Jaipur,0,,18,0,0,0,0.11450744792171558,1.0447275713494908,82140.0,0,1,0,
T002905,U0095,2026-07-16 17:39:00,1247.23,D0808,M012,Jaipur,0,,17,0,0,0,-1.6824848239685777,0.362674573302243,83580.0,0,1,0,
T002906,U0095,2026-07-16 20:35:00,1206.01,D0808,M012,Jaipur,0,,20,0,0,0,-1.5580811237795003,0.36286003025717745,10560.0,0,1,0,
T002901,U0095,2026-07-18 16:32:00,2794.34,D0808,M012,Jaipur,0,,16,0,0,0,-0.3018272793392688,0.8684162884791383,158220.0,0,1,0,
T002904,U0095,2026-07-19 13:07:00,1805.14,D0808,M025,Jaipur,0,,13,0,0,0,-1.0149307121708446,0.5645330939679958,74100.0,0,1,0,
T002902,U0095,2026-07-19 15:27:00,3802.87,D0808,M025,Jaipur,0,,15,0,0,0,0.48750590648881076,1.2133123470753342,8400.0,0,1,0,
T002899,U0095,2026-07-20 10:07:00,1888.5,D0808,M012,Jaipur,0,,10,0,0,0,-0.9455981523417305,0.5969924624129183,67200.0,0,1,0,
T002888,U0095,2026-07-20 15:44:00,6147.88,D0808,M025,Jaipur,0,,15,0,0,0,2.2598550657735275,1.976659338080562,20220.0,0,1,0,
T002879,U0095,2026-07-20 18:59:00,1583.76,D0808,M029,Jaipur,0,,18,0,0,0,-1.1402438808665476,0.490063690552497,11700.0,0,1,0,
T002873,U0095,2026-07-20 23:23:00,3148.57,D0808,M056,Jaipur,0,,23,0,0,0,-0.013626824466623036,0.9937541073086653,15840.0,0,1,0,
T002875,U0095,2026-07-21 06:04:00,2112.77,D0808,M029,Jaipur,0,,6,0,0,0,-0.7402062755324489,0.6669884013159441,24060.0,0,1,0,
T002878,U0095,2026-07-21 12:50:00,1670.56,D0808,M025,Jaipur,0,,12,0,0,0,-1.03281064364898,0.5337332783316164,24360.0,0,1,0,
T002894,U0095,2026-07-21 19:20:00,3686.64,D0808,M056,Jaipur,0,,19,0,0,0,0.42935961246770366,1.1971052487433993,23400.0,0,1,0,
T002877,U0095,2026-07-22 13:07:00,3470.75,D0808,M056,Jaipur,0,,13,0,0,0,0.26600999183315527,1.1196463753707218,64020.0,0,1,0,
T002887,U0095,2026-07-23 12:49:00,3485.24,D0808,M024,Jaipur,0,,12,0,0,0,0.2719385412560015,1.1199980756587025,85320.0,0,1,0,
T002893,U0095,2026-07-23 12:51:00,1527.78,D0808,M018,Jaipur,0,,12,0,0,0,-1.1793142704281816,0.48912501571354294,120.0,1,1,0,
T002898,U0095,2026-07-23 19:28:00,2667.67,D0808,M018,Jaipur,0,,19,0,0,0,-0.29956322923262235,0.8674952068850521,23820.0,0,1,0,
T002896,U0095,2026-07-24 13:58:00,3907.12,D0808,M024,Jaipur,0,,13,0,0,0,0.6289638567524156,1.2755208675233534,66600.0,0,1,0,
T002890,U0095,2026-07-24 22:55:00,2874.65,D0808,M012,Jaipur,0,,22,0,0,0,-0.15986725355240552,0.9311301781528871,32220.0,0,1,0,
T002903,U0095,2026-07-25 11:55:00,2106.59,D0808,M012,Jaipur,0,,11,0,0,0,-0.7430582673617979,0.6836551167542115,46800.0,0,1,0,
T002897,U0095,2026-07-28 08:24:00,1602.83,D0808,M025,Jaipur,0,,8,0,0,0,-1.1139744175636872,0.5246547813981195,246540.0,0,1,0,
T002886,U0095,2026-07-29 16:01:00,3791.46,D0808,M024,Jaipur,0,,16,0,0,0,0.5926179586507309,1.2567808143375412,113820.0,0,1,0,
T002869,U0095,2026-07-29 18:25:00,4354.16,D0808,M029,Jaipur,0,,18,0,0,0,1.0165010221285256,1.4338620531954827,8640.0,0,1,0,
T002871,U0095,2026-07-29 22:36:00,3693.69,D0808,M012,Jaipur,0,,22,0,0,0,0.4814638706057967,1.2033118608395688,15060.0,0,1,0,
T002939,U0096,2026-07-01 11:00:00,2666.86,D0002,M017,Pune,0,,11,0,1,1,0.0,1.0,1000000000.0,0,2,0,
T002941,U0096,2026-07-02 12:10:00,2252.2,D0002,M060,Pune,0,,12,0,0,1,0.0,1.0,90600.0,0,2,0,
T002918,U0096,2026-07-02 21:30:00,2929.51,D0002,M030,Pune,0,,21,0,0,1,0.0,1.0,33600.0,0,2,0,
T002940,U0096,2026-07-03 08:00:00,2209.87,D0002,M017,Pune,0,,8,0,0,0,-1.457272347842816,0.8446901789072314,37800.0,0,2,0,
T002921,U0096,2026-07-06 20:36:00,1930.3,D0002,M017,Pune,0,,20,0,0,0,-1.9557362501001812,0.7676339469072208,304560.0,0,2,0,
T002931,U0096,2026-07-07 12:03:00,1782.46,D0002,M060,Pune,0,,12,0,0,0,-1.7331271203773144,0.7433892132353405,55620.0,0,2,0,
T002937,U0096,2026-07-09 16:09:00,865.02,D0002,M030,Pune,0,,16,0,0,0,-3.6024478228037258,0.3768821887517942,187560.0,0,2,0,
T002936,U0096,2026-07-10 05:18:00,1790.26,D0002,M030,Pune,0,,5,1,0,0,-0.48415863318201563,0.856219706591351,47340.0,0,2,0,
T002934,U0096,2026-07-10 07:44:00,2685.59,D0002,M060,Pune,0,,7,0,0,0,1.0729799486873774,1.3079320700196602,8760.0,0,2,0,
T002924,U0096,2026-07-10 11:24:00,1897.07,D0002,M060,Pune,0,,11,0,0,0,-0.3838615119839253,0.893342792903119,13200.0,0,2,0,
T002923,U0096,2026-07-11 19:28:00,1972.08,D0002,M030,Pune,0,,19,0,0,0,-0.22848204091797866,0.938677165777049,115440.0,0,2,0,
T002914,U0096,2026-07-12 12:49:00,1470.39,D0002,M017,Pune,0,,12,0,0,0,-1.1482816270179772,0.7038046714777609,62460.0,0,2,0,
T002912,U0096,2026-07-13 12:48:00,2582.32,D0002,M060,Pune,0,,12,0,0,0,1.0020567454725828,1.2673128675286514,86340.0,0,2,0,
T002909,U0096,2026-07-13 13:26:00,2221.5,D0002,M030,Pune,0,,13,0,0,0,0.26191372576608724,1.068268652989503,2280.0,1,2,0,
T002933,U0096,2026-07-14 18:44:00,1587.65,D0002,M030,Pune,0,,18,0,0,0,-0.9587958262225248,0.7597598117465156,105480.0,0,2,0,
T002938,U0096,2026-07-16 12:52:00,1838.03,D0002,M060,Pune,0,,12,0,0,0,-0.4186711889079847,0.8938941891209176,151680.0,0,2,0,
T002943,U0096,2026-07-16 13:45:00,1452.92,D0002,M060,Pune,0,,13,0,0,0,-1.1622770030244673,0.7113197804058333,3180.0,1,2,0,
T002925,U0096,2026-07-17 13:48:00,1626.96,D0002,M060,Pune,0,,13,0,0,0,-0.7449286236966514,0.8102858052865467,86580.0,0,2,0,
T002915,U0096,2026-07-19 10:31:00,483.8,D0002,M017,Pune,0,,10,0,0,0,-2.9787294175090246,0.24351674815536983,160980.0,0,2,0,
T002930,U0096,2026-07-20 11:33:00,2299.31,D0002,M017,Pune,0,,11,0,0,0,0.6585116049573597,1.2053288204207764,90120.0,0,2,0,
T002928,U0096,2026-07-20 16:23:00,2377.05,D0002,M030,Pune,0,,16,0,0,0,0.767652701693728,1.2334183435423745,17400.0,0,2,0,
T002935,U0096,2026-07-21 08:23:00,1876.55,D0002,M017,Pune,0,,8,0,0,0,-0.12430220121897134,0.9630117916963905,57600.0,0,2,0,
T002920,U0096,2026-07-21 20:11:00,2025.9,D0002,M060,Pune,0,,20,0,0,0,0.14213524407893482,1.0414064301840766,42480.0,0,2,0,
T002916,U0096,2026-07-21 21:13:00,1460.28,D0002,M017,Pune,0,,21,0,0,0,-0.881103425977128,0.7493025991389811,3720.0,0,2,0,
T002910,U0096,2026-07-22 07:30:00,2554.78,D0002,M060,Pune,0,,7,0,0,0,1.1355307272058732,1.324753239534065,37020.0,0,2,0,
T002922,U0096,2026-07-24 10:16:00,1473.94,D0002,M017,Pune,0,,10,0,0,0,-0.8654772427513198,0.7544944922964233,182760.0,0,2,0,
T002911,U0096,2026-07-24 14:13:00,2113.72,D0002,M060,Pune,0,,14,0,0,0,0.3240782786544719,1.0923053066547954,14220.0,0,2,0,
T002908,U0096,2026-07-25 11:00:00,1898.01,D0002,M030,Pune,0,,11,0,0,0,-0.08065079517367772,0.9774912672414874,74820.0,0,2,0,
T002942,U0096,2026-07-26 09:13:00,2646.9,D0002,M017,Pune,0,,9,0,0,0,1.3279498300422345,1.364272692581765,79980.0,0,2,0,
T002917,U0096,2026-07-26 15:32:00,900.16,D0002,M017,Pune,0,,15,0,0,0,-1.9761086384660151,0.45820741428106754,22740.0,0,2,0,
T002932,U0096,2026-07-27 11:32:00,20.0,D0002,M030,Pune,0,,11,0,0,0,-3.390993657005329,0.010367817321978362,72000.0,0,2,0,
T002913,U0096,2026-07-27 16:03:00,2719.22,D0002,M017,Pune,0,,16,0,0,0,1.3135244156506138,1.456102884295243,16260.0,0,2,0,
T002927,U0096,2026-07-28 17:48:00,2940.55,D0002,M060,Pune,0,,17,0,0,0,1.5971293953089623,1.5524938612285901,92700.0,0,2,0,
T002919,U0096,2026-07-29 09:09:00,1330.16,D0002,M030,Pune,0,,9,0,0,0,-0.889419499155295,0.6907077695703217,55260.0,0,2,0,
T002929,U0096,2026-07-29 10:21:00,1731.96,D0002,M060,Pune,0,,10,0,0,0,-0.264182019044923,0.9076054551470502,4320.0,0,2,0,
T002926,U0096,2026-07-29 13:23:00,1685.18,D0002,M030,Pune,0,,13,0,0,0,-0.33116721521734904,0.8854285507185653,10920.0,0,2,0,
T002954,U0097,2026-07-01 17:29:00,1499.21,D0420,M015,Hyderabad,0,,17,0,1,1,0.0,1.0,1000000000.0,0,1,0,
T002969,U0097,2026-07-02 10:22:00,1061.93,D0757,M015,Hyderabad,0,,10,0,1,0,0.0,1.0,60780.0,0,2,0,
T002958,U0097,2026-07-02 14:41:00,815.98,D0420,M036,Hyderabad,0,,14,0,0,1,0.0,1.0,15540.0,0,1,0,
T002977,U0097,2026-07-03 07:35:00,1355.53,D0420,M036,Hyderabad,0,,7,0,0,0,0.8133911398593904,1.204159164136164,60840.0,0,1,0,
T002961,U0097,2026-07-04 12:08:00,1486.52,D0420,M015,Hyderabad,0,,12,0,0,0,1.1483960130248292,1.2563954644806645,102780.0,0,1,0,
T002978,U0097,2026-07-04 18:55:00,1688.99,D0757,M014,Hyderabad,0,,18,0,0,1,1.6759899644297556,1.357890199690722,24420.0,0,2,0,
T002960,U0097,2026-07-04 22:01:00,750.22,D0757,M015,Hyderabad,0,,22,0,0,0,-1.932698161244061,0.5691994087859633,11160.0,0,2,0,
T002953,U0097,2026-07-05 13:45:00,1461.97,D0757,M036,Hyderabad,0,,13,0,0,0,0.6681500067133723,1.1819520501209622,56640.0,0,2,0,
T002975,U0097,2026-07-05 15:06:00,538.08,D0757,M014,Hyderabad,0,,15,0,0,0,-2.2454101994662445,0.42534497291074314,4860.0,0,2,0,
T002962,U0097,2026-07-05 16:37:00,1254.48,D0757,M014,Hyderabad,0,,16,0,0,0,0.18414799615516542,1.0592854661020834,5460.0,0,2,0,
T002966,U0097,2026-07-06 13:03:00,478.15,D0420,M019,Hyderabad,0,,13,0,0,1,-1.9682808363224438,0.4013712851004738,73560.0,0,1,0,
T002956,U0097,2026-07-06 14:04:00,611.95,D0757,M014,Hyderabad,0,,14,0,0,0,-1.2808031442354388,0.5432505365985028,3660.0,0,2,0,
T002983,U0097,2026-07-06 19:28:00,1366.42,D0757,M015,Hyderabad,0,,19,0,0,0,0.6897527544292918,1.2610187937152837,19440.0,0,2,0,
T002970,U0097,2026-07-07 10:11:00,1893.89,D0757,M014,Hyderabad,0,,10,0,0,0,1.9659113899773573,1.7133992077435087,52980.0,0,2,0,
T002965,U0097,2026-07-07 10:26:00,1742.49,D0420,M019,Hyderabad,0,,10,0,0,0,1.3302616813780097,1.499992620141527,900.0,1,1,0,
T002945,U0097,2026-07-07 17:51:00,1310.6,D0757,M015,Hyderabad,0,,17,0,0,0,0.24710968329457023,1.0918142523786925,26700.0,0,2,0,
T002976,U0097,2026-07-07 19:06:00,825.87,D0420,M036,Hyderabad,0,,19,0,0,0,-0.8815207812279646,0.6840774237580773,4500.0,0,1,0,
T002971,U0097,2026-07-08 09:37:00,955.49,D0420,M036,Hyderabad,0,,9,0,0,0,-0.5343218520721169,0.8064295594287588,52260.0,0,1,0,
T002987,U0097,2026-07-09 09:56:00,1165.4,D0420,M036,Hyderabad,0,,9,0,0,0,-0.015931826686208163,0.9942851771586698,87540.0,0,1,0,
T002985,U0097,2026-07-10 16:18:00,63.79,D0420,M014,Hyderabad,0,,16,0,0,0,-2.707440341383472,0.05444013583715335,109320.0,0,1,0,
T002955,U0097,2026-07-10 16:25:00,1430.28,D0757,M014,Hyderabad,0,,16,0,0,0,0.673292191371494,1.2812133839257889,420.0,1,2,0,
T002984,U0097,2026-07-11 18:35:00,802.57,D0757,M019,Hyderabad,0,,18,0,0,0,-0.7147605483412673,0.709424578995796,94200.0,0,2,0,
T002967,U0097,2026-07-12 09:53:00,909.62,D0420,M014,Hyderabad,0,,9,0,0,0,-0.45483700191588083,0.8148124917120338,55080.0,0,1,0,
T002981,U0097,2026-07-12 16:07:00,1218.91,D0757,M036,Hyderabad,0,,16,0,0,0,0.24980096453245165,1.1007285979577572,22440.0,0,2,0,
T002982,U0097,2026-07-14 06:01:00,796.39,D0757,M014,Hyderabad,0,,6,0,0,0,-0.7211041994677014,0.7161689330551074,136440.0,0,2,0,
T002959,U0097,2026-07-14 10:08:00,1100.68,D0420,M015,Hyderabad,0,,10,0,0,0,0.0029790710404706245,1.001174105584106,14820.0,0,1,0,
T002950,U0097,2026-07-14 12:49:00,995.2,D0757,M015,Hyderabad,0,,12,0,0,0,-0.24533984916953666,0.9051890449171478,9660.0,0,2,0,
T002973,U0097,2026-07-15 09:43:00,1705.36,D0757,M019,Hyderabad,0,,9,0,0,0,1.4609139953266184,1.5565845314877622,75240.0,0,2,0,
T002963,U0097,2026-07-19 07:16:00,1042.01,D0757,M019,Hyderabad,0,,7,0,0,0,-0.17719708835724243,0.93256753662706,336780.0,0,2,0,
T002952,U0097,2026-07-19 16:00:00,900.29,D0757,M019,Hyderabad,0,,16,0,0,0,-0.5130306736420084,0.8076103108384532,31440.0,0,2,0,
T002957,U0097,2026-07-20 09:06:00,1160.46,D0757,M015,Hyderabad,0,,9,0,0,0,0.12802624481217922,1.0477162960505773,61560.0,0,2,0,
T002972,U0097,2026-07-20 11:36:00,907.88,D0420,M015,Hyderabad,0,,11,0,0,0,-0.4958881540443415,0.8184158000202133,9000.0,0,1,0,
T002951,U0097,2026-07-20 15:53:00,1202.61,D0757,M014,Hyderabad,0,,15,0,0,0,0.2481434989225161,1.0902894064078883,15420.0,0,2,0,
T002949,U0097,2026-07-20 20:16:00,1168.06,D0420,M015,Hyderabad,0,,20,0,0,0,0.15678815229155627,1.0560768138373768,15780.0,0,1,0,
T002968,U0097,2026-07-21 14:39:00,1056.48,D0420,M019,Hyderabad,0,,14,0,0,0,-0.13179224305517875,0.9536212853058909,66180.0,0,1,0,
T002964,U0097,2026-07-22 21:08:00,826.42,D0757,M036,Hyderabad,0,,21,0,0,0,-0.7284319836549722,0.7469496756992801,109740.0,0,2,0,
T002979,U0097,2026-07-23 12:38:00,916.45,D0420,M014,Hyderabad,0,,12,0,0,0,-0.47717778685866374,0.8341858360687437,55800.0,0,1,0,
T002944,U0097,2026-07-24 15:35:00,1233.11,D0757,M019,Hyderabad,0,,15,0,0,0,0.3691022305564349,1.1274739200739834,97020.0,0,2,0,
T002986,U0097,2026-07-24 17:15:00,1203.13,D0420,M014,Hyderabad,0,,17,0,0,0,0.2832695223063502,1.096384293003683,6000.0,0,1,0,
T002974,U0097,2026-07-24 23:05:00,1283.39,D0420,M014,Hyderabad,0,,23,0,0,0,0.4968660943022215,1.1666401328046596,21000.0,0,1,0,
T002980,U0097,2026-07-27 14:54:00,1056.58,D0420,M019,Hyderabad,0,,14,0,0,0,-0.13156260415364227,0.9564783252020168,229740.0,0,1,0,
T002948,U0097,2026-07-28 10:57:00,1224.72,D0757,M036,Hyderabad,0,,10,0,0,0,0.33581635771445123,1.109866665189353,72180.0,0,2,0,
T007576,U0097,2026-07-28 19:12:00,5801.85,D0201,M003,Hyderabad,1,device_ring,19,0,1,1,13.146201772053441,5.244039062514803,29700.0,0,5,60,new device + amount >3x user avg; device shared by 5 users; amount z-score 13.1
T002947,U0097,2026-07-30 07:15:00,1292.37,D0757,M014,Hyderabad,0,,7,0,0,0,0.09711583358080697,1.0631822695967519,129780.0,0,2,0,
T002946,U0097,2026-07-30 13:17:00,1129.77,D0420,M036,Hyderabad,0,,13,0,0,0,-0.11196533099880066,0.9280849135178901,21720.0,0,1,0,
T002997,U0098,2026-07-04 14:20:00,782.19,D0298,M003,Kolkata,0,,14,0,1,1,0.0,1.0,1000000000.0,0,2,0,
T002988,U0098,2026-07-05 14:24:00,1122.29,D0298,M029,Kolkata,0,,14,0,0,1,0.0,1.0,86640.0,0,2,0,
T003002,U0098,2026-07-05 16:08:00,713.5,D0298,M003,Kolkata,0,,16,0,0,0,0.0,1.0,6240.0,0,2,0,
T002999,U0098,2026-07-08 09:37:00,843.69,D0222,M029,Kolkata,0,,9,0,1,0,-0.16208922796372985,0.966802648263009,235740.0,0,1,0,
T002994,U0098,2026-07-08 16:26:00,1123.95,D0298,M043,Kolkata,0,,16,0,0,1,1.6648249006950637,1.298737313148004,24540.0,0,2,0,
T002989,U0098,2026-07-10 15:12:00,847.25,D0298,M043,Kolkata,0,,15,0,0,0,-0.40350845453270334,0.9238118281455814,168360.0,0,2,0,
T002991,U0098,2026-07-13 12:33:00,545.71,D0298,M027,Kolkata,0,,12,0,0,1,-2.245621235008165,0.6026759330490044,249660.0,0,2,0,
T003003,U0098,2026-07-13 18:22:00,808.82,D0298,M029,Kolkata,0,,18,0,0,0,-0.23265583460133507,0.9470041369975766,20940.0,0,2,0,
T003000,U0098,2026-07-14 09:05:00,588.47,D0222,M051,Kolkata,0,,9,0,0,1,-1.4236454424407334,0.6936028515265311,52980.0,0,1,0,
T002995,U0098,2026-07-16 18:45:00,611.08,D0222,M027,Kolkata,0,,18,0,0,0,-1.093961768975862,0.7456367849879769,207600.0,0,1,0,
T003001,U0098,2026-07-20 19:33:00,808.77,D0298,M043,Kolkata,0,,19,0,0,0,0.05266897421819626,1.0126143258532803,348480.0,0,2,0,
T002993,U0098,2026-07-21 20:39:00,602.67,D0222,M027,Kolkata,0,,20,0,0,0,-1.0796607964361398,0.7537040733117077,90360.0,0,1,0,
T002996,U0098,2026-07-25 14:15:00,835.37,D0222,M003,Kolkata,0,,14,0,0,0,0.28519547492179503,1.0666124716255283,322560.0,0,1,0,
T002992,U0098,2026-07-26 23:12:00,637.22,D0222,M051,Kolkata,0,,23,0,0,0,-0.8507667626178347,0.8094639692035935,118620.0,0,1,0,
T002998,U0098,2026-07-28 15:11:00,594.64,D0222,M029,Kolkata,0,,15,0,0,0,-1.0438104665259638,0.7657966429226111,143940.0,0,1,0,
T002990,U0098,2026-07-30 21:35:00,1013.13,D0298,M029,Kolkata,0,,21,0,0,0,1.4269728039459275,1.3254363898435892,195840.0,0,2,0,
T003034,U0099,2026-07-01 14:18:00,1264.79,D0009,M010,Mumbai,0,,14,0,1,1,0.0,1.0,1000000000.0,0,1,0,
T003023,U0099,2026-07-02 11:32:00,2254.96,D0009,M048,Mumbai,0,,11,0,0,1,0.0,1.0,76440.0,0,1,0,
T003031,U0099,2026-07-02 22:52:00,764.33,D0009,M010,Mumbai,0,,22,0,0,0,0.0,1.0,40800.0,0,1,0,
T003037,U0099,2026-07-03 16:32:00,1053.81,D0009,M010,Mumbai,0,,16,0,0,0,-0.604162791032344,0.7379484038080882,63600.0,0,1,0,
T003029,U0099,2026-07-03 21:26:00,938.47,D0081,M010,Mumbai,0,,21,0,1,0,-0.706700478543242,0.7032516588365428,17640.0,0,1,0,
T003035,U0099,2026-07-04 08:02:00,1063.74,D0081,M010,Mumbai,0,,8,0,0,0,-0.3643847104707363,0.8474179294627635,38160.0,0,1,0,
T003011,U0099,2026-07-05 12:41:00,930.62,D0081,M010,Mumbai,0,,12,0,0,0,-0.6034255905193815,0.7607144310616631,103140.0,0,1,0,
T003013,U0099,2026-07-05 15:03:00,1436.81,D0081,M048,Mumbai,0,,15,0,0,0,0.5541569271997648,1.21605736761583,8520.0,0,1,0,
T003026,U0099,2026-07-06 15:35:00,1483.1,D0081,M048,Mumbai,0,,15,0,0,0,0.6141146168185895,1.2222264561862994,88320.0,0,1,0,
T003004,U0099,2026-07-07 09:17:00,875.28,D0081,M010,Mumbai,0,,9,0,0,0,-0.8711454126413467,0.7039389197627435,63720.0,0,1,0,
T003036,U0099,2026-07-07 14:55:00,1144.83,D0009,M048,Mumbai,0,,14,0,0,0,-0.14852739070852458,0.9488136402900289,20280.0,0,1,0,
T003010,U0099,2026-07-08 12:05:00,1809.15,D0081,M002,Mumbai,0,,12,0,0,1,1.5324316547693166,1.5063993374655473,76200.0,0,1,0,
T003018,U0099,2026-07-10 09:22:00,1392.49,D0009,M002,Mumbai,0,,9,0,0,0,0.3389537041566379,1.112516801830759,163020.0,0,1,0,
T003024,U0099,2026-07-10 12:26:00,20.0,D0081,M048,Mumbai,0,,12,0,0,0,-3.098853719432404,0.01584169997246334,11040.0,0,1,0,
T003027,U0099,2026-07-12 17:53:00,1540.44,D0009,M010,Mumbai,0,,17,0,0,0,0.7309553530582616,1.3124185286383432,192420.0,0,1,0,
T003005,U0099,2026-07-13 10:34:00,814.15,D0009,M010,Mumbai,0,,10,0,0,0,-0.7786410375299194,0.6794843541418506,60060.0,0,1,0,
T003017,U0099,2026-07-13 12:16:00,1703.8,D0081,M010,Mumbai,0,,12,0,0,0,1.0885816385757736,1.4510482518885814,6120.0,0,1,0,
T003022,U0099,2026-07-15 16:55:00,1238.17,D0009,M048,Mumbai,0,,16,0,0,0,0.06725306203196293,1.0272376285779872,189540.0,0,1,0,
T003019,U0099,2026-07-17 09:49:00,821.75,D0081,M048,Mumbai,0,,9,0,0,0,-0.812301711057448,0.6807280975393596,147240.0,0,1,0,
T003006,U0099,2026-07-17 12:58:00,1625.61,D0081,M002,Mumbai,0,,12,0,0,0,0.9339356479006232,1.369651659172141,11340.0,0,1,0,
T003009,U0099,2026-07-18 18:09:00,1021.93,D0009,M010,Mumbai,0,,18,0,0,0,-0.39954087030735,0.8453981785092025,105060.0,0,1,0,
T003028,U0099,2026-07-19 09:58:00,1189.53,D0009,M048,Mumbai,0,,9,0,0,0,-0.02266592094251689,0.9913446293323681,56940.0,0,1,0,
T003030,U0099,2026-07-19 17:57:00,2430.42,D0009,M048,Mumbai,0,,17,0,0,0,2.7496874725189686,2.026289459788236,28740.0,0,1,0,
T003025,U0099,2026-07-19 17:58:00,595.72,D0081,M010,Mumbai,0,,17,0,0,0,-1.3022511532907635,0.4754484838759659,60.0,1,1,0,
T003021,U0099,2026-07-20 14:42:00,715.34,D0009,M002,Mumbai,0,,14,0,0,0,-0.998061825339104,0.5836750647140229,74640.0,0,1,0,
T003007,U0099,2026-07-23 22:07:00,836.37,D0009,M010,Mumbai,0,,22,0,0,0,-0.7220281880588144,0.6939853107031696,285900.0,0,1,0,
T003008,U0099,2026-07-24 12:22:00,1280.62,D0081,M010,Mumbai,0,,12,0,0,0,0.17719320825592672,1.075261232446033,51300.0,0,1,0,
T003016,U0099,2026-07-24 14:17:00,1672.27,D0009,M002,Mumbai,0,,14,0,0,0,0.9622957192656613,1.4002036815526808,6900.0,0,1,0,
T003015,U0099,2026-07-26 08:06:00,642.88,D0081,M010,Mumbai,0,,8,0,0,0,-1.1467554151889072,0.5307027134201195,150540.0,0,1,0,
T003020,U0099,2026-07-26 16:10:00,972.95,D0081,M048,Mumbai,0,,16,0,0,0,-0.43936396829502505,0.8163895647779316,29040.0,0,1,0,
T003032,U0099,2026-07-27 17:58:00,1544.28,D0081,M010,Mumbai,0,,17,0,0,0,0.7324311518377691,1.303764555596998,92880.0,0,1,0,
T003014,U0099,2026-07-28 10:24:00,564.86,D0009,M002,Mumbai,0,,10,0,0,0,-1.2950337761078436,0.4722577244767271,59160.0,0,1,0,
T003033,U0099,2026-07-29 16:27:00,703.03,D0009,M010,Mumbai,0,,16,0,0,0,-0.961749046911149,0.5976324706748809,108180.0,0,1,0,
T003012,U0099,2026-07-30 18:06:00,1112.25,D0081,M048,Mumbai,0,,18,0,0,0,-0.1012753536385086,0.9571734048325995,92340.0,0,1,0,
T003057,U0100,2026-07-03 14:01:00,1690.29,D0512,M051,Kolkata,0,,14,0,1,1,0.0,1.0,1000000000.0,0,1,0,
T003038,U0100,2026-07-03 18:22:00,3436.51,D0512,M030,Kolkata,0,,18,0,0,1,0.0,1.0,15660.0,0,1,0,
T003056,U0100,2026-07-04 14:38:00,1624.32,D0512,M051,Kolkata,0,,14,0,0,0,0.0,1.0,72960.0,0,1,0,
T003050,U0100,2026-07-04 16:19:00,3708.97,D0512,M030,Kolkata,0,,16,0,0,0,1.7381677862299696,1.6481576382963903,6060.0,0,1,0,
T003046,U0100,2026-07-07 13:08:00,4605.55,D0512,M051,Kolkata,0,,13,0,0,0,2.067366672624872,1.7611894345990564,247740.0,0,1,0,
T003051,U0100,2026-07-08 17:03:00,1993.46,D0512,M034,Kolkata,0,,17,0,0,1,-0.8693896501872002,0.6615915418589614,100500.0,0,1,0,
T003044,U0100,2026-07-10 09:33:00,1035.35,D0512,M030,Kolkata,0,,9,0,0,0,-1.591258323455955,0.3641516843101389,145800.0,0,1,0,
T003045,U0100,2026-07-10 10:49:00,1494.7,D0512,M051,Kolkata,0,,10,0,0,0,-0.8882292339215674,0.5782380783031447,4560.0,0,1,0,
T003047,U0100,2026-07-10 14:59:00,1656.27,D0512,M030,Kolkata,0,,14,0,0,0,-0.6584349413528494,0.6764030085322117,15000.0,0,1,0,
T003048,U0100,2026-07-10 17:23:00,2678.24,D0512,M030,Kolkata,0,,17,0,0,0,0.27344827380912157,1.1345579418900158,8640.0,0,1,0,
T003041,U0100,2026-07-13 13:33:00,1243.91,D0512,M040,Kolkata,0,,13,0,0,1,-1.0382895618636352,0.5199497064746992,245400.0,0,1,0,
T003042,U0100,2026-07-16 14:55:00,3677.71,D0512,M030,Kolkata,0,,14,0,0,0,1.2575778666091166,1.607418196604535,264120.0,0,1,0,
T003054,U0100,2026-07-17 20:09:00,3442.6,D0512,M040,Kolkata,0,,20,0,0,0,0.9228956033117145,1.4321649844554818,105240.0,0,1,0,
T003052,U0100,2026-07-18 14:05:00,602.43,D0512,M051,Kolkata,0,,14,0,0,0,-1.685222824721938,0.24255510107343015,64560.0,0,1,0,
T003049,U0100,2026-07-21 05:33:00,3928.26,D0512,M051,Kolkata,0,,5,1,0,0,1.3383345881828743,1.6720924788057856,228480.0,0,1,0,
T003053,U0100,2026-07-24 11:33:00,3087.59,D0512,M040,Kolkata,0,,11,0,0,0,0.5249276007770922,1.2578937742864973,280800.0,0,1,0,
T003043,U0100,2026-07-27 10:34:00,3454.59,D0512,M051,Kolkata,0,,10,0,0,0,0.8155797673836654,1.3850854098173975,255660.0,0,1,0,
T003040,U0100,2026-07-29 16:36:00,1962.28,D0512,M051,Kolkata,0,,16,0,0,0,-0.5051925428618707,0.769330788487777,194520.0,0,1,0,
T003039,U0100,2026-07-29 20:57:00,1508.41,D0512,M030,Kolkata,0,,20,0,0,0,-0.8857186912871091,0.599063654597163,15660.0,0,1,0,
T003055,U0100,2026-07-30 13:11:00,2260.44,D0512,M030,Kolkata,0,,13,0,0,0,-0.18053089020257232,0.9170839073617085,58440.0,0,1,0,
T003091,U0101,2026-07-04 08:30:00,351.88,D0807,M055,Chennai,0,,8,0,1,1,0.0,1.0,1000000000.0,0,1,0,
T003067,U0101,2026-07-05 15:51:00,1304.26,D0807,M017,Chennai,0,,15,0,0,1,0.0,1.0,112860.0,0,1,0,
T003068,U0101,2026-07-06 15:37:00,1791.77,D0807,M048,Chennai,0,,15,0,0,1,0.0,1.0,85560.0,0,1,0,
T003073,U0101,2026-07-08 18:26:00,1565.54,D0807,M059,Chennai,0,,18,0,0,1,0.6960975887974159,1.362164324449741,182940.0,0,1,0,
T003082,U0101,2026-07-10 09:22:00,2179.01,D0807,M015,Chennai,0,,9,0,0,1,1.688166453180927,1.7385313492796128,140160.0,0,1,0,
T003080,U0101,2026-07-10 12:21:00,1161.83,D0807,M055,Chennai,0,,12,0,0,0,-0.4502222214734691,0.8076722006047498,10740.0,0,1,0,
T007543,U0101,2026-07-11 02:43:00,19246.82,D0884,M059,Mumbai,1,account_takeover,2,1,1,0,31.3039733520579,13.822948439312292,51720.0,0,1,60,new device + amount >3x user avg; odd hour + new device; amount z-score 31.3
T003062,U0101,2026-07-12 10:01:00,1192.61,D0807,M056,Chennai,0,,10,0,0,1,-0.4386593078063776,0.30246138643999354,112680.0,0,1,0,
T003061,U0101,2026-07-12 17:50:00,1493.11,D0807,M048,Chennai,0,,17,0,0,0,-0.3548504956809265,0.4148432365349546,28140.0,0,1,0,
T003088,U0101,2026-07-13 13:58:00,1228.85,D0807,M059,Chennai,0,,13,0,0,0,-0.37913833082735593,0.3651636700411871,72480.0,0,1,0,
T003075,U0101,2026-07-16 09:00:00,2480.85,D0807,M017,Chennai,0,,9,0,0,0,-0.12457879842687201,0.7871795878155954,241320.0,0,1,0,
T003066,U0101,2026-07-16 12:47:00,2000.36,D0807,M055,Chennai,0,,12,0,0,0,-0.21223350136384497,0.6472413505990272,13620.0,0,1,0,
T003084,U0101,2026-07-16 15:45:00,1950.12,D0807,M056,Chennai,0,,15,0,0,0,-0.21301369667595524,0.6500961608683096,10680.0,0,1,0,
T003064,U0101,2026-07-17 13:12:00,2350.39,D0807,M015,Chennai,0,,13,0,0,0,-0.11989873911959086,0.8052036244629642,77220.0,0,1,0,
T003076,U0101,2026-07-17 20:14:00,1617.2,D0807,M055,Chennai,0,,20,0,0,0,-0.27583416641567243,0.5618426993338081,25320.0,0,1,0,
T003074,U0101,2026-07-18 13:15:00,1968.74,D0807,M015,Chennai,0,,13,0,0,0,-0.18642498893370796,0.7045540214968459,61260.0,0,1,0,
T003060,U0101,2026-07-19 11:23:00,1607.83,D0807,M048,Chennai,0,,11,0,0,0,-0.2643897653104306,0.5862197360232946,79680.0,0,1,0,
T003070,U0101,2026-07-19 15:06:00,2295.69,D0807,M048,Chennai,0,,15,0,0,0,-0.09112773574989087,0.8578968178970943,13380.0,0,1,0,
T003072,U0101,2026-07-19 15:44:00,2878.74,D0807,M015,Chennai,0,,15,0,0,0,0.05520295636809718,1.0843424317999097,2280.0,1,1,0,
T003078,U0101,2026-07-20 08:35:00,1384.93,D0807,M056,Chennai,0,,8,0,0,0,-0.3246128706127521,0.519359683693318,60660.0,0,1,0,
T003063,U0101,2026-07-20 14:35:00,3030.71,D0807,M015,Chennai,0,,14,0,0,0,0.11097189430192786,1.16452608603043,21600.0,0,1,0,
T003081,U0101,2026-07-21 13:35:00,1973.5,D0807,M048,Chennai,0,,13,0,0,0,-0.1724143985399743,0.7524068082744589,82800.0,0,1,0,
T003071,U0101,2026-07-21 17:21:00,1755.88,D0807,M059,Chennai,0,,17,0,0,0,-0.22743257623346036,0.6770578568074227,13560.0,0,1,0,
T003083,U0101,2026-07-22 18:42:00,1825.08,D0807,M017,Chennai,0,,18,0,0,0,-0.20299132788430707,0.7137629221318097,91260.0,0,1,0,
T003058,U0101,2026-07-23 07:12:00,692.81,D0807,M015,Chennai,0,,7,0,0,0,-0.519057933094643,0.2742186532590331,45000.0,0,1,0,
T003090,U0101,2026-07-24 12:43:00,1662.33,D0807,M048,Chennai,0,,12,0,0,0,-0.2272490049296036,0.6776334527458627,106260.0,0,1,0,
T003059,U0101,2026-07-24 13:40:00,1489.57,D0807,M017,Chennai,0,,13,0,0,0,-0.27319265480044763,0.6148325690531251,3420.0,1,1,0,
T003079,U0101,2026-07-24 15:23:00,2367.09,D0807,M055,Chennai,0,,15,0,0,0,-0.006278334318693325,0.9911759241797354,6180.0,0,1,0,
T003065,U0101,2026-07-24 17:10:00,2417.1,D0807,M056,Chennai,0,,17,0,0,0,0.009007572746856414,1.0124357675552833,6420.0,0,1,0,
T003087,U0101,2026-07-24 18:40:00,1755.1,D0807,M048,Chennai,0,,18,0,0,0,-0.1955512242767023,0.7348328002860024,5400.0,0,1,0,
T003085,U0101,2026-07-27 12:15:00,476.5,D0807,M055,Chennai,0,,12,0,0,0,-0.5934216272166667,0.2012821793665917,236100.0,0,1,0,
T003077,U0101,2026-07-28 11:26:00,1712.23,D0807,M059,Chennai,0,,11,0,0,0,-0.1884684547228525,0.7424049107083376,83460.0,0,1,0,
T003086,U0101,2026-07-28 12:02:00,1913.77,D0807,M015,Chennai,0,,12,0,0,0,-0.12047503093698513,0.8365244272173467,2160.0,1,1,0,
T003069,U0101,2026-07-29 15:16:00,1967.57,D0807,M048,Chennai,0,,15,0,0,0,-0.10101401956894987,0.8643225301106376,98040.0,0,1,0,
T003089,U0101,2026-07-30 09:25:00,2054.24,D0807,M048,Chennai,0,,9,0,0,0,-0.07073476687975712,0.906010745254469,65340.0,0,1,0,
T003102,U0102,2026-07-01 06:34:00,540.14,D0134,M007,Lucknow,0,,6,0,1,1,0.0,1.0,1000000000.0,0,1,0,
T003110,U0102,2026-07-01 14:57:00,596.65,D0134,M018,Lucknow,0,,14,0,0,1,0.0,1.0,30180.0,0,1,0,
T003095,U0102,2026-07-01 15:34:00,789.2,D0134,M018,Lucknow,0,,15,0,0,0,0.0,1.0,2220.0,1,1,0,
T003092,U0102,2026-07-01 17:36:00,910.29,D0134,M007,Lucknow,0,,17,0,0,0,2.516481901696217,1.4179045559666905,7320.0,0,1,0,
T003107,U0102,2026-07-03 11:56:00,400.48,D0731,M018,Lucknow,0,,11,0,1,0,-2.079498574082472,0.5647961406281522,152400.0,0,1,0,
T003106,U0102,2026-07-03 12:41:00,566.66,D0731,M013,Lucknow,0,,12,0,0,1,-0.4451832479361425,0.8753506579490746,2700.0,1,1,0,
T003123,U0102,2026-07-04 13:17:00,488.09,D0731,M013,Lucknow,0,,13,0,0,0,-0.8670406178032529,0.7699754419391357,88560.0,0,1,0,
T003127,U0102,2026-07-05 13:59:00,328.55,D0134,M013,Lucknow,0,,13,0,0,0,-1.7365273886514434,0.5359069409715116,88920.0,0,1,0,
T003118,U0102,2026-07-06 14:47:00,775.21,D0731,M035,Lucknow,0,,14,0,0,1,1.0992967825892153,1.3423375430754796,89280.0,0,1,0,
T003096,U0102,2026-07-07 11:51:00,795.67,D0134,M018,Lucknow,0,,11,0,0,0,1.0864493909472626,1.3272792627717402,75840.0,0,1,0,
T007528,U0102,2026-07-08 22:00:00,51.18,D0134,M046,Lucknow,1,velocity_burst,22,0,0,1,-3.135115342050745,0.08266919065171172,122940.0,0,1,0,
T007529,U0102,2026-07-08 22:01:00,62.73,D0134,M051,Lucknow,1,velocity_burst,22,0,0,1,-2.123702974345448,0.11054417389989524,60.0,1,1,0,
T007531,U0102,2026-07-08 22:03:00,75.8,D0134,M030,Lucknow,1,velocity_burst,22,0,0,1,-1.6844966563641999,0.1442698871929961,120.0,2,1,0,
T007530,U0102,2026-07-08 22:04:00,74.41,D0134,M026,Lucknow,1,velocity_burst,22,0,0,1,-1.4711914483948885,0.15160367643251899,60.0,3,1,0,
T007534,U0102,2026-07-08 22:06:00,56.24,D0134,M023,Lucknow,1,velocity_burst,22,0,0,1,-1.3813513922456886,0.12197562815718851,120.0,4,1,0,
T007532,U0102,2026-07-08 22:08:00,133.72,D0134,M037,Lucknow,1,velocity_burst,22,0,0,1,-0.999209412893032,0.3080490831906476,120.0,5,1,30,5 txns in last 1h (velocity)
T007536,U0102,2026-07-08 22:08:00,82.6,D0134,M006,Lucknow,1,velocity_burst,22,0,0,1,-1.1090359214556889,0.19888578165571022,0.0,6,1,40,6 txns in last 1h (velocity); rapid repeat transactions
T007533,U0102,2026-07-08 22:10:00,78.05,D0134,M025,Lucknow,1,velocity_burst,22,0,0,1,-1.0540899898985074,0.19722427792401878,120.0,7,1,30,7 txns in last 1h (velocity)
T007535,U0102,2026-07-08 22:14:00,101.78,D0134,M020,Lucknow,1,velocity_burst,22,0,0,1,-0.9155393893659095,0.26919318673319786,240.0,8,1,30,8 txns in last 1h (velocity)
T003126,U0102,2026-07-10 10:42:00,584.32,D0134,M013,Lucknow,0,,10,0,0,0,0.7354991976249562,1.607261720238587,131280.0,0,1,0,
T003125,U0102,2026-07-10 19:54:00,551.24,D0134,M035,Lucknow,0,,19,0,0,0,0.5958024869418324,1.4715881521413816,33120.0,0,1,0,
T003119,U0102,2026-07-11 07:37:00,541.23,D0134,M007,Lucknow,0,,7,0,0,0,0.5422845227009548,1.41313139860876,42180.0,0,1,0,
T003109,U0102,2026-07-12 11:06:00,822.96,D0731,M045,Lucknow,0,,11,0,0,1,1.50803849518925,2.1091115758179577,98940.0,0,1,0,
T003121,U0102,2026-07-12 12:29:00,986.57,D0731,M018,Lucknow,0,,12,0,0,0,1.9630622123507204,2.4121003002510513,4980.0,0,1,0,
T003114,U0102,2026-07-14 17:24:00,785.81,D0731,M007,Lucknow,0,,17,0,0,0,1.136822397234451,1.8144946401981308,190500.0,0,1,0,
T003122,U0102,2026-07-15 09:41:00,447.0,D0731,M035,Lucknow,0,,9,0,0,0,-0.0005876078069234977,0.9995903222670478,58620.0,0,1,0,
T003105,U0102,2026-07-15 14:20:00,482.95,D0731,M045,Lucknow,0,,14,0,0,0,0.11701576859390464,1.0799994471220267,16740.0,0,1,0,
T003116,U0102,2026-07-16 09:12:00,756.83,D0731,M035,Lucknow,0,,9,0,0,0,1.027491138659734,1.6874651579737976,67920.0,0,1,0,
T003112,U0102,2026-07-17 18:19:00,931.97,D0731,M035,Lucknow,0,,18,0,0,0,1.5739338657452397,2.028169578902755,119220.0,0,1,0,
T003094,U0102,2026-07-18 13:29:00,941.1,D0731,M013,Lucknow,0,,13,0,0,0,1.514165674932888,1.9779132650574756,69000.0,0,1,0,
T003104,U0102,2026-07-19 15:28:00,597.54,D0134,M045,Lucknow,0,,15,0,0,0,0.3388785545145275,1.2162071371493866,93540.0,0,1,0,
T003099,U0102,2026-07-20 15:53:00,504.64,D0731,M013,Lucknow,0,,15,0,0,0,0.032042371381116624,1.020008513309978,87900.0,0,1,0,
T003111,U0102,2026-07-21 12:59:00,612.42,D0731,M045,Lucknow,0,,12,0,0,0,0.38598909373940343,1.2370863795039289,75960.0,0,1,0,
T003117,U0102,2026-07-22 12:01:00,837.36,D0134,M035,Lucknow,0,,12,0,0,0,1.1287716429591457,1.6793989037688541,82920.0,0,1,0,
T003108,U0102,2026-07-23 09:21:00,639.24,D0134,M035,Lucknow,0,,9,0,0,0,0.43390198297148014,1.2569353856031353,76800.0,0,1,0,
T003098,U0102,2026-07-25 07:54:00,724.24,D0134,M035,Lucknow,0,,7,0,0,0,0.7121175063829789,1.413692656115304,167580.0,0,1,0,
T003097,U0102,2026-07-26 12:26:00,798.88,D0731,M013,Lucknow,0,,12,0,0,0,0.949842806672532,1.5416714211624,102720.0,0,1,0,
T003124,U0102,2026-07-26 13:49:00,818.49,D0731,M035,Lucknow,0,,13,0,0,0,0.9921705089539773,1.5567245360098279,4980.0,0,1,0,
T003101,U0102,2026-07-26 22:11:00,499.77,D0731,M018,Lucknow,0,,22,0,0,0,-0.11432478419005439,0.9368111251840533,30120.0,0,1,0,
T003115,U0102,2026-07-28 13:53:00,81.9,D0731,M007,Lucknow,0,,13,0,0,0,-1.5482889403058944,0.15376942308438096,142920.0,0,1,0,
T003103,U0102,2026-07-28 15:09:00,573.07,D0134,M035,Lucknow,0,,15,0,0,0,0.17477765092481198,1.0992087314096806,4560.0,0,1,0,
T003120,U0102,2026-07-29 11:09:00,824.2,D0731,M035,Lucknow,0,,11,0,0,0,1.031398953044481,1.5770864552699193,72000.0,0,1,0,
T003100,U0102,2026-07-29 12:16:00,1038.52,D0134,M007,Lucknow,0,,12,0,0,0,1.7389909142970819,1.9602483966095088,4020.0,0,1,0,
T003093,U0102,2026-07-29 13:12:00,918.69,D0731,M018,Lucknow,0,,13,0,0,0,1.2606138712594743,1.6961862938150336,3360.0,1,1,0,
T003113,U0102,2026-07-29 16:33:00,789.9,D0731,M007,Lucknow,0,,16,0,0,0,0.7964046783755659,1.4356840722092588,12060.0,0,1,0,
T003141,U0103,2026-07-04 18:33:00,4110.9,D0662,M010,Ahmedabad,0,,18,0,1,1,0.0,1.0,1000000000.0,0,1,0,
T003133,U0103,2026-07-06 18:53:00,3817.79,D0662,M010,Ahmedabad,0,,18,0,0,0,0.0,1.0,174000.0,0,1,0,
T003137,U0103,2026-07-09 21:31:00,1215.48,D0662,M022,Ahmedabad,0,,21,0,0,1,0.0,1.0,268680.0,0,1,0,
T003130,U0103,2026-07-14 09:57:00,3602.55,D0662,M010,Ahmedabad,0,,9,0,0,0,0.42609390989057405,1.1819170024676104,390360.0,0,1,0,
T003128,U0103,2026-07-17 21:59:00,4114.61,D0662,M002,Ahmedabad,0,,21,0,0,1,0.8052942865595432,1.2911902038199032,302520.0,0,1,0,
T003129,U0103,2026-07-19 12:16:00,989.67,D0662,M002,Ahmedabad,0,,12,0,0,0,-2.1750202029038843,0.29347329057272664,137820.0,0,1,0,
T003135,U0103,2026-07-19 18:17:00,4070.64,D0662,M042,Ahmedabad,0,,18,0,0,1,0.8191560777185338,1.3682057023018748,21660.0,0,1,0,
T003136,U0103,2026-07-22 13:19:00,1247.53,D0662,M010,Ahmedabad,0,,13,0,0,0,-1.4536917380556404,0.39836025029201644,241320.0,0,1,0,
T003138,U0103,2026-07-23 13:20:00,2010.85,D0662,M010,Ahmedabad,0,,13,0,0,0,-0.6494499237375049,0.6943192179281971,86460.0,0,1,0,
T003142,U0103,2026-07-26 11:20:00,5080.33,D0662,M002,Ahmedabad,0,,11,0,0,0,1.7358342834195488,1.815843275091021,252000.0,0,1,0,
T003139,U0103,2026-07-27 08:28:00,4445.48,D0662,M010,Ahmedabad,0,,8,0,0,0,0.9974578399066318,1.4690775217507142,76080.0,0,1,0,
T003132,U0103,2026-07-27 11:55:00,3139.11,D0662,M042,Ahmedabad,0,,11,0,0,0,-0.011268114073655269,0.9949397547632678,12420.0,0,1,0,
T003140,U0103,2026-07-28 12:10:00,2253.36,D0662,M042,Ahmedabad,0,,12,0,0,0,-0.6637280645170954,0.7145029161474682,87300.0,0,1,0,
T003134,U0103,2026-07-29 15:34:00,3072.14,D0662,M002,Ahmedabad,0,,15,0,0,0,-0.009315023301191633,0.995997834996796,98640.0,0,1,0,
T003131,U0103,2026-07-30 15:14:00,5296.75,D0662,M002,Ahmedabad,0,,15,0,0,0,1.7330363314346213,1.7177147134926583,85200.0,0,1,0,
T003145,U0104,2026-07-02 13:21:00,1835.9,D0285,M008,Jaipur,0,,13,0,1,1,0.0,1.0,1000000000.0,0,1,0,
T003159,U0104,2026-07-02 21:32:00,2068.63,D0285,M014,Jaipur,0,,21,0,0,1,0.0,1.0,29460.0,0,1,0,
T003175,U0104,2026-07-03 05:44:00,1849.2,D0112,M008,Jaipur,0,,5,1,1,0,0.0,1.0,29520.0,0,1,20,odd hour + new device
T003146,U0104,2026-07-04 14:55:00,2894.43,D0285,M035,Jaipur,0,,14,0,0,1,9.150869256181712,1.5091584060205334,119460.0,0,1,15,amount z-score 9.2
T003153,U0104,2026-07-06 00:59:00,3077.11,D0112,M035,Jaipur,0,,0,1,0,0,2.114170522586988,1.4232437876157502,122640.0,0,1,0,
T003157,U0104,2026-07-07 14:09:00,3964.99,D0112,M014,Jaipur,0,,14,0,0,0,3.0405703826805146,1.690788356391457,133800.0,0,1,15,amount z-score 3.0
T003173,U0104,2026-07-08 22:32:00,4360.03,D0112,M014,Jaipur,0,,22,0,0,0,2.2508724123672765,1.6672878581996902,116580.0,0,1,0,
T003160,U0104,2026-07-09 11:08:00,2534.96,D0285,M035,Jaipur,0,,11,0,0,0,-0.34952006668081653,0.8850106404348728,45360.0,0,1,0,
T003152,U0104,2026-07-10 13:03:00,4116.91,D0285,M014,Jaipur,0,,13,0,0,0,1.4566276382901207,1.458265017581558,93300.0,0,1,0,
T003176,U0104,2026-07-10 17:32:00,2314.54,D0285,M014,Jaipur,0,,17,0,0,0,-0.7008085044051657,0.7801189114655492,16140.0,0,1,0,
T003147,U0104,2026-07-12 07:17:00,4119.56,D0112,M035,Jaipur,0,,7,0,0,0,1.34642827636079,1.4197203674367795,135900.0,0,1,0,
T003150,U0104,2026-07-12 13:31:00,2410.09,D0285,M035,Jaipur,0,,13,0,0,0,-0.64707637849016,0.8000598133645542,22440.0,0,1,0,
T003154,U0104,2026-07-12 16:02:00,3543.99,D0285,M035,Jaipur,0,,16,0,0,0,0.6417423650361692,1.1964063816859711,9060.0,0,1,0,
T003177,U0104,2026-07-14 09:09:00,3237.92,D0112,M035,Jaipur,0,,9,0,0,0,0.26107003365689024,1.0768123271888,148020.0,0,1,0,
T003168,U0104,2026-07-14 10:55:00,3169.86,D0285,M008,Jaipur,0,,10,0,0,0,0.17132351168476553,1.0484258031235407,6360.0,0,1,0,
T003158,U0104,2026-07-14 23:27:00,3503.44,D0285,M014,Jaipur,0,,23,0,0,0,0.5689931644474292,1.1550279436309585,45120.0,0,1,0,
T003164,U0104,2026-07-15 06:28:00,2857.04,D0112,M008,Jaipur,0,,6,0,0,0,-0.25432704122338246,0.9328813202084567,25260.0,0,1,0,
T003174,U0104,2026-07-15 12:43:00,4406.09,D0112,M035,Jaipur,0,,12,0,0,0,1.7255419051969312,1.4443801023445588,22500.0,0,1,0,
T003155,U0104,2026-07-16 19:28:00,3408.37,D0285,M035,Jaipur,0,,19,0,0,0,0.3428242704251931,1.090393637294952,110700.0,0,1,0,
T003161,U0104,2026-07-17 15:29:00,1865.6,D0112,M014,Jaipur,0,,15,0,0,0,-1.5845709522284586,0.5940100941482439,72060.0,0,1,0,
T003162,U0104,2026-07-18 15:24:00,3596.54,D0285,M014,Jaipur,0,,15,0,0,0,0.6244588751765812,1.1688717300087874,86100.0,0,1,0,
T003151,U0104,2026-07-18 15:36:00,4239.98,D0285,M035,Jaipur,0,,15,0,0,0,1.3889495202025177,1.366996339479929,720.0,1,1,0,
T003149,U0104,2026-07-21 20:02:00,3537.65,D0112,M014,Jaipur,0,,20,0,0,0,0.4601206709043757,1.121846458276856,275160.0,0,1,0,
T003171,U0104,2026-07-22 10:38:00,1900.72,D0285,M035,Jaipur,0,,10,0,0,0,-1.5471764423565986,0.5995729419117297,52560.0,0,1,0,
T003172,U0104,2026-07-23 10:46:00,4699.06,D0112,M014,Jaipur,0,,10,0,0,0,1.8780039749881274,1.5074467120437578,86880.0,0,1,0,
T003148,U0104,2026-07-23 14:33:00,1959.08,D0112,M014,Jaipur,0,,14,0,0,0,-1.3855134308080537,0.6159651907364238,13620.0,0,1,0,
T003169,U0104,2026-07-24 10:40:00,4794.31,D0112,M008,Jaipur,0,,10,0,0,0,1.8539821071019433,1.5300045937456297,72420.0,0,1,0,
T003166,U0104,2026-07-24 11:51:00,3710.12,D0112,M014,Jaipur,0,,11,0,0,0,0.5518792929183138,1.1612134556910862,4260.0,0,1,0,
T003165,U0104,2026-07-24 13:01:00,2593.52,D0285,M014,Jaipur,0,,13,0,0,0,-0.6727371646079519,0.8070870357312759,4200.0,0,1,0,
T007559,U0104,2026-07-26 04:31:00,32600.74,D0747,M011,Kolkata,1,account_takeover,4,1,1,1,32.22906483300955,10.213083465635393,142200.0,0,1,60,new device + amount >3x user avg; odd hour + new device; amount z-score 32.2
T003144,U0104,2026-07-26 10:32:00,3080.51,D0112,M014,Jaipur,0,,10,0,0,0,-0.2039019212711345,0.7383160455201183,21660.0,0,1,0,
T003178,U0104,2026-07-27 15:15:00,3363.15,D0112,M014,Jaipur,0,,15,0,0,0,-0.14683185916547326,0.8129195046895932,103380.0,0,1,0,
T003167,U0104,2026-07-28 12:03:00,2665.15,D0112,M035,Jaipur,0,,12,0,0,0,-0.2789627286283365,0.6479916578752862,74880.0,0,1,0,
T003143,U0104,2026-07-29 12:08:00,3485.7,D0285,M035,Jaipur,0,,12,0,0,0,-0.11401260765766978,0.8566338534789423,86700.0,0,1,0,
T003170,U0104,2026-07-29 19:30:00,4946.04,D0112,M035,Jaipur,0,,19,0,0,0,0.17734230954230693,1.2206692137488528,26520.0,0,1,0,
T003163,U0104,2026-07-29 20:32:00,5551.14,D0112,M035,Jaipur,0,,20,0,0,0,0.29642520382151,1.3614227021879133,3720.0,0,1,0,
T003156,U0104,2026-07-30 18:10:00,2751.39,D0285,M035,Jaipur,0,,18,0,0,0,-0.2785269041284548,0.6680740392734924,77880.0,0,1,0,
T003193,U0105,2026-07-02 21:26:00,798.08,D0715,M056,Mumbai,0,,21,0,1,1,0.0,1.0,1000000000.0,0,2,0,
T003181,U0105,2026-07-05 17:57:00,329.41,D0715,M057,Mumbai,0,,17,0,0,1,0.0,1.0,246660.0,0,2,0,
T003179,U0105,2026-07-05 18:56:00,856.01,D0715,M016,Mumbai,0,,18,0,0,1,0.0,1.0,3540.0,1,2,0,
T003188,U0105,2026-07-07 12:35:00,938.71,D0715,M057,Mumbai,0,,12,0,0,0,1.177145874637255,1.419778167754306,149940.0,0,2,0,
T003186,U0105,2026-07-13 08:45:00,1064.39,D0715,M056,Mumbai,0,,8,0,0,0,1.409009759498534,1.456965787596421,504600.0,0,2,0,
T003189,U0105,2026-07-15 19:26:00,428.17,D0715,M057,Mumbai,0,,19,0,0,0,-1.4737674732739565,0.5370114878129089,211260.0,0,2,0,
T003199,U0105,2026-07-17 09:52:00,902.65,D0715,M007,Mumbai,0,,9,0,0,1,0.6252700681050808,1.2267683237494569,138360.0,0,2,0,
T003185,U0105,2026-07-17 19:19:00,925.73,D0715,M056,Mumbai,0,,19,0,0,0,0.6542838821432841,1.218656790599464,34020.0,0,2,0,
T003191,U0105,2026-07-18 18:49:00,964.48,D0715,M057,Mumbai,0,,18,0,0,0,0.7552628569365301,1.2358889326882885,84600.0,0,2,0,
T003192,U0105,2026-07-19 08:05:00,760.35,D0715,M001,Mumbai,0,,8,0,0,1,-0.17089916520116857,0.9494313652969307,47760.0,0,2,0,
T003183,U0105,2026-07-19 16:19:00,784.86,D0715,M056,Mumbai,0,,16,0,0,0,-0.053025623128680734,0.9850175314383098,29640.0,0,2,0,
T003198,U0105,2026-07-19 16:40:00,601.46,D0715,M007,Mumbai,0,,16,0,0,0,-0.9048199667220216,0.7558758062166526,1260.0,1,2,0,
T003196,U0105,2026-07-19 17:43:00,536.88,D0715,M056,Mumbai,0,,17,0,0,0,-1.1421662493224527,0.6887271085741609,3780.0,0,2,0,
T003190,U0105,2026-07-20 13:20:00,851.39,D0715,M056,Mumbai,0,,13,0,0,0,0.4228304161991089,1.118983780039713,70620.0,0,2,0,
T003184,U0105,2026-07-20 19:58:00,939.47,D0715,M056,Mumbai,0,,19,0,0,0,0.8290893786137876,1.224342032014612,23880.0,0,2,0,
T003195,U0105,2026-07-21 11:24:00,515.62,D0715,M057,Mumbai,0,,11,0,0,0,-1.2829795411048162,0.6620675832362315,55560.0,0,2,0,
T003201,U0105,2026-07-21 17:25:00,1143.57,D0715,M016,Mumbai,0,,17,0,0,0,1.8276146017167452,1.5000516472830996,21660.0,0,2,0,
T003200,U0105,2026-07-22 17:36:00,735.03,D0715,M056,Mumbai,0,,17,0,0,0,-0.22475143839605066,0.9366085423965897,87060.0,0,2,0,
T003202,U0105,2026-07-23 13:58:00,978.19,D0715,M056,Mumbai,0,,13,0,0,0,0.910695013397211,1.2508592465246118,73320.0,0,2,0,
T003182,U0105,2026-07-24 12:59:00,815.89,D0715,M056,Mumbai,0,,12,0,0,0,0.10994908642114791,1.0297227717010762,82860.0,0,2,0,
T003187,U0105,2026-07-26 00:46:00,1003.92,D0715,M016,Mumbai,0,,0,1,0,0,1.0075112867592848,1.2651524778106171,128820.0,0,2,0,
T003180,U0105,2026-07-28 13:11:00,787.14,D0715,M056,Mumbai,0,,13,0,0,0,-0.07857513211268077,0.9795949558338266,217500.0,0,2,0,
T003197,U0105,2026-07-28 15:37:00,1149.46,D0715,M057,Mumbai,0,,15,0,0,0,1.700192312625515,1.4318298644784528,8760.0,0,2,0,
T003194,U0105,2026-07-28 17:48:00,1467.47,D0715,M056,Mumbai,0,,17,0,0,0,3.070282157757156,1.7942725616336381,7860.0,0,2,15,amount z-score 3.1
T003210,U0106,2026-07-03 03:20:00,2170.4,D0082,M031,Hyderabad,0,,3,1,1,1,0.0,1.0,1000000000.0,0,1,20,odd hour + new device
T003203,U0106,2026-07-04 09:12:00,1337.98,D0806,M010,Hyderabad,0,,9,0,1,1,0.0,1.0,107520.0,0,2,0,
T003215,U0106,2026-07-04 12:32:00,2018.71,D0082,M011,Hyderabad,0,,12,0,0,1,0.0,1.0,12000.0,0,1,0,
T003227,U0106,2026-07-04 16:21:00,1051.95,D0082,M010,Hyderabad,0,,16,0,0,0,-2.1835268133280694,0.5709785797385358,13740.0,0,1,0,
T003209,U0106,2026-07-06 12:12:00,1113.22,D0806,M010,Hyderabad,0,,12,0,0,0,-1.1452347934730134,0.6768282298470122,157860.0,0,2,0,
T003213,U0106,2026-07-06 19:57:00,700.29,D0806,M017,Hyderabad,0,,19,0,0,1,-1.797041497229249,0.4551913218903213,27900.0,0,2,0,
T003207,U0106,2026-07-09 10:32:00,1304.06,D0806,M037,Hyderabad,0,,10,0,0,1,-0.17933001005446456,0.9322982876963748,225300.0,0,2,0,
T003224,U0106,2026-07-11 11:38:00,1761.99,D0806,M010,Hyderabad,0,,11,0,0,0,0.7688710192833462,1.2719837129776401,176760.0,0,2,0,
T003212,U0106,2026-07-11 19:44:00,528.15,D0082,M037,Hyderabad,0,,19,0,0,0,-1.9035145225780288,0.36873614551953204,29160.0,0,1,0,
T003217,U0106,2026-07-12 15:54:00,1438.37,D0806,M037,Hyderabad,0,,15,0,0,0,0.20081652888022003,1.079969966027511,72600.0,0,2,0,
T003204,U0106,2026-07-13 08:16:00,1162.4,D0082,M017,Hyderabad,0,,8,0,0,0,-0.3572408065026047,0.8658395598208138,58920.0,0,1,0,
T003216,U0106,2026-07-13 09:43:00,1637.82,D0806,M017,Hyderabad,0,,9,0,0,0,0.6446461652652742,1.2350296682653852,5220.0,0,2,0,
T003225,U0106,2026-07-14 14:09:00,1220.55,D0082,M017,Hyderabad,0,,14,0,0,0,-0.2794093253267771,0.90269911072234,102360.0,0,1,0,
T003221,U0106,2026-07-14 15:56:00,1858.04,D0806,M037,Hyderabad,0,,15,0,0,0,1.1373206517874506,1.3845392801399636,6420.0,0,2,0,
T003226,U0106,2026-07-15 09:48:00,536.61,D0806,M010,Hyderabad,0,,9,0,0,0,-1.8430297524289372,0.3891715311105873,64320.0,0,2,0,
T003211,U0106,2026-07-16 12:55:00,439.86,D0082,M037,Hyderabad,0,,12,0,0,0,-1.8056570893818618,0.3325463921350832,97620.0,0,1,0,
T003206,U0106,2026-07-17 11:45:00,1395.12,D0082,M010,Hyderabad,0,,11,0,0,0,0.2456559850127567,1.100664680301639,82200.0,0,1,0,
T003222,U0106,2026-07-18 13:30:00,1391.44,D0082,M017,Hyderabad,0,,13,0,0,0,0.23060928514929058,1.091299308226419,92700.0,0,1,0,
T003214,U0106,2026-07-19 08:38:00,885.69,D0806,M010,Hyderabad,0,,8,0,0,0,-0.8056458964816321,0.6911365861630463,68880.0,0,2,0,
T003219,U0106,2026-07-23 15:52:00,1762.92,D0806,M031,Hyderabad,0,,15,0,0,0,1.0328324203783434,1.398403933319709,371640.0,0,2,0,
T003220,U0106,2026-07-24 12:31:00,1399.84,D0082,M037,Hyderabad,0,,12,0,0,0,0.23447678611920666,1.0887100685781337,74340.0,0,1,0,
T003205,U0106,2026-07-27 13:10:00,2370.33,D0806,M017,Hyderabad,0,,13,0,0,0,2.270164889972945,1.8357432161803706,261540.0,0,2,0,
T003218,U0106,2026-07-27 18:03:00,1478.03,D0082,M017,Hyderabad,0,,18,0,0,0,0.2670166789856369,1.1027927389897136,17580.0,0,1,0,
T003223,U0106,2026-07-28 15:39:00,1346.42,D0082,M011,Hyderabad,0,,15,0,0,0,0.00033464847079489867,1.0001256299538819,77760.0,0,1,0,
T003208,U0106,2026-07-30 16:56:00,1718.8,D0806,M031,Hyderabad,0,,16,0,0,0,0.7529811776071389,1.2767241532581088,177420.0,0,2,0,
T003234,U0107,2026-07-01 15:05:00,1078.58,D0878,M036,Bengaluru,0,,15,0,1,1,0.0,1.0,1000000000.0,0,1,0,
T003247,U0107,2026-07-02 11:46:00,1197.15,D0878,M010,Bengaluru,0,,11,0,0,1,0.0,1.0,74460.0,0,1,0,
T003236,U0107,2026-07-06 10:55:00,1094.98,D0752,M004,Bengaluru,0,,10,0,1,1,0.0,1.0,342540.0,0,1,0,
T003242,U0107,2026-07-07 07:36:00,1805.05,D0878,M004,Bengaluru,0,,7,0,0,0,12.99098023286912,1.6065309668231342,74460.0,0,1,15,amount z-score 13.0
T003243,U0107,2026-07-07 09:37:00,1407.83,D0752,M004,Bengaluru,0,,9,0,0,0,0.3814566298189781,1.0880179907198029,7260.0,0,1,0,
T003252,U0107,2026-07-07 10:30:00,1558.91,D0752,M004,Bengaluru,0,,10,0,0,0,0.8940158093390587,1.1839361190597104,3180.0,1,1,0,
T003232,U0107,2026-07-07 13:55:00,1558.6,D0878,M036,Bengaluru,0,,13,0,0,0,0.7654761489000278,1.1484924768939568,12300.0,0,1,0,
T003241,U0107,2026-07-08 12:12:00,1240.36,D0878,M010,Bengaluru,0,,12,0,0,0,-0.5735022376495647,0.8950036587330275,80220.0,0,1,0,
T003231,U0107,2026-07-08 15:07:00,1280.94,D0752,M004,Bengaluru,0,,15,0,0,0,-0.3581928927975839,0.9365770192010375,10500.0,0,1,0,
T003244,U0107,2026-07-14 10:04:00,482.46,D0878,M010,Bengaluru,0,,10,0,0,0,-3.807900390854623,0.3552608323081107,500220.0,0,1,0,
T003239,U0107,2026-07-15 14:48:00,1109.13,D0878,M004,Bengaluru,0,,14,0,0,0,-0.4725713947460231,0.8729966320974836,103440.0,0,1,0,
T003254,U0107,2026-07-15 14:53:00,1091.35,D0752,M036,Bengaluru,0,,14,0,0,0,-0.5001424780364376,0.8690356653248343,300.0,1,1,0,
T003249,U0107,2026-07-16 15:08:00,1080.36,D0752,M004,Bengaluru,0,,15,0,0,0,-0.5084840657853452,0.8697768712127786,87300.0,0,1,0,
T007564,U0107,2026-07-17 10:14:00,1090.66,D0238,M027,Bengaluru,1,device_ring,10,0,1,1,-0.45037765857824846,0.8869539643850192,68760.0,0,3,20,device shared by 3 users
T003230,U0107,2026-07-18 14:39:00,1014.27,D0752,M004,Bengaluru,0,,14,0,0,0,-0.6858835408672617,0.8315460665129075,102300.0,0,1,0,
T003250,U0107,2026-07-18 16:27:00,1018.66,D0878,M036,Bengaluru,0,,16,0,0,0,-0.6375375827692402,0.8446306174705103,6480.0,0,1,0,
T003248,U0107,2026-07-19 08:18:00,1486.51,D0878,M010,Bengaluru,0,,8,0,0,0,1.0138984646710116,1.2446386014386603,57060.0,0,1,0,
T003245,U0107,2026-07-19 12:15:00,1012.55,D0752,M036,Bengaluru,0,,12,0,0,0,-0.691102793341827,0.8357699135645088,14220.0,0,1,0,
T003229,U0107,2026-07-21 12:26:00,933.09,D0878,M010,Bengaluru,0,,12,0,0,0,-0.9432008198299611,0.7772745251724014,173460.0,0,1,0,
T003233,U0107,2026-07-21 19:22:00,849.25,D0752,M010,Bengaluru,0,,19,0,0,0,-1.194267224298323,0.7158260513258827,24960.0,0,1,0,
T003251,U0107,2026-07-24 11:47:00,1899.69,D0878,M010,Bengaluru,0,,11,0,0,0,2.563801657457065,1.62431291969214,231900.0,0,1,0,
T003235,U0107,2026-07-24 22:51:00,1372.3,D0752,M010,Bengaluru,0,,22,0,0,0,0.5275093493738862,1.1394965190744692,39840.0,0,1,0,
T003253,U0107,2026-07-25 17:18:00,1406.46,D0752,M004,Bengaluru,0,,17,0,0,0,0.6212513254391907,1.160502994240224,66420.0,0,1,0,
T003240,U0107,2026-07-25 18:08:00,2052.03,D0878,M004,Bengaluru,0,,18,0,0,0,2.6932305655949635,1.6814441041416586,3000.0,1,1,0,
T003238,U0107,2026-07-25 18:23:00,810.75,D0878,M004,Bengaluru,0,,18,0,0,0,-1.2879979538297581,0.645990842470469,900.0,1,1,0,
T003246,U0107,2026-07-26 18:39:00,985.53,D0752,M010,Bengaluru,0,,18,0,0,0,-0.7213017735763076,0.7965315434698753,87360.0,0,1,0,
T003237,U0107,2026-07-30 05:12:00,545.98,D0752,M010,Bengaluru,0,,5,1,0,0,-1.9719959200312622,0.44475608134222316,297180.0,0,1,0,
T003228,U0107,2026-07-30 15:20:00,888.93,D0878,M036,Bengaluru,0,,15,0,0,0,-0.8639126637083219,0.7393276058641416,36480.0,0,1,0,
T003270,U0108,2026-07-01 08:26:00,3684.6,D0549,M023,Ahmedabad,0,,8,0,1,1,0.0,1.0,1000000000.0,0,3,20,device shared by 3 users
T007641,U0108,2026-07-02 11:52:00,7584.58,D0167,M012,Ahmedabad,1,zero_day_drain,11,0,1,1,0.0,1.0,98760.0,0,2,0,
T003267,U0108,2026-07-02 17:43:00,4493.66,D0167,M043,Ahmedabad,0,,17,0,0,1,0.0,1.0,21060.0,0,2,0,
T003268,U0108,2026-07-03 15:48:00,3004.4,D0549,M044,Ahmedabad,0,,15,0,0,1,-1.338776684925311,0.5718005129966807,79500.0,0,3,20,device shared by 3 users
T003256,U0108,2026-07-04 10:00:00,3604.18,D0549,M044,Ahmedabad,0,,10,0,0,0,-0.6210162166843165,0.7681854122890343,65520.0,0,3,20,device shared by 3 users
T007642,U0108,2026-07-04 12:44:00,9024.15,D0167,M059,Ahmedabad,1,zero_day_drain,12,0,0,1,2.7986002298928088,2.016892534757093,9840.0,0,2,0,
T007643,U0108,2026-07-07 13:32:00,6529.65,D0167,M056,Ahmedabad,1,zero_day_drain,13,0,0,1,0.5756014067020585,1.2478798758077243,262080.0,0,2,0,
T003263,U0108,2026-07-07 16:06:00,2466.25,D0549,M040,Ahmedabad,0,,16,0,0,1,-1.3824774229056151,0.4552050059779103,9240.0,0,3,20,device shared by 3 users
T003274,U0108,2026-07-08 19:08:00,7297.27,D0549,M043,Ahmedabad,0,,19,0,0,0,1.0114234535736522,1.4453091206741802,97320.0,0,3,20,device shared by 3 users
T003273,U0108,2026-07-09 20:04:00,5147.03,D0167,M032,Ahmedabad,0,,20,0,0,1,-0.06859785742954448,0.9713670353055603,89760.0,0,2,0,
T003261,U0108,2026-07-10 15:34:00,4640.28,D0549,M044,Ahmedabad,0,,15,0,0,0,-0.3065201369438553,0.8782459305735023,70200.0,0,3,20,device shared by 3 users
T007551,U0108,2026-07-11 02:20:00,39841.35,D0798,M056,Chennai,1,account_takeover,2,1,1,0,17.225706914548514,7.62499945483597,38760.0,0,2,60,new device + amount >3x user avg; odd hour + new device; amount z-score 17.2
T003265,U0108,2026-07-11 11:34:00,3624.6,D0167,M040,Ahmedabad,0,,11,0,0,0,-0.45959595358929134,0.44694165683255715,33240.0,0,2,0,
T003269,U0108,2026-07-13 11:32:00,4870.46,D0167,M040,Ahmedabad,0,,11,0,0,0,-0.3062118932092231,0.627251094607257,172680.0,0,2,0,
T003271,U0108,2026-07-16 09:41:00,4655.1,D0167,M023,Ahmedabad,0,,9,0,0,0,-0.3176559184761865,0.6159142315694881,252540.0,0,2,0,
T003264,U0108,2026-07-18 15:55:00,6132.31,D0167,M043,Ahmedabad,0,,15,0,0,0,-0.13909925358685973,0.8326847265161802,195240.0,0,2,0,
T003260,U0108,2026-07-19 12:38:00,2495.13,D0549,M032,Ahmedabad,0,,12,0,0,0,-0.5584023551633598,0.3423852873465625,74580.0,0,3,20,device shared by 3 users
T003258,U0108,2026-07-19 13:20:00,4589.15,D0167,M044,Ahmedabad,0,,13,0,0,0,-0.28760139436306187,0.6550699020854258,2520.0,1,2,0,
T003257,U0108,2026-07-19 13:39:00,5095.54,D0167,M040,Ahmedabad,0,,13,0,0,0,-0.21698313443608216,0.7415640564021488,1140.0,1,2,0,
T003259,U0108,2026-07-20 13:59:00,5202.99,D0167,M043,Ahmedabad,0,,13,0,0,0,-0.19746241105684167,0.7676428634469827,87600.0,0,2,0,
T003275,U0108,2026-07-20 19:37:00,3336.93,D0549,M032,Ahmedabad,0,,19,0,0,0,-0.43208975758698226,0.49811363670317477,20280.0,0,3,20,device shared by 3 users
T003272,U0108,2026-07-22 13:01:00,3768.69,D0167,M044,Ahmedabad,0,,13,0,0,0,-0.36320804293062925,0.5763378587216852,149040.0,0,2,0,
T003276,U0108,2026-07-24 10:19:00,3354.88,D0549,M023,Ahmedabad,0,,10,0,0,0,-0.4091620916637407,0.5231288490150577,163080.0,0,3,20,device shared by 3 users
T003266,U0108,2026-07-24 19:55:00,3986.99,D0167,M044,Ahmedabad,0,,19,0,0,0,-0.3125617820308795,0.6348570419551708,34560.0,0,2,0,
T003262,U0108,2026-07-29 14:37:00,3755.42,D0167,M043,Ahmedabad,0,,14,0,0,0,-0.3375369304243832,0.607222103063189,412920.0,0,2,0,
T003255,U0108,2026-07-30 02:30:00,4327.73,D0549,M043,Ahmedabad,0,,2,1,0,0,-0.24898742025353066,0.710929661489151,42780.0,0,3,20,device shared by 3 users
T003301,U0109,2026-07-01 12:13:00,4480.73,D0831,M022,Pune,0,,12,0,1,1,0.0,1.0,1000000000.0,0,3,20,device shared by 3 users
T007590,U0109,2026-07-02 11:40:00,5795.82,D0831,M016,Pune,1,zero_day_drain,11,0,0,1,0.0,1.0,84420.0,0,3,20,device shared by 3 users
T003297,U0109,2026-07-02 20:06:00,4711.71,D0831,M022,Pune,0,,20,0,0,0,0.0,1.0,30360.0,0,3,20,device shared by 3 users
T003293,U0109,2026-07-04 15:43:00,5111.46,D0831,M022,Pune,0,,15,0,0,0,0.20124249089202653,1.0230927403801857,157020.0,0,3,20,device shared by 3 users
T003296,U0109,2026-07-04 17:50:00,1363.81,D0831,M001,Pune,0,,17,0,0,1,-7.336857676854943,0.27140875588885643,7620.0,0,3,20,device shared by 3 users
T003294,U0109,2026-07-05 10:04:00,1506.4,D0831,M022,Pune,0,,10,0,0,0,-1.8199834649661053,0.3509208409914583,58440.0,0,3,20,device shared by 3 users
T003309,U0109,2026-07-05 16:32:00,3197.69,D0831,M047,Pune,0,,16,0,0,1,-0.36220233638263527,0.8352720271671863,23280.0,0,3,20,device shared by 3 users
T003287,U0109,2026-07-06 12:36:00,1793.14,D0831,M022,Pune,0,,12,0,0,0,-1.195520114466079,0.47967602696165224,72240.0,0,3,20,device shared by 3 users
T003290,U0109,2026-07-07 16:50:00,2049.49,D0831,M003,Pune,0,,16,0,0,1,-0.8749202701100472,0.5863903554591819,101640.0,0,3,20,device shared by 3 users
T007591,U0109,2026-07-08 13:04:00,8751.42,D0831,M026,Pune,1,zero_day_drain,13,0,0,1,3.338290158308649,2.6245292850402526,72840.0,0,3,35,device shared by 3 users; amount z-score 3.3
T003286,U0109,2026-07-11 08:32:00,4080.46,D0831,M047,Pune,0,,8,0,0,0,0.091265414118374,1.0527049012458172,242880.0,0,3,20,device shared by 3 users
T003298,U0109,2026-07-11 14:32:00,2023.48,D0831,M001,Pune,0,,14,0,0,0,-0.8764328423960752,0.5195418620475929,21600.0,0,3,20,device shared by 3 users
T003295,U0109,2026-07-11 15:53:00,2464.57,D0831,M001,Pune,0,,15,0,0,0,-0.6043019678483835,0.6591872927190727,4860.0,0,3,20,device shared by 3 users
T003305,U0109,2026-07-12 05:55:00,2818.22,D0831,M053,Pune,0,,5,1,0,1,-0.400442734977839,0.7740697371093263,50520.0,0,3,20,device shared by 3 users
T007592,U0109,2026-07-12 21:27:00,5855.37,D0831,M050,Pune,1,zero_day_drain,21,0,0,1,1.141971255905122,1.6346519525471375,55920.0,0,3,20,device shared by 3 users
T003277,U0109,2026-07-14 10:18:00,3178.16,D0831,M022,Pune,0,,10,0,0,0,-0.27700940676728125,0.8512355505215357,132660.0,0,3,20,device shared by 3 users
T003300,U0109,2026-07-15 13:56:00,1595.35,D0831,M003,Pune,0,,13,0,0,0,-1.0809150555778038,0.4313073262919794,99480.0,0,3,20,device shared by 3 users
T003314,U0109,2026-07-16 08:54:00,4276.89,D0831,M053,Pune,0,,8,0,0,0,0.359552002861788,1.196287987545068,68280.0,0,3,20,device shared by 3 users
T003292,U0109,2026-07-17 09:25:00,3924.03,D0831,M003,Pune,0,,9,0,0,0,0.16280519411852515,1.0857496142131475,88260.0,0,3,20,device shared by 3 users
T003282,U0109,2026-07-17 09:58:00,1799.27,D0831,M003,Pune,0,,9,0,0,0,-0.9876383494140168,0.49560774259959606,1980.0,1,3,20,device shared by 3 users
T003302,U0109,2026-07-17 12:35:00,4686.67,D0831,M003,Pune,0,,12,0,0,0,0.620203106920793,1.3243395104898947,9420.0,0,3,20,device shared by 3 users
T007593,U0109,2026-07-17 14:41:00,6074.46,D0831,M018,Pune,1,zero_day_drain,14,0,0,1,1.3612461772081272,1.690387778413719,7560.0,0,3,20,device shared by 3 users
T003310,U0109,2026-07-18 13:36:00,2963.37,D0831,M053,Pune,0,,13,0,0,0,-0.4006929962607805,0.7995494156437554,82500.0,0,3,20,device shared by 3 users
T003281,U0109,2026-07-18 21:44:00,5428.12,D0831,M022,Pune,0,,21,0,0,0,0.963974386413303,1.4774420047960874,29280.0,0,3,20,device shared by 3 users
T003279,U0109,2026-07-19 12:46:00,3371.58,D0831,M053,Pune,0,,12,0,0,0,-0.20683153336927268,0.8997869342553212,54120.0,0,3,20,device shared by 3 users
T003280,U0109,2026-07-20 09:52:00,3913.32,D0831,M022,Pune,0,,9,0,0,0,0.10180694972638829,1.048566440169676,75960.0,0,3,20,device shared by 3 users
T003278,U0109,2026-07-20 11:40:00,5521.36,D0831,M003,Pune,0,,11,0,0,0,1.0207232685996384,1.4766792648089182,6480.0,0,3,20,device shared by 3 users
T003299,U0109,2026-07-20 13:47:00,3296.72,D0831,M001,Pune,0,,13,0,0,0,-0.2910993027119508,0.8664064858894346,7620.0,0,3,20,device shared by 3 users
T003304,U0109,2026-07-20 19:28:00,3503.2,D0831,M001,Pune,0,,19,0,0,0,-0.16519184624716868,0.9250849756033435,20460.0,0,3,20,device shared by 3 users
T003312,U0109,2026-07-21 17:52:00,4993.37,D0831,M001,Pune,0,,17,0,0,0,0.7204064066432335,1.3220071302561407,80640.0,0,3,20,device shared by 3 users
T003308,U0109,2026-07-22 12:39:00,2197.94,D0831,M003,Pune,0,,12,0,0,0,-0.9674484926197489,0.5757304395851423,67620.0,0,3,20,device shared by 3 users
T003313,U0109,2026-07-22 15:11:00,2890.91,D0831,M001,Pune,0,,15,0,0,0,-0.5231282465089074,0.767755229537009,9120.0,0,3,20,device shared by 3 users
T003306,U0109,2026-07-23 18:27:00,5424.89,D0831,M003,Pune,0,,18,0,0,0,1.020850556708163,1.4512512233983224,98160.0,0,3,20,device shared by 3 users
T003288,U0109,2026-07-23 23:06:00,3763.69,D0831,M053,Pune,0,,23,0,0,0,-0.015432025682300649,0.9932694555059381,16740.0,0,3,20,device shared by 3 users
T003283,U0109,2026-07-24 12:13:00,5630.51,D0831,M001,Pune,0,,12,0,0,0,1.131389970950819,1.4862331698832065,47220.0,0,3,20,device shared by 3 users
T003307,U0109,2026-07-24 12:43:00,3415.7,D0831,M022,Pune,0,,12,0,0,0,-0.26035882017719025,0.8892565603224637,1800.0,1,3,20,device shared by 3 users
T003311,U0109,2026-07-25 18:19:00,4093.69,D0831,M001,Pune,0,,18,0,0,0,0.16399278915396445,1.0690557378215013,106560.0,0,3,20,device shared by 3 users
T003289,U0109,2026-07-26 08:33:00,2592.49,D0831,M001,Pune,0,,8,0,0,0,-0.7817947962261709,0.6757603207380677,51240.0,0,3,20,device shared by 3 users
T003303,U0109,2026-07-27 11:34:00,3648.68,D0831,M003,Pune,0,,11,0,0,0,-0.09793365377572638,0.9592525111381239,97260.0,0,3,20,device shared by 3 users
T003291,U0109,2026-07-28 12:09:00,6167.72,D0831,M047,Pune,0,,12,0,0,0,1.5156590192555006,1.6232141110394844,88500.0,0,3,20,device shared by 3 users
T003284,U0109,2026-07-30 13:20:00,3185.38,D0831,M022,Pune,0,,13,0,0,0,-0.42455640141772016,0.825463963382935,177060.0,0,3,20,device shared by 3 users
T003285,U0109,2026-07-30 18:17:00,2892.72,D0831,M022,Pune,0,,18,0,0,0,-0.6047912551403104,0.752828402068779,17820.0,0,3,20,device shared by 3 users
T003337,U0110,2026-07-01 09:24:00,3840.13,D0355,M011,Mumbai,0,,9,0,1,1,0.0,1.0,1000000000.0,0,2,0,
T003336,U0110,2026-07-01 11:28:00,6006.08,D0355,M056,Mumbai,0,,11,0,0,1,0.0,1.0,7440.0,0,2,0,
T003330,U0110,2026-07-04 15:28:00,3511.28,D0144,M011,Mumbai,0,,15,0,1,0,0.0,1.0,273600.0,0,1,0,
T003333,U0110,2026-07-04 18:59:00,5404.71,D0144,M011,Mumbai,0,,18,0,0,0,0.8603904610620512,1.2138605378973457,12660.0,0,1,0,
T003318,U0110,2026-07-05 09:09:00,4042.53,D0144,M011,Mumbai,0,,9,0,0,0,-0.6210799116578108,0.861845625595752,51000.0,0,1,0,
T003316,U0110,2026-07-05 10:53:00,6493.59,D0144,M009,Mumbai,0,,10,0,0,1,1.9953920699464418,1.4237375313314962,6240.0,0,1,0,
T003345,U0110,2026-07-06 20:59:00,5812.03,D0355,M056,Mumbai,0,,20,0,0,0,0.814605954289011,1.1902450376969917,122760.0,0,2,0,
T003342,U0110,2026-07-07 12:35:00,5140.49,D0355,M021,Mumbai,0,,12,0,0,1,0.11290294234415948,1.0248667413690244,56160.0,0,2,0,
T003327,U0110,2026-07-09 11:27:00,2433.28,D0355,M009,Mumbai,0,,11,0,0,0,-2.5121825472376678,0.48362319882345356,168720.0,0,2,0,
T003324,U0110,2026-07-09 13:34:00,4565.78,D0355,M016,Mumbai,0,,13,0,0,1,-0.13909842529371821,0.9627004139088657,7620.0,0,2,0,
T003343,U0110,2026-07-10 11:08:00,2513.12,D0355,M056,Mumbai,0,,11,0,0,0,-1.8315255665585497,0.5318783742331987,77640.0,0,2,0,
T003323,U0110,2026-07-11 13:20:00,4181.11,D0144,M011,Mumbai,0,,13,0,0,0,-0.26061188394900525,0.9242246549713728,94320.0,0,1,0,
T003325,U0110,2026-07-12 13:21:00,5221.42,D0355,M016,Mumbai,0,,13,0,0,0,0.5749140879687917,1.161517295506699,86460.0,0,2,0,
T003344,U0110,2026-07-13 10:16:00,4378.75,D0144,M011,Mumbai,0,,10,0,0,0,-0.14034713910553356,0.96210970721125,75300.0,0,1,0,
T003331,U0110,2026-07-15 10:02:00,3610.95,D0144,M016,Mumbai,0,,10,0,0,0,-0.7831620591110472,0.7955599477665527,171960.0,0,1,0,
T003329,U0110,2026-07-17 05:41:00,2720.92,D0144,M056,Mumbai,0,,5,1,0,0,-1.5037124814497873,0.6077529305733164,157140.0,0,1,0,
T003339,U0110,2026-07-18 14:22:00,5887.77,D0144,M021,Mumbai,0,,14,0,0,0,1.2586812559812557,1.3481608963174345,117660.0,0,1,0,
T003320,U0110,2026-07-19 13:51:00,2910.62,D0144,M009,Mumbai,0,,13,0,0,0,-1.261755955185591,0.6530882632146308,84540.0,0,1,0,
T003334,U0110,2026-07-21 11:11:00,6116.26,D0355,M021,Mumbai,0,,11,0,0,0,1.4049432304703227,1.3993428113841606,163200.0,0,2,0,
T003335,U0110,2026-07-22 13:15:00,2845.05,D0355,M021,Mumbai,0,,13,0,0,0,-1.2732303309054405,0.6375212551062379,93840.0,0,2,0,
T003319,U0110,2026-07-23 13:46:00,2591.48,D0355,M056,Mumbai,0,,13,0,0,0,-1.3905045996526597,0.5914199287137972,88260.0,0,2,0,
T003340,U0110,2026-07-23 21:05:00,5510.76,D0355,M011,Mumbai,0,,21,0,0,0,0.9247187278657453,1.2826039994864675,26340.0,0,2,0,
T003326,U0110,2026-07-25 14:43:00,5127.27,D0355,M009,Mumbai,0,,14,0,0,0,0.5931121172745389,1.17821356588384,149880.0,0,2,0,
T003328,U0110,2026-07-25 16:15:00,3621.5,D0144,M016,Mumbai,0,,16,0,0,0,-0.5928652913569259,0.8257987029940961,5520.0,0,1,0,
T003332,U0110,2026-07-26 14:39:00,1547.11,D0144,M056,Mumbai,0,,14,0,0,0,-2.2087242713815707,0.3553617448570702,80640.0,0,1,0,
T003315,U0110,2026-07-27 09:14:00,6394.07,D0144,M011,Mumbai,0,,9,0,0,0,1.581669647699137,1.5075519648210087,66900.0,0,1,0,
T003341,U0110,2026-07-27 15:46:00,4841.05,D0144,M011,Mumbai,0,,15,0,0,0,0.3699130523804329,1.1195363503638864,23520.0,0,1,0,
T003317,U0110,2026-07-29 02:21:00,1296.96,D0144,M016,Mumbai,0,,2,1,0,0,-2.216022714166636,0.2986116292000296,124500.0,0,1,0,
T003338,U0110,2026-07-29 14:12:00,4564.77,D0355,M056,Mumbai,0,,14,0,0,0,0.22566740570754365,1.0779944040467575,42660.0,0,2,0,
T003322,U0110,2026-07-29 14:36:00,3906.46,D0355,M009,Mumbai,0,,14,0,0,0,-0.23582700678873197,0.9200565834953968,1440.0,1,2,0,
T003321,U0110,2026-07-29 16:45:00,2305.29,D0355,M056,Mumbai,0,,16,0,0,0,-1.3620661648691423,0.5443968030150836,7740.0,0,2,0,
T003351,U0111,2026-07-01 10:14:00,2362.88,D0309,M050,Delhi,0,,10,0,1,1,0.0,1.0,1000000000.0,0,1,0,
T003361,U0111,2026-07-03 08:53:00,3221.94,D0309,M050,Delhi,0,,8,0,0,0,0.0,1.0,167940.0,0,1,0,
T003348,U0111,2026-07-04 08:12:00,3287.01,D0309,M039,Delhi,0,,8,0,0,1,0.0,1.0,83940.0,0,1,0,
T003354,U0111,2026-07-06 13:05:00,3098.52,D0309,M050,Delhi,0,,13,0,0,0,0.33538286694796865,1.047761284521538,190380.0,0,1,0,
T003349,U0111,2026-07-08 10:10:00,3493.47,D0309,M050,Delhi,0,,10,0,0,0,1.354428704673441,1.1673743871591475,162300.0,0,1,0,
T003347,U0111,2026-07-09 10:36:00,5545.82,D0309,M039,Delhi,0,,10,0,0,0,6.343298009174473,1.793159774947859,87960.0,0,1,15,amount z-score 6.3
T003360,U0111,2026-07-10 16:36:00,2779.33,D0309,M050,Delhi,0,,16,0,0,0,-0.7370223259264401,0.793729925654967,108000.0,0,1,0,
T003364,U0111,2026-07-11 11:24:00,4973.06,D0309,M039,Delhi,0,,11,0,0,0,1.6718669190200257,1.463342884948638,67680.0,0,1,0,
T003353,U0111,2026-07-13 09:16:00,5272.18,D0309,M042,Delhi,0,,9,0,0,1,1.638560260329756,1.4664277865042412,165120.0,0,1,0,
T003356,U0111,2026-07-13 16:41:00,3945.48,D0309,M052,Delhi,0,,16,0,0,1,0.14907875084266412,1.043341978280381,26700.0,0,1,0,
T003350,U0111,2026-07-18 14:09:00,2539.8,D0309,M039,Delhi,0,,14,0,0,0,-1.204951343261198,0.6687258372386068,422880.0,0,1,0,
T003352,U0111,2026-07-18 18:56:00,3815.23,D0309,M050,Delhi,0,,18,0,0,0,0.12427768117201238,1.035736875972696,17220.0,0,1,0,
T003363,U0111,2026-07-20 14:29:00,5342.14,D0309,M052,Delhi,0,,14,0,0,0,1.6235540589793083,1.445947554933213,156780.0,0,1,0,
T003358,U0111,2026-07-20 17:10:00,3752.45,D0309,M050,Delhi,0,,17,0,0,0,-0.0643866276867153,0.9819833618154249,9660.0,0,1,0,
T003362,U0111,2026-07-22 21:39:00,2602.9,D0309,M042,Delhi,0,,21,0,0,0,-1.1775288629087652,0.6820338872138069,188940.0,0,1,0,
T003355,U0111,2026-07-23 12:06:00,3483.21,D0309,M038,Delhi,0,,12,0,0,1,-0.24243153159096018,0.9324663436622078,52020.0,0,1,0,
T003357,U0111,2026-07-26 19:56:00,4285.63,D0309,M042,Delhi,0,,19,0,0,0,0.5606511119942987,1.152139730872533,287400.0,0,1,0,
T003346,U0111,2026-07-26 20:35:00,4027.8,D0309,M042,Delhi,0,,20,0,0,0,0.2780601112537304,1.07322058150697,2340.0,1,1,0,
T003359,U0111,2026-07-27 12:04:00,3592.07,D0309,M038,Delhi,0,,12,0,0,0,-0.18306789979295066,0.9532412827704092,55740.0,0,1,0,
T003367,U0112,2026-07-01 10:40:00,1383.43,D0854,M045,Jaipur,0,,10,0,1,1,0.0,1.0,1000000000.0,0,2,0,
T003374,U0112,2026-07-02 20:19:00,462.5,D0854,M053,Jaipur,0,,20,0,0,1,0.0,1.0,121140.0,0,2,0,
T003372,U0112,2026-07-03 13:26:00,1719.77,D0704,M052,Jaipur,0,,13,0,1,1,0.0,1.0,61620.0,0,1,0,
T003373,U0112,2026-07-03 14:25:00,552.87,D0704,M045,Jaipur,0,,14,0,0,0,-1.1961522082924638,0.4651569112949853,3540.0,1,1,0,
T003396,U0112,2026-07-03 14:34:00,1177.41,D0854,M006,Jaipur,0,,14,0,0,1,0.27553938997234445,1.143513402813585,540.0,1,2,0,
T003377,U0112,2026-07-03 15:43:00,860.57,D0854,M042,Jaipur,0,,15,0,0,1,-0.41098257044803654,0.8124747442281932,4140.0,0,2,0,
T003399,U0112,2026-07-04 19:48:00,1077.95,D0854,M053,Jaipur,0,,19,0,0,0,0.11592257254279179,1.0505396681090486,101100.0,0,2,0,
T003365,U0112,2026-07-05 11:14:00,595.41,D0854,M045,Jaipur,0,,11,0,0,0,-1.0567438469173833,0.576110304232114,55560.0,0,2,0,
T003371,U0112,2026-07-06 15:54:00,736.82,D0704,M042,Jaipur,0,,15,0,0,0,-0.5843834022561387,0.7528260214967212,103200.0,0,1,0,
T003384,U0112,2026-07-07 10:46:00,1358.75,D0854,M052,Jaipur,0,,10,0,0,0,1.0232827660196526,1.4274699899673238,67920.0,0,2,0,
T003380,U0112,2026-07-07 11:53:00,946.22,D0704,M042,Jaipur,0,,11,0,0,0,-0.11684643380714033,0.9533241707672333,4020.0,0,1,0,
T003392,U0112,2026-07-07 18:39:00,1114.1,D0854,M045,Jaipur,0,,18,0,0,0,0.33247116488799555,1.1272478073898538,24360.0,0,2,0,
T003385,U0112,2026-07-07 21:20:00,1178.45,D0854,M052,Jaipur,0,,21,0,0,0,0.49372944609694586,1.1798461500977697,9660.0,0,2,0,
T003397,U0112,2026-07-08 18:39:00,1579.24,D0704,M052,Jaipur,0,,18,0,0,0,1.6059415419828686,1.5595358626375246,76740.0,0,1,0,
T003400,U0112,2026-07-10 08:17:00,1259.59,D0854,M053,Jaipur,0,,8,0,0,0,0.5580988147389829,1.1960709427181084,135480.0,0,2,0,
T003381,U0112,2026-07-10 14:55:00,1419.92,D0854,M052,Jaipur,0,,14,0,0,0,0.9776380337595424,1.3309187968838634,23880.0,0,2,0,
T003378,U0112,2026-07-13 09:57:00,707.16,D0854,M045,Jaipur,0,,9,0,0,0,-1.0606453180847968,0.649403661229957,241320.0,0,2,0,
T003369,U0112,2026-07-13 15:05:00,836.54,D0704,M045,Jaipur,0,,15,0,0,0,-0.6377121278686005,0.7843935181303038,18480.0,0,1,0,
T003376,U0112,2026-07-13 17:08:00,811.36,D0704,M045,Jaipur,0,,17,0,0,0,-0.6839204036019703,0.7700063788713842,7380.0,0,1,0,
T003402,U0112,2026-07-15 10:02:00,935.81,D0854,M052,Jaipur,0,,10,0,0,0,-0.3011619828118191,0.8989956539174762,147240.0,0,2,0,
T003388,U0112,2026-07-15 13:48:00,771.78,D0854,M052,Jaipur,0,,13,0,0,0,-0.7738330673704643,0.745181850861107,13560.0,0,2,0,
T003386,U0112,2026-07-17 09:29:00,1181.21,D0704,M052,Jaipur,0,,9,0,0,0,0.46834121578112714,1.154510567553473,157260.0,0,1,0,
T003401,U0112,2026-07-20 13:30:00,475.23,D0854,M052,Jaipur,0,,13,0,0,0,-1.6748634688405784,0.4612487124309467,273660.0,0,2,0,
T003368,U0112,2026-07-20 15:24:00,588.72,D0854,M052,Jaipur,0,,15,0,0,0,-1.215900867347461,0.5851053205022787,6840.0,0,2,0,
T003383,U0112,2026-07-20 15:54:00,1215.71,D0854,M006,Jaipur,0,,15,0,0,0,0.6552867977107305,1.2295003824349862,1800.0,1,2,0,
T003387,U0112,2026-07-20 17:25:00,1146.65,D0704,M006,Jaipur,0,,17,0,0,0,0.43479487356188967,1.149108171050403,5460.0,0,1,0,
T003382,U0112,2026-07-22 06:51:00,470.25,D0704,M052,Jaipur,0,,6,0,0,0,-1.5836358989889203,0.46857089375561334,134760.0,0,1,0,
T003393,U0112,2026-07-22 10:10:00,1618.82,D0704,M053,Jaipur,0,,10,0,0,0,1.8379388479847576,1.6454259261636301,11940.0,0,1,0,
T003375,U0112,2026-07-23 13:19:00,1302.51,D0704,M006,Jaipur,0,,13,0,0,0,0.8241791408163822,1.2940873388263514,97740.0,0,1,0,
T003394,U0112,2026-07-23 15:52:00,1108.41,D0854,M052,Jaipur,0,,15,0,0,0,0.25684042646667604,1.0901869599838758,9180.0,0,2,0,
T003395,U0112,2026-07-24 09:24:00,1457.99,D0704,M045,Jaipur,0,,9,0,0,0,1.2470821333923054,1.4297215441983882,63120.0,0,1,0,
T003389,U0112,2026-07-24 21:22:00,960.38,D0854,M006,Jaipur,0,,21,0,0,0,-0.20756244084652276,0.928883362101036,43080.0,0,2,0,
T003379,U0112,2026-07-25 08:50:00,1555.66,D0854,M045,Jaipur,0,,8,0,0,0,1.5020005476573692,1.5079919031848648,41280.0,0,2,0,
T003370,U0112,2026-07-26 12:03:00,1295.83,D0704,M045,Jaipur,0,,12,0,0,0,0.6993033983103156,1.2370803053177404,97980.0,0,1,0,
T003366,U0112,2026-07-27 13:46:00,1492.71,D0704,M053,Jaipur,0,,13,0,0,0,1.2427724636279245,1.4151663733808344,92580.0,0,1,0,
T003391,U0112,2026-07-27 21:48:00,1075.44,D0854,M045,Jaipur,0,,21,0,0,0,0.022918850839173603,1.0076205167114463,28920.0,0,2,0,
T003390,U0112,2026-07-29 15:51:00,1007.84,D0704,M042,Jaipur,0,,15,0,0,0,-0.17058977997658276,0.9440836686994691,151380.0,0,1,0,
T003398,U0112,2026-07-29 17:31:00,1752.06,D0854,M052,Jaipur,0,,17,0,0,0,1.9871258939706276,1.6437080935647925,6000.0,0,2,0,
T003438,U0113,2026-07-01 13:34:00,1958.07,D0021,M021,Chennai,0,,13,0,1,1,0.0,1.0,1000000000.0,0,2,0,
T003430,U0113,2026-07-02 08:41:00,1615.92,D0021,M038,Chennai,0,,8,0,0,1,0.0,1.0,68820.0,0,2,0,
T003413,U0113,2026-07-02 12:02:00,1233.12,D0021,M021,Chennai,0,,12,0,0,0,0.0,1.0,12060.0,0,2,0,
T003427,U0113,2026-07-02 14:56:00,2132.44,D0021,M054,Chennai,0,,14,0,0,1,1.7900836755802207,1.3308037461193085,10440.0,0,2,0,
T003431,U0113,2026-07-03 11:47:00,1422.18,D0021,M055,Chennai,0,,11,0,0,1,-0.9086128447372956,0.81975344175357,75060.0,0,2,0,
T003424,U0113,2026-07-04 04:21:00,1363.17,D0410,M038,Chennai,0,,4,1,1,0,-0.9305010603051004,0.8151243816679536,59640.0,0,2,20,odd hour + new device
T003406,U0113,2026-07-05 12:07:00,2081.05,D0021,M055,Chennai,0,,12,0,0,0,1.4184329883549374,1.2839515051359183,114360.0,0,2,0,
T003415,U0113,2026-07-05 18:34:00,1538.95,D0021,M055,Chennai,0,,18,0,0,0,-0.4330839792590767,0.912476335543744,23220.0,0,2,0,
T003433,U0113,2026-07-05 23:16:00,2823.12,D0021,M042,Chennai,0,,23,0,0,1,3.580900111001908,1.6924038386545248,16920.0,0,2,15,amount z-score 3.6
T003403,U0113,2026-07-06 14:05:00,2670.48,D0410,M042,Chennai,0,,14,0,0,0,1.8457684726993009,1.4865345284469704,53340.0,0,2,0,
T003425,U0113,2026-07-06 15:28:00,2325.55,D0021,M038,Chennai,0,,15,0,0,0,0.8491644703814472,1.2344666500865427,4980.0,0,2,0,
T003412,U0113,2026-07-07 20:54:00,1945.91,D0410,M055,Chennai,0,,20,0,0,0,0.04278835095738771,1.0113853439618012,105960.0,0,2,0,
T003443,U0113,2026-07-09 06:50:00,889.13,D0410,M053,Chennai,0,,6,0,0,1,-2.1148887703944492,0.4616866491529955,122160.0,0,2,0,
T003437,U0113,2026-07-09 11:53:00,1586.62,D0021,M055,Chennai,0,,11,0,0,0,-0.4752075431662538,0.8594517537467931,18180.0,0,2,0,
T003407,U0113,2026-07-10 13:48:00,2050.71,D0021,M055,Chennai,0,,13,0,0,0,0.4207645163267528,1.122108395049052,93300.0,0,2,0,
T003405,U0113,2026-07-10 14:38:00,2360.35,D0021,M042,Chennai,0,,14,0,0,0,1.004898427324908,1.2811084062546225,3000.0,1,2,0,
T003440,U0113,2026-07-10 15:21:00,1694.53,D0410,M042,Chennai,0,,15,0,0,0,-0.35034928241073565,0.9038466470069428,2580.0,1,2,0,
T003421,U0113,2026-07-10 17:33:00,3218.0,D0021,M038,Chennai,0,,17,0,0,0,2.7023458375413254,1.726215080184604,7920.0,0,2,0,
T003423,U0113,2026-07-10 18:14:00,1727.23,D0410,M042,Chennai,0,,18,0,0,0,-0.36757394690739814,0.8905976339820403,2460.0,1,2,0,
T003420,U0113,2026-07-11 07:08:00,1387.69,D0410,M053,Chennai,0,,7,0,0,0,-0.9587068638124541,0.7196672279368794,46440.0,0,2,0,
T003426,U0113,2026-07-13 12:42:00,1058.22,D0021,M046,Chennai,0,,12,0,0,1,-1.4998770953769627,0.5566031331837427,192840.0,0,2,0,
T003414,U0113,2026-07-14 12:19:00,2552.57,D0021,M038,Chennai,0,,12,0,0,0,1.1981800342691376,1.371561498493881,85020.0,0,2,0,
T003411,U0113,2026-07-14 21:53:00,3261.16,D0021,M042,Chennai,0,,21,0,0,0,2.3517930063535495,1.7232016988128391,34440.0,0,2,0,
T003428,U0113,2026-07-17 07:17:00,2251.04,D0021,M021,Chennai,0,,7,0,0,0,0.47171614663690564,1.1531923541245626,206640.0,0,2,0,
T003418,U0113,2026-07-17 11:40:00,1562.58,D0021,M021,Chennai,0,,11,0,0,0,-0.6446202402777284,0.7954218283735108,15780.0,0,2,0,
T003419,U0113,2026-07-17 14:39:00,2141.44,D0021,M055,Chennai,0,,14,0,0,0,0.31343742704575644,1.0990809028846764,10740.0,0,2,0,
T003432,U0113,2026-07-18 13:52:00,2502.21,D0410,M055,Chennai,0,,13,0,0,0,0.9030002051546665,1.279368462999546,83580.0,0,2,0,
T003408,U0113,2026-07-18 23:57:00,2879.46,D0410,M021,Chennai,0,,23,0,0,0,1.4989943936043466,1.457177268432105,36300.0,0,2,0,
T003404,U0113,2026-07-19 09:47:00,2467.15,D0021,M046,Chennai,0,,9,0,0,0,0.7459430315077842,1.228465897465771,35400.0,0,2,0,
T003434,U0113,2026-07-19 11:15:00,1552.47,D0021,M053,Chennai,0,,11,0,0,0,-0.7730057964623761,0.7669777108836814,5280.0,0,2,0,
T003435,U0113,2026-07-20 10:30:00,1813.43,D0021,M053,Chennai,0,,10,0,0,0,-0.3218327440299385,0.9029149315731947,83700.0,0,2,0,
T003439,U0113,2026-07-21 13:25:00,1660.63,D0410,M021,Chennai,0,,13,0,0,0,-0.5720146571415692,0.8294327239700284,96900.0,0,2,0,
T003436,U0113,2026-07-23 07:49:00,1649.07,D0410,M053,Chennai,0,,7,0,0,0,-0.5797227381930236,0.8280726813442941,152640.0,0,2,0,
T003410,U0113,2026-07-23 15:41:00,2072.99,D0021,M038,Chennai,0,,15,0,0,0,0.15723449942715423,1.0463937255762503,28320.0,0,2,0,
T003417,U0113,2026-07-24 10:29:00,1817.73,D0410,M021,Chennai,0,,10,0,0,0,-0.28824333166725175,0.9162945311995317,67680.0,0,2,0,
T003429,U0113,2026-07-24 15:21:00,2536.71,D0410,M053,Chennai,0,,15,0,0,0,0.9809995555085336,1.281788694212464,17520.0,0,2,0,
T003409,U0113,2026-07-25 22:12:00,1669.4,D0410,M055,Chennai,0,,22,0,0,0,-0.5724486513163847,0.8369891649476372,111060.0,0,2,0,
T003416,U0113,2026-07-26 15:49:00,2406.8,D0021,M053,Chennai,0,,15,0,0,0,0.7482652278281045,1.212040208186174,63420.0,0,2,0,
T003422,U0113,2026-07-26 20:33:00,1666.37,D0410,M054,Chennai,0,,20,0,0,0,-0.5907980485727655,0.8345105537149087,17040.0,0,2,0,
T003441,U0113,2026-07-27 14:28:00,1459.04,D0410,M038,Chennai,0,,14,0,0,0,-0.9544319516533412,0.7337943517319414,64500.0,0,2,0,
T003442,U0113,2026-07-28 17:14:00,1430.61,D0410,M054,Chennai,0,,17,0,0,0,-0.9832104693418388,0.7243164927427389,96360.0,0,2,0,
T003444,U0113,2026-07-29 15:03:00,1332.39,D0410,M046,Chennai,0,,15,0,0,0,-1.1373736061441881,0.6791544256334553,78540.0,0,2,0,
T003461,U0114,2026-07-02 13:50:00,723.16,D0541,M053,Hyderabad,0,,13,0,1,1,0.0,1.0,1000000000.0,0,1,0,
T003454,U0114,2026-07-04 14:17:00,1050.21,D0541,M029,Hyderabad,0,,14,0,0,1,0.0,1.0,174420.0,0,1,0,
T003450,U0114,2026-07-04 15:08:00,505.83,D0541,M028,Hyderabad,0,,15,0,0,1,0.0,1.0,3060.0,1,1,0,
T003459,U0114,2026-07-05 16:58:00,649.3,D0541,M012,Hyderabad,0,,16,0,0,1,-0.4935748405373446,0.854641978517056,93000.0,0,1,0,
T003446,U0114,2026-07-05 17:11:00,280.79,D0541,M028,Hyderabad,0,,17,0,0,0,-2.261430078708567,0.3835274025835378,780.0,1,1,0,
T003447,U0114,2026-07-06 11:11:00,850.03,D0541,M053,Hyderabad,0,,11,0,0,0,0.8199428478527263,1.3243271855701306,64800.0,0,1,0,
T003458,U0114,2026-07-06 21:48:00,308.2,D0541,M028,Hyderabad,0,,21,0,0,0,-1.5071418623038626,0.45554427767870836,38220.0,0,1,0,
T003460,U0114,2026-07-08 20:37:00,740.48,D0541,M012,Hyderabad,0,,20,0,0,0,0.44755297122764814,1.1867970820265097,168540.0,0,1,0,
T003445,U0114,2026-07-10 10:34:00,770.22,D0541,M029,Hyderabad,0,,10,0,0,0,0.5340909407534805,1.2062960043754174,136620.0,0,1,0,
T003463,U0114,2026-07-10 11:24:00,836.54,D0541,M012,Hyderabad,0,,11,0,0,0,0.776558159100535,1.2808060924008875,3000.0,1,1,0,
T003466,U0114,2026-07-10 12:49:00,1007.37,D0541,M028,Hyderabad,0,,12,0,0,0,1.4558943816259706,1.5002323217803282,5100.0,0,1,0,
T003448,U0114,2026-07-10 15:12:00,820.05,D0541,M004,Hyderabad,0,,15,0,0,1,0.49133992151276185,1.1681427257959176,8580.0,0,1,0,
T003451,U0114,2026-07-13 17:45:00,468.83,D0541,M029,Hyderabad,0,,17,0,0,0,-1.0460866820590558,0.6586093938662831,268380.0,0,1,0,
T003464,U0114,2026-07-14 09:55:00,478.54,D0541,M012,Hyderabad,0,,9,0,0,0,-0.9234618183158722,0.6903798787289174,58200.0,0,1,0,
T003465,U0114,2026-07-14 11:19:00,974.45,D0541,M029,Hyderabad,0,,11,0,0,0,1.285937497927654,1.4376129510749633,5040.0,0,1,0,
T003449,U0114,2026-07-15 13:10:00,381.43,D0541,M053,Hyderabad,0,,13,0,0,0,-1.3464972953142305,0.5467746551795087,93060.0,0,1,0,
T003457,U0114,2026-07-16 13:43:00,882.95,D0541,M012,Hyderabad,0,,13,0,0,0,0.8550236610223477,1.3025947315282551,88380.0,0,1,0,
T003462,U0114,2026-07-18 10:31:00,344.2,D0541,M053,Hyderabad,0,,10,0,0,0,-1.4545102292357655,0.4989094820869155,161280.0,0,1,0,
T003452,U0114,2026-07-19 13:16:00,656.59,D0541,M028,Hyderabad,0,,13,0,0,0,-0.057781105994164896,0.9789638985518132,96300.0,0,1,0,
T003453,U0114,2026-07-21 08:51:00,583.99,D0541,M029,Hyderabad,0,,8,0,0,0,-0.36167937735446826,0.8716836984216573,156900.0,0,1,0,
T003455,U0114,2026-07-22 15:09:00,616.82,D0541,M029,Hyderabad,0,,15,0,0,0,-0.21012409260717674,0.9266319928151813,109080.0,0,1,0,
T003456,U0114,2026-07-24 15:57:00,1149.96,D0541,M012,Hyderabad,0,,15,0,0,0,2.143153683811504,1.7336105266191464,175680.0,0,1,0,
T003467,U0114,2026-07-30 18:15:00,468.45,D0541,M004,Hyderabad,0,,18,0,0,0,-0.8897098947960264,0.6834178375354812,526680.0,0,1,0,
T003470,U0115,2026-07-02 10:12:00,1119.71,D0277,M003,Bengaluru,0,,10,0,1,1,0.0,1.0,1000000000.0,0,1,0,
T003479,U0115,2026-07-02 10:39:00,1760.93,D0277,M056,Bengaluru,0,,10,0,0,1,0.0,1.0,1620.0,1,1,0,
T003472,U0115,2026-07-03 08:25:00,1163.82,D0277,M043,Bengaluru,0,,8,0,0,1,0.0,1.0,78360.0,0,1,0,
T003474,U0115,2026-07-03 15:05:00,1354.91,D0277,M015,Bengaluru,0,,15,0,0,1,0.023105073536130578,1.0050117931652098,24000.0,0,1,0,
T007584,U0115,2026-07-04 16:04:00,4091.28,D0402,M027,Bengaluru,1,device_ring,16,0,1,1,10.824144953881518,3.0309313841941328,89940.0,0,6,60,new device + amount >3x user avg; device shared by 6 users; amount z-score 10.8
T003473,U0115,2026-07-05 10:58:00,621.46,D0277,M020,Bengaluru,0,,10,0,0,1,-1.14015958396655,0.32740644722573986,68040.0,0,1,0,
T003471,U0115,2026-07-05 13:30:00,1037.86,D0277,M020,Bengaluru,0,,13,0,0,0,-0.5742844605922293,0.6158121298428445,9120.0,0,1,0,
T003482,U0115,2026-07-08 15:53:00,675.74,D0277,M003,Bengaluru,0,,15,0,0,0,-0.8586020829699518,0.4242325313010144,267780.0,0,1,0,
T003468,U0115,2026-07-09 09:33:00,1297.62,D0277,M056,Bengaluru,0,,9,0,0,0,-0.17295246715294654,0.877829744935176,63600.0,0,1,0,
T003480,U0115,2026-07-09 16:19:00,1533.74,D0277,M056,Bengaluru,0,,16,0,0,0,0.07665789715151941,1.051841262128852,24360.0,0,1,0,
T003475,U0115,2026-07-10 12:46:00,1967.47,D0277,M056,Bengaluru,0,,12,0,0,0,0.5362034449704148,1.3423351315492555,73620.0,0,1,0,
T003481,U0115,2026-07-11 21:50:00,1458.13,D0277,M056,Bengaluru,0,,21,0,0,0,-0.058853098646188005,0.9648044390634056,119040.0,0,1,0,
T003469,U0115,2026-07-19 10:03:00,718.63,D0277,M020,Bengaluru,0,,10,0,0,0,-0.9108044419271076,0.47689638721921274,648780.0,0,1,0,
T003477,U0115,2026-07-21 13:43:00,1692.03,D0277,M003,Bengaluru,0,,13,0,0,0,0.28657897651048847,1.1699398437762696,186000.0,0,1,0,
T007407,U0115,2026-07-21 16:00:00,90.82,D0277,M016,Bengaluru,1,velocity_burst,16,0,0,1,-1.6565095924350626,0.062043601461128535,8220.0,0,1,0,
T007408,U0115,2026-07-21 16:01:00,96.63,D0277,M008,Bengaluru,1,velocity_burst,16,0,0,1,-1.4647327368498826,0.07041582960402845,60.0,1,1,0,
T007409,U0115,2026-07-21 16:04:00,121.67,D0277,M052,Bengaluru,1,velocity_burst,16,0,0,1,-1.3038585860528946,0.09413184601808493,180.0,2,1,0,
T007411,U0115,2026-07-21 16:04:00,33.37,D0277,M015,Bengaluru,1,velocity_burst,16,0,0,0,-1.3026983615199241,0.027270345537972886,0.0,3,1,10,rapid repeat transactions
T007412,U0115,2026-07-21 16:05:00,94.19,D0277,M019,Bengaluru,1,velocity_burst,16,0,0,1,-1.1447546020158577,0.081370447553076,60.0,4,1,0,
T007410,U0115,2026-07-21 16:06:00,79.55,D0277,M013,Bengaluru,1,velocity_burst,16,0,0,1,-1.0933387723414052,0.0722144900374116,60.0,5,1,30,5 txns in last 1h (velocity)
T007413,U0115,2026-07-21 16:12:00,144.39,D0277,M052,Bengaluru,1,velocity_burst,16,0,0,0,-0.9660379783211792,0.1374517123276721,360.0,6,1,30,6 txns in last 1h (velocity)
T003476,U0115,2026-07-24 11:28:00,1276.11,D0277,M043,Bengaluru,0,,11,0,0,0,0.2873242217363633,1.266822979793217,242160.0,0,1,0,
T003478,U0115,2026-07-26 15:17:00,1326.14,D0277,M002,Bengaluru,0,,15,0,0,1,0.3348310773306622,1.3007134163432605,186540.0,0,1,0,
T003483,U0116,2026-07-01 18:13:00,4285.74,D0182,M004,Ahmedabad,0,,18,0,1,1,0.0,1.0,1000000000.0,0,2,0,
T003495,U0116,2026-07-02 14:02:00,2296.3,D0182,M011,Ahmedabad,0,,14,0,0,1,0.0,1.0,71340.0,0,2,0,
T003511,U0116,2026-07-02 16:06:00,3865.15,D0182,M030,Ahmedabad,0,,16,0,0,1,0.0,1.0,7440.0,0,2,0,
T003510,U0116,2026-07-03 10:02:00,2700.61,D0182,M059,Ahmedabad,0,,10,0,0,1,-0.913202912037364,0.7755032690774735,64560.0,0,2,0,
T007547,U0116,2026-07-04 04:41:00,19869.29,D0722,M028,Pune,1,account_takeover,4,1,1,1,20.34574513383315,6.044901806828548,67140.0,0,1,60,new device + amount >3x user avg; odd hour + new device; amount z-score 20.3
T003497,U0116,2026-07-04 10:22:00,2806.05,D0182,M027,Ahmedabad,0,,10,0,0,1,-0.5690752808029055,0.42493902393806676,20460.0,0,2,0,
T003499,U0116,2026-07-04 12:42:00,2309.99,D0182,M011,Ahmedabad,0,,12,0,0,0,-0.5853383558525065,0.3868990824835177,8400.0,0,2,0,
T003484,U0116,2026-07-04 20:15:00,3676.42,D0182,M004,Ahmedabad,0,,20,0,0,0,-0.29868934052078644,0.6748709060933602,27180.0,0,2,0,
T003505,U0116,2026-07-07 12:03:00,1988.28,D0182,M059,Ahmedabad,0,,12,0,0,0,-0.580513764324401,0.38044513746157127,229680.0,0,2,0,
T003514,U0116,2026-07-09 15:04:00,2578.44,D0182,M016,Ahmedabad,0,,15,0,0,1,-0.42716380668368686,0.5298426884444142,183660.0,0,2,0,
T003500,U0116,2026-07-11 13:44:00,3671.43,D0182,M027,Ahmedabad,0,,13,0,0,0,-0.1884339071111244,0.7916613386993688,168000.0,0,2,0,
T003501,U0116,2026-07-12 20:15:00,2945.15,D0182,M030,Ahmedabad,0,,20,0,0,0,-0.3276934507595819,0.6473154609078844,109860.0,0,2,0,
T003493,U0116,2026-07-14 11:12:00,2898.05,D0182,M027,Ahmedabad,0,,11,0,0,0,-0.32234979370270944,0.6562507959493589,140220.0,0,2,0,
T003504,U0116,2026-07-15 11:11:00,3083.96,D0182,M027,Ahmedabad,0,,11,0,0,0,-0.2675467903166134,0.7173167723310032,86340.0,0,2,0,
T003491,U0116,2026-07-15 14:14:00,3529.84,D0182,M016,Ahmedabad,0,,14,0,0,0,-0.1555553511446166,0.837946202640731,10980.0,0,2,0,
T003494,U0116,2026-07-16 13:05:00,1902.34,D0182,M011,Ahmedabad,0,,13,0,0,0,-0.533725109031113,0.45652726903980156,82260.0,0,2,0,
T003487,U0116,2026-07-18 13:17:00,2148.58,D0182,M059,Ahmedabad,0,,13,0,0,0,-0.45282734473724306,0.5337503476554736,173520.0,0,2,0,
T007581,U0116,2026-07-19 10:24:00,5180.04,D0629,M048,Ahmedabad,1,device_ring,10,0,1,1,0.3127183966792471,1.3231141108370272,76020.0,0,5,20,device shared by 5 users
T003512,U0116,2026-07-19 19:14:00,1247.49,D0182,M011,Ahmedabad,0,,19,0,0,0,-0.6945484219592327,0.31302172440269754,31800.0,0,2,0,
T003507,U0116,2026-07-20 14:13:00,2187.95,D0182,M059,Ahmedabad,0,,14,0,0,0,-0.4255361410108568,0.5695979138907767,68340.0,0,2,0,
T003496,U0116,2026-07-20 18:43:00,1723.99,D0182,M016,Ahmedabad,0,,18,0,0,0,-0.5348667883948744,0.45868425486425396,16200.0,0,2,0,
T003503,U0116,2026-07-21 10:46:00,628.97,D0182,M011,Ahmedabad,0,,10,0,0,0,-0.8114468468781867,0.17177130550718914,57780.0,0,2,0,
T003488,U0116,2026-07-21 12:45:00,852.87,D0182,M011,Ahmedabad,0,,12,0,0,0,-0.7207661269497313,0.2420298936185146,7140.0,0,2,0,
T003489,U0116,2026-07-22 06:10:00,2128.09,D0182,M030,Ahmedabad,0,,6,0,0,0,-0.3491451368444614,0.6244958814492556,62700.0,0,2,0,
T003513,U0116,2026-07-23 14:03:00,3076.49,D0182,M004,Ahmedabad,0,,14,0,0,0,-0.07725717680873162,0.9171572155126255,114780.0,0,2,0,
T003492,U0116,2026-07-25 07:07:00,3093.01,D0182,M030,Ahmedabad,0,,7,0,0,0,-0.07100022967723224,0.9251477985606066,147840.0,0,2,0,
T003486,U0116,2026-07-25 13:48:00,2509.16,D0182,M011,Ahmedabad,0,,13,0,0,0,-0.2385268314869441,0.7526797954050433,24060.0,0,2,0,
T007571,U0116,2026-07-25 16:07:00,3252.69,D0887,M002,Ahmedabad,1,device_ring,16,0,1,1,-0.014845949283712552,0.9847387994464017,8340.0,0,4,20,device shared by 4 users
T003485,U0116,2026-07-26 19:33:00,2913.58,D0182,M030,Ahmedabad,0,,19,0,0,0,-0.1162813553361332,0.8825556431444511,98760.0,0,2,0,
T003502,U0116,2026-07-27 10:40:00,1252.76,D0182,M004,Ahmedabad,0,,10,0,0,0,-0.6210297244553264,0.3810179238578571,54420.0,0,2,0,
T003508,U0116,2026-07-27 13:23:00,2993.44,D0182,M027,Ahmedabad,0,,13,0,0,0,-0.0698965910605266,0.9296136720399625,9780.0,0,2,0,
T003506,U0116,2026-07-27 17:08:00,2047.47,D0182,M030,Ahmedabad,0,,17,0,0,0,-0.36528071654665156,0.637289393016136,13500.0,0,2,0,
T003490,U0116,2026-07-29 09:03:00,5420.74,D0182,M016,Ahmedabad,0,,9,0,0,0,0.7132996439711218,1.706586994298208,143700.0,0,2,0,
T003498,U0116,2026-07-29 19:51:00,3809.68,D0182,M028,Ahmedabad,0,,19,0,0,0,0.1810585067812217,1.1742417361038726,38880.0,0,2,0,
T003509,U0116,2026-07-29 21:48:00,3434.4,D0182,M028,Ahmedabad,0,,21,0,0,0,0.05634496650016849,1.0531734927688403,7020.0,0,2,0,
T003535,U0117,2026-07-01 14:48:00,3826.37,D0795,M014,Kolkata,0,,14,0,1,1,0.0,1.0,1000000000.0,0,1,0,
T003526,U0117,2026-07-03 09:35:00,5187.26,D0795,M009,Kolkata,0,,9,0,0,1,0.0,1.0,154020.0,0,1,0,
T003521,U0117,2026-07-03 19:41:00,3495.84,D0795,M009,Kolkata,0,,19,0,0,0,0.0,1.0,36360.0,0,1,0,
T003520,U0117,2026-07-04 09:34:00,3558.33,D0795,M009,Kolkata,0,,9,0,0,0,-0.8353944278787789,0.8533526997898344,49980.0,0,1,0,
T003524,U0117,2026-07-04 10:56:00,4655.58,D0795,M014,Kolkata,0,,10,0,0,0,0.9296027284943627,1.1589838058330364,4920.0,0,1,0,
T003539,U0117,2026-07-04 17:01:00,1910.95,D0795,M009,Kolkata,0,,17,0,0,0,-3.3567193372527377,0.46106137115155404,21900.0,0,1,0,
T003522,U0117,2026-07-10 11:38:00,4456.41,D0795,M015,Kolkata,0,,11,0,0,1,0.6637517688529893,1.1813232374411815,499020.0,0,1,0,
T003543,U0117,2026-07-11 07:33:00,3247.03,D0795,M009,Kolkata,0,,7,0,0,0,-0.6334262734360471,0.8390029210766107,71700.0,0,1,0,
T003515,U0117,2026-07-11 16:52:00,2004.01,D0795,M009,Kolkata,0,,16,0,0,0,-1.8964597576446445,0.5284528162673913,33540.0,0,1,0,
T003530,U0117,2026-07-13 13:35:00,2823.65,D0795,M009,Kolkata,0,,13,0,0,0,-0.732015059737975,0.7857591633153206,160980.0,0,1,0,
T003516,U0117,2026-07-15 10:24:00,2980.83,D0795,M014,Kolkata,0,,10,0,0,0,-0.523085370676307,0.8476591923239217,161340.0,0,1,0,
T003518,U0117,2026-07-16 09:19:00,5262.85,D0795,M014,Kolkata,0,,9,0,0,0,1.8157992943553058,1.5176153568739434,82500.0,0,1,0,
T003527,U0117,2026-07-16 11:23:00,2301.79,D0795,M009,Kolkata,0,,11,0,0,0,-1.2311672950763923,0.636306065532427,7440.0,0,1,0,
T003534,U0117,2026-07-16 13:43:00,1923.23,D0795,M009,Kolkata,0,,13,0,0,0,-1.4683443337783333,0.5469590402483769,8400.0,0,1,0,
T003541,U0117,2026-07-16 13:43:00,6563.48,D0795,M009,Kolkata,0,,13,0,0,0,2.8147075293226744,1.9290521307514856,0.0,1,1,0,
T003540,U0117,2026-07-17 14:17:00,3275.86,D0795,M015,Kolkata,0,,14,0,0,0,-0.25149703114757993,0.9066433000717256,88440.0,0,1,0,
T003531,U0117,2026-07-18 04:15:00,4720.02,D0795,M015,Kolkata,0,,4,1,0,0,0.8668372298782595,1.31400313882172,50280.0,0,1,0,
T003533,U0117,2026-07-19 11:30:00,5556.97,D0795,M009,Kolkata,0,,11,0,0,0,1.4717905195888161,1.5189449888433328,112500.0,0,1,0,
T003536,U0117,2026-07-20 14:45:00,4039.79,D0795,M009,Kolkata,0,,14,0,0,0,0.2079113763667714,1.0732948526206418,98100.0,0,1,0,
T003542,U0117,2026-07-21 12:38:00,2872.02,D0795,M009,Kolkata,0,,12,0,0,0,-0.7010335662820617,0.7601085103556254,78780.0,0,1,0,
T003532,U0117,2026-07-21 19:57:00,4090.66,D0795,M015,Kolkata,0,,19,0,0,0,0.28029252041728203,1.095777023362462,26340.0,0,1,0,
T003529,U0117,2026-07-23 10:47:00,3487.22,D0795,M014,Kolkata,0,,10,0,0,0,-0.21080727883521355,0.929890735245943,139800.0,0,1,0,
T003528,U0117,2026-07-23 16:12:00,6000.8,D0795,M014,Kolkata,0,,16,0,0,0,1.85496718045415,1.6052694452123941,19500.0,0,1,0,
T003517,U0117,2026-07-24 12:33:00,4865.26,D0795,M014,Kolkata,0,,12,0,0,0,0.8042518586454676,1.2681298192146957,73260.0,0,1,0,
T003525,U0117,2026-07-24 12:35:00,3971.1,D0795,M009,Kolkata,0,,12,0,0,0,0.0722471019275064,1.0236309691419385,120.0,1,1,0,
T003523,U0117,2026-07-24 14:26:00,4307.2,D0795,M015,Kolkata,0,,14,0,0,0,0.3410881190168157,1.1092190334926824,6660.0,0,1,0,
T003538,U0117,2026-07-29 20:04:00,1173.94,D0795,M015,Kolkata,0,,20,0,0,0,-2.2303766057490066,0.30105624608899856,452280.0,0,1,0,
T003537,U0117,2026-07-30 11:03:00,5243.79,D0795,M009,Kolkata,0,,11,0,0,0,1.1075900994805812,1.380503800152268,53940.0,0,1,0,
T003519,U0117,2026-07-30 20:29:00,2611.29,D0795,M015,Kolkata,0,,20,0,0,0,-0.9462282636037056,0.678243049318912,33960.0,0,1,0,
T003563,U0118,2026-07-01 05:50:00,618.21,D0095,M057,Jaipur,0,,5,1,1,1,0.0,1.0,1000000000.0,0,2,20,odd hour + new device
T003568,U0118,2026-07-01 08:06:00,572.67,D0810,M035,Jaipur,0,,8,0,1,1,0.0,1.0,8160.0,0,2,0,
T003574,U0118,2026-07-01 08:56:00,451.8,D0095,M035,Jaipur,0,,8,0,0,0,0.0,1.0,3000.0,1,2,0,
T003571,U0118,2026-07-01 18:02:00,786.65,D0810,M020,Jaipur,0,,18,0,0,1,3.4049432114474882,1.436646209663514,32760.0,0,2,15,amount z-score 3.4
T003547,U0118,2026-07-01 20:15:00,393.14,D0095,M005,Jaipur,0,,20,0,0,1,-1.7839322426404787,0.6473225117257474,7980.0,0,2,0,
T003570,U0118,2026-07-04 18:04:00,381.3,D0095,M035,Jaipur,0,,18,0,0,0,-1.3334741990401293,0.6754721915990743,251340.0,0,2,0,
T003555,U0118,2026-07-05 13:15:00,984.2,D0095,M020,Jaipur,0,,13,0,0,0,3.153144213108895,1.8432034724530098,69060.0,0,2,15,amount z-score 3.2
T003556,U0118,2026-07-06 09:12:00,1093.14,D0095,M005,Jaipur,0,,9,0,0,0,2.406126504928865,1.8271334291339398,71820.0,0,2,0,
T003544,U0118,2026-07-07 10:59:00,459.5,D0810,M055,Jaipur,0,,10,0,0,1,-0.7943643591240045,0.6960657881451955,92820.0,0,2,0,
T003548,U0118,2026-07-07 19:52:00,602.0,D0810,M035,Jaipur,0,,19,0,0,0,-0.1455129833234909,0.9438021380142145,31980.0,0,2,0,
T003553,U0118,2026-07-08 10:08:00,561.37,D0810,M025,Jaipur,0,,10,0,0,1,-0.3115729745911669,0.8850772775165471,51360.0,0,2,0,
T003575,U0118,2026-07-08 10:31:00,394.32,D0095,M057,Jaipur,0,,10,0,0,0,-1.0413963665731052,0.6282636961707738,1380.0,1,2,0,
T003565,U0118,2026-07-09 10:49:00,635.5,D0810,M035,Jaipur,0,,10,0,0,0,0.12192020105027611,1.044900865607222,87480.0,0,2,0,
T003561,U0118,2026-07-10 13:48:00,633.17,D0810,M035,Jaipur,0,,13,0,0,0,0.10624918138461378,1.0374864486768856,97140.0,0,2,0,
T003551,U0118,2026-07-10 14:34:00,678.51,D0095,M025,Jaipur,0,,14,0,0,0,0.3207729808152822,1.1088097640678867,2760.0,1,2,0,
T003557,U0118,2026-07-10 16:20:00,113.36,D0095,M035,Jaipur,0,,16,0,0,0,-2.4997721123242442,0.18391689747219686,6360.0,0,2,0,
T007634,U0118,2026-07-10 17:12:00,1206.7,D0095,M031,Jaipur,1,zero_day_drain,17,0,0,1,2.706324093930815,2.062990708997285,3120.0,1,2,0,
T007635,U0118,2026-07-12 08:25:00,1236.52,D0095,M050,Jaipur,1,zero_day_drain,8,0,0,1,2.306776968951645,1.989566076715187,141180.0,0,2,0,
T003554,U0118,2026-07-13 07:24:00,769.34,D0810,M057,Jaipur,0,,7,0,0,0,0.3854218225332768,1.1733646481105362,82740.0,0,2,0,
T003549,U0118,2026-07-13 13:35:00,788.75,D0095,M020,Jaipur,0,,13,0,0,0,0.44103839721585625,1.1920907756773529,22260.0,0,2,0,
T003564,U0118,2026-07-13 15:00:00,657.03,D0095,M020,Jaipur,0,,15,0,0,0,-0.038893745791619076,0.9835667997985549,5100.0,0,2,0,
T003545,U0118,2026-07-13 20:51:00,323.66,D0095,M035,Jaipur,0,,20,0,0,0,-1.2482238730014754,0.48489496388126613,21060.0,0,2,0,
T003562,U0118,2026-07-17 11:07:00,436.93,D0810,M025,Jaipur,0,,11,0,0,0,-0.7717706700382645,0.6702857005066448,310560.0,0,2,0,
T003546,U0118,2026-07-17 12:39:00,693.87,D0810,M005,Jaipur,0,,12,0,0,0,0.18616995553981866,1.0799335742240896,5520.0,0,2,0,
T003550,U0118,2026-07-17 19:46:00,532.25,D0095,M025,Jaipur,0,,19,0,0,0,-0.41591097058123355,0.8256396852683132,25620.0,0,2,0,
T003559,U0118,2026-07-18 12:14:00,545.65,D0095,M025,Jaipur,0,,12,0,0,0,-0.3556740863034112,0.8523708909952972,59280.0,0,2,0,
T003572,U0118,2026-07-22 21:42:00,198.93,D0810,M057,Jaipur,0,,21,0,0,0,-1.6754270615200688,0.3125271150662976,379680.0,0,2,0,
T003567,U0118,2026-07-24 14:36:00,721.48,D0095,M020,Jaipur,0,,14,0,0,0,0.375673684175361,1.1630889250538468,147240.0,0,2,0,
T003558,U0118,2026-07-24 16:31:00,509.76,D0095,M057,Jaipur,0,,16,0,0,0,-0.4306456598448107,0.8170189369244599,6900.0,0,2,0,
T003560,U0118,2026-07-24 18:34:00,255.51,D0095,M055,Jaipur,0,,18,0,0,0,-1.3947287267522317,0.412119549650608,7380.0,0,2,0,
T003573,U0118,2026-07-25 04:36:00,1248.78,D0095,M025,Jaipur,0,,4,1,0,0,2.41741912779355,2.0544528631059245,36120.0,0,2,0,
T003552,U0118,2026-07-27 14:44:00,829.61,D0095,M057,Jaipur,0,,14,0,0,0,0.707215943829746,1.3199502134613812,209280.0,0,2,0,
T003569,U0118,2026-07-29 12:13:00,648.01,D0095,M055,Jaipur,0,,12,0,0,0,0.046835177651734346,1.0208091997106425,163740.0,0,2,0,
T007636,U0118,2026-07-30 12:42:00,1486.84,D0095,M014,Jaipur,1,zero_day_drain,12,0,0,1,3.0662172158139103,2.340740836001967,88140.0,0,2,15,amount z-score 3.1
T003576,U0118,2026-07-30 16:15:00,591.27,D0095,M020,Jaipur,0,,16,0,0,0,-0.22311645193063898,0.8955260169094946,12780.0,0,2,0,
T003566,U0118,2026-07-30 19:53:00,493.61,D0810,M057,Jaipur,0,,19,0,0,0,-0.5400213802681552,0.7498503660309924,13080.0,0,2,0,
T003604,U0119,2026-07-02 19:19:00,3482.4,D0555,M030,Ahmedabad,0,,19,0,1,1,0.0,1.0,1000000000.0,0,2,0,
T003592,U0119,2026-07-03 14:43:00,3589.96,D0668,M028,Ahmedabad,0,,14,0,1,1,0.0,1.0,69840.0,0,1,0,
T003591,U0119,2026-07-04 14:11:00,3865.56,D0555,M010,Ahmedabad,0,,14,0,0,1,0.0,1.0,84480.0,0,2,0,
T003610,U0119,2026-07-04 19:54:00,898.35,D0668,M010,Ahmedabad,0,,19,0,0,0,-17.027812122194153,0.24639510978877288,20580.0,0,1,0,
T003607,U0119,2026-07-05 07:05:00,1721.78,D0555,M015,Ahmedabad,0,,7,0,0,1,-1.0328507771775592,0.5818657396014569,40260.0,0,2,0,
T003589,U0119,2026-07-05 14:29:00,1517.08,D0668,M005,Ahmedabad,0,,14,0,0,1,-1.0121033816212412,0.5594757356111403,26640.0,0,1,0,
T003602,U0119,2026-07-05 19:52:00,3948.26,D0668,M005,Ahmedabad,0,,19,0,0,0,1.231590092679574,1.5714332142125076,19380.0,0,1,0,
T003609,U0119,2026-07-05 21:05:00,3834.3,D0668,M015,Ahmedabad,0,,21,0,0,0,0.9379953383534979,1.4108999494897443,4380.0,0,1,0,
T003587,U0119,2026-07-06 21:04:00,2449.52,D0555,M015,Ahmedabad,0,,21,0,0,0,-0.3474918501580887,0.8573114778064409,86340.0,0,2,0,
T003608,U0119,2026-07-08 15:52:00,1999.67,D0668,M028,Ahmedabad,0,,15,0,0,0,-0.7294256317777319,0.7111423975064701,154080.0,0,1,0,
T003583,U0119,2026-07-08 18:17:00,3141.96,D0555,M005,Ahmedabad,0,,18,0,0,0,0.379355730450972,1.150611127616699,8700.0,0,2,0,
T003597,U0119,2026-07-10 12:25:00,3779.09,D0555,M028,Ahmedabad,0,,12,0,0,0,0.9717362209393609,1.36524051441639,151680.0,0,2,0,
T003595,U0119,2026-07-11 14:11:00,4657.7,D0668,M015,Ahmedabad,0,,14,0,0,0,1.7450356389538133,1.632947127693805,92760.0,0,1,0,
T003590,U0119,2026-07-12 09:47:00,3225.4,D0668,M030,Ahmedabad,0,,9,0,0,0,0.21208059657530962,1.0782955036598907,70560.0,0,1,0,
T003580,U0119,2026-07-12 16:31:00,2606.55,D0555,M015,Ahmedabad,0,,16,0,0,0,-0.37659161983436107,0.8665591885990006,24240.0,0,2,0,
T003581,U0119,2026-07-12 17:03:00,3810.64,D0668,M015,Ahmedabad,0,,17,0,0,0,0.8017740019906219,1.278235539150966,1920.0,1,1,0,
T003599,U0119,2026-07-14 08:36:00,2960.33,D0555,M028,Ahmedabad,0,,8,0,0,0,-0.07114596487815478,0.9760357990543116,142380.0,0,2,0,
T003605,U0119,2026-07-15 11:56:00,2838.49,D0555,M030,Ahmedabad,0,,11,0,0,0,-0.19192582147107132,0.9371856458196598,98400.0,0,2,0,
T003578,U0119,2026-07-16 09:07:00,4000.58,D0668,M005,Ahmedabad,0,,9,0,0,0,1.0187647478809103,1.3254990512301243,76260.0,0,1,0,
T003598,U0119,2026-07-16 13:19:00,3930.21,D0668,M015,Ahmedabad,0,,13,0,0,0,0.8925649163482176,1.2802509338744703,15120.0,0,1,0,
T003588,U0119,2026-07-17 12:01:00,917.86,D0668,M015,Ahmedabad,0,,12,0,0,0,-2.2912322730124437,0.29485769089772074,81720.0,0,1,0,
T003584,U0119,2026-07-17 15:23:00,2960.06,D0555,M030,Ahmedabad,0,,15,0,0,0,-0.046213929776823266,0.9839427156131924,12120.0,0,2,0,
T003582,U0119,2026-07-17 20:16:00,3642.9,D0668,M015,Ahmedabad,0,,20,0,0,0,0.6234558821225681,1.2118075318317285,17580.0,0,1,0,
T003606,U0119,2026-07-17 21:25:00,3443.66,D0668,M028,Ahmedabad,0,,21,0,0,0,0.40685733300992377,1.1350775627486807,4140.0,0,1,0,
T003593,U0119,2026-07-20 12:33:00,4262.78,D0668,M028,Ahmedabad,0,,12,0,0,0,1.2247920418495102,1.3972069437097387,227280.0,0,1,0,
T003579,U0119,2026-07-20 18:45:00,2198.52,D0668,M010,Ahmedabad,0,,18,0,0,0,-0.9025941705925254,0.7093364669546953,22320.0,0,1,0,
T003611,U0119,2026-07-21 11:39:00,2644.82,D0555,M030,Ahmedabad,0,,11,0,0,0,-0.4224955952913558,0.8629794756733856,60840.0,0,2,0,
T003603,U0119,2026-07-24 15:36:00,1581.64,D0668,M030,Ahmedabad,0,,15,0,0,0,-1.4996897769153568,0.5187063567955192,273420.0,0,1,0,
T003600,U0119,2026-07-25 09:06:00,4583.99,D0668,M030,Ahmedabad,0,,9,0,0,0,1.58912302200141,1.529634285338699,63000.0,0,1,0,
T003594,U0119,2026-07-25 11:48:00,3422.8,D0555,M010,Ahmedabad,0,,11,0,0,0,0.3628415585716287,1.1216707648792645,9720.0,0,2,0,
T003596,U0119,2026-07-27 11:58:00,3385.48,D0555,M005,Ahmedabad,0,,11,0,0,0,0.31894864738223044,1.1049594162251757,173400.0,0,2,0,
T003586,U0119,2026-07-28 18:40:00,4097.09,D0555,M030,Ahmedabad,0,,18,0,0,0,1.0295177987937996,1.3327037925688519,110520.0,0,2,0,
T003577,U0119,2026-07-29 10:50:00,4793.96,D0668,M030,Ahmedabad,0,,10,0,0,0,1.6980675490102022,1.5433360125969864,58200.0,0,1,0,
T003601,U0119,2026-07-30 14:36:00,4802.94,D0555,M010,Ahmedabad,0,,14,0,0,0,1.6123504095640626,1.5211811416232932,99960.0,0,2,0,
T003585,U0119,2026-07-30 16:28:00,4473.05,D0668,M010,Ahmedabad,0,,16,0,0,0,1.2147835970490903,1.395310282030225,6720.0,0,1,0,
T003619,U0120,2026-07-01 11:02:00,670.32,D0763,M022,Hyderabad,0,,11,0,1,1,0.0,1.0,1000000000.0,0,1,0,
T003652,U0120,2026-07-03 10:30:00,885.42,D0763,M013,Hyderabad,0,,10,0,0,1,0.0,1.0,170880.0,0,1,0,
T003643,U0120,2026-07-03 22:52:00,509.85,D0266,M022,Hyderabad,0,,22,0,1,0,0.0,1.0,44520.0,0,1,0,
T003615,U0120,2026-07-04 18:50:00,457.21,D0266,M043,Hyderabad,0,,18,0,0,1,-1.503390490816851,0.6640378768331984,71880.0,0,1,0,
T003625,U0120,2026-07-05 13:33:00,291.99,D0763,M045,Hyderabad,0,,13,0,0,1,-2.0318539333186356,0.4629617877549361,67380.0,0,1,0,
T003639,U0120,2026-07-05 17:14:00,867.57,D0266,M003,Hyderabad,0,,17,0,0,1,1.5120056942829627,1.5410918726777276,13260.0,0,1,0,
T003617,U0120,2026-07-06 08:17:00,639.71,D0763,M043,Hyderabad,0,,8,0,0,0,0.12022390820151889,1.0423369778473528,54180.0,0,1,0,
T003622,U0120,2026-07-07 13:09:00,665.29,D0266,M022,Hyderabad,0,,13,0,0,0,0.2389001213212107,1.0774998999223753,103920.0,0,1,0,
T003629,U0120,2026-07-07 13:48:00,330.87,D0763,M002,Hyderabad,0,,13,0,0,1,-1.5558720360365579,0.5307336939290788,2340.0,1,1,0,
T003646,U0120,2026-07-07 14:51:00,876.76,D0266,M002,Hyderabad,0,,14,0,0,0,1.4313823311152682,1.4837342474181054,3780.0,0,1,0,
T003638,U0120,2026-07-07 15:19:00,640.93,D0763,M045,Hyderabad,0,,15,0,0,0,0.10305581293657064,1.0345940816133776,1680.0,1,1,0,
T003631,U0120,2026-07-07 16:07:00,863.05,D0266,M007,Hyderabad,0,,16,0,0,1,1.217919762424903,1.3887742958846039,2880.0,1,1,0,
T003644,U0120,2026-07-08 15:48:00,362.28,D0266,M002,Hyderabad,0,,15,0,0,0,-1.3873160840168393,0.5646677403891671,85260.0,0,1,0,
T003653,U0120,2026-07-09 17:49:00,602.65,D0266,M007,Hyderabad,0,,17,0,0,0,-0.08417896828585543,0.9718654039219412,93660.0,0,1,0,
T003618,U0120,2026-07-10 08:01:00,492.51,D0266,M022,Hyderabad,0,,8,0,0,0,-0.6324515097669722,0.7958471345304238,51120.0,0,1,0,
T003654,U0120,2026-07-10 15:36:00,883.49,D0266,M002,Hyderabad,0,,15,0,0,0,1.3964186506783869,1.4473303377950575,27300.0,0,1,0,
T003642,U0120,2026-07-11 12:54:00,511.23,D0763,M045,Hyderabad,0,,12,0,0,0,-0.5797489190682931,0.8147172767621713,76680.0,0,1,0,
T003613,U0120,2026-07-13 12:21:00,919.73,D0266,M002,Hyderabad,0,,12,0,0,0,1.522261547817501,1.4818706598068832,170820.0,0,1,0,
T003620,U0120,2026-07-13 19:40:00,724.47,D0266,M022,Hyderabad,0,,19,0,0,0,0.4298733112194731,1.1368336793873342,26340.0,0,1,0,
T003636,U0120,2026-07-14 10:05:00,332.16,D0266,M013,Hyderabad,0,,10,0,0,0,-1.5610013422421454,0.5174964507042916,51900.0,0,1,0,
T003645,U0120,2026-07-14 10:11:00,727.58,D0763,M043,Hyderabad,0,,10,0,0,0,0.4941290474569747,1.1615734657755492,360.0,1,1,0,
T003640,U0120,2026-07-14 10:43:00,543.22,D0266,M002,Hyderabad,0,,10,0,0,0,-0.43759681016510027,0.8606231413283306,1920.0,2,1,0,
T003633,U0120,2026-07-18 07:37:00,1060.3,D0266,M007,Hyderabad,0,,7,0,0,0,2.195501503717119,1.6905428109430998,334440.0,0,1,0,
T003641,U0120,2026-07-18 12:55:00,425.74,D0266,M045,Hyderabad,0,,12,0,0,0,-1.0381567081044192,0.6590140777047269,19080.0,0,1,0,
T003627,U0120,2026-07-18 18:16:00,803.17,D0763,M045,Hyderabad,0,,18,0,0,0,0.7833063861787025,1.2611661727882093,19260.0,0,1,0,
T003635,U0120,2026-07-19 12:12:00,449.0,D0266,M045,Hyderabad,0,,12,0,0,0,-0.9236310422534948,0.6977466966623983,64560.0,0,1,0,
T003614,U0120,2026-07-19 15:29:00,876.17,D0763,M045,Hyderabad,0,,15,0,0,0,1.1443768721646161,1.377584129905531,11820.0,0,1,0,
T003648,U0120,2026-07-20 07:34:00,562.92,D0266,M007,Hyderabad,0,,7,0,0,0,-0.388844383092251,0.8728609671252459,57900.0,0,1,0,
T003632,U0120,2026-07-20 12:24:00,666.04,D0763,M002,Hyderabad,0,,12,0,0,0,0.11585690762255506,1.0374691440420518,17400.0,0,1,0,
T003628,U0120,2026-07-20 14:44:00,429.87,D0266,M007,Hyderabad,0,,14,0,0,0,-1.0435412317543022,0.6687306839909821,8400.0,0,1,0,
T003621,U0120,2026-07-20 15:14:00,983.05,D0763,M002,Hyderabad,0,,15,0,0,0,1.700622860738383,1.5463649924551846,1800.0,1,1,0,
T003616,U0120,2026-07-21 12:08:00,506.9,D0266,M022,Hyderabad,0,,12,0,0,0,-0.6665094850430642,0.783557844763892,75240.0,0,1,0,
T003623,U0120,2026-07-23 08:16:00,493.58,D0266,M002,Hyderabad,0,,8,0,0,0,-0.7154821018945409,0.768163722666386,158880.0,0,1,0,
T003630,U0120,2026-07-23 10:03:00,524.5,D0763,M043,Hyderabad,0,,10,0,0,0,-0.5495006707775267,0.8220600955150393,6420.0,0,1,0,
T003650,U0120,2026-07-25 08:45:00,649.83,D0763,M022,Hyderabad,0,,8,0,0,0,0.07404270929084547,1.023850842218949,168120.0,0,1,0,
T003634,U0120,2026-07-25 12:48:00,595.85,D0763,M013,Hyderabad,0,,12,0,0,0,-0.19488907564214483,0.9381624107560593,14580.0,0,1,0,
T003651,U0120,2026-07-26 16:17:00,614.57,D0763,M013,Hyderabad,0,,16,0,0,0,-0.09790113073592255,0.9693019238423275,98940.0,0,1,0,
T003624,U0120,2026-07-26 17:56:00,644.23,D0266,M022,Hyderabad,0,,17,0,0,0,0.054670239387304496,1.0169254985487814,5940.0,0,1,0,
T003637,U0120,2026-07-27 09:46:00,645.78,D0266,M045,Hyderabad,0,,9,0,0,0,0.06195269877624014,1.0189183595788702,57000.0,0,1,0,
T003626,U0120,2026-07-29 11:37:00,554.83,D0763,M007,Hyderabad,0,,11,0,0,0,-0.4149005934964314,0.874992062847089,179460.0,0,1,0,
T003647,U0120,2026-07-30 09:55:00,1113.83,D0266,M007,Hyderabad,0,,9,0,0,0,2.548036004602219,1.7620672143586618,80280.0,0,1,0,
T003612,U0120,2026-07-30 12:57:00,722.83,D0266,M045,Hyderabad,0,,12,0,0,0,0.39291073582525843,1.1226428049363373,10920.0,0,1,0,
T003649,U0120,2026-07-30 14:03:00,552.71,D0763,M002,Hyderabad,0,,14,0,0,0,-0.46766892029682433,0.8559264151268338,3960.0,0,1,0,
T003660,U0121,2026-07-01 15:50:00,885.29,D0160,M034,Bengaluru,0,,15,0,1,1,0.0,1.0,1000000000.0,0,2,0,
T003673,U0121,2026-07-02 07:12:00,1324.86,D0160,M012,Bengaluru,0,,7,0,0,1,0.0,1.0,55320.0,0,2,0,
T003662,U0121,2026-07-03 19:17:00,2192.4,D0160,M004,Bengaluru,0,,19,0,0,1,0.0,1.0,129900.0,0,2,0,
T003669,U0121,2026-07-03 21:18:00,2800.04,D0160,M037,Bengaluru,0,,21,0,0,1,2.4536589770355888,1.9080124006032784,7260.0,0,2,0,
T003661,U0121,2026-07-06 10:19:00,1014.54,D0160,M004,Bengaluru,0,,10,0,0,0,-1.0560323817704227,0.5634306544932138,219660.0,0,2,0,
T003678,U0121,2026-07-06 15:55:00,2215.18,D0160,M024,Bengaluru,0,,15,0,0,1,0.7764956502234132,1.3479037076522435,20160.0,0,2,0,
T003682,U0121,2026-07-06 18:38:00,1843.59,D0160,M004,Bengaluru,0,,18,0,0,0,0.14872547945120845,1.0603154999840023,9780.0,0,2,0,
T003666,U0121,2026-07-08 08:02:00,1885.77,D0160,M012,Bengaluru,0,,8,0,0,0,0.20198527011315573,1.075309345341102,134640.0,0,2,0,
T003670,U0121,2026-07-08 15:07:00,2249.67,D0160,M024,Bengaluru,0,,15,0,0,0,0.7819165842836753,1.2708501179474736,25500.0,0,2,0,
T003668,U0121,2026-07-13 18:53:00,1187.83,D0160,M024,Bengaluru,0,,18,0,0,0,-1.0639735132064223,0.6514075020161262,445560.0,0,2,0,
T003677,U0121,2026-07-14 11:01:00,1399.06,D0160,M024,Bengaluru,0,,11,0,0,0,-0.6034450852471172,0.7949579435877044,58080.0,0,2,0,
T003659,U0121,2026-07-14 17:09:00,1275.27,D0160,M034,Bengaluru,0,,17,0,0,0,-0.7796744924156889,0.7383829963042761,22080.0,0,2,0,
T003667,U0121,2026-07-15 16:56:00,1572.76,D0160,M034,Bengaluru,0,,16,0,0,0,-0.20518953873779727,0.9309255919712379,85620.0,0,2,0,
T003680,U0121,2026-07-17 17:57:00,754.94,D0160,M012,Bengaluru,0,,17,0,0,0,-1.6910848427629384,0.44924028159327395,176460.0,0,2,0,
T003658,U0121,2026-07-18 19:42:00,1961.56,D0160,M037,Bengaluru,0,,19,0,0,0,0.5998814963789478,1.2150611464430714,92700.0,0,2,0,
T003655,U0121,2026-07-20 20:58:00,1703.88,D0160,M010,Bengaluru,0,,20,0,0,1,0.11728906328130194,1.0405263897213548,177360.0,0,2,0,
T003665,U0121,2026-07-21 14:00:00,1794.36,D0160,M024,Bengaluru,0,,14,0,0,0,0.2786032927285163,1.0930122765040295,61320.0,0,2,0,
T003679,U0121,2026-07-22 16:12:00,1851.17,D0160,M010,Bengaluru,0,,16,0,0,0,0.3762710058831963,1.1214814148082681,94320.0,0,2,0,
T003671,U0121,2026-07-23 17:54:00,1805.8,D0160,M010,Bengaluru,0,,17,0,0,0,0.2769798702720206,1.0866613816530226,92520.0,0,2,0,
T003672,U0121,2026-07-24 10:18:00,1270.88,D0160,M004,Bengaluru,0,,10,0,0,0,-0.7858265287844283,0.7612946221191144,59040.0,0,2,0,
T003674,U0121,2026-07-25 14:40:00,1657.91,D0160,M010,Bengaluru,0,,14,0,0,0,0.01687340977101172,1.0051335520910043,102120.0,0,2,0,
T003681,U0121,2026-07-26 09:43:00,1794.41,D0160,M004,Bengaluru,0,,9,0,0,0,0.2951891350015379,1.0876229112667366,68580.0,0,2,0,
T003675,U0121,2026-07-26 10:11:00,2032.99,D0160,M010,Bengaluru,0,,10,0,0,0,0.7854744561149191,1.2273420412406755,1680.0,1,2,0,
T003664,U0121,2026-07-26 14:56:00,1391.57,D0160,M034,Bengaluru,0,,14,0,0,0,-0.5918785705497467,0.8318858678361429,17100.0,0,2,0,
T007557,U0121,2026-07-27 02:45:00,6552.3,D0083,M038,Lucknow,1,account_takeover,2,1,1,1,10.439987267649606,3.9446211045258446,42540.0,0,1,60,new device + amount >3x user avg; odd hour + new device; amount z-score 10.4
T003676,U0121,2026-07-27 12:43:00,1156.57,D0160,M037,Bengaluru,0,,12,0,0,0,-0.6588198822266318,0.6229098904978787,35880.0,0,2,0,
T003657,U0121,2026-07-27 13:25:00,1133.9,D0160,M027,Bengaluru,0,,13,0,0,1,-0.6622751166152424,0.6196878162693563,2520.0,1,2,0,
T003663,U0121,2026-07-28 15:12:00,1187.46,D0160,M004,Bengaluru,0,,15,0,0,0,-0.5931530314326595,0.6582304932861365,92820.0,0,2,0,
T003656,U0121,2026-07-29 16:27:00,1757.78,D0160,M027,Bengaluru,0,,16,0,0,0,-0.0235790645327627,0.9864093199605847,90900.0,0,2,0,
T003706,U0122,2026-07-01 14:45:00,3479.7,D0648,M003,Ahmedabad,0,,14,0,1,1,0.0,1.0,1000000000.0,0,1,0,
T003693,U0122,2026-07-02 06:09:00,4889.65,D0477,M014,Ahmedabad,0,,6,0,1,1,0.0,1.0,55440.0,0,1,0,
T003691,U0122,2026-07-02 15:21:00,4323.89,D0648,M014,Ahmedabad,0,,15,0,0,0,0.0,1.0,33120.0,0,1,0,
T003711,U0122,2026-07-02 18:59:00,2485.33,D0648,M003,Ahmedabad,0,,18,0,0,0,-3.0133494399498684,0.5873984891357766,13080.0,0,1,0,
T003704,U0122,2026-07-03 08:26:00,20.0,D0648,M003,Ahmedabad,0,,8,0,0,0,-4.160391503393542,0.005270588729960573,48420.0,0,1,0,
T003707,U0122,2026-07-03 13:02:00,3878.51,D0477,M003,Ahmedabad,0,,13,0,0,0,0.4893460310837092,1.275945697103101,16560.0,0,1,0,
T003688,U0122,2026-07-03 16:15:00,4409.22,D0648,M003,Ahmedabad,0,,16,0,0,0,0.7706443679318157,1.3867593988010456,11580.0,0,1,0,
T003683,U0122,2026-07-04 14:36:00,4005.72,D0648,M010,Ahmedabad,0,,14,0,0,1,0.4227784646579096,1.193889203137266,80460.0,0,1,0,
T003686,U0122,2026-07-05 10:28:00,20.0,D0648,M014,Ahmedabad,0,,10,0,0,0,-2.347589357953289,0.005819870637131831,71520.0,0,1,0,
T003709,U0122,2026-07-05 20:20:00,4556.07,D0648,M018,Ahmedabad,0,,20,0,0,1,0.860478575174425,1.4904260024013565,35520.0,0,1,0,
T003712,U0122,2026-07-06 16:04:00,796.25,D0477,M010,Ahmedabad,0,,16,0,0,0,-1.4072537470252595,0.24829978952650444,71040.0,0,1,0,
T003695,U0122,2026-07-09 10:34:00,3642.59,D0477,M014,Ahmedabad,0,,10,0,0,0,0.36914243630579646,1.2192087224812276,239400.0,0,1,0,
T003697,U0122,2026-07-10 14:25:00,1159.86,D0648,M003,Ahmedabad,0,,14,0,0,0,-1.1019313307994811,0.3812514499418326,100260.0,0,1,0,
T003698,U0122,2026-07-16 09:27:00,4587.5,D0648,M003,Ahmedabad,0,,9,0,0,0,0.9847766068175039,1.583291275402476,500520.0,0,1,0,
T003700,U0122,2026-07-18 15:19:00,3417.88,D0477,M010,Ahmedabad,0,,15,0,0,0,0.23374243339574338,1.1324369663801213,193920.0,0,1,0,
T003694,U0122,2026-07-18 18:08:00,1213.65,D0648,M014,Ahmedabad,0,,18,0,0,0,-1.1063799332193909,0.3985961252557315,10140.0,0,1,0,
T003699,U0122,2026-07-20 14:46:00,3250.56,D0648,M014,Ahmedabad,0,,14,0,0,0,0.19257517530334592,1.1092684308870293,160680.0,0,1,0,
T003696,U0122,2026-07-22 08:17:00,2180.18,D0477,M018,Ahmedabad,0,,8,0,0,0,-0.47622513465546135,0.7392448355352507,149460.0,0,1,0,
T007566,U0122,2026-07-22 15:06:00,1588.85,D0202,M045,Ahmedabad,1,device_ring,15,0,1,1,-0.8343731063156111,0.5466586486221598,24540.0,0,5,20,device shared by 5 users
T003708,U0122,2026-07-22 19:19:00,3693.69,D0648,M014,Ahmedabad,0,,19,0,0,0,0.547336034766943,1.3019121823813913,15180.0,0,1,0,
T003689,U0122,2026-07-23 15:07:00,2691.58,D0477,M010,Ahmedabad,0,,15,0,0,0,-0.12258225887235275,0.9345909915486209,71280.0,0,1,0,
T003692,U0122,2026-07-24 10:26:00,2288.37,D0648,M014,Ahmedabad,0,,10,0,0,0,-0.3883516599405146,0.7970679710904167,69540.0,0,1,0,
T003701,U0122,2026-07-25 11:52:00,4112.3,D0648,M018,Ahmedabad,0,,11,0,0,0,0.8620090177891113,1.4457010767692156,91560.0,0,1,0,
T003687,U0122,2026-07-25 13:54:00,3606.83,D0477,M003,Ahmedabad,0,,13,0,0,0,0.48390040436595566,1.2438957971519604,7320.0,0,1,0,
T003684,U0122,2026-07-25 14:05:00,2897.84,D0477,M003,Ahmedabad,0,,14,0,0,0,-0.02173726698379039,0.9893308756536239,660.0,1,1,0,
T003710,U0122,2026-07-25 18:38:00,1794.49,D0477,M010,Ahmedabad,0,,18,0,0,0,-0.8045776636531773,0.6129055921985563,16380.0,0,1,0,
T003703,U0122,2026-07-26 19:35:00,5175.37,D0648,M014,Ahmedabad,0,,19,0,0,0,1.6384294636643697,1.7943553118034103,89820.0,0,1,0,
T003702,U0122,2026-07-27 19:22:00,2917.06,D0477,M003,Ahmedabad,0,,19,0,0,0,-0.036173079656196275,0.9824705968857738,85620.0,0,1,0,
T003685,U0122,2026-07-29 15:02:00,368.78,D0648,M003,Ahmedabad,0,,15,0,0,0,-1.8390642391238392,0.12428351712782507,157200.0,0,1,0,
T003690,U0122,2026-07-29 16:01:00,1966.71,D0477,M003,Ahmedabad,0,,16,0,0,0,-0.6209166123538606,0.6834441516625437,3540.0,1,1,0,
T003705,U0122,2026-07-29 16:40:00,1813.16,D0477,M010,Ahmedabad,0,,16,0,0,0,-0.7123702857901436,0.6368040243878972,2340.0,1,1,0,
T003737,U0123,2026-07-01 17:16:00,1860.75,D0254,M023,Bengaluru,0,,17,0,1,1,0.0,1.0,1000000000.0,0,1,0,
T003733,U0123,2026-07-02 05:53:00,2357.87,D0442,M031,Bengaluru,0,,5,1,1,1,0.0,1.0,45420.0,0,1,20,odd hour + new device
T003726,U0123,2026-07-02 11:29:00,1957.25,D0442,M026,Bengaluru,0,,11,0,0,1,0.0,1.0,20160.0,0,1,0,
T003713,U0123,2026-07-02 16:04:00,1765.38,D0442,M026,Bengaluru,0,,16,0,0,0,-1.3624300650514642,0.8575536721834073,16500.0,0,1,0,
T003746,U0123,2026-07-02 16:17:00,2370.87,D0254,M031,Bengaluru,0,,16,0,0,0,1.709488008009261,1.1942049419453082,780.0,1,1,0,
T003727,U0123,2026-07-04 13:05:00,3436.39,D0442,M023,Bengaluru,0,,13,0,0,0,5.4108551142629375,1.6661898806132058,161280.0,0,1,15,amount z-score 5.4
T003747,U0123,2026-07-05 13:28:00,2124.55,D0254,M031,Bengaluru,0,,13,0,0,0,-0.2968807916095579,0.9271768354852229,87780.0,0,1,0,
T003714,U0123,2026-07-06 09:08:00,1495.99,D0442,M026,Bengaluru,0,,9,0,0,0,-1.473503215356834,0.6597297556603386,70800.0,0,1,0,
T003732,U0123,2026-07-06 15:22:00,2528.33,D0254,M048,Bengaluru,0,,15,0,0,1,0.6467389948349834,1.1645219508656965,22440.0,0,1,0,
T003755,U0123,2026-07-06 17:13:00,1318.82,D0442,M031,Bengaluru,0,,17,0,0,0,-1.6745413967073721,0.596529794105115,6660.0,0,1,0,
T003725,U0123,2026-07-07 08:39:00,3939.23,D0442,M026,Bengaluru,0,,8,0,0,0,3.178601926354749,1.85670855202312,55560.0,0,1,15,amount z-score 3.2
T003734,U0123,2026-07-07 13:20:00,1895.48,D0254,M048,Bengaluru,0,,13,0,0,0,-0.5182584323581987,0.8288580235314031,16860.0,0,1,0,
T003722,U0123,2026-07-07 17:57:00,1998.19,D0254,M023,Bengaluru,0,,17,0,0,0,-0.35024128683927314,0.8864130629750735,16620.0,0,1,0,
T003740,U0123,2026-07-08 21:19:00,469.89,D0442,M022,Bengaluru,0,,21,0,0,1,-2.500575991132143,0.21028431164016456,98520.0,0,1,0,
T003752,U0123,2026-07-09 10:45:00,2731.41,D0254,M023,Bengaluru,0,,10,0,0,0,0.7615856013789462,1.2954284676360543,48360.0,0,1,0,
T003749,U0123,2026-07-10 11:40:00,2136.07,D0442,M023,Bengaluru,0,,11,0,0,0,-0.017330774376397858,0.9935086071830855,89700.0,0,1,0,
T003729,U0123,2026-07-10 13:53:00,275.44,D0442,M022,Bengaluru,0,,13,0,0,0,-2.4029787836331624,0.1281620357643401,7980.0,0,1,0,
T003717,U0123,2026-07-10 14:02:00,2196.84,D0254,M048,Bengaluru,0,,14,0,0,0,0.18034593060241025,1.0774443757335772,540.0,1,1,0,
T003744,U0123,2026-07-10 15:34:00,1133.44,D0254,M023,Bengaluru,0,,15,0,0,0,-1.0735106240697272,0.55351632895952,5520.0,0,1,0,
T003731,U0123,2026-07-12 11:02:00,1742.12,D0254,M023,Bengaluru,0,,11,0,0,0,-0.30158602797568373,0.8712390621189895,156480.0,0,1,0,
T003748,U0123,2026-07-12 15:56:00,1677.36,D0442,M022,Bengaluru,0,,15,0,0,0,-0.3709344039838733,0.8442879713555925,17640.0,0,1,0,
T003715,U0123,2026-07-12 15:59:00,1813.32,D0254,M022,Bengaluru,0,,15,0,0,0,-0.1943099289955844,0.9195407956426204,180.0,1,1,0,
T003753,U0123,2026-07-13 07:10:00,2483.6,D0442,M023,Bengaluru,0,,7,0,0,0,0.6497829847150092,1.26406506912299,54660.0,0,1,0,
T003739,U0123,2026-07-13 12:18:00,1304.13,D0442,M023,Bengaluru,0,,12,0,0,0,-0.8669528957581814,0.6562221671004703,18480.0,0,1,0,
T003720,U0123,2026-07-13 19:42:00,2587.53,D0254,M023,Bengaluru,0,,19,0,0,0,0.8024420855867125,1.320934418776399,26640.0,0,1,0,
T003751,U0123,2026-07-16 15:07:00,3557.17,D0442,M026,Bengaluru,0,,15,0,0,0,2.0235241758073683,1.7929193896235809,242700.0,0,1,0,
T003741,U0123,2026-07-18 18:21:00,477.36,D0442,M031,Bengaluru,0,,18,0,0,0,-1.9107614427205324,0.2334831147548064,184440.0,0,1,0,
T003724,U0123,2026-07-19 10:35:00,1424.74,D0254,M023,Bengaluru,0,,10,0,0,0,-0.6550570011392121,0.7172208030057183,58440.0,0,1,0,
T003736,U0123,2026-07-19 13:02:00,2079.15,D0442,M022,Bengaluru,0,,13,0,0,0,0.1328666607896046,1.0573321374831222,8820.0,0,1,0,
T003742,U0123,2026-07-19 16:29:00,1837.57,D0442,M022,Bengaluru,0,,16,0,0,0,-0.15914648069473936,0.9326351133646196,12420.0,0,1,0,
T003730,U0123,2026-07-19 17:40:00,2020.44,D0442,M031,Bengaluru,0,,17,0,0,0,0.0665160606676144,1.0277562619991936,4260.0,0,1,0,
T003723,U0123,2026-07-22 09:57:00,277.79,D0254,M031,Bengaluru,0,,9,0,0,0,-2.093850971351045,0.1411796510174559,231420.0,0,1,0,
T003716,U0123,2026-07-22 10:43:00,1259.41,D0442,M022,Bengaluru,0,,10,0,0,0,-0.7738012188705491,0.6577147053079876,2760.0,1,1,0,
T003728,U0123,2026-07-23 18:46:00,2955.05,D0254,M026,Bengaluru,0,,18,0,0,0,1.259589728374936,1.5594210682039737,115380.0,0,1,0,
T003750,U0123,2026-07-23 20:43:00,1691.1,D0254,M031,Bengaluru,0,,20,0,0,0,-0.2770886757238337,0.8779712841567111,7020.0,0,1,0,
T003719,U0123,2026-07-25 19:57:00,1995.05,D0254,M026,Bengaluru,0,,19,0,0,0,0.0903496454614845,1.0393974215793156,170040.0,0,1,0,
T003721,U0123,2026-07-26 13:45:00,503.35,D0254,M023,Bengaluru,0,,13,0,0,0,-1.7182480100134143,0.2619527146274308,64080.0,0,1,0,
T003743,U0123,2026-07-28 19:58:00,1829.57,D0442,M022,Bengaluru,0,,19,0,0,0,-0.06339398056165033,0.9715214588510918,195180.0,0,1,0,
T003745,U0123,2026-07-29 15:16:00,1661.98,D0442,M022,Bengaluru,0,,15,0,0,0,-0.263298289863065,0.8831912508591864,69480.0,0,1,0,
T003735,U0123,2026-07-29 15:18:00,1288.09,D0254,M048,Bengaluru,0,,15,0,0,0,-0.7129853108879962,0.6865590228837588,120.0,1,1,0,
T003756,U0123,2026-07-29 20:27:00,2076.73,D0442,M048,Bengaluru,0,,20,0,0,0,0.262670957351587,1.1156507273875613,18540.0,0,1,0,
T003718,U0123,2026-07-30 11:38:00,2552.7,D0254,M026,Bengaluru,0,,11,0,0,0,0.8467033773226387,1.3674916501242942,54660.0,0,1,0,
T003754,U0123,2026-07-30 13:29:00,1693.13,D0254,M023,Bengaluru,0,,13,0,0,0,-0.2352362338997761,0.8991491697453546,6660.0,0,1,0,
T003738,U0123,2026-07-30 14:38:00,2553.3,D0254,M026,Bengaluru,0,,14,0,0,0,0.8450740946014712,1.359136465530872,4140.0,0,1,0,
T003758,U0124,2026-07-03 07:14:00,807.42,D0856,M010,Lucknow,0,,7,0,1,1,0.0,1.0,1000000000.0,0,1,0,
T003773,U0124,2026-07-04 06:32:00,859.85,D0856,M010,Lucknow,0,,6,0,0,0,0.0,1.0,83880.0,0,1,0,
T003768,U0124,2026-07-04 14:12:00,789.73,D0856,M010,Lucknow,0,,14,0,0,0,0.0,1.0,27600.0,0,1,0,
T003770,U0124,2026-07-04 23:31:00,951.7,D0132,M056,Lucknow,0,,23,0,1,1,4.456842726177565,1.162026860608026,33540.0,0,1,15,amount z-score 4.5
T003760,U0124,2026-07-05 15:36:00,765.38,D0132,M010,Lucknow,0,,15,0,0,0,-1.3781099364912224,0.8981488533480226,57900.0,0,1,0,
T003776,U0124,2026-07-06 08:43:00,531.33,D0132,M056,Lucknow,0,,8,0,0,0,-4.586367667615085,0.636463603193442,61620.0,0,1,0,
T003778,U0124,2026-07-09 12:50:00,701.69,D0132,M056,Lucknow,0,,12,0,0,0,-0.6437628294482315,0.8947445588442947,274020.0,0,1,0,
T003772,U0124,2026-07-09 13:55:00,689.5,D0132,M013,Lucknow,0,,13,0,0,1,-0.6788872142747452,0.8926226616396296,3900.0,0,1,0,
T003771,U0124,2026-07-09 16:48:00,174.68,D0856,M056,Lucknow,0,,16,0,0,0,-4.997834617812534,0.2292162841856559,10380.0,0,1,0,
T003762,U0124,2026-07-12 12:35:00,391.74,D0132,M056,Lucknow,0,,12,0,0,0,-1.4169219310589298,0.5621914497423615,244020.0,0,1,0,
T003779,U0124,2026-07-12 21:49:00,254.86,D0856,M032,Lucknow,0,,21,0,0,1,-1.838256194188562,0.3824992265031484,33240.0,0,1,0,
T003767,U0124,2026-07-14 12:30:00,629.59,D0856,M032,Lucknow,0,,12,0,0,0,0.002835403844296205,1.0011000463997497,139260.0,0,1,0,
T003774,U0124,2026-07-15 11:34:00,667.59,D0856,M010,Lucknow,0,,11,0,0,0,0.1653821509875672,1.0614258800979521,83040.0,0,1,0,
T003763,U0124,2026-07-16 13:23:00,1080.72,D0856,M010,Lucknow,0,,13,0,0,0,1.9975017075634829,1.7101956623283894,92940.0,0,1,0,
T003765,U0124,2026-07-17 18:13:00,1002.88,D0856,M032,Lucknow,0,,18,0,0,0,1.3808561905729353,1.5103971887086873,103800.0,0,1,0,
T003777,U0124,2026-07-18 15:55:00,873.18,D0856,M010,Lucknow,0,,15,0,0,0,0.7413054935154091,1.2717868131313395,78120.0,0,1,0,
T003766,U0124,2026-07-19 19:33:00,739.16,D0856,M032,Lucknow,0,,19,0,0,0,0.1650807632790316,1.0586044897762883,99480.0,0,1,0,
T003761,U0124,2026-07-21 18:43:00,814.1,D0132,M056,Lucknow,0,,18,0,0,0,0.47140399084363466,1.1619259491434186,169800.0,0,1,0,
T003757,U0124,2026-07-23 05:32:00,642.89,D0132,M056,Lucknow,0,,5,1,0,0,-0.2722148485877915,0.9093853866477326,125340.0,0,1,0,
T003764,U0124,2026-07-23 17:42:00,916.96,D0856,M032,Lucknow,0,,17,0,0,0,0.9297733875969267,1.30328044644241,43800.0,0,1,0,
T003775,U0124,2026-07-25 18:40:00,703.0,D0132,M056,Lucknow,0,,18,0,0,0,-0.04922952170290355,0.9842526561391497,176280.0,0,1,0,
T003759,U0124,2026-07-27 11:21:00,873.39,D0132,M056,Lucknow,0,,11,0,0,0,0.7161179314561013,1.2237290606321538,146460.0,0,1,0,
T003780,U0124,2026-07-27 12:09:00,466.94,D0132,M056,Lucknow,0,,12,0,0,0,-1.1527158108531534,0.6476552413447783,2880.0,1,1,0,
T003769,U0124,2026-07-30 14:21:00,869.04,D0856,M056,Lucknow,0,,14,0,0,0,0.7178014576534582,1.2241289328603522,267120.0,0,1,0,
T003799,U0125,2026-07-02 08:41:00,2469.63,D0002,M060,Pune,0,,8,0,1,1,0.0,1.0,1000000000.0,0,2,0,
T003808,U0125,2026-07-02 16:24:00,3022.57,D0002,M056,Pune,0,,16,0,0,1,0.0,1.0,27780.0,0,2,0,
T003805,U0125,2026-07-04 09:38:00,1784.52,D0290,M032,Pune,0,,9,0,1,1,0.0,1.0,148440.0,0,2,0,
T003809,U0125,2026-07-04 18:05:00,4377.11,D0290,M060,Pune,0,,18,0,0,0,3.853814248803626,1.804567166880998,30420.0,0,2,15,amount z-score 3.9
T003791,U0125,2026-07-05 14:47:00,3178.83,D0290,M004,Pune,0,,14,0,0,1,0.27873529164469224,1.091085076377093,74520.0,0,2,0,
T003803,U0125,2026-07-05 18:58:00,3266.16,D0002,M056,Pune,0,,18,0,0,0,0.34916058509258363,1.1010027867216658,15060.0,0,2,0,
T003784,U0125,2026-07-06 09:45:00,3590.7,D0290,M060,Pune,0,,9,0,0,0,0.7256903742891462,1.1903648963224018,53220.0,0,2,0,
T003801,U0125,2026-07-07 12:06:00,2840.85,D0002,M027,Pune,0,,12,0,0,1,-0.33917409816974003,0.9168460156601934,94860.0,0,2,0,
T003782,U0125,2026-07-09 07:45:00,1587.45,D0002,M027,Pune,0,,7,0,0,0,-2.066361968351545,0.5177092720516783,157140.0,0,2,0,
T003796,U0125,2026-07-09 08:01:00,4772.25,D0002,M056,Pune,0,,8,0,0,0,2.282717472303533,1.6444806643586516,960.0,1,2,0,
T003788,U0125,2026-07-09 16:03:00,1206.37,D0002,M027,Pune,0,,16,0,0,0,-1.9638900767739231,0.39053650561797476,28920.0,0,2,0,
T003807,U0125,2026-07-09 22:48:00,4664.41,D0290,M004,Pune,0,,22,0,0,0,1.6442247033841104,1.5985732368579102,24300.0,0,2,0,
T003802,U0125,2026-07-10 14:01:00,4024.98,D0002,M056,Pune,0,,14,0,0,0,0.8541578670031393,1.3138912724878045,54780.0,0,2,0,
T003789,U0125,2026-07-10 19:46:00,2877.42,D0002,M004,Pune,0,,19,0,0,0,-0.23386811273875632,0.9171435272514287,20700.0,0,2,0,
T003798,U0125,2026-07-11 13:37:00,1678.54,D0002,M004,Pune,0,,13,0,0,0,-1.3420424490869012,0.5381999734894952,64260.0,0,2,0,
T003785,U0125,2026-07-11 16:58:00,2590.34,D0002,M060,Pune,0,,16,0,0,0,-0.3941076173287755,0.8569379371027463,12060.0,0,2,0,
T003800,U0125,2026-07-11 19:00:00,2724.41,D0290,M060,Pune,0,,19,0,0,0,-0.25417119417470413,0.9094225519593901,7320.0,0,2,0,
T003797,U0125,2026-07-12 12:07:00,2055.56,D0002,M004,Pune,0,,12,0,0,0,-0.8906835713665608,0.6898323491551703,61620.0,0,2,0,
T003792,U0125,2026-07-12 15:17:00,3135.3,D0002,M056,Pune,0,,15,0,0,0,0.2007438214441939,1.0706346357046788,11400.0,0,2,0,
T003790,U0125,2026-07-13 12:58:00,2142.27,D0002,M024,Pune,0,,12,0,0,1,-0.7938928339325204,0.7288276622752766,78060.0,0,2,0,
T003787,U0125,2026-07-17 15:42:00,3588.74,D0002,M032,Pune,0,,15,0,0,0,0.693503715854524,1.2377169929617753,355440.0,0,2,0,
T003793,U0125,2026-07-18 18:19:00,3670.66,D0002,M004,Pune,0,,18,0,0,0,0.7526803586375976,1.251800102888532,95820.0,0,2,0,
T003794,U0125,2026-07-20 19:19:00,2996.66,D0290,M027,Pune,0,,19,0,0,0,0.03172347344816545,1.010382523119051,176400.0,0,2,0,
T003783,U0125,2026-07-22 15:12:00,3129.42,D0290,M027,Pune,0,,15,0,0,0,0.17086712327719264,1.0546690609909606,157980.0,0,2,0,
T003804,U0125,2026-07-24 09:25:00,5705.55,D0002,M004,Pune,0,,9,0,0,0,2.9373908380080986,1.918499645240059,151980.0,0,2,0,
T003806,U0125,2026-07-25 11:50:00,3414.0,D0290,M004,Pune,0,,11,0,0,0,0.313009736758293,1.1072810699995974,95100.0,0,2,0,
T003786,U0125,2026-07-26 17:54:00,3278.53,D0290,M004,Pune,0,,17,0,0,0,0.1758661467667315,1.0589738202945869,108240.0,0,2,0,
T003795,U0125,2026-07-27 05:37:00,3948.76,D0290,M032,Pune,0,,5,1,0,0,0.8299855658358052,1.2726800669573997,42180.0,0,2,0,
T003781,U0125,2026-07-27 18:13:00,4790.75,D0002,M060,Pune,0,,18,0,0,0,1.6361867648891473,1.5291604756935346,45360.0,0,2,0,
T003820,U0126,2026-07-03 07:55:00,989.12,D0422,M009,Ahmedabad,0,,7,0,1,1,0.0,1.0,1000000000.0,0,3,20,device shared by 3 users
T003824,U0126,2026-07-05 12:55:00,3044.38,D0422,M033,Ahmedabad,0,,12,0,0,1,0.0,1.0,190800.0,0,3,20,device shared by 3 users
T003825,U0126,2026-07-05 18:22:00,3358.17,D0422,M052,Ahmedabad,0,,18,0,0,1,0.0,1.0,19620.0,0,3,20,device shared by 3 users
T003813,U0126,2026-07-08 07:55:00,3166.37,D0422,M020,Ahmedabad,0,,7,0,0,1,0.6686090492651455,1.285110130206661,221580.0,0,3,20,device shared by 3 users
T003811,U0126,2026-07-08 15:29:00,1861.56,D0422,M020,Ahmedabad,0,,15,0,0,0,-0.8108750017811174,0.705267265247994,27240.0,0,3,20,device shared by 3 users
T003816,U0126,2026-07-09 13:47:00,2675.27,D0422,M052,Ahmedabad,0,,13,0,0,0,0.20963206838013235,1.077035491852783,80280.0,0,3,20,device shared by 3 users
T007477,U0126,2026-07-12 13:00:00,134.49,D0422,M054,Ahmedabad,1,velocity_burst,13,0,0,1,-2.8474315381466857,0.05345789660190864,256380.0,0,3,20,device shared by 3 users
T007478,U0126,2026-07-12 13:02:00,106.72,D0422,M058,Ahmedabad,1,velocity_burst,13,0,0,1,-1.8188470257899731,0.049052619391532645,120.0,1,3,20,device shared by 3 users
T007479,U0126,2026-07-12 13:02:00,68.86,D0422,M038,Ahmedabad,1,velocity_burst,13,0,0,1,-1.4609569927225985,0.03592052204426657,0.0,2,3,20,device shared by 3 users
T007481,U0126,2026-07-12 13:04:00,104.91,D0422,M053,Ahmedabad,1,velocity_burst,13,0,0,1,-1.2111912389395438,0.06129137792476812,120.0,3,3,20,device shared by 3 users
T007480,U0126,2026-07-12 13:06:00,32.5,D0422,M052,Ahmedabad,1,velocity_burst,13,0,0,0,-1.1267538643353585,0.02095442572239291,120.0,4,3,20,device shared by 3 users
T007482,U0126,2026-07-12 13:10:00,18.27,D0422,M009,Ahmedabad,1,velocity_burst,13,0,0,0,-1.0277044343364397,0.012930477042259678,240.0,5,3,50,5 txns in last 1h (velocity); device shared by 3 users
T003826,U0126,2026-07-12 15:40:00,2632.95,D0422,M052,Ahmedabad,0,,15,0,0,0,0.9859505796756366,2.0304717919745054,9000.0,0,3,20,device shared by 3 users
T003815,U0126,2026-07-16 11:21:00,4003.81,D0422,M020,Ahmedabad,0,,11,0,0,0,1.929243638338619,2.860875021384402,330060.0,0,3,20,device shared by 3 users
T003822,U0126,2026-07-20 18:22:00,1979.52,D0422,M033,Ahmedabad,0,,18,0,0,0,0.2692054641245881,1.2484932898621859,370860.0,0,3,20,device shared by 3 users
T003827,U0126,2026-07-20 18:54:00,3101.79,D0422,M009,Ahmedabad,0,,18,0,0,0,1.051273757420196,1.9244340660354915,1920.0,1,3,20,device shared by 3 users
T003817,U0126,2026-07-21 16:47:00,2564.0,D0422,M052,Ahmedabad,0,,16,0,0,0,0.6054463368975361,1.5038845331626205,78780.0,0,3,20,device shared by 3 users
T003810,U0126,2026-07-21 18:27:00,2597.23,D0422,M052,Ahmedabad,0,,18,0,0,0,0.6050210045528678,1.4795217848943285,6000.0,0,3,20,device shared by 3 users
T003819,U0126,2026-07-24 17:47:00,3037.92,D0422,M039,Ahmedabad,0,,17,0,0,1,0.904746786500273,1.6856564371816631,256800.0,0,3,20,device shared by 3 users
T003828,U0126,2026-07-25 20:36:00,3464.38,D0422,M039,Ahmedabad,0,,20,0,0,0,1.1763415237017083,1.8553333563922902,96540.0,0,3,20,device shared by 3 users
T003821,U0126,2026-07-27 09:25:00,4458.44,D0422,M039,Ahmedabad,0,,9,0,0,0,1.8353082739033193,2.289771871100429,132540.0,0,3,20,device shared by 3 users
T003818,U0126,2026-07-27 11:35:00,2100.84,D0422,M033,Ahmedabad,0,,11,0,0,0,0.023734732133486643,1.016520024779648,7800.0,0,3,20,device shared by 3 users
T003814,U0126,2026-07-27 13:11:00,1977.78,D0422,M033,Ahmedabad,0,,13,0,0,0,-0.06437204574652916,0.9562577053275679,5760.0,0,3,20,device shared by 3 users
T003812,U0126,2026-07-28 18:15:00,3268.02,D0422,M046,Ahmedabad,0,,18,0,0,1,0.8756402081152869,1.583100248436554,104640.0,0,3,20,device shared by 3 users
T003823,U0126,2026-07-30 15:27:00,5028.25,D0422,M039,Ahmedabad,0,,15,0,0,0,2.1314525279684293,2.378018139741968,162720.0,0,3,20,device shared by 3 users
T003839,U0127,2026-07-05 17:04:00,682.07,D0743,M034,Kolkata,0,,17,0,1,1,0.0,1.0,1000000000.0,0,2,0,
T003838,U0127,2026-07-05 20:35:00,990.56,D0743,M037,Kolkata,0,,20,0,0,1,0.0,1.0,12660.0,0,2,0,
T003843,U0127,2026-07-08 14:35:00,935.46,D0743,M025,Kolkata,0,,14,0,0,1,0.0,1.0,237600.0,0,2,0,
T003846,U0127,2026-07-14 07:50:00,811.69,D0743,M034,Kolkata,0,,7,0,0,0,-0.4293305738484558,0.9336602637175172,494100.0,0,2,0,
T003840,U0127,2026-07-14 15:45:00,1143.54,D0191,M044,Kolkata,0,,15,0,1,1,2.4254495114916463,1.3375597244997517,28500.0,0,2,0,
T003845,U0127,2026-07-14 16:08:00,580.1,D0191,M025,Kolkata,0,,16,0,0,0,-2.1181087216930856,0.6356117907185868,1380.0,1,2,0,
T003829,U0127,2026-07-15 14:36:00,700.89,D0743,M029,Kolkata,0,,14,0,0,1,-0.8251159783356223,0.8176155155702445,80880.0,0,2,0,
T003835,U0127,2026-07-16 15:54:00,836.67,D0743,M029,Kolkata,0,,15,0,0,0,0.009624267794025745,1.0021182984792338,91080.0,0,2,0,
T003842,U0127,2026-07-17 07:00:00,954.97,D0191,M017,Kolkata,0,,7,0,0,1,0.6972163008327261,1.1435088850515838,54360.0,0,2,0,
T003833,U0127,2026-07-17 09:33:00,1081.21,D0743,M025,Kolkata,0,,9,0,0,0,1.3990107682994177,1.27435224019681,9180.0,0,2,0,
T003832,U0127,2026-07-18 08:14:00,847.92,D0743,M029,Kolkata,0,,8,0,0,0,-0.13786669695946388,0.9727021174640569,81660.0,0,2,0,
T003844,U0127,2026-07-18 12:53:00,287.71,D0743,M017,Kolkata,0,,12,0,0,0,-3.532502451179889,0.3308712521338469,16740.0,0,2,0,
T003831,U0127,2026-07-20 13:38:00,582.37,D0743,M034,Kolkata,0,,13,0,0,0,-1.059774704322267,0.7092853893657103,175500.0,0,2,0,
T003834,U0127,2026-07-21 11:14:00,789.33,D0191,M017,Kolkata,0,,11,0,0,0,-0.05929763605026605,0.9833380597150984,77760.0,0,2,0,
T003836,U0127,2026-07-23 17:33:00,620.23,D0191,M044,Kolkata,0,,17,0,0,0,-0.8350580413930254,0.7735959486060976,195540.0,0,2,0,
T003841,U0127,2026-07-26 13:00:00,876.49,D0191,M037,Kolkata,0,,13,0,0,0,0.4042389563250871,1.109975582652048,242820.0,0,2,0,
T003830,U0127,2026-07-29 08:52:00,1078.46,D0743,M001,Kolkata,0,,8,0,0,1,1.3554768912697386,1.3564244264733631,244320.0,0,2,0,
T003837,U0127,2026-07-30 13:45:00,927.43,D0743,M001,Kolkata,0,,13,0,0,0,0.5418406251855105,1.1425135514528442,103980.0,0,2,0,
T003883,U0128,2026-07-02 10:36:00,2511.36,D0137,M035,Chennai,0,,10,0,1,1,0.0,1.0,1000000000.0,0,1,0,
T003877,U0128,2026-07-02 13:46:00,1967.75,D0137,M039,Chennai,0,,13,0,0,1,0.0,1.0,11400.0,0,1,0,
T003887,U0128,2026-07-02 16:13:00,4541.87,D0137,M009,Chennai,0,,16,0,0,1,0.0,1.0,8820.0,0,1,0,
T003859,U0128,2026-07-02 16:46:00,3506.69,D0137,M039,Chennai,0,,16,0,0,0,0.45107958639346996,1.166178175375787,1980.0,1,1,0,
T003849,U0128,2026-07-02 18:34:00,2512.48,D0137,M039,Chennai,0,,18,0,0,0,-0.6298533710865302,0.8022178103981928,6480.0,0,1,0,
T003868,U0128,2026-07-02 23:18:00,2464.43,D0137,M035,Chennai,0,,23,0,0,0,-0.594835211264828,0.8192837169777949,17040.0,0,1,0,
T003885,U0128,2026-07-03 07:35:00,1334.63,D0137,M055,Chennai,0,,7,0,0,1,-1.8437063503333813,0.4574677025815641,29820.0,0,1,0,
T003870,U0128,2026-07-03 11:48:00,3653.12,D0137,M039,Chennai,0,,11,0,0,0,0.9928274091411489,1.3573732651474446,15180.0,0,1,0,
T003879,U0128,2026-07-04 11:09:00,1795.64,D0137,M009,Chennai,0,,11,0,0,0,-1.0577996113736656,0.6386674922024824,84060.0,0,1,0,
T003854,U0128,2026-07-04 18:35:00,4827.58,D0137,M028,Chennai,0,,18,0,0,1,2.2173822948963697,1.788878197062171,26760.0,0,1,0,
T003875,U0128,2026-07-07 13:26:00,4242.37,D0137,M055,Chennai,0,,13,0,0,0,1.1963017608755842,1.4570804942867022,240660.0,0,1,0,
T003863,U0128,2026-07-08 07:52:00,2566.03,D0137,M035,Chennai,0,,7,0,0,0,-0.41373242877582855,0.8461657678503989,66360.0,0,1,0,
T003858,U0128,2026-07-08 11:46:00,2299.55,D0137,M039,Chennai,0,,11,0,0,0,-0.6384234367510407,0.7681393608103321,14040.0,0,1,0,
T003871,U0128,2026-07-09 10:21:00,4734.06,D0137,M039,Chennai,0,,10,0,0,0,1.6909400057931268,1.6100770462953156,81300.0,0,1,0,
T003878,U0128,2026-07-09 14:32:00,1628.87,D0137,M039,Chennai,0,,14,0,0,0,-1.28325553042266,0.5308537075329243,15060.0,0,1,0,
T003847,U0128,2026-07-09 16:37:00,2511.45,D0137,M035,Chennai,0,,16,0,0,0,-0.4037724609592222,0.8449151454226379,7500.0,0,1,0,
T003848,U0128,2026-07-11 10:03:00,4873.2,D0137,M028,Chennai,0,,10,0,0,0,1.7367293877631924,1.6555140055881872,149160.0,0,1,0,
T003857,U0128,2026-07-15 15:39:00,2907.66,D0137,M023,Chennai,0,,15,0,0,1,-0.1277904549469702,0.9511101170849466,365760.0,0,1,0,
T003874,U0128,2026-07-16 08:58:00,4093.31,D0137,M035,Chennai,0,,8,0,0,0,0.9185149412062115,1.3425887689082039,62340.0,0,1,0,
T003852,U0128,2026-07-17 15:30:00,2569.81,D0137,M039,Chennai,0,,15,0,0,0,-0.4720788392178622,0.8279581595733706,109920.0,0,1,0,
T003864,U0128,2026-07-18 10:36:00,1794.11,D0137,M055,Chennai,0,,10,0,0,0,-1.1572858863487145,0.5830535506781714,68760.0,0,1,0,
T003884,U0128,2026-07-18 20:38:00,1428.97,D0137,M039,Chennai,0,,20,0,0,0,-1.4222433564065784,0.4737966433615886,36120.0,0,1,0,
T003851,U0128,2026-07-19 12:18:00,2788.82,D0137,M009,Chennai,0,,12,0,0,0,-0.13609335188822855,0.9473341591786953,56400.0,0,1,0,
T003860,U0128,2026-07-19 15:48:00,1069.85,D0137,M009,Chennai,0,,15,0,0,0,-1.6752341135353779,0.364251375373069,12600.0,0,1,0,
T003866,U0128,2026-07-21 08:56:00,3190.37,D0137,M023,Chennai,0,,8,0,0,0,0.28707396520518397,1.1157804139598786,148080.0,0,1,0,
T003853,U0128,2026-07-21 14:39:00,2257.29,D0137,M055,Chennai,0,,14,0,0,0,-0.5436398807234828,0.785811481000701,20580.0,0,1,0,
T003876,U0128,2026-07-22 10:33:00,3296.46,D0137,M009,Chennai,0,,10,0,0,0,0.4010185952929147,1.157101261662118,71640.0,0,1,0,
T003881,U0128,2026-07-22 13:16:00,3131.05,D0137,M023,Chennai,0,,13,0,0,0,0.24177256750822457,1.0926823104477486,9780.0,0,1,0,
T003865,U0128,2026-07-22 19:40:00,3549.53,D0137,M009,Chennai,0,,19,0,0,0,0.6247232674909744,1.2346378412869132,23040.0,0,1,0,
T003880,U0128,2026-07-23 22:58:00,3365.7,D0137,M028,Chennai,0,,22,0,0,0,0.4376639377049216,1.1612999710086056,98280.0,0,1,0,
T003861,U0128,2026-07-24 12:45:00,1744.71,D0137,M035,Chennai,0,,12,0,0,0,-1.1096936682878071,0.598774727095082,49620.0,0,1,0,
T003872,U0128,2026-07-24 14:44:00,2146.79,D0137,M028,Chennai,0,,14,0,0,0,-0.6901146611852718,0.7464271579589833,7140.0,0,1,0,
T003862,U0128,2026-07-25 14:37:00,2059.72,D0137,M039,Chennai,0,,14,0,0,0,-0.7573414001424743,0.7218736303745528,85980.0,0,1,0,
T003888,U0128,2026-07-25 20:30:00,2758.0,D0137,M028,Chennai,0,,20,0,0,0,-0.06845795356717543,0.9748168559947963,21180.0,0,1,0,
T003869,U0128,2026-07-27 10:15:00,2806.72,D0137,M028,Chennai,0,,10,0,0,0,-0.019927138344549473,0.9927722982909098,135900.0,0,1,0,
T003856,U0128,2026-07-27 13:06:00,2189.53,D0137,M009,Chennai,0,,13,0,0,0,-0.6303098590696654,0.7746243677762715,10260.0,0,1,0,
T003873,U0128,2026-07-27 14:26:00,2845.28,D0137,M039,Chennai,0,,14,0,0,0,0.036331975393599815,1.012960904897191,4800.0,0,1,0,
T003850,U0128,2026-07-27 16:52:00,2462.27,D0137,M028,Chennai,0,,16,0,0,0,-0.35166444460239316,0.8762968333460012,8760.0,0,1,0,
T003882,U0128,2026-07-27 19:16:00,2458.03,D0137,M009,Chennai,0,,19,0,0,0,-0.3507834014302519,0.8776448987315486,8640.0,0,1,0,
T003855,U0128,2026-07-29 15:30:00,2019.45,D0137,M009,Chennai,0,,15,0,0,0,-0.7998145270170178,0.7233182400945601,159240.0,0,1,0,
T003886,U0128,2026-07-29 18:37:00,2771.93,D0137,M028,Chennai,0,,18,0,0,0,-0.0007102630199375068,0.9997537517636554,11220.0,0,1,0,
T003867,U0128,2026-07-29 21:18:00,3767.71,D0137,M028,Chennai,0,,21,0,0,0,1.048074654178836,1.3589105178195648,9660.0,0,1,0,
T003899,U0129,2026-07-01 09:51:00,1843.46,D0426,M060,Kolkata,0,,9,0,1,1,0.0,1.0,1000000000.0,0,1,0,
T003917,U0129,2026-07-01 10:38:00,4844.05,D0426,M060,Kolkata,0,,10,0,0,0,0.0,1.0,2820.0,1,1,0,
T003904,U0129,2026-07-01 12:55:00,3469.1,D0066,M060,Kolkata,0,,12,0,1,0,0.0,1.0,8220.0,0,1,0,
T003918,U0129,2026-07-01 15:30:00,3361.74,D0066,M041,Kolkata,0,,15,0,0,1,-0.019403516575943115,0.9929710796241153,9300.0,0,1,0,
T003896,U0129,2026-07-02 10:32:00,2252.28,D0066,M041,Kolkata,0,,10,0,0,0,-1.0613427204986947,0.6664363622286933,68520.0,0,1,0,
T003926,U0129,2026-07-03 14:44:00,3029.24,D0426,M041,Kolkata,0,,14,0,0,0,-0.11875793148901358,0.9604055129819146,101520.0,0,1,0,
T003919,U0129,2026-07-03 15:42:00,2687.08,D0426,M032,Kolkata,0,,15,0,0,1,-0.4642907769443854,0.8575846532372028,3480.0,1,1,0,
T003889,U0129,2026-07-05 15:43:00,3633.22,D0066,M032,Kolkata,0,,15,0,0,0,0.6239227182731454,1.1836272710512477,172860.0,0,1,0,
T003894,U0129,2026-07-05 16:20:00,2685.17,D0426,M029,Kolkata,0,,16,0,0,1,-0.5256115637407165,0.8551438940564038,2220.0,1,1,0,
T003903,U0129,2026-07-05 17:02:00,4069.96,D0426,M060,Kolkata,0,,17,0,0,0,1.1837068405179187,1.3173599023836344,2520.0,1,1,0,
T003890,U0129,2026-07-06 12:44:00,2044.25,D0426,M060,Kolkata,0,,12,0,0,0,-1.3625837262276883,0.6413272971105128,70920.0,0,1,0,
T003925,U0129,2026-07-09 16:02:00,5468.66,D0426,M041,Kolkata,0,,16,0,0,0,2.7576539435409106,1.773468692258354,271080.0,0,1,0,
T003898,U0129,2026-07-10 11:01:00,3508.92,D0426,M041,Kolkata,0,,11,0,0,0,0.21406503438166416,1.0690264926274053,68340.0,0,1,0,
T003924,U0129,2026-07-10 14:30:00,4375.63,D0426,M006,Kolkata,0,,14,0,0,1,1.0561216285118968,1.3260371960259705,12540.0,0,1,0,
T003905,U0129,2026-07-11 06:44:00,3358.21,D0066,M019,Kolkata,0,,6,0,0,1,-0.01805498407652226,0.9945461188658409,58440.0,0,1,0,
T003912,U0129,2026-07-12 12:03:00,3524.22,D0426,M011,Kolkata,0,,12,0,0,1,0.15102629580608662,1.044090207719478,105540.0,0,1,0,
T003892,U0129,2026-07-12 13:11:00,3171.92,D0426,M019,Kolkata,0,,13,0,0,0,-0.2228537718096067,0.9371349262186291,4080.0,0,1,0,
T003897,U0129,2026-07-14 10:22:00,2335.19,D0426,M011,Kolkata,0,,10,0,0,0,-1.1178853902958694,0.6924861551232521,162660.0,0,1,0,
T003910,U0129,2026-07-14 11:37:00,2542.28,D0066,M006,Kolkata,0,,11,0,0,0,-0.8283990014735146,0.7670009367086751,4500.0,0,1,0,
T003927,U0129,2026-07-14 18:54:00,4298.47,D0426,M029,Kolkata,0,,18,0,0,0,1.1092379994555133,1.3129407830589666,26220.0,0,1,0,
T003902,U0129,2026-07-15 13:29:00,2318.6,D0066,M041,Kolkata,0,,13,0,0,0,-1.0851861927956514,0.6972913270301764,66900.0,0,1,0,
T003922,U0129,2026-07-16 15:11:00,3562.28,D0066,M032,Kolkata,0,,15,0,0,0,0.30644227021585385,1.086981785196568,92520.0,0,1,0,
T003908,U0129,2026-07-17 11:23:00,3027.96,D0066,M006,Kolkata,0,,11,0,0,0,-0.2879087707399214,0.9203026138502475,72720.0,0,1,0,
T003900,U0129,2026-07-17 17:05:00,3365.82,D0066,M032,Kolkata,0,,17,0,0,0,0.09754218071586715,1.0265471396670924,20520.0,0,1,0,
T003907,U0129,2026-07-18 20:59:00,4074.22,D0426,M041,Kolkata,0,,20,0,0,0,0.9062381057916771,1.2412302917946012,100440.0,0,1,0,
T003913,U0129,2026-07-21 11:37:00,4441.52,D0066,M060,Kolkata,0,,11,0,0,0,1.2958612195126542,1.340198109645666,225480.0,0,1,0,
T003911,U0129,2026-07-21 11:56:00,2498.33,D0066,M032,Kolkata,0,,11,0,0,0,-0.9759758679645266,0.7441174564718537,1140.0,1,1,0,
T003923,U0129,2026-07-22 16:07:00,5320.9,D0426,M011,Kolkata,0,,16,0,0,0,2.2701793830950234,1.599971622756568,101460.0,0,1,0,
T003920,U0129,2026-07-24 00:36:00,2106.63,D0066,M019,Kolkata,0,,0,1,0,0,-1.373855478766402,0.6201658914735171,116940.0,0,1,0,
T003906,U0129,2026-07-24 20:00:00,2805.29,D0426,M032,Kolkata,0,,20,0,0,0,-0.5744618171739688,0.8368029970150241,69840.0,0,1,0,
T003914,U0129,2026-07-25 10:40:00,4222.49,D0066,M011,Kolkata,0,,10,0,0,0,0.9435350680860237,1.2664354564977707,52800.0,0,1,0,
T003916,U0129,2026-07-27 12:21:00,4806.84,D0066,M029,Kolkata,0,,12,0,0,0,1.537194829162466,1.4294119860390178,178860.0,0,1,0,
T003921,U0129,2026-07-27 14:55:00,3401.38,D0066,M011,Kolkata,0,,14,0,0,0,-0.0068417894146095976,0.9980764560072394,9240.0,0,1,0,
T003891,U0129,2026-07-27 23:04:00,3324.4,D0426,M029,Kolkata,0,,23,0,0,0,-0.08832712630472132,0.9755448628242368,29340.0,0,1,0,
T003909,U0129,2026-07-29 12:40:00,939.6,D0066,M060,Kolkata,0,,12,0,0,0,-2.6523347775773827,0.27592399385538785,135360.0,0,1,0,
T003901,U0129,2026-07-29 13:22:00,3696.66,D0066,M011,Kolkata,0,,13,0,0,0,0.3603379303957958,1.108497813782506,2520.0,1,1,0,
T003895,U0129,2026-07-29 17:13:00,3524.61,D0066,M029,Kolkata,0,,17,0,0,0,0.18119694517392165,1.053730331301286,13860.0,0,1,0,
T003893,U0129,2026-07-30 14:24:00,5249.19,D0066,M029,Kolkata,0,,14,0,0,0,1.9405882710425686,1.5670414802159183,76260.0,0,1,0,
T003915,U0129,2026-07-30 15:04:00,1772.35,D0426,M006,Kolkata,0,,15,0,0,0,-1.6071923582800938,0.521320689557616,2400.0,1,1,0,
T003942,U0130,2026-07-02 09:03:00,3732.96,D0892,M039,Ahmedabad,0,,9,0,1,1,0.0,1.0,1000000000.0,0,1,0,
T003936,U0130,2026-07-04 10:31:00,3693.01,D0892,M043,Ahmedabad,0,,10,0,0,1,0.0,1.0,178080.0,0,1,0,
T003943,U0130,2026-07-04 23:06:00,2544.78,D0892,M011,Ahmedabad,0,,23,0,0,1,0.0,1.0,45300.0,0,1,0,
T003935,U0130,2026-07-06 17:59:00,20.0,D0892,M019,Ahmedabad,0,,17,0,0,1,-5.996282454928505,0.006017601482531123,154380.0,0,1,0,
T003940,U0130,2026-07-10 11:32:00,4055.57,D0892,M019,Ahmedabad,0,,11,0,0,0,1.0331018019290492,1.6237299495538455,322380.0,0,1,0,
T003929,U0130,2026-07-13 16:41:00,3734.39,D0892,M043,Ahmedabad,0,,16,0,0,0,0.6226609138219124,1.3293125881621262,277740.0,0,1,0,
T003928,U0130,2026-07-16 12:47:00,3558.49,D0892,M039,Ahmedabad,0,,12,0,0,0,0.42519625464401595,1.2007923189116323,245160.0,0,1,0,
T003941,U0130,2026-07-18 12:00:00,3523.49,D0892,M011,Ahmedabad,0,,12,0,0,0,0.36199650826005114,1.1558273033623196,169980.0,0,1,0,
T003939,U0130,2026-07-19 08:28:00,3099.31,D0892,M043,Ahmedabad,0,,8,0,0,0,-0.006889800914421445,0.9972565314542372,73680.0,0,1,0,
T003930,U0130,2026-07-21 15:20:00,4739.39,D0892,M011,Ahmedabad,0,,15,0,0,0,1.3991916725842446,1.5254456042583147,197520.0,0,1,0,
T003938,U0130,2026-07-22 19:07:00,4588.69,D0892,M039,Ahmedabad,0,,19,0,0,0,1.0893687157471115,1.4032094655905423,100020.0,0,1,0,
T003934,U0130,2026-07-26 10:16:00,3320.5,D0892,M019,Ahmedabad,0,,10,0,0,0,-0.05722125897188547,0.9794964234248235,313740.0,0,1,0,
T003933,U0130,2026-07-29 12:51:00,4610.78,D0892,M043,Ahmedabad,0,,12,0,0,0,1.05451501279644,1.3624370788018971,268500.0,0,1,0,
T003937,U0130,2026-07-29 18:02:00,4344.72,D0892,M030,Ahmedabad,0,,18,0,0,1,0.7439018748016878,1.2489973761019801,18660.0,0,1,0,
T003932,U0130,2026-07-30 14:42:00,3488.96,D0892,M019,Ahmedabad,0,,14,0,0,0,-0.044997171958359214,0.9854610246806595,74400.0,0,1,0,
T003931,U0130,2026-07-30 15:09:00,4583.35,D0892,M043,Ahmedabad,0,,15,0,0,0,0.9467232983160162,1.2958288219283705,1620.0,1,1,0,
T003963,U0131,2026-07-02 09:00:00,257.92,D0804,M031,Bengaluru,0,,9,0,1,1,0.0,1.0,1000000000.0,0,1,0,
T003974,U0131,2026-07-02 10:04:00,1552.27,D0804,M044,Bengaluru,0,,10,0,0,1,0.0,1.0,3840.0,0,1,0,
T003962,U0131,2026-07-03 08:06:00,1846.26,D0804,M031,Bengaluru,0,,8,0,0,0,0.0,1.0,79320.0,0,1,0,
T003964,U0131,2026-07-04 14:56:00,2075.99,D0804,M044,Bengaluru,0,,14,0,0,0,1.2423242619525572,1.7032832378099385,111000.0,0,1,0,
T003956,U0131,2026-07-07 14:40:00,867.62,D0804,M009,Bengaluru,0,,14,0,0,1,-0.8039030780687503,0.6054106100680264,258240.0,0,1,0,
T003971,U0131,2026-07-07 15:16:00,1455.75,D0804,M035,Bengaluru,0,,15,0,0,1,0.20302044443169018,1.1028308825201354,2160.0,1,1,0,
T003953,U0131,2026-07-07 15:39:00,1079.37,D0804,M042,Bengaluru,0,,15,0,0,1,-0.4298683525248074,0.8039191583684923,1380.0,2,1,0,
T003961,U0131,2026-07-08 18:50:00,1449.33,D0804,M042,Bengaluru,0,,18,0,0,0,0.2512100726676808,1.1105758170310787,97860.0,0,1,0,
T003951,U0131,2026-07-09 10:52:00,433.43,D0804,M044,Bengaluru,0,,10,0,0,0,-1.6491449867434154,0.32759570328520016,57720.0,0,1,0,
T003958,U0131,2026-07-10 18:26:00,276.38,D0804,M009,Bengaluru,0,,18,0,0,0,-1.6331280519008602,0.22576089522797835,113640.0,0,1,0,
T003952,U0131,2026-07-12 15:02:00,746.4,D0804,M044,Bengaluru,0,,15,0,0,0,-0.6181050934063664,0.6608631589499294,160560.0,0,1,0,
T003947,U0131,2026-07-13 07:18:00,2309.22,D0804,M031,Bengaluru,0,,7,0,0,0,2.0209062060109924,2.109626332710511,58560.0,0,1,0,
T003949,U0131,2026-07-14 14:06:00,1642.86,D0804,M009,Bengaluru,0,,14,0,0,0,0.6710192115666823,1.3738259521303984,110880.0,0,1,0,
T003973,U0131,2026-07-15 05:22:00,1810.15,D0804,M035,Bengaluru,0,,5,1,0,0,0.8907646579938989,1.4714090078580162,54960.0,0,1,0,
T003968,U0131,2026-07-15 19:54:00,2051.73,D0804,M009,Bengaluru,0,,19,0,0,0,1.2096243149546761,1.6134528253694842,52320.0,0,1,0,
T003972,U0131,2026-07-15 19:57:00,1237.73,D0804,M042,Bengaluru,0,,19,0,0,0,-0.1316274028127341,0.9350918768760624,180.0,1,1,0,
T003950,U0131,2026-07-16 15:52:00,1291.05,D0804,M009,Bengaluru,0,,15,0,0,0,-0.04305591666665116,0.9793475465501779,71700.0,0,1,0,
T003948,U0131,2026-07-17 12:48:00,1760.59,D0804,M009,Bengaluru,0,,12,0,0,0,0.7235964976940436,1.3371493941181773,75360.0,0,1,0,
T003970,U0131,2026-07-18 20:48:00,1524.93,D0804,M031,Bengaluru,0,,20,0,0,0,0.30355642970938584,1.1368738873360629,115200.0,0,1,0,
T003969,U0131,2026-07-19 07:37:00,2386.7,D0804,M035,Bengaluru,0,,7,0,0,0,1.7551150969621152,1.7666186956565566,38940.0,0,1,0,
T003944,U0131,2026-07-21 21:30:00,1554.69,D0804,M009,Bengaluru,0,,21,0,0,0,0.24585405115092654,1.1082889446213464,222780.0,0,1,0,
T003965,U0131,2026-07-22 12:04:00,1835.31,D0804,M035,Bengaluru,0,,12,0,0,0,0.7043046839297225,1.3016220321686602,52440.0,0,1,0,
T003955,U0131,2026-07-22 14:47:00,2053.21,D0804,M031,Bengaluru,0,,14,0,0,0,1.0457327141368913,1.436465039661975,9780.0,0,1,0,
T003967,U0131,2026-07-22 17:12:00,1117.78,D0804,M035,Bengaluru,0,,17,0,0,0,-0.5671602572447133,0.7674564734039994,8700.0,0,1,0,
T003946,U0131,2026-07-23 06:55:00,499.45,D0804,M035,Bengaluru,0,,6,0,0,0,-1.6022135313017685,0.3462724748420186,49380.0,0,1,0,
T003959,U0131,2026-07-24 15:17:00,1972.57,D0804,M031,Bengaluru,0,,15,0,0,0,0.937949934346492,1.404319439758493,116520.0,0,1,0,
T003945,U0131,2026-07-25 10:22:00,1912.93,D0804,M031,Bengaluru,0,,10,0,0,0,0.8057684245700802,1.341006650952995,68700.0,0,1,0,
T003966,U0131,2026-07-25 14:10:00,744.52,D0804,M044,Bengaluru,0,,14,0,0,0,-1.1676238283961922,0.5154155131526276,13680.0,0,1,0,
T003954,U0131,2026-07-26 12:24:00,1795.22,D0804,M035,Bengaluru,0,,12,0,0,0,0.6232273112396906,1.264680292591657,80040.0,0,1,0,
T003960,U0131,2026-07-29 12:23:00,1533.84,D0804,M035,Bengaluru,0,,12,0,0,0,0.17000754483717287,1.0707728386588111,259140.0,0,1,0,
T003957,U0131,2026-07-29 20:04:00,1444.89,D0804,M009,Bengaluru,0,,20,0,0,0,0.015428367233381785,1.0063029299878101,27660.0,0,1,0,
T003984,U0132,2026-07-01 08:55:00,1126.65,D0367,M008,Kolkata,0,,8,0,1,1,0.0,1.0,1000000000.0,0,1,0,
T003986,U0132,2026-07-02 14:17:00,2196.35,D0418,M008,Kolkata,0,,14,0,1,0,0.0,1.0,105720.0,0,1,0,
T003982,U0132,2026-07-06 15:00:00,2483.38,D0367,M048,Kolkata,0,,15,0,0,1,0.0,1.0,348180.0,0,1,0,
T003987,U0132,2026-07-07 07:33:00,2577.75,D0418,M020,Kolkata,0,,7,0,0,1,1.1001958355192352,1.33185392551029,59580.0,0,1,0,
T003979,U0132,2026-07-08 14:02:00,3823.62,D0367,M020,Kolkata,0,,14,0,0,0,2.993928564103497,1.8242178965143823,109740.0,0,1,0,
T003985,U0132,2026-07-09 13:11:00,2725.2,D0367,M006,Kolkata,0,,13,0,0,1,0.3288708259429772,1.1161761990882118,83340.0,0,1,0,
T003976,U0132,2026-07-11 15:59:00,2232.79,D0367,M008,Kolkata,0,,15,0,0,0,-0.3222946422045216,0.8971261535475068,182880.0,0,1,0,
T003978,U0132,2026-07-13 15:15:00,2297.85,D0418,M020,Kolkata,0,,15,0,0,0,-0.20838757509507666,0.9370379601136177,170160.0,0,1,0,
T003989,U0132,2026-07-18 14:53:00,3015.07,D0418,M020,Kolkata,0,,14,0,0,0,0.8376497146227379,1.2392657259059545,430680.0,0,1,0,
T003983,U0132,2026-07-22 18:59:00,4749.59,D0418,M006,Kolkata,0,,18,0,0,0,3.310430197092544,1.9016395987521162,360360.0,0,1,15,amount z-score 3.3
T003981,U0132,2026-07-26 09:00:00,3424.9,D0367,M008,Kolkata,0,,9,0,0,0,0.7514516825055774,1.2578480066629887,309660.0,0,1,0,
T003980,U0132,2026-07-27 15:57:00,3661.54,D0418,M048,Kolkata,0,,15,0,0,0,0.9578486403235731,1.3139576188922335,111420.0,0,1,0,
T003988,U0132,2026-07-28 13:28:00,2495.87,D0367,M048,Kolkata,0,,13,0,0,0,-0.40083710252769206,0.8728168603454146,77460.0,0,1,0,
T003975,U0132,2026-07-28 17:57:00,3590.21,D0367,M020,Kolkata,0,,17,0,0,0,0.8649328562177955,1.267916869059234,16140.0,0,1,0,
T003977,U0132,2026-07-30 10:43:00,3768.93,D0418,M020,Kolkata,0,,10,0,0,0,1.0180783388902834,1.306039958686813,146760.0,0,1,0,
T004001,U0133,2026-07-02 08:23:00,1405.1,D0798,M010,Bengaluru,0,,8,0,1,1,0.0,1.0,1000000000.0,0,2,0,
T003991,U0133,2026-07-05 14:28:00,3110.52,D0798,M012,Bengaluru,0,,14,0,0,1,0.0,1.0,281100.0,0,2,0,
T003994,U0133,2026-07-06 19:02:00,2087.98,D0798,M010,Bengaluru,0,,19,0,0,0,0.0,1.0,102840.0,0,2,0,
T003992,U0133,2026-07-12 14:32:00,4292.7,D0798,M047,Bengaluru,0,,14,0,0,1,2.9843502114891782,1.9501635462701417,502200.0,0,2,0,
T003997,U0133,2026-07-14 08:52:00,1906.39,D0798,M012,Bengaluru,0,,8,0,0,0,-0.7500248568696,0.6998302173398934,152400.0,0,2,0,
T003993,U0133,2026-07-16 23:54:00,3701.06,D0798,M047,Bengaluru,0,,23,0,0,0,1.108911363425059,1.4454227973006368,226920.0,0,2,0,
T004003,U0133,2026-07-17 12:13:00,3002.73,D0798,M010,Bengaluru,0,,12,0,0,0,0.24461394072391043,1.0916537146678833,44340.0,0,2,0,
T003998,U0133,2026-07-19 16:43:00,3368.78,D0798,M010,Bengaluru,0,,16,0,0,0,0.6075084118098801,1.2089039125222836,189000.0,0,2,0,
T004004,U0133,2026-07-21 18:00:00,1870.41,D0798,M012,Bengaluru,0,,18,0,0,0,-1.0787542166525512,0.6541250239239687,177420.0,0,2,0,
T003999,U0133,2026-07-23 10:57:00,3992.67,D0798,M047,Bengaluru,0,,10,0,0,0,1.353388881635031,1.4521340495905262,147420.0,0,2,0,
T004002,U0133,2026-07-23 16:58:00,4626.53,D0798,M010,Bengaluru,0,,16,0,0,0,1.8491032213200034,1.6098807371581376,21660.0,0,2,0,
T003995,U0133,2026-07-24 12:33:00,2543.32,D0798,M047,Bengaluru,0,,12,0,0,0,-0.47341284184334803,0.838502292704167,70500.0,0,2,0,
T004000,U0133,2026-07-26 11:55:00,2492.51,D0798,M046,Bengaluru,0,,11,0,0,1,-0.49990020176926625,0.8329609481849259,170520.0,0,2,0,
T003990,U0133,2026-07-27 16:16:00,2200.38,D0798,M012,Bengaluru,0,,16,0,0,0,-0.7769520870627604,0.7449067332188273,102060.0,0,2,0,
T003996,U0133,2026-07-28 12:36:00,4266.17,D0798,M046,Bengaluru,0,,12,0,0,0,1.4312162491282547,1.471053971456061,73200.0,0,2,0,
T004022,U0134,2026-07-03 15:21:00,2533.61,D0117,M043,Delhi,0,,15,0,1,1,0.0,1.0,1000000000.0,0,2,0,
T004016,U0134,2026-07-05 13:58:00,4848.09,D0117,M017,Delhi,0,,13,0,0,1,0.0,1.0,167820.0,0,2,0,
T004014,U0134,2026-07-06 18:39:00,3623.52,D0117,M008,Delhi,0,,18,0,0,1,0.0,1.0,103260.0,0,2,0,
T004005,U0134,2026-07-07 13:50:00,4716.88,D0117,M041,Delhi,0,,13,0,0,1,1.109008050269211,1.2858116417611427,69060.0,0,2,0,
T004006,U0134,2026-07-08 14:03:00,4766.28,D0117,M016,Delhi,0,,14,0,0,1,0.8927071474024546,1.212631900010143,87180.0,0,2,0,
T004011,U0134,2026-07-08 18:38:00,2691.21,D0117,M008,Delhi,0,,18,0,0,0,-1.5599130626764122,0.6567649563663,16500.0,0,2,0,
T004019,U0134,2026-07-09 16:20:00,2739.03,D0117,M059,Delhi,0,,16,0,0,1,-1.1521127722213247,0.7089935583738125,78120.0,0,2,0,
T004013,U0134,2026-07-11 15:34:00,2587.2,D0117,M059,Delhi,0,,15,0,0,0,-1.1320367746711748,0.6987409049983685,170040.0,0,2,0,
T004018,U0134,2026-07-13 04:21:00,4018.52,D0117,M008,Delhi,0,,4,1,0,0,0.45859439551946946,1.1277753101288719,132420.0,0,2,0,
T004009,U0134,2026-07-17 15:39:00,4568.84,D0117,M043,Delhi,0,,15,0,0,0,1.0085865079077658,1.2642703891492209,386280.0,0,2,0,
T004007,U0134,2026-07-18 08:19:00,2251.99,D0117,M041,Delhi,0,,8,0,0,0,-1.5456038213895293,0.6071169954673292,60000.0,0,2,0,
T004017,U0134,2026-07-20 17:37:00,1996.63,D0117,M016,Delhi,0,,17,0,0,0,-1.5932147183365064,0.5582115922706568,206280.0,0,2,0,
T004008,U0134,2026-07-23 17:34:00,3927.63,D0117,M017,Delhi,0,,17,0,0,0,0.46160251216996684,1.1400461515057267,259020.0,0,2,0,
T004010,U0134,2026-07-24 10:44:00,3645.27,D0117,M015,Delhi,0,,10,0,0,1,0.16100656952954662,1.0468103969144624,61800.0,0,2,0,
T004021,U0134,2026-07-25 08:44:00,2695.47,D0117,M016,Delhi,0,,8,0,0,0,-0.8176566269714605,0.7714772857484422,79200.0,0,2,0,
T004012,U0134,2026-07-27 15:05:00,2602.92,D0117,M015,Delhi,0,,15,0,0,0,-0.8688833573949646,0.7565136869080707,195660.0,0,2,0,
T004015,U0134,2026-07-29 04:50:00,4187.37,D0117,M015,Delhi,0,,4,1,0,0,0.8364125635275418,1.2358255170518189,135900.0,0,2,0,
T004020,U0134,2026-07-29 10:33:00,1904.31,D0117,M043,Delhi,0,,10,0,0,0,-1.6189420743655782,0.5543324485898972,20580.0,0,2,0,
T004045,U0135,2026-07-02 13:21:00,2856.63,D0549,M018,Jaipur,0,,13,0,1,1,0.0,1.0,1000000000.0,0,3,20,device shared by 3 users
T004044,U0135,2026-07-05 23:48:00,3436.57,D0523,M020,Jaipur,0,,23,0,1,1,0.0,1.0,296820.0,0,1,0,
T004042,U0135,2026-07-06 10:37:00,2136.84,D0523,M018,Jaipur,0,,10,0,0,0,0.0,1.0,38940.0,0,1,0,
T004041,U0135,2026-07-06 12:05:00,1529.22,D0549,M018,Jaipur,0,,12,0,0,0,-2.409157190976832,0.5442038232757364,5280.0,0,3,20,device shared by 3 users
T004023,U0135,2026-07-07 14:54:00,2700.22,D0549,M020,Jaipur,0,,14,0,0,0,0.2919032952379656,1.0845062781433534,96540.0,0,3,20,device shared by 3 users
T004035,U0135,2026-07-07 18:37:00,4602.03,D0523,M020,Jaipur,0,,18,0,0,0,3.1839560747397657,1.8176220501088427,13380.0,0,1,15,amount z-score 3.2
T004031,U0135,2026-07-08 10:17:00,4695.89,D0549,M018,Jaipur,0,,10,0,0,0,1.8687088292202607,1.6322639207234142,56400.0,0,3,20,device shared by 3 users
T004029,U0135,2026-07-08 11:40:00,785.4,D0549,M004,Jaipur,0,,11,0,0,1,-2.131222092289167,0.2503848360118824,4980.0,0,3,20,device shared by 3 users
T004040,U0135,2026-07-08 14:09:00,4374.31,D0549,M020,Jaipur,0,,14,0,0,0,1.1851377620230956,1.5387058756041627,8940.0,0,3,20,device shared by 3 users
T004034,U0135,2026-07-08 17:44:00,2162.0,D0523,M037,Jaipur,0,,17,0,0,1,-0.6496580275340416,0.7175543409139842,12900.0,0,1,0,
T004032,U0135,2026-07-08 18:41:00,1408.99,D0549,M004,Jaipur,0,,18,0,0,0,-1.197253875848597,0.4812270589914696,3420.0,1,3,20,device shared by 3 users
T004036,U0135,2026-07-09 12:30:00,2452.3,D0523,M037,Jaipur,0,,12,0,0,0,-0.26245652446515483,0.8790149924671398,64140.0,0,1,0,
T004025,U0135,2026-07-09 13:36:00,2550.77,D0549,M020,Jaipur,0,,13,0,0,0,-0.17081980158403634,0.9236231303459378,3960.0,0,3,20,device shared by 3 users
T004024,U0135,2026-07-11 14:20:00,2375.04,D0523,M037,Jaipur,0,,14,0,0,0,-0.3118929946779296,0.8650744704853898,175440.0,0,1,0,
T004039,U0135,2026-07-11 18:00:00,1916.44,D0549,M020,Jaipur,0,,18,0,0,0,-0.6988249855590847,0.7048287704537015,13200.0,0,3,20,device shared by 3 users
T004038,U0135,2026-07-13 12:47:00,2413.52,D0549,M018,Jaipur,0,,12,0,0,0,-0.22350676786835028,0.9054627441257158,154020.0,0,3,20,device shared by 3 users
T004037,U0135,2026-07-15 07:36:00,3916.17,D0523,M020,Jaipur,0,,7,0,0,0,1.1582943247399033,1.4779335014543311,154140.0,0,1,0,
T004033,U0135,2026-07-18 17:49:00,2468.27,D0549,M018,Jaipur,0,,17,0,0,0,-0.2323430080455232,0.9060347627564794,295980.0,0,3,20,device shared by 3 users
T004028,U0135,2026-07-19 09:17:00,3071.94,D0523,M037,Jaipur,0,,9,0,0,0,0.33749864551647135,1.1335430200564576,55680.0,0,1,0,
T004027,U0135,2026-07-19 16:59:00,2490.92,D0523,M018,Jaipur,0,,16,0,0,0,-0.2275047410487275,0.9127319675244149,27720.0,0,1,0,
T004047,U0135,2026-07-19 19:27:00,3005.18,D0523,M004,Jaipur,0,,19,0,0,0,0.2819019003311072,1.1059948872952003,8880.0,0,1,0,
T004026,U0135,2026-07-20 10:02:00,2052.07,D0549,M020,Jaipur,0,,10,0,0,0,-0.6795534031212553,0.7514295451457007,52500.0,0,3,20,device shared by 3 users
T004046,U0135,2026-07-20 11:41:00,2852.88,D0549,M020,Jaipur,0,,11,0,0,0,0.15499536090174226,1.0566094144440439,5940.0,0,3,20,device shared by 3 users
T004048,U0135,2026-07-21 18:07:00,3757.52,D0523,M020,Jaipur,0,,18,0,0,0,1.0889907863192874,1.3882403582776015,109560.0,0,1,0,
T004030,U0135,2026-07-22 11:14:00,3029.97,D0523,M037,Jaipur,0,,11,0,0,0,0.28883355128964106,1.1016216657672386,61620.0,0,1,0,
T004043,U0135,2026-07-24 10:08:00,2681.64,D0523,M037,Jaipur,0,,10,0,0,0,-0.08423759709141355,0.971030439637095,168840.0,0,1,0,
T004049,U0135,2026-07-24 23:01:00,3737.57,D0549,M004,Jaipur,0,,23,0,0,0,1.0510855872535263,1.354895720851294,46380.0,0,3,20,device shared by 3 users
T004057,U0136,2026-07-02 13:50:00,1910.71,D0021,M049,Bengaluru,0,,13,0,1,1,0.0,1.0,1000000000.0,0,2,0,
T004055,U0136,2026-07-03 10:08:00,1964.11,D0021,M035,Bengaluru,0,,10,0,0,1,0.0,1.0,73080.0,0,2,0,
T004064,U0136,2026-07-07 11:59:00,3070.94,D0485,M054,Bengaluru,0,,11,0,1,1,0.0,1.0,352260.0,0,1,0,
T004059,U0136,2026-07-09 11:20:00,2619.67,D0021,M035,Bengaluru,0,,11,0,0,0,0.5692204935402229,1.1314830913543732,170460.0,0,2,0,
T004056,U0136,2026-07-10 08:10:00,1149.99,D0021,M022,Bengaluru,0,,8,0,0,1,-2.57791380620873,0.4808942199228287,75000.0,0,2,0,
T004061,U0136,2026-07-12 16:48:00,3812.44,D0485,M027,Bengaluru,0,,16,0,0,1,2.5396584833177447,1.7789503342944328,203880.0,0,1,0,
T004058,U0136,2026-07-13 10:02:00,2263.92,D0485,M022,Bengaluru,0,,10,0,0,0,-0.18209055334497887,0.9349979965659094,62040.0,0,1,0,
T004050,U0136,2026-07-14 11:37:00,3258.77,D0485,M011,Bengaluru,0,,11,0,0,1,1.0720816309726384,1.358485520325457,92100.0,0,1,0,
T004053,U0136,2026-07-17 17:42:00,317.96,D0021,M022,Bengaluru,0,,17,0,0,0,-2.7272295366930157,0.12686335282498948,281100.0,0,2,0,
T004062,U0136,2026-07-20 12:24:00,1538.31,D0485,M027,Bengaluru,0,,12,0,0,0,-0.7089765923765654,0.6797154035264513,240120.0,0,1,0,
T004060,U0136,2026-07-23 17:56:00,640.46,D0021,M035,Bengaluru,0,,17,0,0,0,-1.5595608822506168,0.29235644411541406,279120.0,0,2,0,
T004054,U0136,2026-07-23 18:54:00,2793.82,D0021,M011,Bengaluru,0,,18,0,0,0,0.7104593976888502,1.3630034303475613,3480.0,1,2,0,
T004063,U0136,2026-07-25 11:33:00,1570.8,D0485,M011,Bengaluru,0,,11,0,0,0,-0.5284917694649262,0.7438351133563254,146340.0,0,1,0,
T004052,U0136,2026-07-26 12:51:00,3262.43,D0485,M054,Bengaluru,0,,12,0,0,0,1.1995522029972054,1.5759418688205868,91080.0,0,1,0,
T004051,U0136,2026-07-26 14:24:00,1774.42,D0021,M011,Bengaluru,0,,14,0,0,0,-0.3786919497298476,0.8232785943705825,5580.0,0,2,0,
T004079,U0137,2026-07-01 18:51:00,4569.97,D0399,M019,Jaipur,0,,18,0,1,1,0.0,1.0,1000000000.0,0,1,0,
T004082,U0137,2026-07-02 13:49:00,2323.82,D0399,M045,Jaipur,0,,13,0,0,1,0.0,1.0,68280.0,0,1,0,
T004087,U0137,2026-07-02 15:37:00,3202.72,D0399,M015,Jaipur,0,,15,0,0,1,0.0,1.0,6480.0,0,1,0,
T004070,U0137,2026-07-02 18:16:00,4824.3,D0399,M019,Jaipur,0,,18,0,0,0,1.5784716873988238,1.433455718431382,9540.0,0,1,0,
T004080,U0137,2026-07-04 19:47:00,2611.36,D0399,M045,Jaipur,0,,19,0,0,0,-1.0973252807237168,0.7000585087002492,178260.0,0,1,0,
T004076,U0137,2026-07-05 17:30:00,2777.07,D0399,M055,Jaipur,0,,17,0,0,1,-0.7179770631783778,0.7919926624051693,78180.0,0,1,0,
T004069,U0137,2026-07-07 06:49:00,2832.91,D0399,M019,Jaipur,0,,6,0,0,0,-0.5711749428027425,0.8369323517265247,134340.0,0,1,0,
T004071,U0137,2026-07-07 14:40:00,888.88,D0399,M024,Jaipur,0,,14,0,0,1,-2.640844320362717,0.26886698073074156,28260.0,0,1,0,
T004083,U0137,2026-07-07 17:26:00,1938.57,D0399,M024,Jaipur,0,,17,0,0,0,-0.9094680212848957,0.6453556087623857,9960.0,0,1,0,
T004067,U0137,2026-07-10 10:55:00,3515.02,D0399,M024,Jaipur,0,,10,0,0,0,0.54550398185196,1.2181620043834538,235740.0,0,1,0,
T004075,U0137,2026-07-10 16:10:00,2888.05,D0399,M019,Jaipur,0,,16,0,0,0,-0.05437891572362656,0.9795106733681794,18900.0,0,1,0,
T004077,U0137,2026-07-13 12:38:00,3732.89,D0399,M019,Jaipur,0,,12,0,0,0,0.7456386576542057,1.2684091236851176,246480.0,0,1,0,
T004074,U0137,2026-07-14 13:23:00,5899.39,D0399,M019,Jaipur,0,,13,0,0,0,2.78606952828298,1.9607140832733636,89100.0,0,1,0,
T004078,U0137,2026-07-14 15:15:00,2982.07,D0399,M047,Jaipur,0,,15,0,0,1,-0.1977242915813079,0.9229128945041508,6720.0,0,1,0,
T004073,U0137,2026-07-16 11:26:00,4206.42,D0399,M019,Jaipur,0,,11,0,0,0,0.8169285794144638,1.309041585365588,159060.0,0,1,0,
T004088,U0137,2026-07-17 04:41:00,2152.81,D0399,M019,Jaipur,0,,4,1,0,0,-0.9387841094292887,0.6564320362664924,62100.0,0,1,0,
T004085,U0137,2026-07-19 10:49:00,2047.36,D0399,M047,Jaipur,0,,10,0,0,0,-0.9732680642573012,0.6379776515284438,194880.0,0,1,0,
T004066,U0137,2026-07-22 16:09:00,3205.88,D0399,M055,Jaipur,0,,16,0,0,0,0.05469428225429337,1.0207206439618477,278400.0,0,1,0,
T004068,U0137,2026-07-23 09:43:00,4394.71,D0399,M045,Jaipur,0,,9,0,0,0,1.081150426025393,1.3976235470468512,63240.0,0,1,0,
T004081,U0137,2026-07-24 18:20:00,2745.76,D0399,M015,Jaipur,0,,18,0,0,0,-0.40049740603539524,0.8553180463675065,117420.0,0,1,0,
T004072,U0137,2026-07-24 19:13:00,2184.99,D0399,M015,Jaipur,0,,19,0,0,0,-0.8829278927956284,0.6855950331046348,3180.0,1,1,0,
T004086,U0137,2026-07-26 20:13:00,4469.9,D0399,M015,Jaipur,0,,20,0,0,0,1.1797411724156373,1.4238600100583911,176400.0,0,1,0,
T004084,U0137,2026-07-27 11:28:00,2878.14,D0399,M015,Jaipur,0,,11,0,0,0,-0.2830519274439662,0.8994845500801741,54900.0,0,1,0,
T004065,U0137,2026-07-29 15:15:00,2946.15,D0399,M019,Jaipur,0,,15,0,0,0,-0.21525720499301282,0.924780740880508,186420.0,0,1,0,
T004089,U0137,2026-07-30 21:27:00,2031.67,D0399,M047,Jaipur,0,,21,0,0,0,-1.0488415042043067,0.6397353733543353,108720.0,0,1,0,
T004091,U0138,2026-07-04 08:58:00,2499.83,D0687,M037,Lucknow,0,,8,0,1,1,0.0,1.0,1000000000.0,0,1,0,
T004098,U0138,2026-07-05 09:10:00,2100.4,D0687,M060,Lucknow,0,,9,0,0,1,0.0,1.0,87120.0,0,1,0,
T004092,U0138,2026-07-06 17:38:00,2772.45,D0687,M060,Lucknow,0,,17,0,0,0,0.0,1.0,116880.0,0,1,0,
T004102,U0138,2026-07-07 14:48:00,1888.83,D0687,M060,Lucknow,0,,14,0,0,0,-2.060716342465716,0.7685794036489122,76200.0,0,1,0,
T004099,U0138,2026-07-09 16:52:00,3460.43,D0210,M028,Lucknow,0,,16,0,1,1,3.3365730968206795,1.4945424659717295,180240.0,0,2,15,amount z-score 3.3
T004096,U0138,2026-07-11 13:59:00,2287.87,D0687,M028,Lucknow,0,,13,0,0,0,-0.4652424127906649,0.8991828286805382,162420.0,0,1,0,
T004093,U0138,2026-07-14 13:30:00,3368.64,D0210,M028,Lucknow,0,,13,0,0,0,1.692302766234639,1.34657533918954,257460.0,0,2,0,
T004103,U0138,2026-07-15 19:25:00,2282.05,D0687,M028,Lucknow,0,,19,0,0,0,-0.609971136350886,0.8691891859169669,107700.0,0,1,0,
T004094,U0138,2026-07-17 15:17:00,1184.49,D0687,M028,Lucknow,0,,15,0,0,0,-2.5948315292605613,0.4586491128642002,157920.0,0,1,0,
T004101,U0138,2026-07-18 11:11:00,2115.51,D0687,M028,Lucknow,0,,11,0,0,0,-0.4641105291236944,0.8715769607656404,71640.0,0,1,0,
T004097,U0138,2026-07-19 14:23:00,3131.78,D0210,M028,Lucknow,0,,14,0,0,0,1.1424539145703911,1.3070595349399807,97920.0,0,2,0,
T004100,U0138,2026-07-20 20:52:00,2791.34,D0210,M037,Lucknow,0,,20,0,0,0,0.505683655459419,1.1333390909710541,109740.0,0,2,0,
T004090,U0138,2026-07-24 15:20:00,310.32,D0210,M037,Lucknow,0,,15,0,0,0,-3.4692608570701124,0.1246114091433589,325680.0,0,2,0,
T004104,U0138,2026-07-26 19:49:00,1776.59,D0210,M028,Lucknow,0,,19,0,0,0,-0.6517267128050548,0.7649107731570031,188940.0,0,2,0,
T004095,U0138,2026-07-29 14:29:00,2313.54,D0687,M028,Lucknow,0,,14,0,0,0,0.03652377741246924,1.0131067575613075,240000.0,0,1,0,
T004115,U0139,2026-07-01 12:30:00,1898.09,D0275,M022,Kolkata,0,,12,0,1,1,0.0,1.0,1000000000.0,0,1,0,
T004121,U0139,2026-07-01 19:38:00,1755.42,D0275,M027,Kolkata,0,,19,0,0,1,0.0,1.0,25680.0,0,1,0,
T004120,U0139,2026-07-03 08:58:00,903.15,D0275,M027,Kolkata,0,,8,0,0,0,0.0,1.0,134400.0,0,1,0,
T004116,U0139,2026-07-05 15:53:00,3558.42,D0275,M022,Kolkata,0,,15,0,0,0,4.643004465585657,2.34278177282739,197700.0,0,1,15,amount z-score 4.6
T007550,U0139,2026-07-08 01:42:00,28900.07,D0466,M051,Hyderabad,1,account_takeover,1,1,1,1,27.944557128596884,14.245118956685518,208140.0,0,1,60,new device + amount >3x user avg; odd hour + new device; amount z-score 27.9
T004112,U0139,2026-07-08 15:47:00,4014.17,D0275,M025,Kolkata,0,,15,0,0,1,-0.31428164869381364,0.5422333827443312,50700.0,0,1,0,
T004107,U0139,2026-07-12 15:34:00,4153.02,D0275,M027,Kolkata,0,,15,0,0,0,-0.27057461483567014,0.6073247130675344,344820.0,0,1,0,
T004123,U0139,2026-07-13 07:04:00,3603.3,D0275,M027,Kolkata,0,,7,0,0,0,-0.308724069504093,0.5582512989830151,55800.0,0,1,0,
T004118,U0139,2026-07-15 21:11:00,3049.99,D0275,M022,Kolkata,0,,21,0,0,0,-0.350747299498715,0.5001455345466173,223620.0,0,1,0,
T004119,U0139,2026-07-16 14:47:00,4214.15,D0275,M027,Kolkata,0,,14,0,0,0,-0.187330188905987,0.731684943221773,63360.0,0,1,0,
T004114,U0139,2026-07-17 15:12:00,2325.23,D0275,M022,Kolkata,0,,15,0,0,0,-0.41834577209102236,0.41485086999184456,87900.0,0,1,0,
T004105,U0139,2026-07-18 11:08:00,3126.07,D0275,M022,Kolkata,0,,11,0,0,0,-0.2894471458655958,0.5890666227469643,71760.0,0,1,0,
T004111,U0139,2026-07-19 17:50:00,5706.22,D0275,M025,Kolkata,0,,17,0,0,0,0.08028240463536702,1.11338922806948,110520.0,0,1,0,
T004127,U0139,2026-07-20 11:20:00,5587.68,D0275,M027,Kolkata,0,,11,0,0,0,0.06007310461543825,1.0808325879175205,63000.0,0,1,0,
T004126,U0139,2026-07-21 13:08:00,3121.18,D0275,M034,Kolkata,0,,13,0,0,1,-0.31002651684239185,0.6002683150898075,92880.0,0,1,0,
T004108,U0139,2026-07-23 10:29:00,2879.89,D0275,M034,Kolkata,0,,10,0,0,0,-0.335694681973553,0.5690270686961062,163260.0,0,1,0,
T004122,U0139,2026-07-23 14:09:00,3880.91,D0275,M027,Kolkata,0,,14,0,0,0,-0.16533966160691385,0.788041532378734,13200.0,0,1,0,
T004124,U0139,2026-07-25 14:03:00,2886.88,D0275,M027,Kolkata,0,,14,0,0,0,-0.32243911980168544,0.5935989904552468,172440.0,0,1,0,
T004110,U0139,2026-07-26 14:35:00,4428.69,D0275,M025,Kolkata,0,,14,0,0,0,-0.054376384089588545,0.9316601496991032,88320.0,0,1,0,
T004113,U0139,2026-07-27 13:11:00,4756.12,D0275,M022,Kolkata,0,,13,0,0,0,0.003382617561048365,1.0041531222749387,81360.0,0,1,0,
T004106,U0139,2026-07-29 08:55:00,3214.97,D0275,M022,Kolkata,0,,8,0,0,0,-0.2686024540416246,0.6786313048938151,157440.0,0,1,0,
T004125,U0139,2026-07-29 16:35:00,4961.57,D0275,M022,Kolkata,0,,16,0,0,0,0.05353486480665583,1.063588401262271,27600.0,0,1,0,
T004109,U0139,2026-07-30 08:49:00,3939.04,D0275,M027,Kolkata,0,,8,0,0,0,-0.1365692872833768,0.8419598737828599,58440.0,0,1,0,
T004117,U0139,2026-07-30 12:49:00,5141.54,D0275,M025,Kolkata,0,,12,0,0,0,0.09349846879864329,1.106594975461371,14400.0,0,1,0,
T004138,U0140,2026-07-03 06:35:00,1279.94,D0330,M020,Ahmedabad,0,,6,0,1,1,0.0,1.0,1000000000.0,0,3,20,device shared by 3 users
T004137,U0140,2026-07-03 15:28:00,821.06,D0330,M027,Ahmedabad,0,,15,0,0,1,0.0,1.0,31980.0,0,3,20,device shared by 3 users
T004128,U0140,2026-07-04 13:04:00,683.73,D0151,M027,Ahmedabad,0,,13,0,1,0,0.0,1.0,77760.0,0,2,0,
T004135,U0140,2026-07-04 14:37:00,828.06,D0151,M020,Ahmedabad,0,,14,0,0,0,-0.39298604381284985,0.8920721209322927,5580.0,0,2,0,
T004140,U0140,2026-07-07 16:23:00,807.94,D0330,M027,Ahmedabad,0,,16,0,0,0,-0.4233738698594186,0.8945330330359273,265560.0,0,3,20,device shared by 3 users
T004141,U0140,2026-07-11 09:24:00,1210.38,D0330,M048,Ahmedabad,0,,9,0,0,1,1.592798560566627,1.3689820444033205,320460.0,0,3,20,device shared by 3 users
T004136,U0140,2026-07-12 20:45:00,824.46,D0330,M020,Ahmedabad,0,,20,0,0,0,-0.5114133693862923,0.8784697856602307,127260.0,0,3,20,device shared by 3 users
T004144,U0140,2026-07-17 11:12:00,1277.79,D0330,M027,Ahmedabad,0,,11,0,0,0,1.6907246014130959,1.3855523199812152,397620.0,0,3,20,device shared by 3 users
T004129,U0140,2026-07-18 12:25:00,623.11,D0330,M048,Ahmedabad,0,,12,0,0,0,-1.4990311040658426,0.6445943283182531,90780.0,0,3,20,device shared by 3 users
T004143,U0140,2026-07-19 15:46:00,797.82,D0330,M048,Ahmedabad,0,,15,0,0,0,-0.5409827864285813,0.8592599497475204,98460.0,0,3,20,device shared by 3 users
T004131,U0140,2026-07-20 14:50:00,828.58,D0330,M027,Ahmedabad,0,,14,0,0,0,-0.3735640735032053,0.9051275403060998,83040.0,0,3,20,device shared by 3 users
T004130,U0140,2026-07-21 09:22:00,691.24,D0151,M020,Ahmedabad,0,,9,0,0,0,-0.9696229395207401,0.7616687377098615,66720.0,0,2,0,
T004139,U0140,2026-07-24 07:55:00,514.37,D0151,M027,Ahmedabad,0,,7,0,0,0,-1.6914785076273924,0.5782627303879057,253980.0,0,2,0,
T004142,U0140,2026-07-24 09:29:00,713.0,D0151,M027,Ahmedabad,0,,9,0,0,0,-0.6273362698817956,0.8284413959027734,5640.0,0,2,0,
T004134,U0140,2026-07-25 10:29:00,890.54,D0151,M048,Ahmedabad,0,,10,0,0,0,0.1758256861292549,1.0475638311650406,90000.0,0,2,0,
T004132,U0140,2026-07-25 10:57:00,369.52,D0330,M020,Ahmedabad,0,,10,0,0,0,-2.173036907939529,0.43330138582495015,1680.0,1,3,20,device shared by 3 users
T004133,U0140,2026-07-30 12:56:00,713.5,D0330,M027,Ahmedabad,0,,12,0,0,0,-0.44517881157557165,0.8673757011810159,439140.0,0,3,20,device shared by 3 users
T004160,U0141,2026-07-04 19:13:00,4659.18,D0544,M058,Kolkata,0,,19,0,1,1,0.0,1.0,1000000000.0,0,1,0,
T004158,U0141,2026-07-05 09:36:00,4270.41,D0544,M012,Kolkata,0,,9,0,0,1,0.0,1.0,51780.0,0,1,0,
T004147,U0141,2026-07-07 12:57:00,2911.91,D0544,M017,Kolkata,0,,12,0,0,1,0.0,1.0,184860.0,0,1,0,
T004145,U0141,2026-07-17 06:44:00,2125.7,D0544,M012,Kolkata,0,,6,0,0,0,-2.4317183406552636,0.5385381918155965,841620.0,0,1,0,
T004150,U0141,2026-07-17 15:27:00,1818.7,D0105,M058,Kolkata,0,,15,0,1,0,-1.638344345232569,0.5208488457182975,31380.0,0,1,0,
T004151,U0141,2026-07-19 13:27:00,2118.78,D0544,M026,Kolkata,0,,13,0,0,1,-0.9170424319858209,0.671098891836671,165600.0,0,1,0,
T004148,U0141,2026-07-19 14:17:00,2379.59,D0544,M017,Kolkata,0,,14,0,0,0,-0.5477032602989812,0.7974194453749235,3000.0,1,1,0,
T004154,U0141,2026-07-20 11:18:00,3031.37,D0105,M026,Kolkata,0,,11,0,0,0,0.12804306230224352,1.046110606527976,75660.0,0,1,0,
T004157,U0141,2026-07-20 20:17:00,3454.3,D0544,M026,Kolkata,0,,20,0,0,0,0.5524772084761853,1.18523017127208,32340.0,0,1,0,
T004156,U0141,2026-07-21 16:54:00,3370.3,D0105,M058,Kolkata,0,,16,0,0,0,0.42259395126455807,1.1330880827451317,74220.0,0,1,0,
T004155,U0141,2026-07-21 23:52:00,3546.39,D0105,M026,Kolkata,0,,23,0,0,0,0.5937786212252243,1.1766296482122804,25080.0,0,1,0,
T004146,U0141,2026-07-23 09:13:00,3486.62,D0105,M058,Kolkata,0,,9,0,0,0,0.48846056989783065,1.1385175657961721,120060.0,0,1,0,
T004159,U0141,2026-07-26 14:30:00,2993.61,D0544,M017,Kolkata,0,,14,0,0,0,-0.1240461725093502,0.9663755520005244,278220.0,0,1,0,
T004152,U0141,2026-07-27 17:40:00,3874.36,D0544,M026,Kolkata,0,,17,0,0,0,0.9719686487377501,1.2539362047145042,97800.0,0,1,0,
T004149,U0141,2026-07-28 16:59:00,2958.96,D0544,M017,Kolkata,0,,16,0,0,0,-0.23248166345247143,0.9406060955357621,83940.0,0,1,0,
T004153,U0141,2026-07-30 09:55:00,2665.63,D0544,M026,Kolkata,0,,9,0,0,0,-0.601309035823553,0.8507297203380723,147360.0,0,1,0,
T004164,U0142,2026-07-01 19:55:00,871.44,D0261,M035,Chennai,0,,19,0,1,1,0.0,1.0,1000000000.0,0,1,0,
T004176,U0142,2026-07-02 06:23:00,914.74,D0838,M004,Chennai,0,,6,0,1,1,0.0,1.0,37680.0,0,2,0,
T004161,U0142,2026-07-03 11:03:00,1024.46,D0838,M053,Chennai,0,,11,0,0,1,0.0,1.0,103200.0,0,2,0,
T004182,U0142,2026-07-03 12:32:00,762.17,D0838,M004,Chennai,0,,12,0,0,0,-2.7128064384207846,0.8135193399223812,5340.0,0,2,0,
T004187,U0142,2026-07-03 21:08:00,367.23,D0261,M008,Chennai,0,,21,0,0,1,-5.59612362465186,0.41113857114020774,30960.0,0,1,0,
T004165,U0142,2026-07-04 14:39:00,986.96,D0838,M015,Chennai,0,,14,0,0,1,0.8781323761430191,1.2524745925771381,63060.0,0,2,0,
T004162,U0142,2026-07-12 13:23:00,802.68,D0838,M053,Chennai,0,,13,0,0,0,-0.08414075344876026,0.9774873136056578,686640.0,0,2,0,
T004169,U0142,2026-07-14 16:07:00,818.89,D0838,M035,Chennai,0,,16,0,0,0,0.001789962009817981,1.000445049810266,182640.0,0,2,0,
T004175,U0142,2026-07-14 18:15:00,816.23,D0838,M004,Chennai,0,,18,0,0,0,-0.012298307563512575,0.9971398323638414,7680.0,0,2,0,
T004170,U0142,2026-07-17 18:30:00,764.57,D0838,M053,Chennai,0,,18,0,0,0,-0.29941724690524096,0.9343267965988293,260100.0,0,2,0,
T004163,U0142,2026-07-18 18:49:00,612.79,D0838,M053,Chennai,0,,18,0,0,0,-1.1701995748917116,0.7537976488291248,87540.0,0,2,0,
T004174,U0142,2026-07-19 16:43:00,668.45,D0261,M053,Chennai,0,,16,0,0,0,-0.7303062431853207,0.8410907591199431,78840.0,0,1,0,
T004167,U0142,2026-07-20 05:37:00,663.81,D0261,M047,Chennai,0,,5,1,0,1,-0.7115979769678497,0.8464615991782105,46440.0,0,1,0,
T004171,U0142,2026-07-20 06:01:00,878.06,D0838,M047,Chennai,0,,6,0,0,0,0.6222181176124065,1.1330458711539129,1440.0,1,2,0,
T004185,U0142,2026-07-20 20:50:00,425.73,D0838,M008,Chennai,0,,20,0,0,0,-2.2029396430855823,0.5441890779422883,53340.0,0,2,0,
T004168,U0142,2026-07-22 17:55:00,759.7,D0261,M053,Chennai,0,,17,0,0,0,0.006406959295888374,1.00151956986004,162300.0,0,1,0,
T004178,U0142,2026-07-23 16:36:00,552.69,D0838,M053,Chennai,0,,16,0,0,0,-1.1821710960223617,0.7285471706696826,81660.0,0,2,0,
T004180,U0142,2026-07-24 14:22:00,699.77,D0838,M004,Chennai,0,,14,0,0,0,-0.26584082090990674,0.9373938177914602,78360.0,0,2,0,
T004179,U0142,2026-07-24 19:09:00,784.02,D0838,M004,Chennai,0,,19,0,0,0,0.23430998753375562,1.0539185982933603,17220.0,0,2,0,
T004188,U0142,2026-07-25 14:19:00,1279.42,D0261,M035,Chennai,0,,14,0,0,0,3.196676618631402,1.7149930238560624,69000.0,0,1,15,amount z-score 3.2
T004172,U0142,2026-07-26 15:26:00,955.65,D0838,M008,Chennai,0,,15,0,0,0,0.9152001761681046,1.2367823841023249,90420.0,0,2,0,
T004177,U0142,2026-07-26 17:29:00,853.58,D0261,M053,Chennai,0,,17,0,0,0,0.36279621383428234,1.0923686688690704,7380.0,0,1,0,
T004183,U0142,2026-07-28 12:39:00,730.62,D0261,M015,Chennai,0,,12,0,0,0,-0.2773158760891146,0.9311013575543917,155400.0,0,1,0,
T004181,U0142,2026-07-28 15:23:00,712.74,D0261,M015,Chennai,0,,15,0,0,0,-0.3643871326069883,0.9110442221897035,9840.0,0,1,0,
T004166,U0142,2026-07-29 17:54:00,712.52,D0838,M035,Chennai,0,,17,0,0,0,-0.35690574021269594,0.9141513053318846,95460.0,0,2,0,
T004173,U0142,2026-07-30 08:00:00,624.3,D0838,M008,Chennai,0,,8,0,0,0,-0.8278438692317863,0.8037264677905277,50760.0,0,2,0,
T004186,U0142,2026-07-30 19:20:00,521.27,D0261,M015,Chennai,0,,19,0,0,0,-1.3644369144746185,0.6761897530645807,40800.0,0,1,0,
T004184,U0142,2026-07-30 19:39:00,996.94,D0261,M035,Chennai,0,,19,0,0,0,1.2676300489305519,1.3089252378570544,1140.0,1,1,0,
T004210,U0143,2026-07-01 12:33:00,3542.33,D0517,M018,Jaipur,0,,12,0,1,1,0.0,1.0,1000000000.0,0,1,0,
T004199,U0143,2026-07-01 20:59:00,2878.74,D0517,M015,Jaipur,0,,20,0,0,1,0.0,1.0,30360.0,0,1,0,
T004218,U0143,2026-07-02 07:48:00,3066.4,D0159,M030,Jaipur,0,,7,0,1,1,0.0,1.0,38940.0,0,2,0,
T004207,U0143,2026-07-02 18:55:00,5374.11,D0159,M032,Jaipur,0,,18,0,0,1,7.91843374592233,1.699328692992127,40020.0,0,2,15,amount z-score 7.9
T004212,U0143,2026-07-05 14:30:00,2592.23,D0159,M030,Jaipur,0,,14,0,0,0,-1.1371129376129454,0.6976997060345672,243300.0,0,2,0,
T004204,U0143,2026-07-05 20:05:00,4420.6,D0517,M029,Jaipur,0,,20,0,0,1,0.9381614453675553,1.2663710670431354,20100.0,0,1,0,
T004221,U0143,2026-07-07 11:04:00,1127.59,D0159,M029,Jaipur,0,,11,0,0,0,-2.5990726388060708,0.3092901704843358,140340.0,0,2,0,
T004211,U0143,2026-07-07 14:08:00,5280.53,D0517,M029,Jaipur,0,,14,0,0,0,1.5862350952543793,1.6069780883728007,11040.0,0,1,0,
T004194,U0143,2026-07-09 11:57:00,6874.11,D0517,M029,Jaipur,0,,11,0,0,0,2.475878473493514,1.944411620333991,164940.0,0,1,0,
T004220,U0143,2026-07-09 14:42:00,3079.52,D0159,M018,Jaipur,0,,14,0,0,0,-0.5015388899843132,0.788348374386883,9900.0,0,2,0,
T004208,U0143,2026-07-10 12:58:00,3776.92,D0159,M030,Jaipur,0,,12,0,0,0,-0.02949049060538116,0.9877874763083462,80160.0,0,2,0,
T004203,U0143,2026-07-10 13:00:00,4196.31,D0517,M032,Jaipur,0,,13,0,0,0,0.24966212981582536,1.09869140724542,120.0,1,1,0,
T004209,U0143,2026-07-11 09:58:00,4842.41,D0517,M029,Jaipur,0,,9,0,0,0,0.6842256232598763,1.2575132453579208,75480.0,0,1,0,
T004191,U0143,2026-07-11 19:39:00,4495.69,D0159,M029,Jaipur,0,,19,0,0,0,0.40121566865024805,1.1447974407389678,34860.0,0,2,0,
T004196,U0143,2026-07-11 22:45:00,3188.48,D0159,M029,Jaipur,0,,22,0,0,0,-0.5672922331901721,0.8036136284240641,11160.0,0,2,0,
T004206,U0143,2026-07-12 12:06:00,3362.24,D0159,M032,Jaipur,0,,12,0,0,0,-0.4127071278237373,0.8586493078622907,48060.0,0,2,0,
T004202,U0143,2026-07-14 18:02:00,3377.28,D0517,M030,Jaipur,0,,18,0,0,0,-0.38597072029684143,0.8701777391985561,194160.0,0,1,0,
T004193,U0143,2026-07-15 15:18:00,3004.33,D0159,M029,Jaipur,0,,15,0,0,0,-0.666018399920471,0.7800416611886265,76560.0,0,2,0,
T004189,U0143,2026-07-16 16:13:00,4510.02,D0159,M015,Jaipur,0,,16,0,0,0,0.5638856841445428,1.1854639801719933,89700.0,0,2,0,
T004222,U0143,2026-07-16 18:13:00,4732.73,D0517,M018,Jaipur,0,,18,0,0,0,0.7256604494687694,1.2319779023572652,7200.0,0,1,0,
T004190,U0143,2026-07-17 10:13:00,5036.01,D0159,M015,Jaipur,0,,10,0,0,0,0.9482568232376559,1.2958938436297478,57600.0,0,2,0,
T004217,U0143,2026-07-20 09:52:00,5228.87,D0159,M030,Jaipur,0,,9,0,0,0,1.065795877822555,1.3268264145196385,257940.0,0,2,0,
T004215,U0143,2026-07-22 12:09:00,4580.21,D0159,M018,Jaipur,0,,12,0,0,0,0.47967245661550933,1.1452158231066507,181020.0,0,2,0,
T004197,U0143,2026-07-22 17:21:00,3172.49,D0159,M015,Jaipur,0,,17,0,0,0,-0.7160787003803868,0.7882587718202021,18720.0,0,2,0,
T004216,U0143,2026-07-23 15:34:00,4397.48,D0517,M018,Jaipur,0,,15,0,0,0,0.34678630093161666,1.1023538188893949,79980.0,0,1,0,
T004198,U0143,2026-07-23 17:37:00,3179.4,D0517,M018,Jaipur,0,,17,0,0,0,-0.7143855992071539,0.7937575512837289,7380.0,0,1,0,
T004223,U0143,2026-07-23 19:27:00,2647.83,D0159,M018,Jaipur,0,,19,0,0,0,-1.1579888432913896,0.666333323583492,6600.0,0,2,0,
T004219,U0143,2026-07-24 11:07:00,4792.5,D0517,M015,Jaipur,0,,11,0,0,0,0.7539115726853718,1.2211359498519543,56400.0,0,1,0,
T004200,U0143,2026-07-24 12:20:00,5339.14,D0517,M018,Jaipur,0,,12,0,0,0,1.2116626402259925,1.349760593446853,4380.0,0,1,0,
T004213,U0143,2026-07-24 14:35:00,1337.59,D0517,M015,Jaipur,0,,14,0,0,0,-2.3179805063989805,0.33411954701744273,8100.0,0,1,0,
T004214,U0143,2026-07-24 14:48:00,3834.56,D0159,M015,Jaipur,0,,14,0,0,0,-0.06508453482691764,0.9795860807591087,780.0,1,2,0,
T004205,U0143,2026-07-25 11:56:00,2475.98,D0159,M015,Jaipur,0,,11,0,0,0,-1.1887672748667755,0.6329367068931581,76080.0,0,2,0,
T004195,U0143,2026-07-27 08:57:00,4373.59,D0159,M018,Jaipur,0,,8,0,0,0,0.41698369810264085,1.1309976034015221,162060.0,0,2,0,
T004201,U0143,2026-07-28 14:26:00,4870.98,D0159,M018,Jaipur,0,,14,0,0,0,0.8242236167577045,1.25464075256897,106140.0,0,2,0,
T004192,U0143,2026-07-30 11:26:00,3823.24,D0159,M030,Jaipur,0,,11,0,0,0,-0.07391116303747071,0.9774489956084159,162000.0,0,2,0,
T004255,U0144,2026-07-01 12:29:00,1060.31,D0465,M006,Lucknow,0,,12,0,1,1,0.0,1.0,1000000000.0,0,1,0,
T004248,U0144,2026-07-02 11:24:00,1827.71,D0465,M041,Lucknow,0,,11,0,0,1,0.0,1.0,82500.0,0,1,0,
T004242,U0144,2026-07-03 09:19:00,1258.65,D0465,M044,Lucknow,0,,9,0,0,1,0.0,1.0,78900.0,0,1,0,
T004257,U0144,2026-07-03 15:04:00,914.14,D0465,M041,Lucknow,0,,15,0,0,0,-1.4391624153882152,0.6613547733520959,20700.0,0,1,0,
T004244,U0144,2026-07-06 16:18:00,1832.34,D0465,M041,Lucknow,0,,16,0,0,0,1.634321529098675,1.4482582816203267,263640.0,0,1,0,
T004254,U0144,2026-07-08 17:13:00,1938.09,D0465,M006,Lucknow,0,,17,0,0,0,1.455231212397067,1.405808664104358,176100.0,0,1,0,
T004227,U0144,2026-07-10 19:47:00,1552.75,D0465,M044,Lucknow,0,,19,0,0,0,0.19812350822790006,1.054948115289621,182040.0,0,1,0,
T004237,U0144,2026-07-10 21:08:00,1855.66,D0465,M044,Lucknow,0,,21,0,0,0,0.9821698575473261,1.2509276290947418,4860.0,0,1,0,
T004243,U0144,2026-07-11 06:26:00,2113.45,D0465,M044,Lucknow,0,,6,0,0,0,1.5548275138723,1.3813793686052267,33480.0,0,1,0,
T004240,U0144,2026-07-11 12:49:00,498.32,D0465,M041,Lucknow,0,,12,0,0,0,-2.7514051428099724,0.3124676897107796,22980.0,0,1,0,
T004239,U0144,2026-07-11 14:02:00,1188.45,D0465,M006,Lucknow,0,,14,0,0,0,-0.5920441386095928,0.8002265097881371,4380.0,0,1,0,
T004230,U0144,2026-07-11 14:49:00,1747.51,D0465,M041,Lucknow,0,,14,0,0,0,0.5961308595712053,1.1984267944077667,2820.0,1,1,0,
T004233,U0144,2026-07-11 16:05:00,2127.46,D0465,M044,Lucknow,0,,16,0,0,0,1.3682639729395687,1.4352602790729652,4560.0,0,1,0,
T004229,U0144,2026-07-12 11:08:00,665.01,D0465,M041,Lucknow,0,,11,0,0,0,-1.7890620795911016,0.43410491846063726,68580.0,0,1,0,
T004226,U0144,2026-07-13 20:22:00,1327.76,D0465,M044,Lucknow,0,,20,0,0,0,-0.27480700922679835,0.9032446780396639,119640.0,0,1,0,
T004238,U0144,2026-07-14 16:41:00,957.06,D0465,M006,Lucknow,0,,16,0,0,0,-1.004347326908173,0.6552928407147385,73140.0,0,1,0,
T004249,U0144,2026-07-14 17:24:00,1684.98,D0465,M044,Lucknow,0,,17,0,0,0,0.5114503576920487,1.1790977075608102,2580.0,1,1,0,
T004231,U0144,2026-07-15 07:14:00,2179.2,D0465,M006,Lucknow,0,,7,0,0,0,1.5026758332431267,1.509039842700255,49800.0,0,1,0,
T004232,U0144,2026-07-15 12:58:00,1389.54,D0465,M041,Lucknow,0,,12,0,0,0,-0.18914601755881544,0.9357574300112561,20640.0,0,1,0,
T004245,U0144,2026-07-15 19:01:00,887.95,D0465,M006,Lucknow,0,,19,0,0,0,-1.2047440966054581,0.6000005686171928,21780.0,0,1,0,
T004258,U0144,2026-07-16 10:16:00,1022.43,D0465,M041,Lucknow,0,,10,0,0,0,-0.8626864290916758,0.7049700164136735,54900.0,0,1,0,
T004252,U0144,2026-07-16 13:08:00,2328.02,D0465,M041,Lucknow,0,,13,0,0,0,1.823351966391063,1.6280526963245874,10320.0,0,1,0,
T004253,U0144,2026-07-16 15:23:00,1150.3,D0465,M041,Lucknow,0,,15,0,0,0,-0.6206917114812053,0.782110956704715,8100.0,0,1,0,
T004251,U0144,2026-07-19 09:48:00,1145.79,D0465,M044,Lucknow,0,,9,0,0,0,-0.6108849976957734,0.786495335223399,239100.0,0,1,0,
T004234,U0144,2026-07-20 10:07:00,1482.05,D0465,M041,Lucknow,0,,10,0,0,0,0.07600993515205703,1.0264428230890295,87540.0,0,1,0,
T004241,U0144,2026-07-20 15:15:00,1650.68,D0465,M041,Lucknow,0,,15,0,0,0,0.41706256235526507,1.1420251809384814,18480.0,0,1,0,
T004247,U0144,2026-07-20 21:38:00,1744.87,D0465,M044,Lucknow,0,,21,0,0,0,0.6021034954933523,1.2006321975160266,22980.0,0,1,0,
T004225,U0144,2026-07-21 10:16:00,1644.12,D0465,M006,Lucknow,0,,10,0,0,0,0.37631958129966087,1.1229623310842671,45480.0,0,1,0,
T004246,U0144,2026-07-21 12:35:00,1584.72,D0465,M006,Lucknow,0,,12,0,0,0,0.2424815522026464,1.0776585557558676,8340.0,0,1,0,
T004235,U0144,2026-07-23 12:06:00,1291.6,D0465,M041,Lucknow,0,,12,0,0,0,-0.39474376062553224,0.8759821244724308,171060.0,0,1,0,
T004224,U0144,2026-07-24 11:22:00,1763.28,D0465,M044,Lucknow,0,,11,0,0,0,0.6458522801537134,1.2008466557332873,83760.0,0,1,0,
T004259,U0144,2026-07-25 07:04:00,1627.22,D0465,M044,Lucknow,0,,7,0,0,0,0.33024508235956374,1.1010520748123371,70920.0,0,1,0,
T004228,U0144,2026-07-27 10:06:00,932.6,D0465,M041,Lucknow,0,,10,0,0,0,-1.233464899073556,0.6290536830446956,183720.0,0,1,0,
T004256,U0144,2026-07-28 15:55:00,1359.7,D0465,M044,Lucknow,0,,15,0,0,0,-0.23645189524342752,0.927566077191648,107340.0,0,1,0,
T004250,U0144,2026-07-30 04:14:00,701.22,D0465,M041,Lucknow,0,,4,1,0,0,-1.7199624664962025,0.4793825996466983,130740.0,0,1,0,
T004236,U0144,2026-07-30 06:24:00,1597.82,D0465,M044,Lucknow,0,,6,0,0,0,0.34507209077235923,1.108828521679435,7800.0,0,1,0,
T004274,U0145,2026-07-02 09:57:00,4098.96,D0160,M012,Delhi,0,,9,0,1,1,0.0,1.0,1000000000.0,0,2,0,
T004279,U0145,2026-07-03 15:27:00,2471.28,D0160,M003,Delhi,0,,15,0,0,1,0.0,1.0,106200.0,0,2,0,
T004264,U0145,2026-07-04 23:42:00,3605.35,D0160,M003,Delhi,0,,23,0,0,0,0.0,1.0,116100.0,0,2,0,
T004275,U0145,2026-07-06 13:20:00,3736.8,D0160,M022,Delhi,0,,13,0,0,1,0.5061961414877124,1.1016953313463804,135480.0,0,2,0,
T004272,U0145,2026-07-07 14:03:00,1640.8,D0160,M003,Delhi,0,,14,0,0,0,-3.018182805332878,0.4717521574735176,88980.0,0,2,0,
T004267,U0145,2026-07-09 11:01:00,3171.75,D0160,M012,Delhi,0,,11,0,0,0,0.06681559906729272,1.0196461301444766,161880.0,0,2,0,
T004280,U0145,2026-07-09 20:34:00,3012.0,D0160,M003,Delhi,0,,20,0,0,0,-0.13028742713875358,0.9651299280109427,34380.0,0,2,0,
T004269,U0145,2026-07-13 13:31:00,3523.43,D0160,M012,Delhi,0,,13,0,0,0,0.5400861096269292,1.1346587878541041,320220.0,0,2,0,
T004282,U0145,2026-07-16 13:26:00,3724.74,D0160,M040,Delhi,0,,13,0,0,1,0.769269893043555,1.1796311768419445,258900.0,0,2,0,
T004278,U0145,2026-07-16 15:34:00,4044.68,D0160,M040,Delhi,0,,15,0,0,0,1.1483695077881637,1.2558903515873145,7680.0,0,2,0,
T004265,U0145,2026-07-18 14:00:00,3513.43,D0160,M040,Delhi,0,,14,0,0,0,0.29055326085730704,1.0637155122500883,167160.0,0,2,0,
T004270,U0145,2026-07-18 15:33:00,4496.36,D0160,M022,Delhi,0,,15,0,0,0,1.6938352545404536,1.3534647462678955,5580.0,0,2,0,
T004276,U0145,2026-07-20 07:49:00,4082.03,D0160,M003,Delhi,0,,7,0,0,0,0.8960958172789335,1.1935882381271188,144960.0,0,2,0,
T004266,U0145,2026-07-21 12:09:00,3763.44,D0160,M012,Delhi,0,,12,0,0,0,0.39995905523267294,1.0842857776108674,102000.0,0,2,0,
T004268,U0145,2026-07-21 18:42:00,4694.53,D0160,M003,Delhi,0,,18,0,0,0,1.6967476130113375,1.34444825117654,23580.0,0,2,0,
T004262,U0145,2026-07-23 11:02:00,3135.86,D0160,M012,Delhi,0,,11,0,0,0,-0.5833100746448574,0.8779072173919876,145200.0,0,2,0,
T004281,U0145,2026-07-23 14:26:00,4563.41,D0160,M040,Delhi,0,,14,0,0,0,1.392485274728534,1.2873841757976638,12240.0,0,2,0,
T004263,U0145,2026-07-26 22:12:00,6838.35,D0160,M003,Delhi,0,,22,0,0,0,4.3167607247109485,1.8970974482672134,287160.0,0,2,15,amount z-score 4.3
T004261,U0145,2026-07-28 13:27:00,2342.01,D0160,M003,Delhi,0,,13,0,0,0,-1.3887027072452167,0.6188771703602057,141300.0,0,2,0,
T004260,U0145,2026-07-28 17:57:00,5280.39,D0160,M003,Delhi,0,,17,0,0,0,1.4817121160506967,1.4239076761284402,16200.0,0,2,0,
T004277,U0145,2026-07-29 11:44:00,2701.2,D0160,M046,Delhi,0,,11,0,0,1,-0.9967155515697066,0.713286048325239,64020.0,0,2,0,
T004271,U0145,2026-07-30 07:36:00,2711.28,D0160,M012,Delhi,0,,7,0,0,0,-0.9412076200721645,0.7258579716774559,71520.0,0,2,0,
T004273,U0145,2026-07-30 10:06:00,4431.82,D0160,M012,Delhi,0,,10,0,0,0,0.68542080453248,1.2014484406754347,9000.0,0,2,0,
T004296,U0146,2026-07-01 17:07:00,1191.85,D0375,M043,Ahmedabad,0,,17,0,1,1,0.0,1.0,1000000000.0,0,2,0,
T004294,U0146,2026-07-03 17:44:00,1029.12,D0355,M048,Ahmedabad,0,,17,0,1,1,0.0,1.0,175020.0,0,2,0,
T004286,U0146,2026-07-05 15:31:00,790.92,D0375,M048,Ahmedabad,0,,15,0,0,0,0.0,1.0,164820.0,0,2,0,
T004292,U0146,2026-07-07 13:49:00,1007.87,D0375,M048,Ahmedabad,0,,13,0,0,0,0.023728140531228206,1.003891243368226,166680.0,0,2,0,
T004285,U0146,2026-07-11 08:38:00,1054.58,D0355,M048,Ahmedabad,0,,8,0,0,0,0.3481191600082636,1.0493959827955939,326940.0,0,2,0,
T004284,U0146,2026-07-12 10:29:00,723.26,D0375,M048,Ahmedabad,0,,10,0,0,0,-2.2591771229699162,0.712664109310113,93060.0,0,2,0,
T004295,U0146,2026-07-13 14:17:00,819.26,D0355,M011,Ahmedabad,0,,14,0,0,1,-0.9171000562974388,0.8478611830607203,100080.0,0,2,0,
T004283,U0146,2026-07-18 16:13:00,810.12,D0355,M011,Ahmedabad,0,,16,0,0,0,-0.8604321854264577,0.8570288617260752,438960.0,0,2,0,
T004288,U0146,2026-07-20 12:16:00,1260.7,D0375,M048,Ahmedabad,0,,12,0,0,0,2.164000540303409,1.3579678401094737,158580.0,0,2,0,
T004290,U0146,2026-07-20 13:16:00,781.34,D0355,M043,Ahmedabad,0,,13,0,0,0,-1.0304281255324925,0.8094289836544554,3600.0,1,2,0,
T004289,U0146,2026-07-24 06:08:00,590.62,D0355,M048,Ahmedabad,0,,6,0,0,0,-2.0001364581342154,0.6237393092170685,319920.0,0,2,0,
T004297,U0146,2026-07-27 16:45:00,981.59,D0355,M042,Ahmedabad,0,,16,0,0,1,0.3382052106656997,1.0733475540072186,297420.0,0,2,0,
T004287,U0146,2026-07-28 14:04:00,1302.84,D0375,M043,Ahmedabad,0,,14,0,0,0,2.006042692254175,1.4159726754182573,76740.0,0,2,0,
T004291,U0146,2026-07-29 17:29:00,1166.17,D0375,M043,Ahmedabad,0,,17,0,0,0,1.0326884607454612,1.2281370718113407,98700.0,0,2,0,
T004293,U0146,2026-07-30 12:38:00,971.49,D0355,M043,Ahmedabad,0,,12,0,0,0,0.030867781326584905,1.0067075037827673,68940.0,0,2,0,
T004307,U0147,2026-07-01 13:34:00,325.34,D0823,M017,Hyderabad,0,,13,0,1,1,0.0,1.0,1000000000.0,0,2,0,
T004326,U0147,2026-07-01 16:40:00,220.19,D0087,M017,Hyderabad,0,,16,0,1,0,0.0,1.0,11160.0,0,1,0,
T004302,U0147,2026-07-01 21:50:00,299.11,D0087,M017,Hyderabad,0,,21,0,0,0,0.0,1.0,18600.0,0,1,0,
T004323,U0147,2026-07-02 11:34:00,261.09,D0823,M017,Hyderabad,0,,11,0,0,0,-0.4577696680898151,0.9273418228096875,49440.0,0,2,0,
T004322,U0147,2026-07-04 11:52:00,325.94,D0087,M018,Hyderabad,0,,11,0,0,1,1.2469944145361649,1.1790943496908128,173880.0,0,1,0,
T004310,U0147,2026-07-05 15:03:00,186.0,D0087,M017,Hyderabad,0,,15,0,0,0,-2.467717609811787,0.6495910347720109,97860.0,0,1,0,
T004301,U0147,2026-07-05 17:40:00,385.05,D0823,M018,Hyderabad,0,,17,0,0,0,2.191074368641231,1.428165195269127,9420.0,0,2,0,
T004317,U0147,2026-07-06 10:33:00,292.54,D0087,M032,Hyderabad,0,,10,0,0,1,0.10164049677577795,1.0224993972410044,60780.0,0,1,0,
T004325,U0147,2026-07-06 12:20:00,290.49,D0087,M017,Hyderabad,0,,12,0,0,0,0.06043319730154405,1.012486599295987,6420.0,0,1,0,
T004328,U0147,2026-07-06 12:21:00,239.33,D0823,M017,Hyderabad,0,,12,0,0,0,-0.8582178562002364,0.8330155631839351,60.0,1,2,0,
T004309,U0147,2026-07-06 21:13:00,316.35,D0087,M017,Hyderabad,0,,21,0,0,0,0.6158574067733033,1.1197912939817942,31920.0,0,1,0,
T004319,U0147,2026-07-07 08:00:00,275.91,D0087,M017,Hyderabad,0,,8,0,0,0,-0.18154738735722561,0.9661237046098877,38820.0,0,1,0,
T004314,U0147,2026-07-08 13:10:00,572.39,D0823,M017,Hyderabad,0,,13,0,0,0,5.6294324103814315,2.009949251722278,105000.0,0,2,15,amount z-score 5.6
T004303,U0147,2026-07-08 13:18:00,234.17,D0823,M018,Hyderabad,0,,13,0,0,0,-0.7991541386097191,0.7630115296225184,480.0,1,2,0,
T004329,U0147,2026-07-09 12:32:00,193.0,D0087,M032,Hyderabad,0,,12,0,0,0,-1.2121801055845778,0.6396931724340765,83640.0,0,1,0,
T007365,U0147,2026-07-11 22:00:00,79.54,D0087,M036,Hyderabad,1,velocity_burst,22,0,0,1,-2.367415628673637,0.27012157756530064,206880.0,0,1,0,
T007366,U0147,2026-07-11 22:01:00,37.01,D0087,M001,Hyderabad,1,velocity_burst,22,0,0,1,-2.3890174324730635,0.13169529625500956,60.0,1,1,0,
T007367,U0147,2026-07-11 22:02:00,18.51,D0087,M010,Hyderabad,1,velocity_burst,22,0,0,1,-2.166913053235092,0.06941071343458466,60.0,2,1,0,
T007368,U0147,2026-07-11 22:03:00,145.15,D0087,M057,Hyderabad,1,velocity_burst,22,0,0,1,-0.8620751234558784,0.573972528244645,60.0,3,1,0,
T007369,U0147,2026-07-11 22:08:00,148.44,D0087,M054,Hyderabad,1,velocity_burst,22,0,0,1,-0.79660544228142,0.6004458036093533,300.0,4,1,0,
T004311,U0147,2026-07-12 10:19:00,269.89,D0823,M017,Hyderabad,0,,10,0,0,0,0.22493215817323842,1.113970545700816,43860.0,0,2,0,
T004332,U0147,2026-07-12 14:57:00,302.84,D0823,M017,Hyderabad,0,,14,0,0,0,0.49395665154344565,1.2432244291580559,16680.0,0,2,0,
T004320,U0147,2026-07-15 08:25:00,230.08,D0823,M018,Hyderabad,0,,8,0,0,0,-0.13752631601707194,0.9342005174054475,235680.0,0,2,0,
T004312,U0147,2026-07-15 17:03:00,338.66,D0087,M017,Hyderabad,0,,17,0,0,0,0.8073298216046025,1.3790162043996181,31080.0,0,1,0,
T004333,U0147,2026-07-17 14:48:00,388.53,D0823,M018,Hyderabad,0,,14,0,0,0,1.215788143785947,1.5574893624240866,164700.0,0,2,0,
T004308,U0147,2026-07-19 16:54:00,471.09,D0087,M018,Hyderabad,0,,16,0,0,0,1.8732810625945762,1.8472523866676116,180360.0,0,1,0,
T004299,U0147,2026-07-22 16:44:00,364.49,D0087,M032,Hyderabad,0,,16,0,0,0,0.8395298887845695,1.3841446262710235,258600.0,0,1,0,
T004298,U0147,2026-07-22 19:39:00,123.96,D0087,M018,Hyderabad,0,,19,0,0,0,-1.1949058947862516,0.4641325267286018,10500.0,0,1,0,
T004313,U0147,2026-07-23 10:08:00,378.21,D0087,M017,Hyderabad,0,,10,0,0,0,0.9640486257436768,1.443728701294135,52140.0,0,1,0,
T004300,U0147,2026-07-24 16:07:00,368.87,D0087,M018,Hyderabad,0,,16,0,0,0,0.8548593818286545,1.3868551670207565,107940.0,0,1,0,
T004324,U0147,2026-07-24 16:42:00,24.88,D0087,M032,Hyderabad,0,,16,0,0,0,-2.0415683893257333,0.09235143497717282,2100.0,1,1,0,
T004316,U0147,2026-07-26 17:35:00,265.78,D0823,M018,Hyderabad,0,,17,0,0,0,0.03396303118316115,1.0162981563570912,175980.0,0,2,0,
T004330,U0147,2026-07-27 10:17:00,406.4,D0087,M032,Hyderabad,0,,10,0,0,0,1.1718412383873842,1.5532143791641702,60120.0,0,1,0,
T004331,U0147,2026-07-27 12:56:00,327.62,D0823,M032,Hyderabad,0,,12,0,0,0,0.49606756155322923,1.2314815717735053,9540.0,0,2,0,
T004321,U0147,2026-07-27 16:13:00,149.09,D0087,M017,Hyderabad,0,,16,0,0,0,-0.9675272735017387,0.5566205637596865,11820.0,0,1,0,
T004327,U0147,2026-07-28 07:52:00,251.52,D0087,M017,Hyderabad,0,,7,0,0,0,-0.10552182333156598,0.9510865419084362,56340.0,0,1,0,
T004335,U0147,2026-07-28 08:04:00,305.39,D0087,M017,Hyderabad,0,,8,0,0,0,0.34158384604481695,1.156359317669605,720.0,1,1,0,
T004315,U0147,2026-07-28 17:47:00,200.22,D0823,M018,Hyderabad,0,,17,0,0,0,-0.5441748167485595,0.7549427507877038,34980.0,0,2,0,
T004304,U0147,2026-07-29 13:18:00,425.67,D0823,M032,Hyderabad,0,,13,0,0,0,1.3707187369029574,1.6154346208119472,70260.0,0,2,0,
T004306,U0147,2026-07-29 22:45:00,249.08,D0823,M018,Hyderabad,0,,22,0,0,0,-0.1554002967413436,0.9305835727019969,34020.0,0,2,0,
T004336,U0147,2026-07-30 09:16:00,259.31,D0823,M032,Hyderabad,0,,9,0,0,0,-0.06677317134788774,0.9704878975488439,37860.0,0,2,0,
T004334,U0147,2026-07-30 14:01:00,339.79,D0823,M017,Hyderabad,0,,14,0,0,0,0.6239702561911674,1.2726066053680856,17100.0,0,2,0,
T004318,U0147,2026-07-30 14:31:00,385.99,D0823,M018,Hyderabad,0,,14,0,0,0,1.0126680052373775,1.436315659158986,1800.0,1,2,0,
T004305,U0147,2026-07-30 14:37:00,379.44,D0823,M032,Hyderabad,0,,14,0,0,0,0.9325303384208095,1.3977594224487593,360.0,2,2,0,
T004363,U0148,2026-07-01 09:31:00,5363.15,D0393,M006,Mumbai,0,,9,0,1,1,0.0,1.0,1000000000.0,0,2,0,
T004356,U0148,2026-07-01 17:18:00,2726.54,D0393,M020,Mumbai,0,,17,0,0,1,0.0,1.0,28020.0,0,2,0,
T004347,U0148,2026-07-04 14:51:00,2225.75,D0393,M002,Mumbai,0,,14,0,0,1,0.0,1.0,250380.0,0,2,0,
T004342,U0148,2026-07-05 11:02:00,4898.84,D0393,M020,Mumbai,0,,11,0,0,0,1.0611400898187213,1.4247109183637217,72660.0,0,2,0,
T004366,U0148,2026-07-07 07:56:00,4739.46,D0393,M038,Mumbai,0,,7,0,0,1,0.6936603785728107,1.2460556789421373,161640.0,0,2,0,
T004355,U0148,2026-07-07 12:32:00,2184.19,D0393,M050,Mumbai,0,,12,0,0,1,-1.4298075063545266,0.5473134358402703,16560.0,0,2,0,
T004357,U0148,2026-07-07 13:48:00,5727.44,D0393,M042,Mumbai,0,,13,0,0,1,1.5258252837109634,1.5522968945464288,4560.0,0,2,0,
T007606,U0148,2026-07-07 17:06:00,5086.38,D0393,M028,Mumbai,1,zero_day_drain,17,0,0,1,0.7745943919352322,1.2777386408669915,11880.0,0,2,0,
T004344,U0148,2026-07-08 17:09:00,3874.1,D0393,M020,Mumbai,0,,17,0,0,0,-0.1768872224728941,0.9405509568528405,86580.0,0,2,0,
T004365,U0148,2026-07-09 07:51:00,2199.43,D0393,M045,Mumbai,0,,7,0,0,1,-1.4473810146289192,0.5375264928076952,52920.0,0,2,0,
T004352,U0148,2026-07-09 08:21:00,4986.87,D0393,M020,Mumbai,0,,8,0,0,0,0.7949309646530488,1.2778563020488627,1800.0,1,2,0,
T004354,U0148,2026-07-10 15:29:00,3219.26,D0393,M045,Mumbai,0,,15,0,0,0,-0.5845889687169972,0.8045928224626491,112080.0,0,2,0,
T004349,U0148,2026-07-10 17:42:00,3522.56,D0393,M006,Mumbai,0,,17,0,0,0,-0.3183374106396572,0.8949705289183691,7980.0,0,2,0,
T007607,U0148,2026-07-12 14:00:00,6195.18,D0393,M010,Mumbai,1,zero_day_drain,14,0,0,1,1.8291621816872645,1.5868185282721994,159480.0,0,2,0,
T007608,U0148,2026-07-13 20:38:00,5765.59,D0393,M054,Mumbai,1,zero_day_drain,20,0,0,1,1.2637622459695086,1.4173742712605326,110280.0,0,2,0,
T004337,U0148,2026-07-15 15:42:00,2992.0,D0393,M045,Mumbai,0,,15,0,0,0,-0.8708978464194491,0.7156212397478755,155040.0,0,2,0,
T004358,U0148,2026-07-15 17:28:00,4873.6,D0393,M002,Mumbai,0,,17,0,0,0,0.5668967558580326,1.1867519219643519,6360.0,0,2,0,
T004348,U0148,2026-07-15 19:00:00,1808.97,D0393,M045,Mumbai,0,,19,0,0,0,-1.7684169994279504,0.43570900894771747,5520.0,0,2,0,
T004359,U0148,2026-07-17 11:13:00,3190.08,D0393,M020,Mumbai,0,,11,0,0,0,-0.5961565162702634,0.7932309340387667,144780.0,0,2,0,
T004361,U0148,2026-07-18 10:33:00,3992.83,D0393,M045,Mumbai,0,,10,0,0,0,0.010922812802989786,1.0037626657337204,84000.0,0,2,0,
T004364,U0148,2026-07-18 14:55:00,4622.07,D0393,M020,Mumbai,0,,14,0,0,0,0.48177784362946097,1.161729558089059,15720.0,0,2,0,
T004346,U0148,2026-07-20 08:42:00,3230.66,D0393,M050,Mumbai,0,,8,0,0,0,-0.5940781068655964,0.8058012008068263,150420.0,0,2,0,
T004338,U0148,2026-07-20 12:22:00,2453.94,D0393,M045,Mumbai,0,,12,0,0,0,-1.1776075989995423,0.6175202843858023,13200.0,0,2,0,
T004340,U0148,2026-07-21 11:25:00,4560.86,D0393,M020,Mumbai,0,,11,0,0,0,0.502442949431955,1.1671236702317545,82980.0,0,2,0,
T004339,U0148,2026-07-21 16:26:00,4824.51,D0393,M045,Mumbai,0,,16,0,0,0,0.695415508548507,1.2260540711996242,18060.0,0,2,0,
T004350,U0148,2026-07-24 10:26:00,2737.45,D0393,M038,Mumbai,0,,10,0,0,0,-0.974536048113894,0.6894349485178667,237600.0,0,2,0,
T007609,U0148,2026-07-24 14:03:00,5127.46,D0393,M014,Mumbai,1,zero_day_drain,14,0,0,1,0.9533657911792954,1.306977696413311,13020.0,0,2,0,
T004345,U0148,2026-07-25 11:17:00,1900.99,D0393,M050,Mumbai,0,,11,0,0,0,-1.639886319217566,0.47911068467219536,76440.0,0,2,0,
T004362,U0148,2026-07-26 16:17:00,4899.25,D0393,M042,Mumbai,0,,16,0,0,0,0.7759075224277913,1.258174801951782,104400.0,0,2,0,
T004341,U0148,2026-07-27 13:26:00,4022.05,D0393,M038,Mumbai,0,,13,0,0,0,0.07265130357325258,1.0237870096080561,76140.0,0,2,0,
T004343,U0148,2026-07-27 14:31:00,4376.1,D0393,M045,Mumbai,0,,14,0,0,0,0.35135666818445105,1.1130256460293857,3900.0,0,2,0,
T007610,U0148,2026-07-28 12:20:00,8095.1,D0393,M014,Mumbai,1,zero_day_drain,12,0,0,0,3.3280892128704562,2.0514436806914587,78540.0,0,2,15,amount z-score 3.3
T004351,U0148,2026-07-28 12:34:00,1353.69,D0393,M020,Mumbai,0,,12,0,0,0,-1.912000001595654,0.33213614865217167,840.0,1,2,0,
T004353,U0148,2026-07-28 12:55:00,3038.32,D0393,M050,Mumbai,0,,12,0,0,0,-0.6462847981270636,0.7608691542518162,1260.0,2,2,0,
T004360,U0148,2026-07-29 13:16:00,4326.8,D0393,M038,Mumbai,0,,13,0,0,0,0.24694463135537986,1.0912106224263194,87660.0,0,2,0,
T004372,U0149,2026-07-02 15:50:00,5144.12,D0409,M024,Hyderabad,0,,15,0,1,1,0.0,1.0,1000000000.0,0,1,0,
T004375,U0149,2026-07-03 07:11:00,1872.59,D0737,M024,Hyderabad,0,,7,0,1,0,0.0,1.0,55260.0,0,1,0,
T004379,U0149,2026-07-04 19:17:00,2802.41,D0409,M033,Hyderabad,0,,19,0,0,1,0.0,1.0,129960.0,0,1,0,
T004371,U0149,2026-07-05 11:36:00,3345.1,D0737,M024,Hyderabad,0,,11,0,0,0,0.05235275882697474,1.0220162292480337,58740.0,0,1,0,
T004367,U0149,2026-07-07 16:08:00,3258.26,D0737,M024,Hyderabad,0,,16,0,0,0,-0.027502589036565935,0.9900351100209402,189120.0,0,1,0,
T004382,U0149,2026-07-08 19:55:00,3308.46,D0737,M025,Hyderabad,0,,19,0,0,1,0.022467120481953175,1.0072960962633852,100020.0,0,1,0,
T004376,U0149,2026-07-11 13:03:00,3731.66,D0409,M024,Hyderabad,0,,13,0,0,0,0.4551251261691112,1.1347639794754543,234480.0,0,1,0,
T004369,U0149,2026-07-15 13:45:00,3546.97,D0737,M025,Hyderabad,0,,13,0,0,0,0.21336073080826687,1.0582284142674896,348120.0,0,1,0,
T004378,U0149,2026-07-15 15:51:00,4380.29,D0737,M025,Hyderabad,0,,15,0,0,0,1.1701445760517382,1.2974038457339665,7560.0,0,1,0,
T004370,U0149,2026-07-20 10:34:00,729.57,D0737,M025,Hyderabad,0,,10,0,0,0,-3.176244142681013,0.20917997079685546,412980.0,0,1,0,
T004380,U0149,2026-07-23 06:47:00,2040.8,D0409,M033,Hyderabad,0,,6,0,0,0,-1.0030070250759855,0.6353786475552714,245580.0,0,1,0,
T004374,U0149,2026-07-25 11:52:00,2003.12,D0737,M024,Hyderabad,0,,11,0,0,0,-0.9477827524025811,0.6450284436874308,191100.0,0,1,0,
T004373,U0149,2026-07-25 12:35:00,1923.94,D0409,M024,Hyderabad,0,,12,0,0,0,-0.9438477292802122,0.6384165181693344,2580.0,1,1,0,
T004381,U0149,2026-07-25 17:14:00,5316.37,D0737,M025,Hyderabad,0,,17,0,0,0,2.0814692663775114,1.8145898533713036,16740.0,0,1,0,
T004368,U0149,2026-07-28 14:48:00,2263.2,D0409,M024,Hyderabad,0,,14,0,0,0,-0.6620594049387457,0.7300029534324973,250440.0,0,1,0,
T004377,U0149,2026-07-29 08:25:00,2462.37,D0737,M024,Hyderabad,0,,8,0,0,0,-0.46973720832544674,0.808804239833173,63420.0,0,1,0,
T004395,U0150,2026-07-03 10:38:00,2160.97,D0454,M027,Delhi,0,,10,0,1,1,0.0,1.0,1000000000.0,0,1,0,
T004396,U0150,2026-07-04 13:45:00,1398.09,D0454,M043,Delhi,0,,13,0,0,1,0.0,1.0,97620.0,0,1,0,
T004383,U0150,2026-07-05 16:02:00,3578.43,D0454,M023,Delhi,0,,16,0,0,1,0.0,1.0,94620.0,0,1,0,
T004399,U0150,2026-07-06 16:41:00,1207.26,D0454,M027,Delhi,0,,16,0,0,0,-1.2972250682223518,0.5074304830518443,88740.0,0,1,0,
T004386,U0150,2026-07-07 11:04:00,5367.85,D0454,M019,Delhi,0,,11,0,0,1,3.519134838422385,2.573042929950907,66180.0,0,1,15,amount z-score 3.5
T004403,U0150,2026-07-08 03:17:00,3719.02,D0454,M019,Delhi,0,,3,1,0,0,0.627878367268884,1.3560593901389746,58380.0,0,1,0,
T004400,U0150,2026-07-08 10:45:00,4462.92,D0454,M023,Delhi,0,,10,0,0,0,1.0627845470725197,1.5361463817352101,26880.0,0,1,0,
T004402,U0150,2026-07-09 07:40:00,698.14,D0454,M023,Delhi,0,,7,0,0,0,-1.6615351255309965,0.223205420092752,75300.0,0,1,0,
T004404,U0150,2026-07-10 11:18:00,3254.3,D0454,M027,Delhi,0,,11,0,0,0,0.27118885000919696,1.1523378364488541,99480.0,0,1,0,
T004392,U0150,2026-07-11 13:42:00,2691.71,D0454,M027,Delhi,0,,13,0,0,0,-0.11997586357491316,0.9372619157659674,95040.0,0,1,0,
T004390,U0150,2026-07-11 15:06:00,2768.13,D0454,M019,Delhi,0,,15,0,0,0,-0.060136777779264634,0.9699569248028006,5040.0,0,1,0,
T004387,U0150,2026-07-12 09:45:00,2247.43,D0454,M019,Delhi,0,,9,0,0,0,-0.44030714572537144,0.7896595691071066,67140.0,0,1,0,
T004388,U0150,2026-07-16 16:34:00,2092.24,D0454,M041,Delhi,0,,16,0,0,1,-0.5364646270494927,0.7482473901523959,370140.0,0,1,0,
T004385,U0150,2026-07-17 08:18:00,3895.34,D0454,M041,Delhi,0,,8,0,0,0,0.9048368148887511,1.4206004569182604,56640.0,0,1,0,
T004401,U0150,2026-07-18 10:46:00,3348.45,D0454,M043,Delhi,0,,10,0,0,0,0.4147029105866739,1.1855369360346368,95280.0,0,1,0,
T004397,U0150,2026-07-21 14:58:00,3532.93,D0454,M041,Delhi,0,,14,0,0,0,0.5486204588821899,1.2355701567223727,274320.0,0,1,0,
T004391,U0150,2026-07-23 15:53:00,2314.42,D0454,M027,Delhi,0,,15,0,0,0,-0.4892291216977941,0.7976768514550625,176100.0,0,1,0,
T004389,U0150,2026-07-24 10:39:00,3278.36,D0454,M043,Delhi,0,,10,0,0,0,0.3509839216667859,1.1435131330875195,67560.0,0,1,0,
T004398,U0150,2026-07-24 15:04:00,4058.92,D0454,M043,Delhi,0,,15,0,0,0,1.0227709101606606,1.40457886074489,15900.0,0,1,0,
T004384,U0150,2026-07-25 13:24:00,1363.02,D0454,M043,Delhi,0,,13,0,0,0,-1.3897725747326015,0.4618354267750966,80400.0,0,1,0,
T004394,U0150,2026-07-26 13:13:00,2842.55,D0454,M023,Delhi,0,,13,0,0,0,-0.02515876429303703,0.9897814907362501,85740.0,0,1,0,
T004393,U0150,2026-07-26 13:23:00,2188.23,D0454,M027,Delhi,0,,13,0,0,0,-0.5993448354497963,0.7623169222274168,600.0,1,1,0,
T004419,U0151,2026-07-01 08:28:00,1943.85,D0683,M010,Lucknow,0,,8,0,1,1,0.0,1.0,1000000000.0,0,2,0,
T004410,U0151,2026-07-06 07:06:00,1743.22,D0683,M020,Lucknow,0,,7,0,0,1,0.0,1.0,427080.0,0,2,0,
T004428,U0151,2026-07-06 15:34:00,2023.04,D0683,M020,Lucknow,0,,15,0,0,0,0.0,1.0,30480.0,0,2,0,
T004413,U0151,2026-07-07 09:36:00,1653.12,D0683,M010,Lucknow,0,,9,0,0,0,-2.124949318881016,0.8685226724869454,64920.0,0,2,0,
T004433,U0151,2026-07-08 10:50:00,2108.05,D0683,M011,Lucknow,0,,10,0,0,1,1.7958770777449156,1.1451767764173186,90840.0,0,2,0,
T004439,U0151,2026-07-08 14:32:00,1893.95,D0683,M020,Lucknow,0,,14,0,0,0,-0.0017925032680210014,0.9998384584766588,13320.0,0,2,0,
T004432,U0151,2026-07-10 09:07:00,1511.26,D0683,M010,Lucknow,0,,9,0,0,0,-2.4573410724227815,0.7978333914239306,153300.0,0,2,0,
T004434,U0151,2026-07-10 09:54:00,1671.3,D0683,M010,Lucknow,0,,9,0,0,0,-0.8541999047313892,0.9085628143725548,2820.0,1,2,0,
T004431,U0151,2026-07-11 14:35:00,1412.55,D0683,M010,Lucknow,0,,14,0,0,0,-2.109716223903156,0.7767777781907614,103260.0,0,2,0,
T004429,U0151,2026-07-12 11:45:00,2290.48,D0683,M011,Lucknow,0,,11,0,0,0,2.331757521133163,1.2915965442074313,76200.0,0,2,0,
T004408,U0151,2026-07-13 14:33:00,2271.69,D0683,M020,Lucknow,0,,14,0,0,0,1.708534937379736,1.244705716650153,96480.0,0,2,0,
T004412,U0151,2026-07-14 12:26:00,575.15,D0683,M011,Lucknow,0,,12,0,0,0,-4.603134091135485,0.30827856809956167,78780.0,0,2,0,
T004415,U0151,2026-07-14 13:01:00,2233.68,D0683,M020,Lucknow,0,,13,0,0,0,1.0652757062420437,1.2704802326302649,2100.0,1,2,0,
T004442,U0151,2026-07-14 19:49:00,2655.44,D0683,M011,Lucknow,0,,19,0,0,0,1.9246148130242002,1.4795858266505646,24480.0,0,2,0,
T007558,U0151,2026-07-15 02:09:00,20284.52,D0079,M014,Kolkata,1,account_takeover,2,1,1,1,38.02645558101174,10.927990303031317,22800.0,0,1,60,new device + amount >3x user avg; odd hour + new device; amount z-score 38.0
T004416,U0151,2026-07-15 16:48:00,1716.19,D0683,M010,Lucknow,0,,16,0,0,0,-0.29618660833636173,0.5563459421208138,52740.0,0,2,0,
T004438,U0151,2026-07-15 18:13:00,2226.49,D0683,M010,Lucknow,0,,18,0,0,0,-0.17224802613222448,0.7423568098294429,5100.0,0,2,0,
T004409,U0151,2026-07-16 10:09:00,1907.25,D0683,M010,Lucknow,0,,10,0,0,0,-0.24024712727312114,0.6457016549778184,57360.0,0,2,0,
T004440,U0151,2026-07-16 10:42:00,1338.8,D0683,M020,Lucknow,0,,10,0,0,0,-0.36717190777312403,0.46235286449835605,1980.0,1,2,0,
T004427,U0151,2026-07-16 13:50:00,2216.65,D0683,M020,Lucknow,0,,13,0,0,0,-0.14415693400045418,0.7878100701595494,11280.0,0,2,0,
T004436,U0151,2026-07-17 19:05:00,2490.71,D0683,M011,Lucknow,0,,19,0,0,0,-0.0725770371566455,0.8947049282052362,105300.0,0,2,0,
T004420,U0151,2026-07-19 14:36:00,2613.16,D0683,M020,Lucknow,0,,14,0,0,0,-0.03975580870436569,0.9434213909234735,156660.0,0,2,0,
T004418,U0151,2026-07-19 16:58:00,1706.34,D0683,M010,Lucknow,0,,16,0,0,0,-0.2742884857886135,0.6176232361571635,8520.0,0,2,0,
T004424,U0151,2026-07-20 10:45:00,3136.69,D0683,M010,Lucknow,0,,10,0,0,0,0.11128357579272374,1.1545440967448612,64020.0,0,2,0,
T004407,U0151,2026-07-22 14:02:00,1388.83,D0683,M011,Lucknow,0,,14,0,0,0,-0.3641886350679293,0.5079259617931507,184620.0,0,2,0,
T004443,U0151,2026-07-23 08:34:00,2352.53,D0683,M011,Lucknow,0,,8,0,0,0,-0.0903632832727256,0.8776471399559996,66720.0,0,2,0,
T004425,U0151,2026-07-23 11:18:00,2826.04,D0683,M011,Lucknow,0,,11,0,0,0,0.044432571912359,1.0592821095564802,9840.0,0,2,0,
T004406,U0151,2026-07-24 14:10:00,2258.95,D0683,M010,Lucknow,0,,14,0,0,0,-0.11874593222305914,0.8448652446218162,96720.0,0,2,0,
T004435,U0151,2026-07-25 12:36:00,1773.78,D0683,M020,Lucknow,0,,12,0,0,0,-0.25798426437033695,0.6671039177783122,80760.0,0,2,0,
T004411,U0151,2026-07-25 14:32:00,2338.2,D0683,M020,Lucknow,0,,14,0,0,0,-0.0859812095617801,0.8895893413506363,6960.0,0,2,0,
T004441,U0151,2026-07-25 14:59:00,1749.28,D0683,M010,Lucknow,0,,14,0,0,0,-0.26197109082546255,0.6679878325254615,1620.0,1,2,0,
T004426,U0151,2026-07-26 08:22:00,1692.29,D0683,M010,Lucknow,0,,8,0,0,0,-0.27486233880410543,0.6532214250560867,62580.0,0,2,0,
T004421,U0151,2026-07-26 11:16:00,1581.64,D0683,M010,Lucknow,0,,11,0,0,0,-0.30456911813717,0.6171991722820743,10440.0,0,2,0,
T004437,U0151,2026-07-27 10:19:00,2246.98,D0683,M011,Lucknow,0,,10,0,0,0,-0.09001626138714224,0.8871236886508619,82980.0,0,2,0,
T004417,U0151,2026-07-27 11:08:00,2066.54,D0683,M011,Lucknow,0,,11,0,0,0,-0.14633099339663141,0.8186023640592217,2940.0,1,2,0,
T004423,U0151,2026-07-27 16:05:00,2784.12,D0683,M010,Lucknow,0,,16,0,0,0,0.08839526460047385,1.1085973566962937,17820.0,0,2,0,
T004414,U0151,2026-07-27 16:20:00,963.6,D0683,M010,Lucknow,0,,16,0,0,0,-0.5112086711186045,0.3825379817092978,900.0,1,2,0,
T004422,U0151,2026-07-28 09:33:00,1403.55,D0683,M011,Lucknow,0,,9,0,0,0,-0.35640185780725187,0.5666493462373627,61980.0,0,2,0,
T004405,U0151,2026-07-29 17:40:00,1944.86,D0683,M010,Lucknow,0,,17,0,0,0,-0.16925062806219696,0.7942477318873128,115620.0,0,2,0,
T004430,U0151,2026-07-30 14:37:00,2473.55,D0683,M011,Lucknow,0,,14,0,0,0,0.012855025651186189,1.0155132746823325,75420.0,0,2,0,
T004444,U0152,2026-07-01 15:50:00,336.37,D0768,M053,Ahmedabad,0,,15,0,1,1,0.0,1.0,1000000000.0,0,1,0,
T004448,U0152,2026-07-03 10:03:00,310.94,D0768,M023,Ahmedabad,0,,10,0,0,1,0.0,1.0,151980.0,0,1,0,
T004451,U0152,2026-07-05 02:38:00,836.36,D0768,M026,Ahmedabad,0,,2,1,0,1,0.0,1.0,146100.0,0,1,0,
T004458,U0152,2026-07-07 16:42:00,1172.91,D0768,M011,Ahmedabad,0,,16,0,0,1,2.8041056822000687,2.3716392411284737,223440.0,0,1,0,
T004463,U0152,2026-07-09 16:31:00,1276.93,D0890,M026,Ahmedabad,0,,16,0,1,0,1.6984332341510444,1.9226674868851419,172140.0,0,2,0,
T004445,U0152,2026-07-09 19:17:00,1675.84,D0890,M053,Ahmedabad,0,,19,0,0,0,2.1941060880893692,2.1302094031409484,9960.0,0,2,0,
T004452,U0152,2026-07-11 12:40:00,857.91,D0890,M010,Ahmedabad,0,,12,0,0,1,-0.15500538532188565,0.9176571250669073,148980.0,0,2,0,
T004450,U0152,2026-07-14 15:50:00,242.16,D0768,M010,Ahmedabad,0,,15,0,0,0,-1.4801439436586972,0.262107909402938,270600.0,0,1,0,
T004457,U0152,2026-07-15 18:51:00,1205.77,D0890,M023,Ahmedabad,0,,18,0,0,0,0.754919423641359,1.4377040025066798,97260.0,0,2,0,
T004447,U0152,2026-07-17 07:28:00,1338.57,D0890,M036,Ahmedabad,0,,7,0,0,1,0.9711366076197734,1.5220266331322128,131820.0,0,2,0,
T004455,U0152,2026-07-19 15:15:00,1237.64,D0890,M011,Ahmedabad,0,,15,0,0,0,0.6655783442522404,1.3374455342072353,200820.0,0,2,0,
T004461,U0152,2026-07-20 13:07:00,1814.0,D0890,M060,Ahmedabad,0,,13,0,0,1,1.8854625091922705,1.9019387287758234,78720.0,0,2,0,
T004449,U0152,2026-07-23 18:03:00,810.91,D0890,M053,Ahmedabad,0,,18,0,0,0,-0.4313787132934919,0.7907845328482279,276960.0,0,2,0,
T004454,U0152,2026-07-24 09:07:00,1144.72,D0890,M036,Ahmedabad,0,,9,0,0,0,0.282136221429196,1.1345690964341804,54240.0,0,2,0,
T004462,U0152,2026-07-24 12:40:00,389.08,D0768,M053,Ahmedabad,0,,12,0,0,0,-1.353776432742744,0.38195838552002087,12780.0,0,1,0,
T004464,U0152,2026-07-24 18:41:00,1269.91,D0768,M053,Ahmedabad,0,,18,0,0,0,0.6161321522120511,1.3002393825368146,21660.0,0,1,0,
T004446,U0152,2026-07-26 09:03:00,1325.7,D0768,M053,Ahmedabad,0,,9,0,0,0,0.709270009632393,1.332360133886907,138120.0,0,1,0,
T004456,U0152,2026-07-26 13:44:00,1771.99,D0890,M011,Ahmedabad,0,,13,0,0,0,1.6504947327236608,1.746742378416522,16860.0,0,2,0,
T004453,U0152,2026-07-26 17:18:00,1586.52,D0768,M026,Ahmedabad,0,,17,0,0,0,1.1073393424883526,1.5016192787128864,12840.0,0,1,0,
T004459,U0152,2026-07-30 14:41:00,1444.95,D0890,M011,Ahmedabad,0,,14,0,0,0,0.7500782070766737,1.3324472680941486,336180.0,0,2,0,
T004460,U0152,2026-07-30 16:21:00,1585.12,D0768,M011,Ahmedabad,0,,16,0,0,0,1.0161017427727992,1.4378040349456944,6000.0,0,1,0,
T004478,U0153,2026-07-01 18:00:00,3405.95,D0851,M001,Chennai,0,,18,0,1,1,0.0,1.0,1000000000.0,0,1,0,
T004484,U0153,2026-07-04 14:05:00,824.9,D0851,M050,Chennai,0,,14,0,0,1,0.0,1.0,245100.0,0,1,0,
T004480,U0153,2026-07-04 20:02:00,1635.71,D0851,M058,Chennai,0,,20,0,0,1,0.0,1.0,21420.0,0,1,0,
T004472,U0153,2026-07-05 19:10:00,4313.46,D0851,M032,Chennai,0,,19,0,0,1,2.1879324569574066,2.205786694993768,83280.0,0,1,0,
T004466,U0153,2026-07-08 11:55:00,3775.39,D0851,M050,Chennai,0,,11,0,0,0,0.8894469343171654,1.4834509160164908,233100.0,0,1,0,
T004482,U0153,2026-07-08 15:44:00,4468.65,D0851,M032,Chennai,0,,15,0,0,0,1.2598476496889086,1.6010457587412172,13740.0,0,1,0,
T004475,U0153,2026-07-10 21:43:00,1209.61,D0851,M050,Chennai,0,,21,0,0,0,-1.3615225813157306,0.3939229462798353,194340.0,0,1,0,
T004474,U0153,2026-07-12 11:10:00,3017.22,D0260,M058,Chennai,0,,11,0,1,0,0.14924397853352145,1.0757306195158565,134820.0,0,1,0,
T004471,U0153,2026-07-13 19:30:00,3476.44,D0851,M058,Chennai,0,,19,0,0,0,0.4838679118533047,1.2278334312769756,116400.0,0,1,0,
T004479,U0153,2026-07-18 11:27:00,1578.76,D0260,M032,Chennai,0,,11,0,0,0,-1.0401413956011132,0.5438305404764102,403020.0,0,1,0,
T004468,U0153,2026-07-18 18:02:00,514.86,D0260,M001,Chennai,0,,18,0,0,0,-1.7740921502084974,0.18582918044883667,23700.0,0,1,0,
T004470,U0153,2026-07-20 16:01:00,2018.3,D0851,M043,Chennai,0,,16,0,0,1,-0.3980322666423651,0.7866956991648527,165540.0,0,1,0,
T004477,U0153,2026-07-21 08:18:00,1216.73,D0260,M058,Chennai,0,,8,0,0,0,-0.9835568207034215,0.48284134011941127,58620.0,0,1,0,
T004467,U0153,2026-07-21 14:48:00,1258.93,D0851,M032,Chennai,0,,14,0,0,0,-0.8796781356525314,0.5202854908108503,23400.0,0,1,0,
T004473,U0153,2026-07-23 15:33:00,2492.17,D0260,M058,Chennai,0,,15,0,0,0,0.1189640926974968,1.0664978135372842,175500.0,0,1,0,
T004483,U0153,2026-07-26 11:35:00,3559.0,D0851,M023,Chennai,0,,11,0,0,1,0.9598880674687732,1.516314331584877,244920.0,0,1,0,
T004465,U0153,2026-07-26 14:19:00,2943.48,D0851,M043,Chennai,0,,14,0,0,0,0.4141219271588594,1.2148682554584345,9840.0,0,1,0,
T004481,U0153,2026-07-27 08:11:00,1661.49,D0260,M032,Chennai,0,,8,0,0,0,-0.6461621490089238,0.6771907924343424,64320.0,0,1,0,
T004469,U0153,2026-07-27 13:21:00,2127.05,D0851,M058,Chennai,0,,13,0,0,0,-0.23441595531656503,0.8827754915804448,18600.0,0,1,0,
T004476,U0153,2026-07-30 09:03:00,2765.99,D0851,M058,Chennai,0,,9,0,0,0,0.3161854431021668,1.1550770247120985,243720.0,0,1,0,
T004501,U0154,2026-07-05 17:12:00,1315.29,D0438,M058,Mumbai,0,,17,0,1,1,0.0,1.0,1000000000.0,0,1,0,
T004492,U0154,2026-07-06 13:48:00,1181.87,D0438,M007,Mumbai,0,,13,0,0,1,0.0,1.0,74160.0,0,1,0,
T004493,U0154,2026-07-07 12:32:00,1040.57,D0438,M015,Mumbai,0,,12,0,0,1,0.0,1.0,81840.0,0,1,0,
T004489,U0154,2026-07-08 11:05:00,997.36,D0438,M045,Mumbai,0,,11,0,0,1,-1.6215065350090485,0.8457626776104203,81180.0,0,1,0,
T004499,U0154,2026-07-09 08:52:00,1475.31,D0438,M015,Mumbai,0,,8,0,0,0,2.731053842792205,1.3012398860430643,78420.0,0,1,0,
T004498,U0154,2026-07-09 14:07:00,1387.28,D0438,M024,Mumbai,0,,14,0,0,1,1.0489077052012086,1.1540662841457587,18900.0,0,1,0,
T004496,U0154,2026-07-09 14:13:00,2311.06,D0438,M007,Mumbai,0,,14,0,0,0,6.148815213896996,1.8744200869398893,360.0,1,1,15,amount z-score 6.1
T004486,U0154,2026-07-12 17:51:00,980.44,D0438,M007,Mumbai,0,,17,0,0,0,-0.9898217086492344,0.7068970839729688,272280.0,0,1,0,
T004485,U0154,2026-07-13 14:25:00,1760.82,D0438,M024,Mumbai,0,,14,0,0,0,1.0433621076096633,1.3178335465823692,74040.0,0,1,0,
T004497,U0154,2026-07-13 14:35:00,1180.76,D0438,M045,Mumbai,0,,14,0,0,0,-0.4985918364474749,0.8535614451661001,600.0,1,1,0,
T004490,U0154,2026-07-14 12:51:00,1872.9,D0438,M007,Mumbai,0,,12,0,0,0,1.3065612377593312,1.374024631514292,80160.0,0,1,0,
T004494,U0154,2026-07-14 14:00:00,622.67,D0438,M058,Mumbai,0,,14,0,0,0,-1.9675132916776292,0.4417905188284768,4140.0,0,1,0,
T004487,U0154,2026-07-14 16:30:00,1771.96,D0438,M024,Mumbai,0,,16,0,0,0,0.9723095933420504,1.318559150419053,9000.0,0,1,0,
T004488,U0154,2026-07-16 10:52:00,1519.32,D0438,M024,Mumbai,0,,10,0,0,0,0.3253113724140068,1.10352217925032,152520.0,0,1,0,
T007548,U0154,2026-07-17 03:54:00,14033.61,D0479,M028,Chennai,1,account_takeover,3,1,1,1,29.842129204470744,10.118162835608796,61320.0,0,2,60,new device + amount >3x user avg; odd hour + new device; amount z-score 29.8
T004491,U0154,2026-07-20 22:04:00,1022.49,D0438,M024,Mumbai,0,,22,0,0,0,-0.3796165111131423,0.45849897232813974,324600.0,0,1,0,
T004502,U0154,2026-07-21 20:38:00,1041.78,D0438,M017,Mumbai,0,,20,0,0,1,-0.35968309618353306,0.48351279836907013,81240.0,0,1,0,
T004495,U0154,2026-07-24 11:51:00,2240.85,D0438,M017,Mumbai,0,,11,0,0,0,0.050350793345739935,1.0726150753309482,227580.0,0,1,0,
T004500,U0154,2026-07-26 11:41:00,1910.0,D0438,M045,Mumbai,0,,11,0,0,0,-0.06405684018328499,0.9105755479373701,172200.0,0,1,0,
T007341,U0154,2026-07-26 14:00:00,52.85,D0438,M058,Mumbai,1,velocity_burst,14,0,0,0,-0.713868716064481,0.025314914345992517,8340.0,0,1,0,
T007342,U0154,2026-07-26 14:02:00,133.46,D0438,M023,Mumbai,1,velocity_burst,14,0,0,1,-0.6584428853928125,0.0672017732148104,120.0,1,1,0,
T007343,U0154,2026-07-26 14:04:00,52.29,D0438,M058,Mumbai,1,velocity_burst,14,0,0,0,-0.6653050170474615,0.027553751116208617,120.0,2,1,0,
T007345,U0154,2026-07-26 14:04:00,127.54,D0438,M008,Mumbai,1,velocity_burst,14,0,0,1,-0.6160751038916478,0.07031410142335986,0.0,3,1,10,rapid repeat transactions
T007346,U0154,2026-07-26 14:05:00,59.48,D0438,M042,Mumbai,1,velocity_burst,14,0,0,1,-0.6228389411399565,0.03417325130029454,60.0,4,1,0,
T007344,U0154,2026-07-26 14:06:00,10.23,D0438,M017,Mumbai,1,velocity_burst,14,0,0,0,-0.6233472134811464,0.00612392110171281,60.0,5,1,30,5 txns in last 1h (velocity)
T007347,U0154,2026-07-26 14:06:00,13.24,D0438,M058,Mumbai,1,velocity_burst,14,0,0,0,-0.6049168099905144,0.008253913309813059,0.0,6,1,40,6 txns in last 1h (velocity); rapid repeat transactions
T004506,U0155,2026-07-01 15:09:00,1568.5,D0283,M049,Pune,0,,15,0,1,1,0.0,1.0,1000000000.0,0,3,20,device shared by 3 users
T004514,U0155,2026-07-02 10:13:00,3615.35,D0146,M022,Pune,0,,10,0,1,1,0.0,1.0,68640.0,0,2,0,
T004531,U0155,2026-07-03 16:44:00,2610.05,D0146,M022,Pune,0,,16,0,0,0,0.0,1.0,109860.0,0,2,0,
T004524,U0155,2026-07-03 18:18:00,2994.21,D0283,M049,Pune,0,,18,0,0,0,0.4741643236265484,1.1525205605078894,5640.0,0,3,20,device shared by 3 users
T004504,U0155,2026-07-05 20:39:00,1804.59,D0283,M022,Pune,0,,20,0,0,0,-1.1998842942584174,0.6691032995884901,181260.0,0,3,20,device shared by 3 users
T004513,U0155,2026-07-06 06:00:00,1873.94,D0283,M022,Pune,0,,6,0,0,0,-0.8538042199849984,0.7440580650916571,33660.0,0,3,20,device shared by 3 users
T004529,U0155,2026-07-09 06:16:00,1219.27,D0146,M022,Pune,0,,6,0,0,0,-1.6329628867314865,0.5056889503689775,260160.0,0,2,0,
T004522,U0155,2026-07-10 15:28:00,664.95,D0283,M049,Pune,0,,15,0,0,0,-1.9845996805039507,0.29674083288268355,119520.0,0,3,20,device shared by 3 users
T004508,U0155,2026-07-13 11:34:00,2983.21,D0283,M036,Pune,0,,11,0,0,1,1.0352328514820388,1.4595978430690015,245160.0,0,3,20,device shared by 3 users
T004505,U0155,2026-07-14 10:05:00,3897.75,D0283,M004,Pune,0,,10,0,0,1,1.9331890848536188,1.8144006918186597,81060.0,0,3,20,device shared by 3 users
T004523,U0155,2026-07-14 15:00:00,2955.57,D0146,M049,Pune,0,,15,0,0,0,0.6284465710322736,1.2722076870119488,17700.0,0,2,0,
T004511,U0155,2026-07-14 16:11:00,3411.89,D0283,M022,Pune,0,,16,0,0,0,1.0560193327731175,1.4331626780765556,4260.0,0,3,20,device shared by 3 users
T004510,U0155,2026-07-16 12:24:00,2612.81,D0146,M039,Pune,0,,12,0,0,1,0.14958099227308683,1.059273062969394,159180.0,0,2,0,
T004528,U0155,2026-07-16 14:35:00,1704.53,D0146,M036,Pune,0,,14,0,0,0,-0.8227876136310805,0.6879060002333665,7860.0,0,2,0,
T004517,U0155,2026-07-19 06:29:00,2585.92,D0146,M049,Pune,0,,6,0,0,0,0.1761012236047798,1.0674082495560078,230040.0,0,2,0,
T004503,U0155,2026-07-19 16:22:00,2618.3,D0283,M036,Pune,0,,16,0,0,0,0.2060599674004255,1.0759388246368862,35580.0,0,3,20,device shared by 3 users
T004518,U0155,2026-07-21 11:45:00,2454.23,D0283,M036,Pune,0,,11,0,0,0,0.010555071533563732,1.0037534977249962,156180.0,0,3,20,device shared by 3 users
T004530,U0155,2026-07-25 15:33:00,4078.94,D0146,M039,Pune,0,,15,0,0,0,1.936325947813533,1.6678740401795145,359280.0,0,2,0,
T004512,U0155,2026-07-25 21:39:00,3726.68,D0283,M004,Pune,0,,21,0,0,0,1.3209850819915856,1.4693175905808116,21960.0,0,3,20,device shared by 3 users
T004526,U0155,2026-07-26 07:49:00,2707.96,D0283,M022,Pune,0,,7,0,0,0,0.11890972898554966,1.0419303573968552,36600.0,0,3,20,device shared by 3 users
T004527,U0155,2026-07-26 10:20:00,3954.01,D0283,M049,Pune,0,,10,0,0,0,1.5103160257118715,1.5181848631061912,9060.0,0,3,20,device shared by 3 users
T004520,U0155,2026-07-26 15:44:00,2590.01,D0146,M036,Pune,0,,15,0,0,0,-0.08570023392155167,0.9705144256111182,19440.0,0,2,0,
T004516,U0155,2026-07-26 18:27:00,2721.45,D0146,M036,Pune,0,,18,0,0,0,0.06278146194320355,1.0211354860274144,9780.0,0,2,0,
T004521,U0155,2026-07-27 13:41:00,3289.15,D0283,M049,Pune,0,,13,0,0,0,0.7082951751572091,1.233013365225362,69240.0,0,3,20,device shared by 3 users
T004525,U0155,2026-07-28 12:49:00,2106.22,D0146,M039,Pune,0,,12,0,0,0,-0.6765340290425345,0.7819728176070401,83280.0,0,2,0,
T004509,U0155,2026-07-29 08:33:00,2915.01,D0146,M039,Pune,0,,8,0,0,0,0.2855036849417356,1.0917723861666313,71040.0,0,2,0,
T004519,U0155,2026-07-29 14:15:00,2241.7,D0146,M036,Pune,0,,14,0,0,0,-0.5192889366202776,0.836641330638235,20520.0,0,2,0,
T004515,U0155,2026-07-29 20:46:00,1561.88,D0283,M036,Pune,0,,20,0,0,0,-1.324879965803252,0.5864690386109312,23460.0,0,3,20,device shared by 3 users
T004507,U0155,2026-07-30 19:50:00,1885.07,D0146,M039,Pune,0,,19,0,0,0,-0.8779724095297742,0.7184339100720183,83040.0,0,2,0,
T004532,U0155,2026-07-30 22:06:00,3476.6,D0146,M039,Pune,0,,22,0,0,0,1.048297226327587,1.337985206473763,8160.0,0,2,0,
T004544,U0156,2026-07-01 19:14:00,618.49,D0756,M028,Ahmedabad,0,,19,0,1,1,0.0,1.0,1000000000.0,0,1,0,
T004537,U0156,2026-07-04 16:48:00,403.64,D0756,M028,Ahmedabad,0,,16,0,0,0,0.0,1.0,250440.0,0,1,0,
T004540,U0156,2026-07-04 18:27:00,805.86,D0756,M029,Ahmedabad,0,,18,0,0,1,0.0,1.0,5940.0,0,1,0,
T004534,U0156,2026-07-05 11:13:00,476.13,D0756,M028,Ahmedabad,0,,11,0,0,0,-0.810547716102591,0.781399240507772,60360.0,0,1,0,
T004546,U0156,2026-07-05 11:40:00,495.37,D0155,M029,Ahmedabad,0,,11,0,1,0,-0.5252661350386023,0.8599725693801147,1620.0,1,1,0,
T004541,U0156,2026-07-13 20:14:00,363.11,D0155,M028,Ahmedabad,0,,20,0,0,0,-1.3947980804331406,0.6485288380231242,722040.0,0,1,0,
T004542,U0156,2026-07-14 15:23:00,389.17,D0155,M028,Ahmedabad,0,,15,0,0,0,-0.9306323477397375,0.7383228974799414,68940.0,0,1,0,
T004545,U0156,2026-07-18 08:59:00,350.14,D0756,M029,Ahmedabad,0,,8,0,0,0,-1.0811082293024539,0.6900728355635332,322560.0,0,1,0,
T004538,U0156,2026-07-19 13:34:00,502.41,D0756,M029,Ahmedabad,0,,13,0,0,0,0.10071976187982155,1.0300801381270606,102900.0,0,1,0,
T004543,U0156,2026-07-20 20:13:00,782.34,D0155,M049,Ahmedabad,0,,20,0,0,1,2.132082518961074,1.5986713012705613,110340.0,0,1,0,
T007450,U0156,2026-07-24 00:00:00,28.88,D0155,M048,Ahmedabad,1,velocity_burst,0,1,0,1,-3.1152713234550915,0.05568130539560854,272820.0,0,1,0,
T007451,U0156,2026-07-24 00:01:00,53.13,D0155,M008,Ahmedabad,1,velocity_burst,0,1,0,1,-2.0470944266249753,0.11205551079416311,60.0,1,1,0,
T007452,U0156,2026-07-24 00:04:00,80.44,D0155,M046,Ahmedabad,1,velocity_burst,0,1,0,1,-1.5679363017365007,0.183211322364366,180.0,2,1,0,
T007455,U0156,2026-07-24 00:05:00,142.6,D0155,M020,Ahmedabad,1,velocity_burst,0,1,0,1,-1.1220479592402237,0.34656232447915447,60.0,3,1,0,
T007453,U0156,2026-07-24 00:06:00,10.87,D0155,M040,Ahmedabad,1,velocity_burst,0,1,0,1,-1.5821130410122726,0.0277108586600618,60.0,4,1,0,
T007456,U0156,2026-07-24 00:06:00,81.55,D0155,M044,Ahmedabad,1,velocity_burst,0,1,0,1,-1.1340103432381208,0.22230480913779133,0.0,5,1,40,5 txns in last 1h (velocity); rapid repeat transactions
T007454,U0156,2026-07-24 00:08:00,33.2,D0155,M056,Ahmedabad,1,velocity_burst,0,1,0,1,-1.2473351253218392,0.09512672492903504,120.0,6,1,30,6 txns in last 1h (velocity)
T007458,U0156,2026-07-24 00:08:00,31.72,D0155,M005,Ahmedabad,1,velocity_burst,0,1,0,1,-1.164018515156796,0.09599578418360176,0.0,7,1,40,7 txns in last 1h (velocity); rapid repeat transactions
T007457,U0156,2026-07-24 00:14:00,18.58,D0155,M052,Ahmedabad,1,velocity_burst,0,1,0,1,-1.1417195850262962,0.05920287463101729,360.0,8,1,30,8 txns in last 1h (velocity)
T007459,U0156,2026-07-24 00:18:00,109.26,D0155,M016,Ahmedabad,1,velocity_burst,0,1,0,1,-0.7265030487863539,0.3662800840987641,240.0,9,1,30,9 txns in last 1h (velocity)
T007460,U0156,2026-07-24 00:20:00,69.65,D0155,M032,Ahmedabad,1,velocity_burst,0,1,0,1,-0.8531075193511416,0.24113320405570055,120.0,10,1,30,10 txns in last 1h (velocity)
T004547,U0156,2026-07-24 10:27:00,583.76,D0756,M028,Ahmedabad,0,,10,0,0,0,1.197218109020471,2.0967888624669353,36420.0,0,1,0,
T004533,U0156,2026-07-25 14:51:00,459.47,D0155,M049,Ahmedabad,0,,14,0,0,0,0.6500704085758271,1.5719857495632106,102240.0,0,1,0,
T004548,U0156,2026-07-25 20:57:00,466.3,D0155,M029,Ahmedabad,0,,20,0,0,0,0.6569282026893126,1.5566412179502729,21960.0,0,1,0,
T004535,U0156,2026-07-27 14:20:00,512.03,D0155,M049,Ahmedabad,0,,14,0,0,0,0.8197973010919899,1.6705550599581949,148980.0,0,1,0,
T004539,U0156,2026-07-27 17:42:00,761.52,D0756,M029,Ahmedabad,0,,17,0,0,0,1.794943014542057,2.419643870757731,12120.0,0,1,0,
T004536,U0156,2026-07-30 13:15:00,689.0,D0155,M029,Ahmedabad,0,,13,0,0,0,1.3799732183687452,2.075873554806271,243180.0,0,1,0,
T004561,U0157,2026-07-02 18:12:00,1384.28,D0427,M041,Bengaluru,0,,18,0,1,1,0.0,1.0,1000000000.0,0,2,0,
T004562,U0157,2026-07-04 13:10:00,1206.3,D0427,M026,Bengaluru,0,,13,0,0,1,0.0,1.0,154680.0,0,2,0,
T004560,U0157,2026-07-05 11:17:00,1336.49,D0427,M012,Bengaluru,0,,11,0,0,1,0.0,1.0,79620.0,0,2,0,
T004557,U0157,2026-07-06 07:48:00,1749.3,D0427,M041,Bengaluru,0,,7,0,0,0,5.8538894230915774,1.336339814668692,73860.0,0,2,15,amount z-score 5.9
T004564,U0157,2026-07-06 11:03:00,2552.18,D0427,M002,Bengaluru,0,,11,0,0,1,5.624237500382941,1.7984592253158553,11700.0,0,2,15,amount z-score 5.6
T004565,U0157,2026-07-07 09:27:00,1825.66,D0427,M002,Bengaluru,0,,9,0,0,0,0.3689448612245706,1.1093449021338238,80640.0,0,2,0,
T004549,U0157,2026-07-07 14:38:00,1091.18,D0427,M012,Bengaluru,0,,14,0,0,0,-1.2981639472920081,0.6511779638671693,18660.0,0,2,0,
T004573,U0157,2026-07-09 07:35:00,1138.65,D0427,M002,Bengaluru,0,,7,0,0,0,-0.9767524180288734,0.7151432112284988,147420.0,0,2,0,
T004568,U0157,2026-07-10 11:35:00,3256.99,D0427,M041,Bengaluru,0,,11,0,0,0,3.746237079850522,2.121119760521053,100800.0,0,2,15,amount z-score 3.7
T004572,U0157,2026-07-10 16:24:00,1632.91,D0427,M026,Bengaluru,0,,16,0,0,0,-0.13543597949657932,0.9456380942247237,17340.0,0,2,0,
T004566,U0157,2026-07-11 15:48:00,1407.44,D0427,M041,Bengaluru,0,,15,0,0,0,-0.4709557882003293,0.8195207385029172,84240.0,0,2,0,
T004578,U0157,2026-07-11 18:59:00,2117.27,D0427,M041,Bengaluru,0,,18,0,0,0,0.6753711732891075,1.2534036754112212,11460.0,0,2,0,
T004553,U0157,2026-07-13 08:47:00,1869.88,D0427,M018,Bengaluru,0,,8,0,0,1,0.23452182784540676,1.084059104675488,136080.0,0,2,0,
T004558,U0157,2026-07-13 09:15:00,1295.78,D0427,M002,Bengaluru,0,,9,0,0,0,-0.7396257171072166,0.7463995213820662,1680.0,1,2,0,
T004555,U0157,2026-07-14 10:32:00,2003.82,D0427,M012,Bengaluru,0,,10,0,0,0,0.511765393511155,1.175541215461181,91020.0,0,2,0,
T004556,U0157,2026-07-14 18:29:00,1567.04,D0427,M002,Bengaluru,0,,18,0,0,0,-0.2764266583439521,0.908670243514701,28620.0,0,2,0,
T004581,U0157,2026-07-15 16:40:00,1979.95,D0427,M018,Bengaluru,0,,16,0,0,0,0.47965845767124843,1.1546930447861234,79860.0,0,2,0,
T004563,U0157,2026-07-16 08:07:00,2877.01,D0427,M002,Bengaluru,0,,8,0,0,0,2.123108452496802,1.662722095702269,55620.0,0,2,0,
T004551,U0157,2026-07-16 10:13:00,2672.9,D0427,M041,Bengaluru,0,,10,0,0,0,1.497402218421515,1.4899048149868626,7560.0,0,2,0,
T004577,U0157,2026-07-17 00:49:00,1033.65,D0427,M026,Bengaluru,0,,0,1,0,0,-1.335322581487362,0.5616854894541197,52560.0,0,2,0,
T004579,U0157,2026-07-18 19:29:00,3042.01,D0427,M012,Bengaluru,0,,19,0,0,0,2.021443929429528,1.6900675237591671,153600.0,0,2,0,
T004571,U0157,2026-07-19 15:46:00,1117.82,D0427,M018,Bengaluru,0,,15,0,0,0,-1.1310216605900056,0.6012757455714335,73020.0,0,2,0,
T004582,U0157,2026-07-19 16:52:00,2805.29,D0427,M012,Bengaluru,0,,16,0,0,0,1.4876890290774514,1.5368194678086904,3960.0,0,2,0,
T004580,U0157,2026-07-20 16:11:00,1563.79,D0427,M002,Bengaluru,0,,16,0,0,0,-0.4510164839080857,0.8371505774802399,83940.0,0,2,0,
T004550,U0157,2026-07-20 22:34:00,1040.19,D0427,M002,Bengaluru,0,,22,0,0,0,-1.2293207561644328,0.5606537426917628,22980.0,0,2,0,
T004559,U0157,2026-07-22 17:52:00,1575.51,D0427,M012,Bengaluru,0,,17,0,0,0,-0.3694965288016275,0.8643771976249571,155880.0,0,2,0,
T004567,U0157,2026-07-24 13:14:00,522.4,D0427,M026,Bengaluru,0,,13,0,0,0,-1.9624531985349938,0.2881088696293612,156120.0,0,2,0,
T004574,U0157,2026-07-27 11:19:00,1671.19,D0427,M026,Bengaluru,0,,11,0,0,0,-0.13653950063486484,0.946637507491044,252300.0,0,2,0,
T004554,U0157,2026-07-27 15:00:00,1577.35,D0427,M041,Bengaluru,0,,15,0,0,0,-0.27249335314373724,0.8951883454108714,13260.0,0,2,0,
T004576,U0157,2026-07-28 19:51:00,2512.6,D0427,M012,Bengaluru,0,,19,0,0,0,1.1351599635811702,1.4311401735525986,103860.0,0,2,0,
T004552,U0157,2026-07-29 09:39:00,1220.77,D0427,M012,Bengaluru,0,,9,0,0,0,-0.8365869826115178,0.6854814328200934,49680.0,0,2,0,
T004570,U0157,2026-07-30 03:52:00,2313.1,D0427,M018,Bengaluru,0,,3,1,0,0,0.8261864750728695,1.312154604398422,65580.0,0,2,0,
T004569,U0157,2026-07-30 11:51:00,2475.83,D0427,M012,Bengaluru,0,,11,0,0,0,1.0502661505225859,1.3908986363491187,28740.0,0,2,0,
T004575,U0157,2026-07-30 12:31:00,2246.2,D0427,M018,Bengaluru,0,,12,0,0,0,0.671124277201853,1.247121929204901,2400.0,1,2,0,
T004590,U0158,2026-07-01 12:24:00,3787.3,D0070,M048,Delhi,0,,12,0,1,1,0.0,1.0,1000000000.0,0,1,0,
T004617,U0158,2026-07-02 16:42:00,2826.18,D0159,M011,Delhi,0,,16,0,1,1,0.0,1.0,101880.0,0,2,0,
T004599,U0158,2026-07-04 09:28:00,2606.61,D0159,M020,Delhi,0,,9,0,0,1,0.0,1.0,146760.0,0,2,0,
T004591,U0158,2026-07-05 10:30:00,1551.68,D0159,M022,Delhi,0,,10,0,0,1,-2.967829492957432,0.5048801040429497,90120.0,0,2,0,
T004605,U0158,2026-07-05 13:21:00,620.57,D0070,M015,Delhi,0,,13,0,0,1,-2.6082005704769426,0.23044309329648033,10260.0,0,1,0,
T004586,U0158,2026-07-06 11:28:00,2771.06,D0070,M019,Delhi,0,,11,0,0,1,0.45113825526482415,1.216194389731963,79620.0,0,1,0,
T004607,U0158,2026-07-06 15:57:00,3620.04,D0159,M019,Delhi,0,,15,0,0,0,1.2426769199989165,1.5335470290183655,16140.0,0,2,0,
T004595,U0158,2026-07-07 07:07:00,2786.74,D0159,M015,Delhi,0,,7,0,0,0,0.237535497465429,1.0969295025215309,54600.0,0,2,0,
T004589,U0158,2026-07-07 11:52:00,1665.95,D0159,M022,Delhi,0,,11,0,0,0,-0.9303105542950424,0.6479087686552442,17100.0,0,2,0,
T004597,U0158,2026-07-07 15:37:00,3092.38,D0159,M048,Delhi,0,,15,0,0,0,0.6472069627761476,1.2516305665030438,13500.0,0,2,0,
T004588,U0158,2026-07-09 09:15:00,20.0,D0159,M019,Delhi,0,,9,0,0,0,-2.701457380311571,0.007896240241571163,149880.0,0,2,0,
T004600,U0158,2026-07-09 11:38:00,3817.7,D0070,M011,Delhi,0,,11,0,0,0,1.3229576361690685,1.65669303567651,8580.0,0,1,0,
T004585,U0158,2026-07-09 12:19:00,3244.7,D0159,M048,Delhi,0,,12,0,0,0,0.6945054649702941,1.3349831871875089,2460.0,1,2,0,
T004606,U0158,2026-07-09 14:07:00,1204.17,D0070,M048,Delhi,0,,14,0,0,0,-1.123748623294521,0.4829919923174358,6480.0,0,1,0,
T004592,U0158,2026-07-10 10:20:00,3092.45,D0159,M048,Delhi,0,,10,0,0,0,0.5990670770937381,1.2879427918056063,72780.0,0,2,0,
T004608,U0158,2026-07-14 13:19:00,833.28,D0159,M011,Delhi,0,,13,0,0,0,-1.4304877644600735,0.34050779213127075,356340.0,0,2,0,
T004601,U0158,2026-07-14 14:46:00,1638.35,D0159,M022,Delhi,0,,14,0,0,0,-0.610230441977577,0.6982694296907204,5220.0,0,2,0,
T004615,U0158,2026-07-14 15:01:00,4442.69,D0070,M048,Delhi,0,,15,0,0,0,1.8791639233748982,1.9277016140016547,900.0,1,1,0,
T004614,U0158,2026-07-14 18:38:00,3137.44,D0159,M019,Delhi,0,,18,0,0,0,0.5904241093715319,1.2946245970011991,13020.0,0,2,0,
T004598,U0158,2026-07-15 10:34:00,2015.02,D0159,M022,Delhi,0,,10,0,0,0,-0.3754795772665028,0.8187759049473005,57360.0,0,2,0,
T004594,U0158,2026-07-15 12:56:00,1516.35,D0159,M022,Delhi,0,,12,0,0,0,-0.7939112708488887,0.6217822453575327,8520.0,0,2,0,
T004584,U0158,2026-07-15 13:00:00,1289.07,D0159,M048,Delhi,0,,13,0,0,0,-0.9609227291310783,0.5382802689146676,240.0,1,2,0,
T004610,U0158,2026-07-17 09:36:00,2871.21,D0070,M048,Delhi,0,,9,0,0,0,0.45894429182667007,1.2246403766180614,160560.0,0,1,0,
T004602,U0158,2026-07-18 19:04:00,1530.84,D0159,M019,Delhi,0,,19,0,0,0,-0.7419977692358419,0.6466246493656057,120480.0,0,2,0,
T004587,U0158,2026-07-19 18:42:00,78.15,D0159,M019,Delhi,0,,18,0,0,0,-2.0194869425585305,0.033503757815416195,85080.0,0,2,0,
T004613,U0158,2026-07-20 08:07:00,1175.47,D0070,M011,Delhi,0,,8,0,0,0,-0.9044610754036657,0.5242024024449361,48300.0,0,1,0,
T004611,U0158,2026-07-20 10:37:00,2424.79,D0159,M048,Delhi,0,,10,0,0,0,0.1901880983787943,1.101495577411202,9000.0,0,2,0,
T004603,U0158,2026-07-20 18:38:00,2880.84,D0070,M011,Delhi,0,,18,0,0,0,0.5818398188464342,1.303761854677272,28860.0,0,1,0,
T004609,U0158,2026-07-24 17:39:00,2145.48,D0070,M019,Delhi,0,,17,0,0,0,-0.07733066359165194,0.9605444613416945,342060.0,0,1,0,
T004596,U0158,2026-07-26 12:43:00,3707.75,D0070,M011,Delhi,0,,12,0,0,0,1.31900243974371,1.6622437962999541,155040.0,0,1,0,
T004618,U0158,2026-07-26 19:34:00,2959.53,D0070,M048,Delhi,0,,19,0,0,0,0.6001547716516161,1.29814841130024,24660.0,0,1,0,
T004612,U0158,2026-07-28 16:20:00,2539.63,D0159,M019,Delhi,0,,16,0,0,0,0.21228980388593047,1.103354565550001,161160.0,0,2,0,
T004583,U0158,2026-07-29 06:38:00,3284.56,D0070,M022,Delhi,0,,6,0,0,0,0.8837129775059267,1.4223989085155786,51480.0,0,1,0,
T004616,U0158,2026-07-29 14:24:00,213.56,D0070,M015,Delhi,0,,14,0,0,0,-1.9325408429402164,0.09131464696260017,27960.0,0,1,0,
T004593,U0158,2026-07-29 15:28:00,1933.48,D0159,M015,Delhi,0,,15,0,0,0,-0.300299168321539,0.8494251435120628,3840.0,0,2,0,
T004604,U0158,2026-07-29 16:42:00,1340.59,D0159,M048,Delhi,0,,16,0,0,0,-0.8219746601997003,0.5914987475489769,4440.0,0,2,0,
T004635,U0159,2026-07-02 17:58:00,2048.16,D0721,M004,Chennai,0,,17,0,1,1,0.0,1.0,1000000000.0,0,2,0,
T004640,U0159,2026-07-04 11:58:00,1718.39,D0721,M040,Chennai,0,,11,0,0,1,0.0,1.0,151200.0,0,2,0,
T004631,U0159,2026-07-04 18:43:00,6216.24,D0721,M004,Chennai,0,,18,0,0,0,0.0,1.0,24300.0,0,2,0,
T004636,U0159,2026-07-05 17:58:00,3255.21,D0721,M007,Chennai,0,,17,0,0,1,-0.03536212530213619,0.9782465620397965,83700.0,0,2,0,
T004633,U0159,2026-07-06 12:06:00,3447.0,D0721,M004,Chennai,0,,12,0,0,0,0.07755038762427714,1.0415470611749367,65280.0,0,2,0,
T004645,U0159,2026-07-09 10:16:00,3086.04,D0721,M052,Chennai,0,,10,0,0,1,-0.15815384558117743,0.9247947255244847,252600.0,0,2,0,
T004641,U0159,2026-07-11 15:13:00,4953.63,D0721,M006,Chennai,0,,15,0,0,1,1.1425274583221545,1.503298763796958,190620.0,0,2,0,
T004620,U0159,2026-07-11 17:10:00,2812.53,D0721,M007,Chennai,0,,17,0,0,0,-0.4915593128969822,0.7962779682974962,7020.0,0,2,0,
T004626,U0159,2026-07-12 15:39:00,2719.9,D0721,M044,Chennai,0,,15,0,0,1,-0.5196697204648202,0.7901747452057073,80940.0,0,2,0,
T004619,U0159,2026-07-12 17:24:00,3255.95,D0721,M040,Chennai,0,,17,0,0,0,-0.07967042716123036,0.968485082551984,6300.0,0,2,0,
T004628,U0159,2026-07-12 18:36:00,2756.03,D0721,M004,Chennai,0,,18,0,0,0,-0.4716879544786053,0.8223751640562781,4320.0,0,2,0,
T004643,U0159,2026-07-12 23:37:00,4503.53,D0721,M007,Chennai,0,,23,0,0,0,0.9925565932387846,1.3658694950347632,18060.0,0,2,0,
T004622,U0159,2026-07-13 11:17:00,2348.91,D0721,M004,Chennai,0,,11,0,0,0,-0.8664472233721042,0.6913199815195583,42000.0,0,2,0,
T004638,U0159,2026-07-13 17:45:00,4594.22,D0721,M004,Chennai,0,,17,0,0,0,1.0677959726615258,1.3850360558253636,23280.0,0,2,0,
T004624,U0159,2026-07-13 19:04:00,3426.43,D0721,M040,Chennai,0,,19,0,0,0,0.015153433889788367,1.0053290588373016,4740.0,0,2,0,
T004639,U0159,2026-07-16 18:13:00,2245.29,D0721,M007,Chennai,0,,18,0,0,0,-1.0053754994887336,0.658543624373425,256140.0,0,2,0,
T004642,U0159,2026-07-18 13:43:00,5254.01,D0721,M007,Chennai,0,,13,0,0,0,1.6584641042456119,1.574604972306349,156600.0,0,2,0,
T004644,U0159,2026-07-18 14:43:00,2562.67,D0721,M002,Chennai,0,,14,0,0,1,-0.7335957036270092,0.7429109465941169,3600.0,1,2,0,
T004621,U0159,2026-07-19 13:28:00,1848.24,D0721,M007,Chennai,0,,13,0,0,0,-1.3017299167540932,0.5435632293863758,81900.0,0,2,0,
T004629,U0159,2026-07-19 18:55:00,5017.16,D0721,M006,Chennai,0,,18,0,0,0,1.4025438791228335,1.5118547463438297,19620.0,0,2,0,
T004623,U0159,2026-07-26 10:04:00,3200.46,D0721,M004,Chennai,0,,10,0,0,0,-0.1641046118615635,0.9403501181467216,572940.0,0,2,0,
T004627,U0159,2026-07-26 14:11:00,3721.84,D0721,M006,Chennai,0,,14,0,0,0,0.27153069667511776,1.0966555349652058,14820.0,0,2,0,
T004634,U0159,2026-07-26 16:56:00,2192.51,D0721,M006,Chennai,0,,16,0,0,0,-1.028699409442288,0.6432062473177009,9900.0,0,2,0,
T004632,U0159,2026-07-27 16:37:00,2078.03,D0721,M040,Chennai,0,,16,0,0,0,-1.080516426650095,0.6192277318621944,85260.0,0,2,0,
T004630,U0159,2026-07-28 13:42:00,3587.73,D0721,M006,Chennai,0,,13,0,0,0,0.24051157390260453,1.0863352825631523,75900.0,0,2,0,
T004625,U0159,2026-07-28 18:35:00,3308.27,D0721,M052,Chennai,0,,18,0,0,0,-0.004931082880321276,0.9982696459309863,17580.0,0,2,0,
T004637,U0159,2026-07-29 14:46:00,2007.18,D0721,M004,Chennai,0,,14,0,0,0,-1.1458155643926682,0.6057063745192474,72660.0,0,2,0,
T004649,U0160,2026-07-01 21:06:00,2134.8,D0738,M013,Ahmedabad,0,,21,0,1,1,0.0,1.0,1000000000.0,0,1,0,
T004656,U0160,2026-07-02 11:59:00,2342.38,D0738,M013,Ahmedabad,0,,11,0,0,0,0.0,1.0,53580.0,0,1,0,
T004670,U0160,2026-07-02 18:34:00,1195.42,D0738,M057,Ahmedabad,0,,18,0,0,1,0.0,1.0,23700.0,0,1,0,
T004661,U0160,2026-07-03 11:02:00,2753.89,D0738,M057,Ahmedabad,0,,11,0,0,0,1.7294931404963725,1.4564168098633339,59280.0,0,1,0,
T004673,U0160,2026-07-03 17:01:00,1763.75,D0738,M003,Ahmedabad,0,,17,0,0,1,-0.6001421387490743,0.8372406537776746,21540.0,0,1,0,
T004669,U0160,2026-07-04 16:02:00,1722.11,D0738,M029,Ahmedabad,0,,16,0,0,1,-0.5971370731631713,0.8449800981895518,82860.0,0,1,0,
T004666,U0160,2026-07-05 19:59:00,1617.66,D0738,M057,Ahmedabad,0,,19,0,0,0,-0.7397039539006655,0.8147812979900114,100620.0,0,1,0,
T004674,U0160,2026-07-06 22:44:00,3449.21,D0738,M057,Ahmedabad,0,,22,0,0,0,3.172907089801493,1.7845123534652534,96300.0,0,1,15,amount z-score 3.2
T004660,U0160,2026-07-08 12:39:00,1729.03,D0738,M013,Ahmedabad,0,,12,0,0,0,-0.5855383592910001,0.814656974435972,136500.0,0,1,0,
T004671,U0160,2026-07-09 12:34:00,1238.97,D0738,M026,Ahmedabad,0,,12,0,0,1,-1.301205405934182,0.5960327660062115,86100.0,0,1,0,
T004652,U0160,2026-07-10 09:52:00,2839.48,D0738,M013,Ahmedabad,0,,9,0,0,0,1.276011623196682,1.4234966068336856,76680.0,0,1,0,
T004647,U0160,2026-07-10 12:12:00,3706.04,D0738,M013,Ahmedabad,0,,12,0,0,0,2.41676766204079,1.789045363318098,8400.0,0,1,0,
T004648,U0160,2026-07-12 08:10:00,1413.99,D0738,M029,Ahmedabad,0,,8,0,0,0,-1.0053092756443511,0.6404728235854172,158280.0,0,1,0,
T004667,U0160,2026-07-13 10:05:00,2480.41,D0738,M026,Ahmedabad,0,,10,0,0,0,0.42379149050353887,1.1554678740568642,93300.0,0,1,0,
T004655,U0160,2026-07-13 16:49:00,2746.88,D0738,M009,Ahmedabad,0,,16,0,0,1,0.7546954325906284,1.2655458849461436,24240.0,0,1,0,
T004677,U0160,2026-07-14 14:54:00,1878.25,D0738,M029,Ahmedabad,0,,14,0,0,0,-0.43991970020912885,0.8502967640885575,79500.0,0,1,0,
T004659,U0160,2026-07-15 12:20:00,1693.69,D0738,M029,Ahmedabad,0,,12,0,0,0,-0.6754555210152847,0.7739869476505296,77160.0,0,1,0,
T004663,U0160,2026-07-15 12:35:00,3888.88,D0738,M026,Ahmedabad,0,,12,0,0,0,2.4029724296251658,1.8010960609498121,900.0,1,1,0,
T007375,U0160,2026-07-15 14:00:00,76.51,D0738,M056,Ahmedabad,1,velocity_burst,14,0,0,1,-2.710067370320558,0.033925001290542094,5100.0,0,1,0,
T007376,U0160,2026-07-15 14:02:00,74.12,D0738,M022,Ahmedabad,1,velocity_burst,14,0,0,1,-2.242715703642377,0.03462584840046148,120.0,1,1,0,
T007377,U0160,2026-07-15 14:04:00,77.93,D0738,M042,Ahmedabad,1,velocity_burst,14,0,0,1,-1.9501987984502023,0.03825210506186228,120.0,2,1,0,
T007378,U0160,2026-07-15 14:06:00,128.68,D0738,M008,Ahmedabad,1,velocity_burst,14,0,0,1,-1.703587483504618,0.06619438847841966,120.0,3,1,0,
T007379,U0160,2026-07-15 14:08:00,116.86,D0738,M033,Ahmedabad,1,velocity_burst,14,0,0,1,-1.575098015025151,0.06277874038678541,120.0,4,1,0,
T007380,U0160,2026-07-15 14:10:00,84.57,D0738,M006,Ahmedabad,1,velocity_burst,14,0,0,1,-1.491882164484811,0.04736206970305715,120.0,5,1,30,5 txns in last 1h (velocity)
T004675,U0160,2026-07-16 12:38:00,2386.77,D0738,M057,Ahmedabad,0,,12,0,0,0,0.5759702659334736,1.3919220976921258,80880.0,0,1,0,
T004665,U0160,2026-07-19 12:59:00,3062.16,D0738,M003,Ahmedabad,0,,12,0,0,0,1.1475219148278548,1.7582339837052992,260460.0,0,1,0,
T004664,U0160,2026-07-19 17:57:00,2951.18,D0738,M009,Ahmedabad,0,,17,0,0,0,1.0018329876178813,1.6464949036400487,17880.0,0,1,0,
T004650,U0160,2026-07-20 13:32:00,1718.11,D0738,M009,Ahmedabad,0,,13,0,0,0,-0.10139731486046696,0.9361368548801139,70500.0,0,1,0,
T004676,U0160,2026-07-21 08:06:00,1217.89,D0738,M057,Ahmedabad,0,,8,0,0,0,-0.5401503945312223,0.6651018013509035,66840.0,0,1,0,
T004657,U0160,2026-07-21 09:57:00,2540.64,D0738,M026,Ahmedabad,0,,9,0,0,0,0.6516875288841201,1.4036786694072718,6660.0,0,1,0,
T004672,U0160,2026-07-22 17:31:00,1374.59,D0738,M003,Ahmedabad,0,,17,0,0,0,-0.41415311431656376,0.7493640767374001,113640.0,0,1,0,
T004653,U0160,2026-07-23 14:17:00,2921.99,D0738,M009,Ahmedabad,0,,14,0,0,0,1.0067683930464284,1.605920234699968,74760.0,0,1,0,
T004651,U0160,2026-07-23 15:18:00,3643.11,D0738,M013,Ahmedabad,0,,15,0,0,0,1.634285799569832,1.9650384199987523,3660.0,0,1,0,
T004654,U0160,2026-07-23 15:21:00,4132.35,D0738,M026,Ahmedabad,0,,15,0,0,0,1.984412991740641,2.1655972400888883,180.0,1,1,0,
T004662,U0160,2026-07-29 07:00:00,3701.04,D0738,M057,Ahmedabad,0,,7,0,0,0,1.480993613866587,1.875276405372701,488340.0,0,1,0,
T004668,U0160,2026-07-30 10:58:00,2003.8,D0738,M003,Ahmedabad,0,,10,0,0,0,-0.01616116070510925,0.9905323670512065,100680.0,0,1,0,
T004646,U0160,2026-07-30 16:48:00,594.38,D0738,M026,Ahmedabad,0,,16,0,0,0,-1.2220856718180075,0.29389535132707817,21000.0,0,1,0,
T004658,U0160,2026-07-30 21:58:00,3990.92,D0738,M013,Ahmedabad,0,,21,0,0,0,1.707205808770651,2.011730001307411,18600.0,0,1,0,
T004683,U0161,2026-07-04 08:31:00,1336.61,D0831,M060,Lucknow,0,,8,0,1,1,0.0,1.0,1000000000.0,0,3,20,device shared by 3 users
T004678,U0161,2026-07-05 11:42:00,1894.52,D0831,M058,Lucknow,0,,11,0,0,1,0.0,1.0,97860.0,0,3,20,device shared by 3 users
T004699,U0161,2026-07-05 14:02:00,1261.77,D0154,M029,Lucknow,0,,14,0,1,1,0.0,1.0,8400.0,0,1,0,
T004686,U0161,2026-07-06 07:04:00,2170.37,D0154,M058,Lucknow,0,,7,0,0,0,2.3830599187405097,1.4491998476824324,61320.0,0,1,0,
T007552,U0161,2026-07-09 01:54:00,7428.49,D0269,M021,Jaipur,1,account_takeover,1,1,1,1,15.152995382812675,4.459366044323963,240600.0,0,1,60,new device + amount >3x user avg; odd hour + new device; amount z-score 15.2
T004701,U0161,2026-07-11 05:02:00,1007.63,D0154,M018,Lucknow,0,,5,1,0,1,-0.7771235201989233,0.3575245390364566,184080.0,0,1,0,
T004694,U0161,2026-07-11 10:06:00,2378.89,D0154,M058,Lucknow,0,,10,0,0,0,-0.06169623682565398,0.9452924915727223,18240.0,0,1,0,
T004689,U0161,2026-07-12 18:51:00,1282.91,D0831,M017,Lucknow,0,,18,0,0,1,-0.5874528629286103,0.5138017011057947,117900.0,0,3,20,device shared by 3 users
T004692,U0161,2026-07-13 04:16:00,698.86,D0831,M058,Lucknow,0,,4,1,0,0,-0.8338541982687422,0.2980024186960412,33900.0,0,3,20,device shared by 3 users
T004681,U0161,2026-07-14 15:34:00,1775.01,D0831,M060,Lucknow,0,,15,0,0,0,-0.20042689581523584,0.8209172120632654,127080.0,0,3,20,device shared by 3 users
T004688,U0161,2026-07-14 18:23:00,1867.6,D0154,M030,Lucknow,0,,18,0,0,1,-0.1393443526369156,0.8794889202670071,10140.0,0,1,0,
T004685,U0161,2026-07-16 14:24:00,1608.88,D0831,M017,Lucknow,0,,14,0,0,0,-0.2803649305483928,0.7660451217121106,158460.0,0,3,20,device shared by 3 users
T004698,U0161,2026-07-17 15:58:00,2708.2,D0154,M017,Lucknow,0,,15,0,0,0,0.38546054083713566,1.315110267681362,92040.0,0,1,0,
T004680,U0161,2026-07-18 16:38:00,1653.4,D0154,M028,Lucknow,0,,16,0,0,1,-0.28021842857705864,0.7838951058547371,88800.0,0,1,0,
T004700,U0161,2026-07-20 08:37:00,1055.99,D0154,M029,Lucknow,0,,8,0,0,0,-0.6493401306457103,0.5085057889474931,143940.0,0,1,0,
T004691,U0161,2026-07-21 17:16:00,1470.32,D0831,M017,Lucknow,0,,17,0,0,0,-0.34959651414126885,0.732009188085413,117540.0,0,3,20,device shared by 3 users
T004687,U0161,2026-07-22 13:30:00,20.0,D0154,M029,Lucknow,0,,13,0,0,0,-1.3063301339638338,0.010126758530226692,72840.0,0,1,0,
T004697,U0161,2026-07-22 19:04:00,1947.53,D0154,M030,Lucknow,0,,19,0,0,0,0.05749418501465657,1.0470773521424213,20040.0,0,1,0,
T004690,U0161,2026-07-23 08:19:00,1268.7,D0154,M028,Lucknow,0,,8,0,0,0,-0.40273652070009125,0.6803292994411195,47700.0,0,1,0,
T004695,U0161,2026-07-26 07:36:00,1647.8,D0154,M060,Lucknow,0,,7,0,0,0,-0.12831696451396815,0.898739452851902,256620.0,0,1,0,
T004693,U0161,2026-07-27 13:21:00,2219.3,D0831,M030,Lucknow,0,,13,0,0,0,0.2800710553973552,1.2166054328059683,107100.0,0,3,20,device shared by 3 users
T004684,U0161,2026-07-28 12:44:00,577.44,D0154,M028,Lucknow,0,,12,0,0,0,-0.9174804750268275,0.3133170277024116,84180.0,0,1,0,
T004702,U0161,2026-07-29 06:59:00,1347.16,D0154,M060,Lucknow,0,,6,0,0,0,-0.31918451439920853,0.7545151219468897,65700.0,0,1,0,
T004696,U0161,2026-07-29 11:37:00,1299.16,D0831,M017,Lucknow,0,,11,0,0,0,-0.34714105044808735,0.7354813424612643,16680.0,0,3,20,device shared by 3 users
T004682,U0161,2026-07-29 17:40:00,801.99,D0831,M017,Lucknow,0,,17,0,0,0,-0.7153543767191052,0.45908295769176305,21780.0,0,3,20,device shared by 3 users
T004679,U0161,2026-07-30 14:10:00,1082.41,D0154,M029,Lucknow,0,,14,0,0,0,-0.47935639367122584,0.6333063642528154,73800.0,0,1,0,
T004707,U0162,2026-07-01 12:20:00,2404.98,D0174,M006,Pune,0,,12,0,1,1,0.0,1.0,1000000000.0,0,1,0,
T004717,U0162,2026-07-02 07:24:00,4021.71,D0174,M022,Pune,0,,7,0,0,1,0.0,1.0,68640.0,0,1,0,
T004704,U0162,2026-07-02 12:13:00,4652.49,D0174,M049,Pune,0,,12,0,0,1,0.0,1.0,17340.0,0,1,0,
T004703,U0162,2026-07-02 20:53:00,3242.67,D0174,M059,Pune,0,,20,0,0,1,-0.47584077061781643,0.8780442232517088,31200.0,0,1,0,
T004709,U0162,2026-07-03 17:16:00,4824.6,D0174,M022,Pune,0,,17,0,0,0,1.4765702050586276,1.347479550100726,73380.0,0,1,0,
T004738,U0162,2026-07-03 19:54:00,2205.55,D0174,M035,Pune,0,,19,0,0,1,-1.7979273791939776,0.575968390856799,9480.0,0,1,0,
T004725,U0162,2026-07-04 13:23:00,6063.45,D0174,M022,Pune,0,,13,0,0,0,2.449240336819975,1.703854439386328,62940.0,0,1,0,
T004733,U0162,2026-07-04 16:55:00,5536.24,D0174,M006,Pune,0,,16,0,0,0,1.255392727714563,1.4135708146357255,12720.0,0,1,0,
T004736,U0162,2026-07-07 12:42:00,5170.31,D0174,M022,Pune,0,,12,0,0,0,0.7962103885010499,1.2552460887425814,244020.0,0,1,0,
T004719,U0162,2026-07-07 14:39:00,5224.46,D0174,M006,Pune,0,,14,0,0,0,0.7675966343607288,1.2334122026362544,7020.0,0,1,0,
T004706,U0162,2026-07-07 19:45:00,2780.65,D0174,M006,Pune,0,,19,0,0,0,-1.2358714764189194,0.6414941380123096,18360.0,0,1,0,
T004710,U0162,2026-07-09 16:40:00,4615.14,D0174,M059,Pune,0,,16,0,0,0,0.32965369080831314,1.1005792469524673,161700.0,0,1,0,
T004722,U0162,2026-07-11 10:38:00,3139.06,D0174,M035,Pune,0,,10,0,0,0,-0.8853893154572676,0.7423541524290261,151080.0,0,1,0,
T004715,U0162,2026-07-11 16:13:00,3801.35,D0174,M059,Pune,0,,16,0,0,0,-0.28206330278344904,0.9171556888293357,20100.0,0,1,0,
T004726,U0162,2026-07-11 16:22:00,4200.83,D0174,M006,Pune,0,,16,0,0,0,0.06854905068826621,1.0195719126983047,540.0,1,1,0,
T004728,U0162,2026-07-15 15:10:00,3496.89,D0174,M059,Pune,0,,15,0,0,0,-0.5530843942893782,0.8476146058873825,341280.0,0,1,0,
T004737,U0162,2026-07-17 10:29:00,3403.38,D0174,M022,Pune,0,,10,0,0,0,-0.6146382673974023,0.8328810567738199,155940.0,0,1,0,
T004721,U0162,2026-07-18 09:59:00,6054.76,D0174,M006,Pune,0,,9,0,0,0,1.8431636896418906,1.4964421830757797,84600.0,0,1,0,
T004718,U0162,2026-07-19 13:49:00,1306.31,D0174,M006,Pune,0,,13,0,0,0,-2.469353257165654,0.3141908738219912,100200.0,0,1,0,
T004729,U0162,2026-07-21 12:04:00,2807.51,D0174,M059,Pune,0,,12,0,0,0,-0.9290725386763689,0.7005425054687193,166500.0,0,1,0,
T004735,U0162,2026-07-21 13:00:00,4588.12,D0174,M059,Pune,0,,13,0,0,0,0.49809452888760963,1.1622505422480829,3360.0,1,1,0,
T004711,U0162,2026-07-21 13:53:00,3290.9,D0174,M006,Pune,0,,13,0,0,0,-0.5444134581938656,0.8272506517515914,3180.0,1,1,0,
T004713,U0162,2026-07-21 14:12:00,2836.09,D0174,M022,Pune,0,,14,0,0,0,-0.8946694863516349,0.7185650435993585,1140.0,1,1,0,
T004724,U0162,2026-07-21 16:50:00,5447.22,D0174,M049,Pune,0,,16,0,0,0,1.2537295365814707,1.3972300981890726,9480.0,0,1,0,
T004720,U0162,2026-07-23 13:29:00,3599.52,D0174,M049,Pune,0,,13,0,0,0,-0.2912959878596432,0.9082561078979916,160740.0,0,1,0,
T004727,U0162,2026-07-23 14:20:00,4140.92,D0174,M049,Pune,0,,14,0,0,0,0.15701722357675213,1.0487144753331021,3060.0,1,1,0,
T004730,U0162,2026-07-23 15:32:00,5221.54,D0174,M059,Pune,0,,15,0,0,0,1.053047995394395,1.3199153641047316,4320.0,0,1,0,
T004732,U0162,2026-07-24 13:44:00,3464.73,D0174,M002,Pune,0,,13,0,0,1,-0.4471835256099915,0.865568186806583,79920.0,0,1,0,
T004731,U0162,2026-07-25 10:20:00,3898.66,D0174,M049,Pune,0,,10,0,0,0,-0.07164495045332045,0.9786724888341636,74160.0,0,1,0,
T004734,U0162,2026-07-25 20:40:00,1988.54,D0174,M049,Pune,0,,20,0,0,0,-1.7095084215120309,0.4995464310781005,37200.0,0,1,0,
T004708,U0162,2026-07-26 06:17:00,4504.81,D0174,M002,Pune,0,,6,0,0,0,0.4919975302841738,1.150863784314467,34620.0,0,1,0,
T007334,U0162,2026-07-26 14:00:00,43.16,D0174,M047,Pune,1,velocity_burst,14,0,0,1,-3.2819030758342915,0.010972876253664735,27780.0,0,1,0,
T007335,U0162,2026-07-26 14:01:00,147.06,D0174,M025,Pune,1,velocity_burst,14,0,0,1,-2.7170077246323148,0.03858053042790129,60.0,1,1,0,
T007336,U0162,2026-07-26 14:02:00,145.41,D0174,M031,Pune,1,velocity_burst,14,0,0,1,-2.419763082152762,0.03929240217107364,60.0,2,1,0,
T007337,U0162,2026-07-26 14:03:00,130.71,D0174,M058,Pune,1,velocity_burst,14,0,0,1,-2.2112262243288625,0.036347228421101226,60.0,3,1,0,
T007338,U0162,2026-07-26 14:08:00,126.44,D0174,M010,Pune,1,velocity_burst,14,0,0,1,-2.0440604505081557,0.03615530850218839,300.0,4,1,0,
T007339,U0162,2026-07-26 14:10:00,117.64,D0174,M032,Pune,1,velocity_burst,14,0,0,1,-1.9129220423492488,0.034564371013602095,120.0,5,1,30,5 txns in last 1h (velocity)
T007340,U0162,2026-07-26 14:12:00,46.43,D0174,M030,Pune,1,velocity_burst,14,0,0,1,-1.8400764930598708,0.014007311086321677,120.0,6,1,30,6 txns in last 1h (velocity)
T004714,U0162,2026-07-26 15:24:00,5414.28,D0174,M044,Pune,0,,15,0,0,1,1.194932829160405,1.6769275203657337,4320.0,0,1,0,
T004716,U0162,2026-07-27 19:56:00,2616.75,D0174,M022,Pune,0,,19,0,0,0,-0.3633888552054483,0.7966405086169561,102720.0,0,1,0,
T004723,U0162,2026-07-28 06:14:00,6942.65,D0174,M022,Pune,0,,6,0,0,0,2.0211639618542594,2.1244132643067455,37080.0,0,1,0,
T004712,U0162,2026-07-28 09:22:00,4029.2,D0174,M022,Pune,0,,9,0,0,0,0.3566159284520961,1.2000036026200607,11280.0,0,1,0,
T004705,U0162,2026-07-30 15:23:00,5394.94,D0174,M022,Pune,0,,15,0,0,0,1.0847568091204645,1.5991424278951298,194460.0,0,1,0,
T004776,U0163,2026-07-02 11:03:00,2783.03,D0352,M027,Ahmedabad,0,,11,0,1,1,0.0,1.0,1000000000.0,0,1,0,
T004767,U0163,2026-07-02 15:31:00,2175.93,D0352,M027,Ahmedabad,0,,15,0,0,0,0.0,1.0,16080.0,0,1,0,
T004749,U0163,2026-07-03 14:12:00,2941.77,D0352,M016,Ahmedabad,0,,14,0,0,1,0.0,1.0,81660.0,0,1,0,
T004741,U0163,2026-07-04 16:45:00,1539.5,D0352,M035,Ahmedabad,0,,16,0,0,1,-3.31507992916104,0.5845662360625287,95580.0,0,1,0,
T004764,U0163,2026-07-04 18:12:00,2080.78,D0352,M058,Ahmedabad,0,,18,0,0,1,-0.5047592581788312,0.8816649590606735,5220.0,0,1,0,
T004739,U0163,2026-07-05 09:58:00,3812.29,D0352,M035,Ahmedabad,0,,9,0,0,0,2.9726083270912933,1.654494700701373,56760.0,0,1,0,
T004769,U0163,2026-07-06 16:06:00,2696.49,D0656,M027,Ahmedabad,0,,16,0,1,0,0.19352953368671258,1.055150554262233,108480.0,0,1,0,
T004746,U0163,2026-07-07 19:14:00,3417.12,D0656,M027,Ahmedabad,0,,19,0,0,0,1.2446537861752207,1.326684336906487,97680.0,0,1,0,
T004742,U0163,2026-07-08 11:49:00,2642.67,D0352,M027,Ahmedabad,0,,11,0,0,0,-0.055281298633101376,0.9857531920502289,59700.0,0,1,0,
T004753,U0163,2026-07-09 16:16:00,2717.31,D0656,M027,Ahmedabad,0,,16,0,0,0,0.06245628743525624,1.0152020081239763,102420.0,0,1,0,
T004756,U0163,2026-07-10 14:46:00,1606.36,D0656,M058,Ahmedabad,0,,14,0,0,0,-1.7378801849964873,0.5992340026764633,81000.0,0,1,0,
T004771,U0163,2026-07-11 14:06:00,2313.86,D0352,M058,Ahmedabad,0,,14,0,0,0,-0.4044944868128855,0.895795447199678,84000.0,0,1,0,
T004760,U0163,2026-07-11 14:49:00,2327.14,D0656,M058,Ahmedabad,0,,14,0,0,0,-0.36395674488178276,0.9088287179983426,2580.0,1,1,0,
T004762,U0163,2026-07-12 15:59:00,1836.15,D0352,M035,Ahmedabad,0,,15,0,0,0,-1.140600515107452,0.7221446558494631,90600.0,0,1,0,
T004775,U0163,2026-07-12 21:50:00,908.46,D0352,M058,Ahmedabad,0,,21,0,0,0,-2.5380711316100113,0.36452548537410406,21060.0,0,1,0,
T004744,U0163,2026-07-13 11:46:00,1799.83,D0656,M016,Ahmedabad,0,,11,0,0,0,-0.8141141465494803,0.7541427293686964,50160.0,0,1,0,
T004755,U0163,2026-07-14 07:45:00,2369.6,D0656,M058,Ahmedabad,0,,7,0,0,0,0.027637030397302764,1.0083755573363324,71940.0,0,1,0,
T004752,U0163,2026-07-14 17:11:00,1530.72,D0656,M058,Ahmedabad,0,,17,0,0,0,-1.1873586396618678,0.651072137160028,33960.0,0,1,0,
T004766,U0163,2026-07-16 16:56:00,2148.77,D0352,M035,Ahmedabad,0,,16,0,0,0,-0.22478668233698001,0.9320188598046956,171900.0,0,1,0,
T004748,U0163,2026-07-17 13:06:00,3477.79,D0352,M058,Ahmedabad,0,,13,0,0,0,1.7372441516965929,1.5138916566028344,72600.0,0,1,0,
T004757,U0163,2026-07-18 11:06:00,1521.73,D0656,M035,Ahmedabad,0,,11,0,0,0,-1.1744960294052793,0.6458192439281608,79200.0,0,1,0,
T004768,U0163,2026-07-18 17:46:00,2846.68,D0656,M027,Ahmedabad,0,,17,0,0,0,0.7405796712334797,1.2288509326148445,24000.0,0,1,0,
T004747,U0163,2026-07-19 15:51:00,3413.82,D0352,M058,Ahmedabad,0,,15,0,0,0,1.5156840123055848,1.4585013620604383,79500.0,0,1,0,
T004751,U0163,2026-07-20 20:00:00,2363.95,D0656,M016,Ahmedabad,0,,20,0,0,0,-0.032145463886033225,0.9902208789502568,101340.0,0,1,0,
T004763,U0163,2026-07-20 21:29:00,1249.81,D0352,M035,Ahmedabad,0,,21,0,0,0,-1.5985286199766815,0.5237388413559961,5340.0,0,1,0,
T004758,U0163,2026-07-21 16:41:00,2516.52,D0352,M016,Ahmedabad,0,,16,0,0,0,0.2401844297335205,1.0750396943130704,69120.0,0,1,0,
T004761,U0163,2026-07-22 13:04:00,3544.15,D0352,M027,Ahmedabad,0,,13,0,0,0,1.6666233223934188,1.509678875232451,73380.0,0,1,0,
T004774,U0163,2026-07-24 10:36:00,4400.78,D0656,M058,Ahmedabad,0,,10,0,0,0,2.7151376659460906,1.8398413921340948,163920.0,0,1,0,
T004743,U0163,2026-07-24 19:23:00,2281.19,D0352,M027,Ahmedabad,0,,19,0,0,0,-0.22347468664087183,0.9259282825448472,31620.0,0,1,0,
T004745,U0163,2026-07-25 16:06:00,2067.2,D0656,M035,Ahmedabad,0,,16,0,0,0,-0.4858588120597717,0.8412190128508373,74580.0,0,1,0,
T004754,U0163,2026-07-26 12:04:00,1418.6,D0352,M016,Ahmedabad,0,,12,0,0,0,-1.2940529985599731,0.5803516635791688,71880.0,0,1,0,
T004765,U0163,2026-07-26 13:01:00,664.9,D0352,M016,Ahmedabad,0,,13,0,0,0,-2.1813997412965276,0.27574448149099556,3420.0,1,1,0,
T004759,U0163,2026-07-26 16:50:00,2721.26,D0352,M016,Ahmedabad,0,,16,0,0,0,0.43165279258141426,1.1546832252386485,13740.0,0,1,0,
T004750,U0163,2026-07-26 19:28:00,3339.19,D0656,M058,Ahmedabad,0,,19,0,0,0,1.1648069586911196,1.41027240081239,9480.0,0,1,0,
T004773,U0163,2026-07-26 21:53:00,3209.31,D0352,M027,Ahmedabad,0,,21,0,0,0,0.9703020998662861,1.339258314993004,8700.0,0,1,0,
T004770,U0163,2026-07-28 07:05:00,2790.53,D0656,M016,Ahmedabad,0,,7,0,0,0,0.44329874878614745,1.153320447406104,119520.0,0,1,0,
T004772,U0163,2026-07-30 11:35:00,2270.71,D0352,M027,Ahmedabad,0,,11,0,0,0,-0.19236183255927417,0.9344999418275972,189000.0,0,1,0,
T004740,U0163,2026-07-30 17:54:00,2225.95,D0352,M027,Ahmedabad,0,,17,0,0,0,-0.2444670111566159,0.9177037610191102,22740.0,0,1,0,
T004789,U0164,2026-07-02 06:33:00,3088.98,D0289,M022,Kolkata,0,,6,0,1,1,0.0,1.0,1000000000.0,0,2,0,
T004792,U0164,2026-07-04 17:56:00,2855.8,D0289,M010,Kolkata,0,,17,0,0,1,0.0,1.0,213780.0,0,2,0,
T004781,U0164,2026-07-07 19:38:00,2731.22,D0289,M059,Kolkata,0,,19,0,0,1,0.0,1.0,265320.0,0,2,0,
T004788,U0164,2026-07-07 21:58:00,1572.88,D0289,M004,Kolkata,0,,21,0,0,1,-8.896082113941386,0.5438727522324092,8400.0,0,2,0,
T007518,U0164,2026-07-08 05:00:00,15.54,D0289,M050,Kolkata,1,velocity_burst,5,1,0,1,-4.34993217553558,0.006065052959517507,25320.0,0,2,0,
T007519,U0164,2026-07-08 05:01:00,79.18,D0289,M025,Kolkata,1,velocity_burst,5,1,0,1,-1.7231862164259448,0.03857012863923625,60.0,1,2,0,
T007520,U0164,2026-07-08 05:02:00,101.09,D0289,M037,Kolkata,1,velocity_burst,5,1,0,1,-1.2694396148743374,0.058639158479462175,60.0,2,2,0,
T007523,U0164,2026-07-08 05:05:00,86.54,D0289,M057,Kolkata,1,velocity_burst,5,1,0,1,-1.0707004682211994,0.057998849137122103,180.0,3,2,0,
T007521,U0164,2026-07-08 05:06:00,48.27,D0289,M050,Kolkata,1,velocity_burst,5,1,0,0,-0.9658284395654246,0.03666808147829411,60.0,4,2,0,
T007522,U0164,2026-07-08 05:08:00,36.11,D0289,M007,Kolkata,1,velocity_burst,5,1,0,1,-0.8761298257857463,0.030718843019379962,120.0,5,2,30,5 txns in last 1h (velocity)
T007527,U0164,2026-07-08 05:09:00,46.69,D0289,M044,Kolkata,1,velocity_burst,5,1,0,1,-0.7927315127540314,0.043982399462694645,60.0,6,2,30,6 txns in last 1h (velocity)
T007524,U0164,2026-07-08 05:12:00,120.02,D0289,M014,Kolkata,1,velocity_burst,5,1,0,1,-0.6767035371041054,0.1238213142228192,180.0,7,2,30,7 txns in last 1h (velocity)
T007525,U0164,2026-07-08 05:14:00,61.43,D0289,M036,Kolkata,1,velocity_burst,5,1,0,1,-0.6837308299911867,0.06836747556922722,120.0,8,2,30,8 txns in last 1h (velocity)
T007526,U0164,2026-07-08 05:16:00,119.59,D0289,M002,Kolkata,1,velocity_burst,5,1,0,1,-0.5968268245822853,0.14337014392034006,120.0,9,2,30,9 txns in last 1h (velocity)
T004780,U0164,2026-07-08 16:24:00,2359.06,D0289,M019,Kolkata,0,,16,0,0,1,1.3489688782190379,3.012479769652795,40080.0,0,2,0,
T004777,U0164,2026-07-09 10:54:00,3495.13,D0289,M010,Kolkata,0,,10,0,0,0,2.181270324778993,3.93524814905507,66600.0,0,2,0,
T004791,U0164,2026-07-12 14:13:00,1666.44,D0289,M010,Kolkata,0,,14,0,0,0,0.4668462955481333,1.5854313906164044,271140.0,0,2,0,
T004784,U0164,2026-07-13 23:51:00,1555.21,D0289,M019,Kolkata,0,,23,0,0,0,0.3635995797762749,1.43035127062444,121080.0,0,2,0,
T004783,U0164,2026-07-14 19:34:00,2513.29,D0289,M006,Kolkata,0,,19,0,0,1,1.1153352069412932,2.2575384800857274,70980.0,0,2,0,
T007537,U0164,2026-07-16 04:24:00,10825.56,D0227,M021,Lucknow,1,account_takeover,4,1,1,1,7.642924618786359,9.120315416746546,118200.0,0,1,60,new device + amount >3x user avg; odd hour + new device; amount z-score 7.6
T004778,U0164,2026-07-17 12:54:00,2833.24,D0289,M059,Kolkata,0,,12,0,0,0,0.4783887867749933,1.6976675965012507,117000.0,0,2,0,
T004786,U0164,2026-07-18 15:32:00,2646.01,D0289,M004,Kolkata,0,,15,0,0,0,0.3859359819582603,1.5345004460703946,95880.0,0,2,0,
T004787,U0164,2026-07-19 18:36:00,2559.0,D0289,M031,Kolkata,0,,18,0,0,1,0.33862651494102985,1.448840473860381,97440.0,0,2,0,
T004782,U0164,2026-07-20 16:53:00,1877.12,D0289,M006,Kolkata,0,,16,0,0,0,0.03329005049104932,1.0424345203389587,80220.0,0,2,0,
T004790,U0164,2026-07-21 19:35:00,1782.59,D0289,M022,Kolkata,0,,19,0,0,0,-0.009479755994656792,0.9881912711009855,96120.0,0,2,0,
T004779,U0164,2026-07-25 10:03:00,3037.85,D0289,M010,Kolkata,0,,10,0,0,0,0.5608509449861858,1.6848492946661575,311280.0,0,2,0,
T004794,U0164,2026-07-26 13:30:00,3505.35,D0289,M006,Kolkata,0,,13,0,0,0,0.7619082416613344,1.894238746081165,98820.0,0,2,0,
T004793,U0164,2026-07-28 17:03:00,3788.92,D0289,M031,Kolkata,0,,17,0,0,0,0.8713958493889121,1.9818373737846409,185580.0,0,2,0,
T004785,U0164,2026-07-29 15:51:00,2536.25,D0289,M022,Kolkata,0,,15,0,0,0,0.26000015417144595,1.2816715813644104,82080.0,0,2,0,
T004821,U0165,2026-07-02 10:35:00,2251.0,D0232,M052,Jaipur,0,,10,0,1,1,0.0,1.0,1000000000.0,0,1,0,
T004798,U0165,2026-07-03 15:22:00,2375.96,D0232,M035,Jaipur,0,,15,0,0,1,0.0,1.0,103620.0,0,1,0,
T004803,U0165,2026-07-04 08:46:00,2684.25,D0479,M040,Jaipur,0,,8,0,1,1,0.0,1.0,62640.0,0,2,0,
T004814,U0165,2026-07-08 08:07:00,2341.22,D0232,M035,Jaipur,0,,8,0,0,0,-0.5264300562857288,0.9606699844646768,343260.0,0,1,0,
T004831,U0165,2026-07-08 08:29:00,830.1,D0232,M035,Jaipur,0,,8,0,0,0,-9.70855827035548,0.34399627851473824,1320.0,1,1,0,
T004795,U0165,2026-07-08 11:38:00,4595.6,D0479,M007,Jaipur,0,,11,0,0,1,3.84605736532226,2.192028068513981,11340.0,0,2,15,amount z-score 3.8
T004801,U0165,2026-07-08 22:48:00,1699.12,D0232,M052,Jaipur,0,,22,0,0,0,-0.7370917935786364,0.676126283295292,40200.0,0,1,0,
T004824,U0165,2026-07-09 12:53:00,3634.69,D0232,M040,Jaipur,0,,12,0,0,0,1.1665163620109607,1.5165077703070793,50700.0,0,1,0,
T004820,U0165,2026-07-11 13:50:00,2684.48,D0479,M053,Jaipur,0,,13,0,0,1,0.12384756223547444,1.0521214539912926,176220.0,0,2,0,
T004808,U0165,2026-07-11 16:29:00,3137.45,D0232,M052,Jaipur,0,,16,0,0,0,0.5637116123999454,1.2225725886954273,9540.0,0,1,0,
T004802,U0165,2026-07-12 15:09:00,2731.34,D0479,M035,Jaipur,0,,15,0,0,0,0.11056143522701,1.0411502378257,81600.0,0,2,0,
T004825,U0165,2026-07-13 09:36:00,3569.7,D0232,M053,Jaipur,0,,9,0,0,0,1.0053828718566706,1.3556504504917397,66420.0,0,1,0,
T004811,U0165,2026-07-13 18:10:00,1024.83,D0479,M053,Jaipur,0,,18,0,0,0,-1.8160212483452285,0.377992746728486,30840.0,0,2,0,
T004816,U0165,2026-07-16 12:11:00,3445.4,D0232,M052,Jaipur,0,,12,0,0,0,0.8647643329913267,1.3346408518853146,237660.0,0,1,0,
T004796,U0165,2026-07-16 16:02:00,2446.66,D0479,M053,Jaipur,0,,16,0,0,0,-0.1989485017015763,0.9256346547274543,13860.0,0,2,0,
T004806,U0165,2026-07-17 08:44:00,2089.0,D0232,M053,Jaipur,0,,8,0,0,0,-0.5661597957937095,0.7942603376293628,60120.0,0,1,0,
T004804,U0165,2026-07-17 12:42:00,2810.33,D0232,M007,Jaipur,0,,12,0,0,0,0.2289956452614198,1.0824365438961459,14280.0,0,1,0,
T004818,U0165,2026-07-17 16:57:00,1706.09,D0232,M060,Jaipur,0,,16,0,0,1,-0.994122263838085,0.6539524469586864,15300.0,0,1,0,
T004829,U0165,2026-07-17 21:32:00,1578.95,D0232,M011,Jaipur,0,,21,0,0,1,-1.0808963024468268,0.617082402908654,16500.0,0,1,0,
T004799,U0165,2026-07-18 16:26:00,3635.52,D0479,M052,Jaipur,0,,16,0,0,0,1.241311690085404,1.450051084552957,68040.0,0,2,0,
T004819,U0165,2026-07-18 19:27:00,1318.7,D0232,M035,Jaipur,0,,19,0,0,0,-1.3538999920508712,0.5143969311273349,10860.0,0,1,0,
T004805,U0165,2026-07-18 19:43:00,3000.95,D0232,M011,Jaipur,0,,19,0,0,0,0.530794723555485,1.1983168402979205,960.0,1,1,0,
T004810,U0165,2026-07-19 21:58:00,1748.04,D0232,M007,Jaipur,0,,21,0,0,0,-0.8465762855439742,0.6917782515186878,94500.0,0,1,0,
T004828,U0165,2026-07-20 18:39:00,1197.48,D0479,M035,Jaipur,0,,18,0,0,0,-1.417938720627892,0.4803337599561127,74460.0,0,2,0,
T004797,U0165,2026-07-21 13:23:00,1142.39,D0479,M035,Jaipur,0,,13,0,0,0,-1.3925209083316872,0.46837770233591175,67440.0,0,2,0,
T004815,U0165,2026-07-21 16:09:00,1535.27,D0479,M052,Jaipur,0,,16,0,0,0,-0.8995218228379179,0.6431339198116875,9960.0,0,2,0,
T004813,U0165,2026-07-22 13:12:00,1468.54,D0479,M011,Jaipur,0,,13,0,0,0,-0.9394038738799507,0.6237415564768412,75780.0,0,2,0,
T004822,U0165,2026-07-22 17:26:00,2408.74,D0232,M040,Jaipur,0,,17,0,0,0,0.09267013217416281,1.0375367758368292,15240.0,0,1,0,
T004809,U0165,2026-07-23 13:04:00,2895.38,D0479,M053,Jaipur,0,,13,0,0,0,0.6178942383780187,1.2454816115874279,70680.0,0,2,0,
T004833,U0165,2026-07-24 14:05:00,2308.16,D0232,M040,Jaipur,0,,14,0,0,0,-0.039657136923497115,0.9845479687707023,90060.0,0,1,0,
T004832,U0165,2026-07-24 16:21:00,1665.08,D0479,M007,Jaipur,0,,16,0,0,0,-0.7550043785021537,0.710607559173649,8160.0,0,2,0,
T004807,U0165,2026-07-26 10:49:00,3094.78,D0479,M007,Jaipur,0,,10,0,0,0,0.8674959979923607,1.3332076155012795,152880.0,0,2,0,
T004812,U0165,2026-07-26 11:15:00,2227.82,D0232,M035,Jaipur,0,,11,0,0,0,-0.13251881077804428,0.949837452562983,1560.0,1,1,0,
T004800,U0165,2026-07-27 16:09:00,749.24,D0479,M052,Jaipur,0,,16,0,0,0,-1.8212070106510871,0.31992693853633575,104040.0,0,2,0,
T004817,U0165,2026-07-28 12:51:00,2774.84,D0232,M053,Jaipur,0,,12,0,0,0,0.5315445360068204,1.2090455916423852,74520.0,0,1,0,
T004823,U0165,2026-07-28 16:30:00,3307.28,D0479,M052,Jaipur,0,,16,0,0,0,1.1178990753078129,1.4324830361424068,13140.0,0,2,0,
T004830,U0165,2026-07-29 11:35:00,2607.28,D0479,M053,Jaipur,0,,11,0,0,0,0.3022447700768844,1.1158862486988324,68700.0,0,2,0,
T004827,U0165,2026-07-29 15:10:00,2031.59,D0232,M035,Jaipur,0,,15,0,0,0,-0.35290673106908904,0.8667826465490747,12900.0,0,1,0,
T004826,U0165,2026-07-30 13:05:00,2529.78,D0479,M040,Jaipur,0,,13,0,0,0,0.22204024813133447,1.0831337439343451,78900.0,0,2,0,
T004839,U0166,2026-07-01 15:54:00,193.82,D0555,M051,Lucknow,0,,15,0,1,1,0.0,1.0,1000000000.0,0,2,0,
T004845,U0166,2026-07-03 07:43:00,431.14,D0005,M002,Lucknow,0,,7,0,1,1,0.0,1.0,143340.0,0,3,20,device shared by 3 users
T004835,U0166,2026-07-05 09:58:00,227.12,D0555,M005,Lucknow,0,,9,0,0,1,0.0,1.0,180900.0,0,2,0,
T004834,U0166,2026-07-05 20:31:00,291.53,D0005,M037,Lucknow,0,,20,0,0,1,0.07152203262802137,1.0264177036437268,37980.0,0,3,20,device shared by 3 users
T004847,U0166,2026-07-09 09:08:00,293.24,D0555,M020,Lucknow,0,,9,0,0,1,0.08070966945783375,1.0256643400261825,304620.0,0,2,0,
T004842,U0166,2026-07-11 07:21:00,372.15,D0555,M051,Lucknow,0,,7,0,0,0,1.0419410657227814,1.295020352524549,166380.0,0,2,0,
T004846,U0166,2026-07-11 12:21:00,233.31,D0555,M045,Lucknow,0,,12,0,0,1,-0.8447867676942884,0.7738308432045412,18000.0,0,2,0,
T004851,U0166,2026-07-12 10:45:00,305.61,D0005,M032,Lucknow,0,,10,0,0,1,0.17656841367497217,1.0474756489796704,80640.0,0,3,20,device shared by 3 users
T004836,U0166,2026-07-13 23:04:00,647.86,D0005,M020,Lucknow,0,,23,0,0,0,4.819775180755042,2.2074346580550115,130740.0,0,3,35,device shared by 3 users; amount z-score 4.8
T004837,U0166,2026-07-14 11:29:00,585.33,D0005,M002,Lucknow,0,,11,0,0,0,1.924587940702287,1.7584635668085866,44700.0,0,3,20,device shared by 3 users
T004840,U0166,2026-07-14 13:51:00,440.43,D0555,M045,Lucknow,0,,13,0,0,0,0.5650542781206055,1.2298700647847454,8520.0,0,2,0,
T004848,U0166,2026-07-16 10:10:00,540.07,D0005,M037,Lucknow,0,,10,0,0,0,1.238247847434164,1.477237571614453,159540.0,0,3,20,device shared by 3 users
T004849,U0166,2026-07-17 15:16:00,472.43,D0555,M002,Lucknow,0,,15,0,0,0,0.6442272120991117,1.2427980439113435,104760.0,0,2,0,
T004841,U0166,2026-07-19 04:07:00,304.76,D0555,M002,Lucknow,0,,4,1,0,0,-0.5898344634665696,0.7870179795489837,132660.0,0,2,0,
T004844,U0166,2026-07-19 09:40:00,366.71,D0005,M051,Lucknow,0,,9,0,0,0,-0.10727663604376014,0.9616280786950637,19980.0,0,3,20,device shared by 3 users
T004850,U0166,2026-07-23 12:03:00,417.7,D0555,M037,Lucknow,0,,12,0,0,0,0.2831914274245944,1.0981489794124915,354180.0,0,2,0,
T004838,U0166,2026-07-24 11:10:00,368.54,D0005,M051,Lucknow,0,,11,0,0,0,-0.11066293318033221,0.9629981634783111,83220.0,0,3,20,device shared by 3 users
T004843,U0166,2026-07-27 22:47:00,518.56,D0555,M005,Lucknow,0,,22,0,0,0,1.1007078753469868,1.3579574039226285,301020.0,0,2,0,
T004868,U0167,2026-07-01 15:13:00,3424.96,D0298,M033,Hyderabad,0,,15,0,1,1,0.0,1.0,1000000000.0,0,2,0,
T004879,U0167,2026-07-01 21:06:00,4710.87,D0841,M016,Hyderabad,0,,21,0,1,1,0.0,1.0,21180.0,0,1,0,
T004859,U0167,2026-07-02 16:57:00,2154.1,D0298,M054,Hyderabad,0,,16,0,0,1,0.0,1.0,71460.0,0,2,0,
T004869,U0167,2026-07-03 08:24:00,5248.0,D0841,M054,Hyderabad,0,,8,0,0,0,1.7417303028820115,1.5300395625052727,55620.0,0,1,0,
T004880,U0167,2026-07-04 17:15:00,3060.43,D0298,M048,Hyderabad,0,,17,0,0,1,-0.6874579079740988,0.787860416210432,118260.0,0,2,0,
T004874,U0167,2026-07-05 14:09:00,3723.65,D0298,M054,Hyderabad,0,,14,0,0,0,0.003546494001722187,1.0010694488650964,75240.0,0,2,0,
T004854,U0167,2026-07-05 18:55:00,7384.68,D0298,M021,Hyderabad,0,,18,0,0,1,3.5786644131385983,1.9849502794815652,17160.0,0,2,15,amount z-score 3.6
T004861,U0167,2026-07-10 19:39:00,4224.06,D0841,M041,Hyderabad,0,,19,0,0,1,-0.012387092214380472,0.9953454926493857,434640.0,0,1,0,
T004864,U0167,2026-07-11 07:39:00,2896.74,D0841,M033,Hyderabad,0,,7,0,0,0,-0.9014166478515971,0.6829769455298271,43200.0,0,1,0,
T004873,U0167,2026-07-11 14:10:00,3228.88,D0841,M021,Hyderabad,0,,14,0,0,0,-0.5877335108813868,0.7890822858929094,23460.0,0,1,0,
T004872,U0167,2026-07-11 18:46:00,5674.91,D0298,M021,Hyderabad,0,,18,0,0,0,1.178065978004682,1.416730971524197,16560.0,0,2,0,
T004877,U0167,2026-07-13 04:05:00,3430.84,D0841,M004,Hyderabad,0,,4,1,0,1,-0.5067597461012336,0.8252390921689131,119940.0,0,1,0,
T004857,U0167,2026-07-13 14:54:00,1692.12,D0298,M041,Hyderabad,0,,14,0,0,0,-1.733398916984746,0.41303019469143387,38940.0,0,2,0,
T004876,U0167,2026-07-13 15:19:00,3376.8,D0841,M004,Hyderabad,0,,15,0,0,0,-0.3618003458484387,0.8632200577332027,1500.0,1,1,0,
T004865,U0167,2026-07-17 11:52:00,2415.22,D0298,M033,Hyderabad,0,,11,0,0,0,-1.0186348141820285,0.6235004895954603,333180.0,0,2,0,
T004875,U0167,2026-07-19 13:58:00,6575.38,D0298,M033,Hyderabad,0,,13,0,0,0,1.9569901140294519,1.7411687898527188,180360.0,0,2,0,
T004856,U0167,2026-07-19 13:59:00,4325.15,D0841,M033,Hyderabad,0,,13,0,0,0,0.24246161392285856,1.0945998867236977,60.0,1,1,0,
T004870,U0167,2026-07-19 14:47:00,5995.69,D0298,M048,Hyderabad,0,,14,0,0,0,1.3498255394554388,1.508979626927458,2880.0,2,2,0,
T004871,U0167,2026-07-21 14:16:00,4762.9,D0298,M054,Hyderabad,0,,14,0,0,0,0.4432172590986854,1.1657507331683197,170940.0,0,2,0,
T004878,U0167,2026-07-22 22:54:00,6344.41,D0298,M048,Hyderabad,0,,22,0,0,0,1.4871555030454986,1.5394062319951871,117480.0,0,2,0,
T004855,U0167,2026-07-23 14:18:00,5728.97,D0841,M016,Hyderabad,0,,14,0,0,0,0.9746225364501757,1.3535698077092526,55440.0,0,1,0,
T004862,U0167,2026-07-23 17:56:00,3161.67,D0298,M021,Hyderabad,0,,17,0,0,0,-0.745504426642492,0.7346313446275734,13080.0,0,2,0,
T004866,U0167,2026-07-24 17:46:00,2500.73,D0298,M048,Hyderabad,0,,17,0,0,0,-1.1554483119621597,0.5881527376671312,85800.0,0,2,0,
T004853,U0167,2026-07-25 08:19:00,4882.24,D0298,M004,Hyderabad,0,,8,0,0,0,0.46341820020560887,1.1692020376795569,52380.0,0,2,0,
T004863,U0167,2026-07-26 05:32:00,4468.48,D0841,M048,Hyderabad,0,,5,1,0,0,0.17565450376389155,1.0626229395214295,76380.0,0,1,0,
T004858,U0167,2026-07-27 12:35:00,2794.42,D0298,M041,Hyderabad,0,,12,0,0,0,-0.9669718326489642,0.6628641597761459,111780.0,0,2,0,
T004860,U0167,2026-07-27 13:56:00,4749.43,D0298,M021,Hyderabad,0,,13,0,0,0,0.40111843518571727,1.1414123597010275,4860.0,0,2,0,
T004867,U0167,2026-07-27 13:59:00,4125.1,D0298,M054,Hyderabad,0,,13,0,0,0,-0.03996717275312454,0.9862042771882069,180.0,1,2,0,
T004852,U0167,2026-07-30 17:46:00,6327.22,D0298,M033,Hyderabad,0,,17,0,0,0,1.5139173749875305,1.5134196465002363,272820.0,0,2,0,
T004892,U0168,2026-07-03 11:35:00,4478.8,D0867,M058,Hyderabad,0,,11,0,1,1,0.0,1.0,1000000000.0,0,1,0,
T004894,U0168,2026-07-03 18:36:00,3478.78,D0867,M011,Hyderabad,0,,18,0,0,1,0.0,1.0,25260.0,0,1,0,
T004890,U0168,2026-07-04 16:57:00,2167.23,D0867,M036,Hyderabad,0,,16,0,0,1,0.0,1.0,80460.0,0,1,0,
T004888,U0168,2026-07-08 06:03:00,2501.73,D0867,M056,Hyderabad,0,,6,0,0,1,-0.9225181211449487,0.7412672433138201,306360.0,0,1,0,
T004896,U0168,2026-07-09 21:22:00,3559.43,D0867,M011,Hyderabad,0,,21,0,0,0,0.4461941624750298,1.127602652467706,141540.0,0,1,0,
T004885,U0168,2026-07-12 10:06:00,2991.39,D0867,M056,Hyderabad,0,,10,0,0,0,-0.29854178983219287,0.9240688074535944,218640.0,0,1,0,
T004897,U0168,2026-07-15 12:34:00,2572.68,D0867,M011,Hyderabad,0,,12,0,0,0,-0.823519473266025,0.8049116247059308,268080.0,0,1,0,
T004882,U0168,2026-07-21 10:47:00,3637.65,D0867,M055,Hyderabad,0,,10,0,0,1,0.7225778040309877,1.1707357775804021,511980.0,0,1,0,
T004891,U0168,2026-07-21 11:09:00,2890.79,D0867,M036,Hyderabad,0,,11,0,0,0,-0.3987924030260639,0.9109265156740367,1320.0,1,1,0,
T004887,U0168,2026-07-22 12:19:00,3010.19,D0867,M056,Hyderabad,0,,12,0,0,0,-0.1955968851983601,0.9580327511018167,90600.0,0,1,0,
T004884,U0168,2026-07-22 15:15:00,1253.28,D0867,M056,Hyderabad,0,,15,0,0,0,-2.927013084861466,0.40055393840628123,10560.0,0,1,0,
T007569,U0168,2026-07-22 15:16:00,4930.88,D0202,M045,Hyderabad,1,device_ring,15,0,1,1,2.4206674302951985,1.6667618253259446,60.0,1,5,20,device shared by 5 users
T004889,U0168,2026-07-23 20:42:00,3241.89,D0867,M058,Hyderabad,0,,20,0,0,0,0.12519051035778783,1.038156979004311,105960.0,0,1,0,
T004895,U0168,2026-07-24 07:30:00,4228.47,D0867,M048,Hyderabad,0,,7,0,0,1,1.1984429019750644,1.3501286508282098,38880.0,0,1,0,
T004886,U0168,2026-07-24 11:45:00,5292.87,D0867,M011,Hyderabad,0,,11,0,0,0,2.249476652705034,1.648752124113074,15300.0,0,1,0,
T004881,U0168,2026-07-27 09:35:00,2115.95,D0867,M011,Hyderabad,0,,9,0,0,0,-1.192154710494882,0.6318021355680156,251400.0,0,1,0,
T004893,U0168,2026-07-27 14:35:00,4395.44,D0867,M055,Hyderabad,0,,14,0,0,0,1.075007747548183,1.343349376241837,18000.0,0,1,0,
T004883,U0168,2026-07-30 09:30:00,2966.05,D0867,M056,Hyderabad,0,,9,0,0,0,-0.35508246340208854,0.8885482957365429,240900.0,0,1,0,
T004901,U0169,2026-07-03 11:09:00,723.0,D0220,M043,Hyderabad,0,,11,0,1,1,0.0,1.0,1000000000.0,0,2,0,
T004915,U0169,2026-07-03 13:31:00,1142.93,D0220,M059,Hyderabad,0,,13,0,0,1,0.0,1.0,8520.0,0,2,0,
T004903,U0169,2026-07-04 15:30:00,478.09,D0220,M059,Hyderabad,0,,15,0,0,0,0.0,1.0,93540.0,0,2,0,
T004904,U0169,2026-07-05 07:55:00,874.26,D0220,M036,Hyderabad,0,,7,0,0,1,0.3384609374855428,1.1189238985346661,59100.0,0,2,0,
T004908,U0169,2026-07-07 07:14:00,850.63,D0220,M056,Hyderabad,0,,7,0,0,1,0.19101222817692662,1.0572479696518042,170340.0,0,2,0,
T004906,U0169,2026-07-07 13:06:00,457.75,D0220,M036,Hyderabad,0,,13,0,0,0,-1.6447597823737072,0.5624970808367633,21120.0,0,2,0,
T004905,U0169,2026-07-12 09:06:00,1030.88,D0220,M043,Hyderabad,0,,9,0,0,0,1.1614087566212883,1.3664114362027482,417600.0,0,2,0,
T004900,U0169,2026-07-13 17:37:00,1112.0,D0220,M059,Hyderabad,0,,17,0,0,0,1.3216451394468354,1.400619696879494,117060.0,0,2,0,
T004914,U0169,2026-07-15 08:52:00,815.58,D0220,M059,Hyderabad,0,,8,0,0,0,-0.07289328956861887,0.9782743625758007,141300.0,0,2,0,
T004898,U0169,2026-07-17 14:41:00,823.18,D0220,M043,Hyderabad,0,,14,0,0,0,-0.0362723903282502,0.9897797217802764,193740.0,0,2,0,
T004909,U0169,2026-07-17 15:55:00,982.56,D0220,M043,Hyderabad,0,,15,0,0,0,0.6824626460527841,1.182624602887926,4440.0,0,2,0,
T004907,U0169,2026-07-19 10:20:00,413.68,D0220,M059,Hyderabad,0,,10,0,0,0,-1.991220024631073,0.48978027810261027,152700.0,0,2,0,
T004912,U0169,2026-07-21 18:33:00,928.69,D0220,M036,Hyderabad,0,,18,0,0,0,0.5019987408839631,1.1483573653382555,202380.0,0,2,0,
T004899,U0169,2026-07-22 06:05:00,619.85,D0220,M056,Hyderabad,0,,6,0,0,0,-0.8544290632355959,0.7578177082738143,41520.0,0,2,0,
T004910,U0169,2026-07-24 14:04:00,1074.55,D0220,M059,Hyderabad,0,,14,0,0,0,1.181539516663035,1.3368517758057417,201540.0,0,2,0,
T004902,U0169,2026-07-25 15:33:00,575.7,D0220,M059,Hyderabad,0,,15,0,0,0,-1.0634316376760227,0.7004996085616219,91740.0,0,2,0,
T004911,U0169,2026-07-26 09:28:00,213.39,D0220,M036,Hyderabad,0,,9,0,0,0,-2.557483641062648,0.2646014630150803,64500.0,0,2,0,
T004913,U0169,2026-07-30 20:51:00,1116.47,D0220,M036,Hyderabad,0,,20,0,0,0,1.3028016164418155,1.4470073292256658,386580.0,0,2,0,
T004946,U0170,2026-07-02 15:24:00,108.42,D0199,M019,Chennai,0,,15,0,1,1,0.0,1.0,1000000000.0,0,1,0,
T004944,U0170,2026-07-03 03:26:00,514.02,D0714,M017,Chennai,0,,3,1,1,1,0.0,1.0,43320.0,0,1,20,odd hour + new device
T004938,U0170,2026-07-03 14:08:00,60.57,D0714,M042,Chennai,0,,14,0,0,1,0.0,1.0,38520.0,0,1,0,
T004943,U0170,2026-07-03 14:52:00,402.57,D0714,M017,Chennai,0,,14,0,0,0,0.8597967464566503,1.7682171486440148,2640.0,1,1,0,
T004918,U0170,2026-07-03 15:27:00,365.06,D0714,M042,Chennai,0,,15,0,0,0,0.4884587110234266,1.3451242604133302,2100.0,1,1,0,
T004931,U0170,2026-07-03 18:43:00,225.59,D0199,M042,Chennai,0,,18,0,0,0,-0.3676196765806164,0.7775533530801807,11760.0,0,1,0,
T004921,U0170,2026-07-04 12:37:00,267.66,D0714,M042,Chennai,0,,12,0,0,0,-0.07226962624432538,0.9580785418776238,64440.0,0,1,0,
T004951,U0170,2026-07-04 14:32:00,253.62,D0714,M042,Chennai,0,,14,0,0,0,-0.16042766323040752,0.9132924155209159,6900.0,0,1,0,
T004942,U0170,2026-07-05 13:33:00,564.83,D0714,M019,Chennai,0,,13,0,0,0,2.0632721799576994,2.056254571560523,82860.0,0,1,0,
T004930,U0170,2026-07-07 12:31:00,473.97,D0199,M017,Chennai,0,,12,0,0,0,1.0381248120920972,1.5442450915172625,169080.0,0,1,0,
T004937,U0170,2026-07-07 18:30:00,595.83,D0199,M019,Chennai,0,,18,0,0,0,1.694185001954837,1.8410782593723154,21540.0,0,1,0,
T004929,U0170,2026-07-11 18:05:00,572.9,D0199,M019,Chennai,0,,18,0,0,0,1.3052289995701472,1.644485843917669,344100.0,0,1,0,
T004927,U0170,2026-07-12 18:06:00,192.34,D0714,M019,Chennai,0,,18,0,0,0,-0.9928891237287796,0.5239634586093291,86460.0,0,1,0,
T004940,U0170,2026-07-12 20:21:00,338.65,D0714,M019,Chennai,0,,20,0,0,0,-0.08549403382541836,0.9575997606356671,8100.0,0,1,0,
T004945,U0170,2026-07-13 05:40:00,527.85,D0199,M042,Chennai,0,,5,1,0,0,1.036819113967119,1.4971343324574853,33540.0,0,1,0,
T004923,U0170,2026-07-13 15:48:00,288.76,D0714,M042,Chennai,0,,15,0,0,0,-0.44655051474894425,0.7927333667849586,36480.0,0,1,0,
T004936,U0170,2026-07-14 15:22:00,621.21,D0199,M017,Chennai,0,,15,0,0,0,1.5885834602985893,1.7277910615570147,84840.0,0,1,0,
T004950,U0170,2026-07-15 14:10:00,346.26,D0199,M042,Chennai,0,,14,0,0,0,-0.16742813671908893,0.9235265944915629,82080.0,0,1,0,
T004920,U0170,2026-07-16 13:35:00,530.93,D0199,M042,Chennai,0,,13,0,0,0,0.9461700105425159,1.4221106461653168,84300.0,0,1,0,
T004932,U0170,2026-07-18 12:17:00,462.78,D0714,M042,Chennai,0,,12,0,0,0,0.48915959994367697,1.2126288059312942,168120.0,0,1,0,
T004926,U0170,2026-07-19 16:52:00,358.22,D0714,M019,Chennai,0,,16,0,0,0,-0.16889311278233418,0.9287745865763668,102900.0,0,1,0,
T004916,U0170,2026-07-20 15:14:00,272.03,D0199,M019,Chennai,0,,15,0,0,0,-0.7073290332615706,0.7077058569008797,80520.0,0,1,0,
T004941,U0170,2026-07-20 17:44:00,425.84,D0199,M019,Chennai,0,,17,0,0,0,0.29669295391150957,1.1227710188551916,9000.0,0,1,0,
T004925,U0170,2026-07-20 18:48:00,200.88,D0199,M019,Chennai,0,,18,0,0,0,-1.1731807182814007,0.5268286661873315,3840.0,0,1,0,
T004949,U0170,2026-07-21 13:26:00,452.16,D0199,M019,Chennai,0,,13,0,0,0,0.5062919352291024,1.2096861002172086,67080.0,0,1,0,
T004919,U0170,2026-07-21 13:50:00,452.63,D0199,M042,Chennai,0,,13,0,0,0,0.4966219183048891,1.2008712738556628,1440.0,1,1,0,
T004917,U0170,2026-07-21 15:14:00,380.09,D0199,M019,Chennai,0,,15,0,0,0,0.0017310158878776963,1.000684514122938,5040.0,0,1,0,
T004934,U0170,2026-07-21 22:05:00,538.16,D0714,M019,Chennai,0,,22,0,0,0,1.0741370259379102,1.4168084544204493,24660.0,0,1,0,
T004948,U0170,2026-07-22 08:05:00,387.49,D0714,M017,Chennai,0,,8,0,0,0,0.013515364200069732,1.005177955540806,36000.0,0,1,0,
T004928,U0170,2026-07-22 09:57:00,431.84,D0199,M019,Chennai,0,,9,0,0,0,0.31888768873386214,1.1200251819569844,6720.0,0,1,0,
T004952,U0170,2026-07-23 11:13:00,289.7,D0714,M017,Chennai,0,,11,0,0,0,-0.6815219504805532,0.7483751173279923,90960.0,0,1,0,
T004933,U0170,2026-07-26 14:29:00,717.99,D0199,M019,Chennai,0,,14,0,0,0,2.3581380816912425,1.8699446974955358,270960.0,0,1,0,
T004922,U0170,2026-07-26 18:27:00,451.6,D0714,M019,Chennai,0,,18,0,0,0,0.3786811993811496,1.145025886795198,14280.0,0,1,0,
T004947,U0170,2026-07-27 11:48:00,351.75,D0199,M042,Chennai,0,,11,0,0,0,-0.29775889598262323,0.8879552012589436,62460.0,0,1,0,
T004939,U0170,2026-07-27 14:54:00,435.58,D0714,M017,Chennai,0,,14,0,0,0,0.27712829249039966,1.1032106168330953,11160.0,0,1,0,
T004935,U0170,2026-07-30 09:59:00,143.22,D0714,M042,Chennai,0,,9,0,0,0,-1.7421979394590001,0.36167240658520305,241500.0,0,1,0,
T004924,U0170,2026-07-30 23:10:00,527.48,D0199,M017,Chennai,0,,23,0,0,0,0.9297789779889707,1.3560865493951928,47460.0,0,1,0,
T004957,U0171,2026-07-02 07:23:00,1385.1,D0455,M007,Lucknow,0,,7,0,1,1,0.0,1.0,1000000000.0,0,1,0,
T004982,U0171,2026-07-02 16:15:00,1518.85,D0417,M032,Lucknow,0,,16,0,1,1,0.0,1.0,31920.0,0,1,0,
T004963,U0171,2026-07-03 08:16:00,2402.46,D0417,M007,Lucknow,0,,8,0,0,0,0.0,1.0,57660.0,0,1,0,
T004954,U0171,2026-07-03 12:55:00,3355.92,D0417,M007,Lucknow,0,,12,0,0,0,3.516160409414396,1.8972827192599426,16740.0,0,1,15,amount z-score 3.5
T004975,U0171,2026-07-03 22:42:00,2354.88,D0455,M032,Lucknow,0,,22,0,0,0,0.23942390398048907,1.0874118159490984,35220.0,0,1,0,
T004973,U0171,2026-07-04 20:01:00,1741.62,D0417,M023,Lucknow,0,,20,0,0,1,-0.6493470552676269,0.7904088236538974,76740.0,0,1,0,
T004958,U0171,2026-07-05 06:30:00,2097.1,D0417,M032,Lucknow,0,,6,0,0,0,-0.043729420975155996,0.9861876045125514,37740.0,0,1,0,
T004956,U0171,2026-07-05 16:49:00,2195.75,D0455,M023,Lucknow,0,,16,0,0,0,0.11813935386666352,1.0346205180529027,37140.0,0,1,0,
T004965,U0171,2026-07-06 18:46:00,1826.03,D0417,M023,Lucknow,0,,18,0,0,0,-0.524551793455347,0.8567038551712424,93420.0,0,1,0,
T004968,U0171,2026-07-08 13:14:00,2059.86,D0417,M039,Lucknow,0,,13,0,0,1,-0.06758220784143142,0.9820439021026178,152880.0,0,1,0,
T004980,U0171,2026-07-08 16:49:00,1920.17,D0455,M039,Lucknow,0,,16,0,0,0,-0.32825428822516617,0.9170930528628236,12900.0,0,1,0,
T004961,U0171,2026-07-08 18:55:00,2412.98,D0417,M039,Lucknow,0,,18,0,0,0,0.6611840244435419,1.1612162876656495,7560.0,0,1,0,
T004967,U0171,2026-07-11 17:48:00,2723.82,D0417,M007,Lucknow,0,,17,0,0,0,1.2512208864593637,1.2934273334704702,255180.0,0,1,0,
T004953,U0171,2026-07-11 22:46:00,1561.61,D0417,M036,Lucknow,0,,22,0,0,1,-1.1783467077245904,0.7251746230005112,17880.0,0,1,0,
T004981,U0171,2026-07-13 09:56:00,2189.81,D0417,M032,Lucknow,0,,9,0,0,0,0.1550167766572241,1.0372575584261954,126600.0,0,1,0,
T004966,U0171,2026-07-14 12:44:00,1518.83,D0417,M010,Lucknow,0,,12,0,0,1,-1.218050640386043,0.7176487965471912,96480.0,0,1,0,
T004979,U0171,2026-07-14 20:56:00,2881.2,D0417,M032,Lucknow,0,,20,0,0,0,1.6154471566558994,1.3858256726655056,29520.0,0,1,0,
T004977,U0171,2026-07-16 12:15:00,2834.56,D0417,M023,Lucknow,0,,12,0,0,0,1.3690628105532097,1.3331359848585331,141540.0,0,1,0,
T004969,U0171,2026-07-16 12:57:00,3263.49,D0455,M023,Lucknow,0,,12,0,0,0,2.0780534292343105,1.5069777099829123,2520.0,1,1,0,
T004959,U0171,2026-07-16 15:48:00,1710.81,D0455,M023,Lucknow,0,,15,0,0,0,-0.8997179651567669,0.7694668877640524,10260.0,0,1,0,
T004976,U0171,2026-07-16 16:14:00,602.22,D0455,M032,Lucknow,0,,16,0,0,0,-2.8169985278240617,0.2740175428768305,1560.0,1,1,0,
T004955,U0171,2026-07-18 07:55:00,2148.57,D0455,M039,Lucknow,0,,7,0,0,0,0.04131279584893756,1.0126332359541306,142860.0,0,1,0,
T004964,U0171,2026-07-20 11:59:00,3321.36,D0417,M007,Lucknow,0,,11,0,0,0,1.8903869696915834,1.564477437105701,187440.0,0,1,0,
T004972,U0171,2026-07-23 12:41:00,2944.54,D0417,M032,Lucknow,0,,12,0,0,0,1.1545990725401272,1.3537573703972572,261720.0,0,1,0,
T004970,U0171,2026-07-23 13:37:00,1913.6,D0417,M023,Lucknow,0,,13,0,0,0,-0.4379561526487297,0.8670014120637604,3360.0,1,1,0,
T004971,U0171,2026-07-25 17:31:00,477.3,D0417,M007,Lucknow,0,,17,0,0,0,-2.606194590299283,0.21740857351488557,186840.0,0,1,0,
T004960,U0171,2026-07-27 12:07:00,1978.3,D0417,M039,Lucknow,0,,12,0,0,0,-0.2080283180845766,0.9290739348887816,153360.0,0,1,0,
T004974,U0171,2026-07-28 16:46:00,1737.07,D0455,M039,Lucknow,0,,16,0,0,0,-0.5423162972211704,0.8179331131393806,103140.0,0,1,0,
T004978,U0171,2026-07-30 08:06:00,2352.92,D0417,M039,Lucknow,0,,8,0,0,0,0.34526566890182353,1.1151692990782032,141600.0,0,1,0,
T004962,U0171,2026-07-30 14:47:00,3051.81,D0455,M036,Lucknow,0,,14,0,0,0,1.3470943299910398,1.4406875835305888,24060.0,0,1,0,
T004993,U0172,2026-07-03 10:24:00,3016.2,D0403,M029,Chennai,0,,10,0,1,1,0.0,1.0,1000000000.0,0,1,0,
T004991,U0172,2026-07-07 13:12:00,3434.39,D0403,M059,Chennai,0,,13,0,0,1,0.0,1.0,355680.0,0,1,0,
T004995,U0172,2026-07-09 15:16:00,5198.0,D0403,M029,Chennai,0,,15,0,0,0,0.0,1.0,180240.0,0,1,0,
T004994,U0172,2026-07-09 16:57:00,2655.31,D0403,M011,Chennai,0,,16,0,0,1,-1.2983337203582193,0.683853582102936,6060.0,0,1,0,
T004992,U0172,2026-07-14 06:43:00,2925.87,D0193,M059,Chennai,0,,6,0,1,0,-0.6659444365258699,0.8182020285885103,395160.0,0,1,0,
T007553,U0172,2026-07-16 02:40:00,20203.96,D0657,M032,Pune,1,account_takeover,2,1,1,1,18.39409578603454,5.863096255532402,158220.0,0,1,60,new device + amount >3x user avg; odd hour + new device; amount z-score 18.4
T004983,U0172,2026-07-18 09:48:00,3534.4,D0403,M059,Chennai,0,,9,0,0,0,-0.42926224253895096,0.5665051277711565,198480.0,0,1,0,
T004985,U0172,2026-07-18 18:51:00,3187.18,D0193,M020,Chennai,0,,18,0,0,1,-0.45104731906117673,0.5445759910493344,32580.0,0,1,0,
T007578,U0172,2026-07-19 10:03:00,4657.75,D0629,M048,Chennai,1,device_ring,10,0,1,1,-0.153935494856372,0.8438849142549089,54720.0,0,5,20,device shared by 5 users
T004990,U0172,2026-07-21 07:41:00,2826.9,D0193,M059,Chennai,0,,7,0,0,0,-0.4914057986068575,0.5212150189991995,164280.0,0,1,0,
T007507,U0172,2026-07-21 09:00:00,111.48,D0193,M017,Chennai,1,velocity_burst,9,0,0,1,-0.9958898900503599,0.021587933061608115,4740.0,0,1,0,
T007508,U0172,2026-07-21 09:01:00,89.28,D0193,M057,Chennai,1,velocity_burst,9,0,0,1,-0.9138253189338114,0.01897686324846718,60.0,1,1,0,
T007509,U0172,2026-07-21 09:02:00,26.92,D0193,M030,Chennai,1,velocity_burst,9,0,0,1,-0.8584497991422213,0.006231394932887183,60.0,2,1,0,
T007510,U0172,2026-07-21 09:03:00,137.61,D0193,M046,Chennai,1,velocity_burst,9,0,0,1,-0.7799332293213926,0.034490291047590105,60.0,3,1,0,
T007512,U0172,2026-07-21 09:05:00,61.84,D0193,M056,Chennai,1,velocity_burst,9,0,0,1,-0.7513332033755279,0.01664755000248887,120.0,4,1,0,
T007513,U0172,2026-07-21 09:06:00,41.31,D0193,M038,Chennai,1,velocity_burst,9,0,0,1,-0.716863333552127,0.01190099158261937,60.0,5,1,30,5 txns in last 1h (velocity)
T007514,U0172,2026-07-21 09:07:00,96.65,D0193,M015,Chennai,1,velocity_burst,9,0,0,1,-0.6714562772549546,0.02967659723816457,60.0,6,1,30,6 txns in last 1h (velocity)
T007511,U0172,2026-07-21 09:08:00,38.23,D0193,M059,Chennai,1,velocity_burst,9,0,0,0,-0.6555670531816075,0.012449178763134294,60.0,7,1,30,7 txns in last 1h (velocity)
T007515,U0172,2026-07-21 09:08:00,145.02,D0193,M030,Chennai,1,velocity_burst,9,0,0,0,-0.6061491487420748,0.04996546922591043,0.0,8,1,40,8 txns in last 1h (velocity); rapid repeat transactions
T007517,U0172,2026-07-21 09:10:00,28.84,D0193,M028,Chennai,1,velocity_burst,9,0,0,1,-0.6103485507116423,0.010459587346817284,120.0,9,1,30,9 txns in last 1h (velocity)
T007516,U0172,2026-07-21 09:18:00,132.93,D0193,M016,Chennai,1,velocity_burst,9,0,0,1,-0.5657597829228631,0.050720050712144915,480.0,10,1,30,10 txns in last 1h (velocity)
T004984,U0172,2026-07-21 12:06:00,1481.64,D0403,M059,Chennai,0,,12,0,0,0,-0.23605936594410187,0.5920913138187274,10080.0,0,1,0,
T004986,U0172,2026-07-26 09:41:00,2431.4,D0403,M006,Chennai,0,,9,0,0,1,-0.005812446688017933,0.9899890264109771,423300.0,0,1,0,
T004987,U0172,2026-07-26 21:27:00,1364.18,D0403,M059,Chennai,0,,21,0,0,0,-0.26365091687475983,0.5556927343750473,42360.0,0,1,0,
T004996,U0172,2026-07-27 09:13:00,2558.19,D0193,M011,Chennai,0,,9,0,0,0,0.03666829818670787,1.061722933488992,42360.0,0,1,0,
T004989,U0172,2026-07-29 10:32:00,3515.25,D0403,M006,Chennai,0,,10,0,0,0,0.2767586331551638,1.4553374414448068,177540.0,0,1,0,
T004988,U0172,2026-07-30 11:37:00,3257.09,D0403,M059,Chennai,0,,11,0,0,0,0.2048334291405502,1.3252483964665744,90300.0,0,1,0,
T004997,U0172,2026-07-30 16:31:00,347.81,D0193,M011,Chennai,0,,16,0,0,0,-0.5582476538947984,0.13983285931890752,17640.0,0,1,0,
T005009,U0173,2026-07-04 12:31:00,3316.88,D0221,M049,Chennai,0,,12,0,1,1,0.0,1.0,1000000000.0,0,2,0,
T005002,U0173,2026-07-04 16:25:00,3091.26,D0073,M055,Chennai,0,,16,0,1,1,0.0,1.0,14040.0,0,1,0,
T005028,U0173,2026-07-05 16:21:00,3662.41,D0073,M022,Chennai,0,,16,0,0,1,0.0,1.0,86160.0,0,1,0,
T005019,U0173,2026-07-06 11:48:00,4978.19,D0073,M055,Chennai,0,,11,0,0,0,6.902912389979204,1.482994473544247,70020.0,0,1,15,amount z-score 6.9
T005004,U0173,2026-07-06 22:32:00,2908.86,D0221,M051,Chennai,0,,22,0,0,1,-1.1674441024493434,0.7731836683275323,38640.0,0,2,0,
T005015,U0173,2026-07-09 10:21:00,4879.95,D0221,M037,Chennai,0,,10,0,0,1,1.7470045499344877,1.358742259166386,215340.0,0,2,0,
T005005,U0173,2026-07-10 17:55:00,2905.31,D0221,M051,Chennai,0,,17,0,0,0,-1.0894980869853186,0.7632981644449695,113640.0,0,2,0,
T005013,U0173,2026-07-10 21:15:00,3161.25,D0221,M049,Chennai,0,,21,0,0,0,-0.6235765440644399,0.8596072850484658,12000.0,0,2,0,
T005003,U0173,2026-07-11 14:29:00,6056.31,D0221,M022,Chennai,0,,14,0,0,0,3.0807211088886346,1.6762488098263542,62040.0,0,2,15,amount z-score 3.1
T005034,U0173,2026-07-12 13:12:00,5547.35,D0073,M055,Chennai,0,,13,0,0,0,1.5514965626276271,1.428076378577469,81780.0,0,1,0,
T004999,U0173,2026-07-12 16:52:00,4506.38,D0073,M055,Chennai,0,,16,0,0,0,0.40227669428269686,1.1124729894752359,13200.0,0,1,0,
T005025,U0173,2026-07-13 07:16:00,7129.5,D0221,M055,Chennai,0,,7,0,0,0,2.7922332105129515,1.7422188352070538,51840.0,0,2,0,
T005030,U0173,2026-07-13 15:03:00,4824.41,D0073,M049,Chennai,0,,15,0,0,0,0.3581663455829643,1.1102582958169769,28020.0,0,1,0,
T005000,U0173,2026-07-15 13:12:00,5715.33,D0073,M051,Chennai,0,,13,0,0,0,1.0322576561772039,1.304227140314152,166140.0,0,1,0,
T005011,U0173,2026-07-15 13:24:00,4168.23,D0221,M026,Chennai,0,,13,0,0,1,-0.23946504802122287,0.9309518835367178,720.0,1,2,0,
T005001,U0173,2026-07-16 09:09:00,5972.94,D0221,M037,Chennai,0,,9,0,0,0,1.2132924163616905,1.340193401145658,71100.0,0,2,0,
T005022,U0173,2026-07-16 10:33:00,4733.1,D0073,M055,Chennai,0,,10,0,0,0,0.14359956415895647,1.039890937663911,5040.0,0,1,0,
T005010,U0173,2026-07-17 13:24:00,4040.37,D0073,M022,Chennai,0,,13,0,0,0,-0.425171348666402,0.8856158113195334,96660.0,0,1,0,
T005026,U0173,2026-07-19 17:10:00,3526.01,D0221,M026,Chennai,0,,17,0,0,0,-0.8402060899490702,0.7778151014920254,186360.0,0,2,0,
T005029,U0173,2026-07-20 09:50:00,2547.58,D0221,M022,Chennai,0,,9,0,0,0,-1.6264178368786393,0.5686292613601991,60000.0,0,2,0,
T005012,U0173,2026-07-21 12:52:00,2421.21,D0221,M026,Chennai,0,,12,0,0,0,-1.5923140128536486,0.5523360922149411,97320.0,0,2,0,
T005017,U0173,2026-07-22 19:52:00,3765.83,D0221,M022,Chennai,0,,19,0,0,0,-0.4117885979250935,0.8777882766205306,111600.0,0,2,0,
T005033,U0173,2026-07-22 22:40:00,4670.96,D0221,M026,Chennai,0,,22,0,0,0,0.32405017875257636,1.094849638551342,10080.0,0,2,0,
T005020,U0173,2026-07-24 14:05:00,4350.59,D0221,M049,Chennai,0,,14,0,0,0,0.0544843422105629,1.0155684146213282,141900.0,0,2,0,
T005031,U0173,2026-07-25 10:54:00,3681.43,D0221,M022,Chennai,0,,10,0,0,0,-0.5050503766686615,0.8588077335708064,74940.0,0,2,0,
T005008,U0173,2026-07-25 18:12:00,5565.38,D0221,M051,Chennai,0,,18,0,0,0,1.1040255467195685,1.3056715340281757,26280.0,0,2,0,
T005023,U0173,2026-07-26 17:57:00,5116.69,D0073,M026,Chennai,0,,17,0,0,0,0.6791226685488171,1.1864574655524787,85500.0,0,1,0,
T005024,U0173,2026-07-26 17:58:00,4545.15,D0073,M026,Chennai,0,,17,0,0,0,0.17305976934967135,1.0467005007922308,60.0,1,1,0,
T005007,U0173,2026-07-26 18:53:00,3669.31,D0221,M022,Chennai,0,,18,0,0,0,-0.5908935336455067,0.8435966965811101,3300.0,2,2,0,
T005016,U0173,2026-07-27 11:05:00,7045.9,D0221,M026,Chennai,0,,11,0,0,0,2.389818611019416,1.6286791043801156,58320.0,0,2,0,
T005027,U0173,2026-07-27 17:22:00,2499.97,D0221,M037,Chennai,0,,17,0,0,0,-1.5701419682490347,0.5660135570403203,22620.0,0,2,0,
T005014,U0173,2026-07-29 07:43:00,5032.63,D0221,M022,Chennai,0,,7,0,0,0,0.5430885856453898,1.1556063801066712,138060.0,0,2,0,
T005006,U0173,2026-07-29 09:20:00,3844.08,D0221,M022,Chennai,0,,9,0,0,0,-0.4312464325043633,0.8784167744912148,5820.0,0,2,0,
T004998,U0173,2026-07-29 16:16:00,5052.01,D0073,M026,Chennai,0,,16,0,0,0,0.5679627265956955,1.1587118496516216,24960.0,0,1,0,
T005018,U0173,2026-07-29 16:28:00,4430.38,D0221,M022,Chennai,0,,16,0,0,0,0.04146336830460872,1.0114156211542167,720.0,1,2,0,
T005032,U0173,2026-07-30 15:59:00,3328.25,D0221,M055,Chennai,0,,15,0,0,0,-0.8863278587115647,0.7595615867894682,84660.0,0,2,0,
T005021,U0173,2026-07-30 16:03:00,3907.85,D0073,M055,Chennai,0,,16,0,0,0,-0.3753386594576199,0.8978323567598578,240.0,1,1,0,
T005038,U0174,2026-07-02 16:55:00,3092.6,D0862,M003,Hyderabad,0,,16,0,1,1,0.0,1.0,1000000000.0,0,2,0,
T005058,U0174,2026-07-03 14:09:00,2429.96,D0862,M003,Hyderabad,0,,14,0,0,0,0.0,1.0,76440.0,0,2,0,
T005065,U0174,2026-07-03 19:10:00,1243.62,D0862,M060,Hyderabad,0,,19,0,0,1,0.0,1.0,18060.0,0,2,0,
T005047,U0174,2026-07-05 09:51:00,1330.88,D0862,M003,Hyderabad,0,,9,0,0,0,-1.2087211293544893,0.5900877597447508,139260.0,0,2,0,
T005064,U0174,2026-07-05 15:02:00,2846.35,D0862,M060,Hyderabad,0,,15,0,0,0,1.0621666602265272,1.4061153053547262,18660.0,0,2,0,
T005036,U0174,2026-07-05 16:21:00,4389.89,D0862,M032,Hyderabad,0,,16,0,0,1,2.8721732802870283,2.0057230780873048,4740.0,0,2,0,
T005063,U0174,2026-07-05 17:34:00,2595.61,D0862,M012,Hyderabad,0,,17,0,0,1,0.03715598457041113,1.015675685854053,4380.0,0,2,0,
T005051,U0174,2026-07-06 12:51:00,1826.24,D0862,M012,Hyderabad,0,,12,0,0,0,-0.7363006001416741,0.7130204789364696,69420.0,0,2,0,
T005039,U0174,2026-07-06 13:30:00,2942.0,D0862,M060,Hyderabad,0,,13,0,0,0,0.4897850476606877,1.1913855369596746,2340.0,1,2,0,
T005049,U0174,2026-07-07 06:15:00,2549.69,D0862,M041,Hyderabad,0,,6,0,0,1,0.030141989143731528,1.0110172418519878,60300.0,0,2,0,
T005062,U0174,2026-07-08 11:01:00,4273.22,D0862,M003,Hyderabad,0,,11,0,0,0,1.9994188740030459,1.6925761791604113,103560.0,0,2,0,
T005072,U0174,2026-07-09 13:01:00,5162.08,D0862,M060,Hyderabad,0,,13,0,0,0,2.5455873497282346,1.9235353850514227,93600.0,0,2,0,
T005069,U0174,2026-07-09 13:45:00,2414.0,D0862,M041,Hyderabad,0,,13,0,0,0,-0.4116359417201558,0.8352425770144832,2640.0,1,2,0,
T005056,U0174,2026-07-11 11:22:00,1716.43,D0862,M041,Hyderabad,0,,11,0,0,0,-1.0165264148650708,0.6015070568576787,164220.0,0,2,0,
T005066,U0174,2026-07-11 18:42:00,3112.32,D0862,M003,Hyderabad,0,,18,0,0,0,0.3043772522761377,1.1226383613422937,26400.0,0,2,0,
T005068,U0174,2026-07-12 07:30:00,3473.69,D0862,M032,Hyderabad,0,,7,0,0,0,0.626992267496228,1.2428261584313665,46080.0,0,2,0,
T005048,U0174,2026-07-12 09:09:00,3348.85,D0862,M032,Hyderabad,0,,9,0,0,0,0.48208456337686434,1.1802483685858902,5940.0,0,2,0,
T005035,U0174,2026-07-12 15:10:00,3863.51,D0862,M032,Hyderabad,0,,15,0,0,0,0.9611940339592804,1.3473463109151624,21660.0,0,2,0,
T005043,U0174,2026-07-14 11:47:00,4367.22,D0862,M018,Hyderabad,0,,11,0,0,1,1.398855441743762,1.494175165338328,160620.0,0,2,0,
T005040,U0174,2026-07-16 10:49:00,2322.67,D0862,M032,Hyderabad,0,,10,0,0,0,-0.6406280089425364,0.7745200965647911,169320.0,0,2,0,
T005042,U0174,2026-07-16 13:52:00,2874.06,D0862,M003,Hyderabad,0,,13,0,0,0,-0.0875434682216731,0.9693152689534648,10980.0,0,2,0,
T005070,U0174,2026-07-16 14:42:00,2503.89,D0862,M018,Hyderabad,0,,14,0,0,0,-0.45032937455143823,0.8457062004008399,3000.0,1,2,0,
T005067,U0174,2026-07-17 11:24:00,3187.29,D0862,M003,Hyderabad,0,,11,0,0,0,0.24842723175401207,1.0841326935379592,74520.0,0,2,0,
T005071,U0174,2026-07-17 14:32:00,3866.04,D0862,M041,Hyderabad,0,,14,0,0,0,0.9387479710088835,1.3102117150715393,11280.0,0,2,0,
T005059,U0174,2026-07-18 16:14:00,3061.85,D0862,M003,Hyderabad,0,,16,0,0,0,0.07512282960119894,1.0244282508267735,92520.0,0,2,0,
T005050,U0174,2026-07-19 12:02:00,4801.46,D0862,M012,Hyderabad,0,,12,0,0,0,1.9002009815992473,1.6048956354213306,71280.0,0,2,0,
T005055,U0174,2026-07-19 21:05:00,3794.86,D0862,M041,Hyderabad,0,,21,0,0,0,0.7359865171295062,1.2395984589034195,32580.0,0,2,0,
T005074,U0174,2026-07-20 09:30:00,3226.45,D0862,M060,Hyderabad,0,,9,0,0,0,0.13963161470747007,1.044655923589587,44700.0,0,2,0,
T005045,U0174,2026-07-22 20:19:00,2063.94,D0862,M018,Hyderabad,0,,20,0,0,0,-1.061039429343044,0.6671958174975955,211740.0,0,2,0,
T005073,U0174,2026-07-23 06:27:00,4059.49,D0862,M012,Hyderabad,0,,6,0,0,0,1.0306593655617295,1.327518273841435,36480.0,0,2,0,
T005060,U0174,2026-07-23 14:25:00,5069.41,D0862,M060,Hyderabad,0,,14,0,0,0,2.034681038186795,1.6398753242479167,28680.0,0,2,0,
T005052,U0174,2026-07-24 14:41:00,4125.1,D0862,M041,Hyderabad,0,,14,0,0,0,0.9525889314685523,1.3074190997820558,87360.0,0,2,0,
T005046,U0174,2026-07-25 08:52:00,1604.21,D0862,M041,Hyderabad,0,,8,0,0,0,-1.5558843568561032,0.5036041219722854,65460.0,0,2,0,
T005057,U0174,2026-07-26 03:46:00,1791.33,D0862,M041,Hyderabad,0,,3,1,0,0,-1.298376116087569,0.5709342227881851,68040.0,0,2,0,
T005053,U0174,2026-07-26 07:36:00,2795.47,D0862,M003,Hyderabad,0,,7,0,0,0,-0.28903759157114406,0.9023620096202188,13800.0,0,2,0,
T005037,U0174,2026-07-26 11:04:00,3396.52,D0862,M003,Hyderabad,0,,11,0,0,0,0.2974955991481992,1.0994446459113083,12480.0,0,2,0,
T005054,U0174,2026-07-26 11:14:00,4149.14,D0862,M060,Hyderabad,0,,11,0,0,0,1.0312156502426115,1.3393659733378898,600.0,1,2,0,
T005061,U0174,2026-07-28 13:41:00,3536.64,D0862,M012,Hyderabad,0,,13,0,0,0,0.4023585360063095,1.1312714105165802,181620.0,0,2,0,
T005041,U0174,2026-07-30 14:58:00,2885.69,D0862,M018,Hyderabad,0,,14,0,0,0,-0.24922213494514975,0.919873149138546,177420.0,0,2,0,
T005044,U0174,2026-07-30 18:10:00,3746.53,D0862,M018,Hyderabad,0,,18,0,0,0,0.6181704390365537,1.1967423860166297,11520.0,0,2,0,
T005079,U0175,2026-07-03 09:51:00,5696.08,D0255,M057,Lucknow,0,,9,0,1,1,0.0,1.0,1000000000.0,0,2,0,
T005081,U0175,2026-07-04 11:14:00,3901.74,D0255,M001,Lucknow,0,,11,0,0,1,0.0,1.0,91380.0,0,2,0,
T005083,U0175,2026-07-04 17:50:00,5197.83,D0255,M050,Lucknow,0,,17,0,0,1,0.0,1.0,23760.0,0,2,0,
T005090,U0175,2026-07-04 19:59:00,5610.91,D0255,M050,Lucknow,0,,19,0,0,0,0.8978401178992131,1.1376810073627692,7740.0,0,2,0,
T005078,U0175,2026-07-06 14:43:00,3362.23,D0255,M001,Lucknow,0,,14,0,0,0,-2.4227931614106795,0.6590488547488556,153840.0,0,2,0,
T005086,U0175,2026-07-08 19:38:00,2229.49,D0255,M057,Lucknow,0,,19,0,0,0,-2.666100639774131,0.46899526638314454,190500.0,0,2,0,
T005091,U0175,2026-07-11 05:37:00,4084.41,D0255,M057,Lucknow,0,,5,1,0,0,-0.1946268481008338,0.942618511468616,208740.0,0,2,0,
T005092,U0175,2026-07-11 12:24:00,4479.32,D0255,M050,Lucknow,0,,12,0,0,0,0.15329072843433236,1.04230173540677,24420.0,0,2,0,
T005077,U0175,2026-07-11 13:17:00,3133.54,D0255,M057,Lucknow,0,,13,0,0,0,-1.0681770025148505,0.7253142972355336,3180.0,1,2,0,
T005087,U0175,2026-07-13 15:40:00,3466.83,D0255,M057,Lucknow,0,,15,0,0,0,-0.6489785882239063,0.8277229007814051,181380.0,0,2,0,
T005075,U0175,2026-07-18 21:50:00,3576.36,D0255,M057,Lucknow,0,,21,0,0,0,-0.5013849710492175,0.8688418889119527,454200.0,0,2,0,
T005089,U0175,2026-07-19 10:56:00,2297.15,D0255,M050,Lucknow,0,,10,0,0,0,-1.7046711503958258,0.5648046859117434,47160.0,0,2,0,
T005080,U0175,2026-07-19 12:34:00,4296.1,D0255,M050,Lucknow,0,,12,0,0,0,0.3397580330559889,1.0960396409390263,5880.0,0,2,0,
T005085,U0175,2026-07-23 11:04:00,3507.17,D0255,M050,Lucknow,0,,11,0,0,0,-0.41286558154143543,0.8882026585848974,340200.0,0,2,0,
T005082,U0175,2026-07-27 13:09:00,4124.72,D0255,M057,Lucknow,0,,13,0,0,0,0.20030967026209506,1.053008105617553,353100.0,0,2,0,
T005076,U0175,2026-07-28 15:19:00,2860.66,D0255,M057,Lucknow,0,,15,0,0,0,-1.0673082431724443,0.7277319604660348,94200.0,0,2,0,
T005088,U0175,2026-07-29 18:16:00,5670.73,D0255,M050,Lucknow,0,,18,0,0,0,1.797890762096298,1.4675674089369515,97020.0,0,2,0,
T005084,U0175,2026-07-30 20:49:00,4756.48,D0255,M057,Lucknow,0,,20,0,0,0,0.739196213685076,1.198012245593414,95580.0,0,2,0,
T005100,U0176,2026-07-01 07:05:00,4714.08,D0510,M018,Hyderabad,0,,7,0,1,1,0.0,1.0,1000000000.0,0,1,0,
T005121,U0176,2026-07-01 12:10:00,3357.01,D0510,M010,Hyderabad,0,,12,0,0,1,0.0,1.0,18300.0,0,1,0,
T005095,U0176,2026-07-03 06:51:00,4489.9,D0637,M010,Hyderabad,0,,6,0,1,0,0.0,1.0,153660.0,0,2,0,
T005108,U0176,2026-07-03 15:09:00,3836.32,D0510,M010,Hyderabad,0,,15,0,0,0,-0.5903822890160639,0.916246251071871,29880.0,0,1,0,
T005099,U0176,2026-07-05 09:38:00,4191.58,D0637,M004,Hyderabad,0,,9,0,0,1,0.17200127352764968,1.0225043007609163,152940.0,0,2,0,
T005117,U0176,2026-07-06 16:48:00,1410.87,D0637,M010,Hyderabad,0,,16,0,0,0,-5.626016100831245,0.3426289614586728,112200.0,0,2,0,
T005118,U0176,2026-07-06 18:14:00,3009.68,D0510,M018,Hyderabad,0,,18,0,0,0,-0.5970758172506491,0.8208307724754732,5160.0,0,1,0,
T005112,U0176,2026-07-07 14:13:00,5130.15,D0637,M056,Hyderabad,0,,14,0,0,1,1.4913472530284066,1.435899803832021,71940.0,0,2,0,
T005104,U0176,2026-07-07 14:53:00,3530.13,D0637,M058,Hyderabad,0,,14,0,0,1,-0.21490489063873888,0.9370081010559181,2400.0,1,2,0,
T005103,U0176,2026-07-08 12:17:00,5165.88,D0510,M010,Hyderabad,0,,12,0,0,0,1.3650009634764837,1.3808525876536049,77040.0,0,1,0,
T005097,U0176,2026-07-09 16:02:00,2889.24,D0510,M058,Hyderabad,0,,16,0,0,0,-0.9218972932595576,0.7439668755616068,99900.0,0,1,0,
T005122,U0176,2026-07-10 08:34:00,4478.47,D0510,M018,Hyderabad,0,,8,0,0,0,0.6420580065402994,1.1806676787020076,59520.0,0,1,0,
T005105,U0176,2026-07-11 11:35:00,5810.11,D0510,M018,Hyderabad,0,,11,0,0,0,1.885692953964106,1.50901136697548,97260.0,0,1,0,
T005096,U0176,2026-07-11 18:35:00,5071.88,D0510,M018,Hyderabad,0,,18,0,0,0,0.9502907567327866,1.2676428503167194,25200.0,0,1,0,
T005119,U0176,2026-07-13 13:09:00,4478.89,D0637,M025,Hyderabad,0,,13,0,0,1,0.35825388283800574,1.0984344478284591,153240.0,0,2,0,
T005109,U0176,2026-07-13 19:27:00,3033.53,D0510,M025,Hyderabad,0,,19,0,0,0,-0.9850695059194982,0.7391139230275473,22680.0,0,1,0,
T005098,U0176,2026-07-14 12:27:00,3627.89,D0637,M018,Hyderabad,0,,12,0,0,0,-0.37776985557632775,0.8985803211881582,61200.0,0,2,0,
T005093,U0176,2026-07-14 17:28:00,4565.29,D0510,M018,Hyderabad,0,,17,0,0,0,0.5227703412778367,1.1375483484964324,18060.0,0,1,0,
T005094,U0176,2026-07-16 14:34:00,5670.66,D0510,M018,Hyderabad,0,,14,0,0,0,1.5732938359586532,1.4022615460828112,162360.0,0,1,0,
T007429,U0176,2026-07-17 10:00:00,77.03,D0510,M039,Hyderabad,1,velocity_burst,10,0,0,1,-3.7876577054815943,0.018653338012213708,69960.0,0,1,0,
T007430,U0176,2026-07-17 10:02:00,42.27,D0510,M053,Hyderabad,1,velocity_burst,10,0,0,1,-2.8425675166731867,0.010764135182267945,120.0,1,1,0,
T007432,U0176,2026-07-17 10:03:00,129.13,D0510,M008,Hyderabad,1,velocity_burst,10,0,0,1,-2.302021188137321,0.03450878495444457,60.0,2,1,0,
T007431,U0176,2026-07-17 10:04:00,26.1,D0510,M027,Hyderabad,1,velocity_burst,10,0,0,1,-2.0793524074768914,0.007295134961133994,60.0,3,1,0,
T007434,U0176,2026-07-17 10:05:00,129.1,D0510,M011,Hyderabad,1,velocity_burst,10,0,0,1,-1.8092497241593015,0.03771205808076858,60.0,4,1,0,
T007435,U0176,2026-07-17 10:06:00,84.9,D0510,M013,Hyderabad,1,velocity_burst,10,0,0,1,-1.6847335985133554,0.025836493887606487,60.0,5,1,30,5 txns in last 1h (velocity)
T005115,U0176,2026-07-17 10:06:00,3447.33,D0637,M010,Hyderabad,0,,10,0,0,0,0.1472740233907737,1.0916168679821592,0.0,6,2,40,6 txns in last 1h (velocity); rapid repeat transactions
T007436,U0176,2026-07-17 10:07:00,82.9,D0510,M056,Hyderabad,1,velocity_burst,10,0,0,0,-1.6014087257025886,0.02615858602514347,60.0,7,1,30,7 txns in last 1h (velocity)
T007433,U0176,2026-07-17 10:08:00,95.68,D0510,M051,Hyderabad,1,velocity_burst,10,0,0,1,-1.4953123651654003,0.031320925999733455,60.0,8,1,30,8 txns in last 1h (velocity)
T007437,U0176,2026-07-17 10:16:00,57.67,D0510,M002,Hyderabad,1,velocity_burst,10,0,0,1,-1.4318543008969822,0.019554834327800634,480.0,9,1,30,9 txns in last 1h (velocity)
T007438,U0176,2026-07-17 10:18:00,66.85,D0510,M052,Hyderabad,1,velocity_burst,10,0,0,1,-1.3552367761872697,0.023460775726403506,120.0,10,1,30,10 txns in last 1h (velocity)
T007439,U0176,2026-07-17 10:20:00,86.14,D0510,M014,Hyderabad,1,velocity_burst,10,0,0,1,-1.2841762707952795,0.031247687427631288,120.0,11,1,30,11 txns in last 1h (velocity)
T005107,U0176,2026-07-18 23:47:00,3444.31,D0510,M056,Hyderabad,0,,23,0,0,0,0.36855613128488,1.289744144286265,134820.0,0,1,0,
T005110,U0176,2026-07-19 15:10:00,4907.8,D0637,M010,Hyderabad,0,,15,0,0,0,1.0687157097777393,1.8212667669367453,55380.0,0,2,0,
T005102,U0176,2026-07-20 14:06:00,4223.37,D0637,M025,Hyderabad,0,,14,0,0,0,0.7046661997795522,1.5292197815434172,82560.0,0,2,0,
T005106,U0176,2026-07-20 18:50:00,1396.15,D0637,M056,Hyderabad,0,,18,0,0,0,-0.6843617412374334,0.49777720993966346,17040.0,0,2,0,
T005116,U0176,2026-07-20 18:56:00,4170.62,D0510,M018,Hyderabad,0,,18,0,0,0,0.6885186936114565,1.508622154723882,360.0,1,1,0,
T005114,U0176,2026-07-21 19:16:00,2277.89,D0637,M056,Hyderabad,0,,19,0,0,0,-0.25936248741419926,0.8124930703279195,87600.0,0,2,0,
T005111,U0176,2026-07-22 10:12:00,3436.7,D0637,M018,Hyderabad,0,,10,0,0,0,0.32348614006576937,1.2320690105149414,53760.0,0,2,0,
T005101,U0176,2026-07-22 11:25:00,4099.8,D0510,M004,Hyderabad,0,,11,0,0,0,0.6541177406814946,1.4608710324069158,4380.0,0,1,0,
T005120,U0176,2026-07-26 22:11:00,2052.33,D0510,M056,Hyderabad,0,,22,0,0,0,-0.40114835514799746,0.7227603834436246,384360.0,0,1,0,
T005113,U0176,2026-07-30 18:48:00,148.87,D0637,M018,Hyderabad,0,,18,0,0,0,-1.3756247979614036,0.052792825377084976,333420.0,0,2,0,
T005130,U0177,2026-07-02 13:42:00,2694.86,D0606,M048,Pune,0,,13,0,1,1,0.0,1.0,1000000000.0,0,1,0,
T005129,U0177,2026-07-04 14:35:00,1770.86,D0606,M058,Pune,0,,14,0,0,1,0.0,1.0,175980.0,0,1,0,
T005143,U0177,2026-07-07 11:59:00,2649.24,D0606,M031,Pune,0,,11,0,0,1,0.0,1.0,249840.0,0,1,0,
T005123,U0177,2026-07-07 15:07:00,2362.48,D0606,M038,Pune,0,,15,0,0,1,-0.021572482434055212,0.996132093084375,11280.0,0,1,0,
T005126,U0177,2026-07-08 16:57:00,2096.27,D0606,M058,Pune,0,,16,0,0,0,-0.7415199718902151,0.8847410267393976,93000.0,0,1,0,
T005132,U0177,2026-07-10 14:37:00,1313.75,D0606,M058,Pune,0,,14,0,0,0,-2.884343465176373,0.5675578528546343,164400.0,0,1,0,
T005137,U0177,2026-07-13 12:44:00,3980.44,D0606,M007,Pune,0,,12,0,0,1,3.744300828394066,1.8531688935508615,252420.0,0,1,15,amount z-score 3.7
T005136,U0177,2026-07-13 15:15:00,2778.04,D0606,M007,Pune,0,,15,0,0,0,0.4691122417610659,1.1528572016629217,9060.0,0,1,0,
T005139,U0177,2026-07-13 17:03:00,3518.22,D0606,M038,Pune,0,,17,0,0,0,1.4270885811923906,1.4326502060241861,6480.0,0,1,0,
T005141,U0177,2026-07-14 14:01:00,2173.75,D0606,M038,Pune,0,,14,0,0,0,-0.5146605282493358,0.8445698006057147,75480.0,0,1,0,
T005124,U0177,2026-07-14 15:53:00,2806.29,D0606,M008,Pune,0,,15,0,0,1,0.3647356611002043,1.1075459652719795,6720.0,0,1,0,
T005131,U0177,2026-07-15 12:30:00,2841.4,D0606,M038,Pune,0,,12,0,0,0,0.39467036195940786,1.1105449786380146,74220.0,0,1,0,
T005135,U0177,2026-07-15 13:10:00,1739.99,D0606,M007,Pune,0,,13,0,0,0,-1.2194922512328001,0.6738575335611932,2400.0,1,1,0,
T005133,U0177,2026-07-15 13:32:00,2506.74,D0606,M048,Pune,0,,13,0,0,0,-0.01515288833336477,0.9957840328334737,1320.0,1,1,0,
T005149,U0177,2026-07-15 13:39:00,2998.86,D0606,M007,Pune,0,,13,0,0,0,0.7145434386020139,1.1916339334729529,420.0,2,1,0,
T005148,U0177,2026-07-15 17:13:00,3944.36,D0606,M007,Pune,0,,17,0,0,0,2.10485187267703,1.5475688822865956,12840.0,0,1,0,
T005157,U0177,2026-07-15 19:32:00,3571.17,D0606,M058,Pune,0,,19,0,0,0,1.2891271391972798,1.3547830432163532,8340.0,0,1,0,
T005151,U0177,2026-07-16 18:05:00,1894.76,D0606,M039,Pune,0,,18,0,0,1,-1.0797885760639936,0.7041143056383071,81180.0,0,1,0,
T005153,U0177,2026-07-17 15:05:00,2134.41,D0606,M007,Pune,0,,15,0,0,0,-0.6928576033069146,0.8064270880225448,75600.0,0,1,0,
T005127,U0177,2026-07-17 16:57:00,3476.79,D0606,M058,Pune,0,,16,0,0,0,1.1759611760375186,1.3271286555556225,6720.0,0,1,0,
T005147,U0177,2026-07-17 18:06:00,1690.85,D0606,M031,Pune,0,,18,0,0,0,-1.3231185367202174,0.635029072476717,4140.0,0,1,0,
T005152,U0177,2026-07-18 04:11:00,2038.04,D0606,M007,Pune,0,,4,1,0,0,-0.7751818770414233,0.7789605069721919,36300.0,0,1,0,
T005154,U0177,2026-07-18 15:11:00,2224.29,D0606,M008,Pune,0,,15,0,0,0,-0.4951173512970665,0.858775565171457,39600.0,0,1,0,
T005128,U0177,2026-07-18 18:52:00,2507.84,D0606,M008,Pune,0,,18,0,0,0,-0.09131302631853465,0.9742332934204931,13260.0,0,1,0,
T005160,U0177,2026-07-20 06:07:00,2086.36,D0606,M058,Pune,0,,6,0,0,0,-0.6820002499170331,0.811369922408268,126900.0,0,1,0,
T005156,U0177,2026-07-20 14:39:00,1409.01,D0606,M048,Pune,0,,14,0,0,0,-1.6252047306071695,0.5521193865052324,30720.0,0,1,0,
T005144,U0177,2026-07-21 05:32:00,2127.03,D0606,M038,Pune,0,,5,1,0,0,-0.5263922392908119,0.848084169548037,53580.0,0,1,0,
T005159,U0177,2026-07-21 06:13:00,2740.36,D0606,M031,Pune,0,,6,0,0,0,0.34517878795261386,1.098812078073011,2460.0,1,1,0,
T005146,U0177,2026-07-21 15:42:00,1175.49,D0606,M048,Pune,0,,15,0,0,0,-1.889185626548471,0.46968297181177354,34140.0,0,1,0,
T005155,U0177,2026-07-22 16:17:00,2017.67,D0606,M048,Pune,0,,16,0,0,0,-0.6004773429296294,0.8212046123114535,88500.0,0,1,0,
T005142,U0177,2026-07-22 16:46:00,1166.05,D0606,M031,Pune,0,,16,0,0,0,-1.7638092650352528,0.4774352587836123,1740.0,1,1,0,
T005134,U0177,2026-07-25 13:54:00,3546.08,D0606,M007,Pune,0,,13,0,0,0,1.5333497114368446,1.4768252902703556,248880.0,0,1,0,
T005140,U0177,2026-07-25 18:00:00,1704.0,D0606,M039,Pune,0,,18,0,0,0,-0.9625499104570221,0.6992405271441626,14760.0,0,1,0,
T005138,U0177,2026-07-26 08:34:00,988.93,D0606,M008,Pune,0,,8,0,0,0,-1.875365073051759,0.40954235840768394,52440.0,0,1,0,
T005150,U0177,2026-07-26 15:03:00,2564.73,D0606,M038,Pune,0,,15,0,0,0,0.24395838498316577,1.0808945255593154,23340.0,0,1,0,
T005158,U0177,2026-07-27 20:58:00,2595.5,D0606,M038,Pune,0,,20,0,0,0,0.27988910742965784,1.0913400270593354,107700.0,0,1,0,
T005125,U0177,2026-07-29 07:11:00,1454.29,D0606,M048,Pune,0,,7,0,0,0,-1.2139426585222544,0.6099434365113454,123180.0,0,1,0,
T005145,U0177,2026-07-30 15:35:00,553.8,D0606,M039,Pune,0,,15,0,0,0,-2.3428447166718818,0.23474381700501876,116640.0,0,1,0,
T005186,U0178,2026-07-01 12:54:00,1958.39,D0489,M041,Jaipur,0,,12,0,1,1,0.0,1.0,1000000000.0,0,1,0,
T005181,U0178,2026-07-02 11:16:00,1263.07,D0489,M046,Jaipur,0,,11,0,0,1,0.0,1.0,80520.0,0,1,0,
T005163,U0178,2026-07-02 16:24:00,2077.47,D0489,M049,Jaipur,0,,16,0,0,1,0.0,1.0,18480.0,0,1,0,
T007602,U0178,2026-07-04 07:07:00,3362.19,D0489,M057,Jaipur,1,zero_day_drain,7,0,0,1,4.44349384948669,1.9035107076880553,139380.0,0,1,15,amount z-score 4.4
T005179,U0178,2026-07-04 10:08:00,679.59,D0489,M049,Jaipur,0,,10,0,0,0,-1.9605103634930992,0.31385779191889374,10860.0,0,1,0,
T005191,U0178,2026-07-05 05:35:00,1920.96,D0489,M049,Jaipur,0,,5,1,0,0,0.05859335091061996,1.028273010815948,70020.0,0,1,0,
T005189,U0178,2026-07-05 10:47:00,2351.21,D0489,M055,Jaipur,0,,10,0,0,1,0.5761742784390798,1.2526792200875998,18720.0,0,1,0,
T005200,U0178,2026-07-05 13:04:00,2608.68,D0489,M029,Jaipur,0,,13,0,0,1,0.8513370448347479,1.3414325249770782,8220.0,0,1,0,
T005185,U0178,2026-07-05 16:48:00,1651.87,D0489,M041,Jaipur,0,,16,0,0,0,-0.4932807704977618,0.814654077257845,13440.0,0,1,0,
T005196,U0178,2026-07-06 12:14:00,1315.8,D0489,M055,Jaipur,0,,12,0,0,0,-0.9205667475353645,0.6625588929509877,69960.0,0,1,0,
T005177,U0178,2026-07-06 13:28:00,1931.76,D0489,M029,Jaipur,0,,13,0,0,0,0.017847216730777826,1.0066896894733717,4440.0,0,1,0,
T005174,U0178,2026-07-07 12:53:00,1236.25,D0489,M025,Jaipur,0,,12,0,0,1,-0.9971293775251485,0.6438500275279545,84300.0,0,1,0,
T007603,U0178,2026-07-07 17:40:00,3225.96,D0489,M011,Jaipur,1,zero_day_drain,17,0,0,1,1.994601790351233,1.731498162529097,17220.0,0,1,0,
T005162,U0178,2026-07-08 20:19:00,1861.04,D0489,M025,Jaipur,0,,20,0,0,0,-0.14248900733694464,0.9456799770046813,95940.0,0,1,0,
T005166,U0178,2026-07-10 20:01:00,1261.74,D0489,M055,Jaipur,0,,20,0,0,0,-0.9655906554488247,0.6436454422126088,171720.0,0,1,0,
T005175,U0178,2026-07-11 09:07:00,1755.2,D0489,M029,Jaipur,0,,9,0,0,0,-0.22008559381013276,0.9171608140966653,47160.0,0,1,0,
T005199,U0178,2026-07-12 16:04:00,1521.12,D0489,M055,Jaipur,0,,16,0,0,0,-0.5478925159538746,0.7989815229487595,111420.0,0,1,0,
T007604,U0178,2026-07-13 19:10:00,3975.29,D0489,M027,Jaipur,1,zero_day_drain,19,0,0,1,3.06315063853062,2.1130415875055357,97560.0,0,1,15,amount z-score 3.1
T005198,U0178,2026-07-15 15:30:00,1524.96,D0489,M025,Jaipur,0,,15,0,0,0,-0.5768665812464742,0.7633793028470254,159600.0,0,1,0,
T005169,U0178,2026-07-16 07:43:00,894.72,D0489,M029,Jaipur,0,,7,0,0,0,-1.3400223367204767,0.4535358451168029,58380.0,0,1,0,
T005173,U0178,2026-07-16 09:02:00,1986.55,D0489,M029,Jaipur,0,,9,0,0,0,0.08268849204464673,1.0352742646700641,4740.0,0,1,0,
T005180,U0178,2026-07-16 14:00:00,1721.42,D0489,M025,Jaipur,0,,14,0,0,0,-0.2511552210905173,0.8955995736080582,17880.0,0,1,0,
T005182,U0178,2026-07-17 13:26:00,1221.23,D0489,M049,Jaipur,0,,13,0,0,0,-0.884885307179322,0.6383962640097879,84360.0,0,1,0,
T005184,U0178,2026-07-17 15:24:00,2048.71,D0489,M046,Jaipur,0,,15,0,0,0,0.2132882032744591,1.0880667478779604,7080.0,0,1,0,
T005193,U0178,2026-07-18 09:01:00,1434.32,D0489,M025,Jaipur,0,,9,0,0,0,-0.5979005232742302,0.7589801205018804,63420.0,0,1,0,
T005171,U0178,2026-07-18 09:53:00,1554.75,D0489,M025,Jaipur,0,,9,0,0,0,-0.4214713053743996,0.8307152241257573,3120.0,1,1,0,
T005201,U0178,2026-07-18 11:07:00,1866.0,D0489,M041,Jaipur,0,,11,0,0,0,0.008931064523369519,1.0035526453281958,4440.0,0,1,0,
T005194,U0178,2026-07-19 11:07:00,1487.34,D0489,M049,Jaipur,0,,11,0,0,0,-0.5129394902724358,0.7998004387232763,86400.0,0,1,0,
T005187,U0178,2026-07-19 12:24:00,2382.5,D0489,M055,Jaipur,0,,12,0,0,0,0.748743352711818,1.2903889710113974,4620.0,0,1,0,
T005178,U0178,2026-07-20 13:29:00,1831.94,D0489,M012,Jaipur,0,,13,0,0,1,-0.046299447872727564,0.9823626397720766,90300.0,0,1,0,
T005192,U0178,2026-07-22 11:34:00,3590.56,D0489,M025,Jaipur,0,,11,0,0,0,2.472278773255142,1.9265406736654664,165900.0,0,1,0,
T005170,U0178,2026-07-23 17:58:00,787.5,D0489,M049,Jaipur,0,,17,0,0,0,-1.5056175555638884,0.4102762583491145,109440.0,0,1,0,
T005197,U0178,2026-07-24 13:04:00,675.44,D0489,M046,Jaipur,0,,13,0,0,0,-1.5783938861271898,0.3585013720916316,68760.0,0,1,0,
T005161,U0178,2026-07-24 14:43:00,2012.73,D0489,M046,Jaipur,0,,14,0,0,0,0.21137193259394657,1.0894695734466262,5940.0,0,1,0,
T005167,U0178,2026-07-24 16:21:00,2174.62,D0489,M012,Jaipur,0,,16,0,0,0,0.41810344156246404,1.1740095702879638,5880.0,0,1,0,
T005188,U0178,2026-07-25 06:26:00,805.52,D0489,M012,Jaipur,0,,6,0,0,0,-1.386346296394063,0.43272377191698447,50700.0,0,1,0,
T005195,U0178,2026-07-25 13:25:00,1209.03,D0489,M049,Jaipur,0,,13,0,0,0,-0.8083989343939967,0.6598868374042437,25140.0,0,1,0,
T005164,U0178,2026-07-27 04:52:00,2046.87,D0489,M046,Jaipur,0,,4,1,0,0,0.3018542569453337,1.1275433637743901,142020.0,0,1,0,
T005172,U0178,2026-07-27 13:48:00,2871.45,D0489,M055,Jaipur,0,,13,0,0,0,1.385642902646718,1.5764820266923694,32160.0,0,1,0,
T007605,U0178,2026-07-27 17:07:00,3264.2,D0489,M001,Jaipur,1,zero_day_drain,17,0,0,1,1.8478841339967398,1.7660050693947942,11940.0,0,1,0,
T005165,U0178,2026-07-28 04:08:00,1711.25,D0489,M055,Jaipur,0,,4,1,0,0,-0.21885357088702515,0.908427941407564,39660.0,0,1,0,
T005176,U0178,2026-07-28 16:22:00,1510.57,D0489,M012,Jaipur,0,,16,0,0,0,-0.47366235422076547,0.803690702546141,44040.0,0,1,0,
T005168,U0178,2026-07-28 16:30:00,2401.71,D0489,M046,Jaipur,0,,16,0,0,0,0.688031752882857,1.283817584179148,480.0,1,1,0,
T005190,U0178,2026-07-29 10:10:00,2075.65,D0489,M029,Jaipur,0,,10,0,0,0,0.2510834484066697,1.1022491555581317,63600.0,0,1,0,
T005202,U0178,2026-07-30 14:50:00,3534.3,D0489,M049,Jaipur,0,,14,0,0,0,2.1707573601052177,1.8724964357556804,103200.0,0,1,0,
T005183,U0178,2026-07-30 17:30:00,1875.04,D0489,M049,Jaipur,0,,17,0,0,0,-0.0621923478565583,0.974514407157892,9600.0,0,1,0,
T005236,U0179,2026-07-02 17:40:00,3623.48,D0651,M033,Pune,0,,17,0,1,1,0.0,1.0,1000000000.0,0,1,0,
T005204,U0179,2026-07-03 12:19:00,3351.14,D0651,M047,Pune,0,,12,0,0,1,0.0,1.0,67140.0,0,1,0,
T005218,U0179,2026-07-03 19:19:00,379.48,D0651,M047,Pune,0,,19,0,0,0,0.0,1.0,25200.0,0,1,0,
T005222,U0179,2026-07-04 13:28:00,2526.43,D0651,M033,Pune,0,,13,0,0,0,0.05108928442642995,1.0306210137077463,65340.0,0,1,0,
T005210,U0179,2026-07-04 13:57:00,2979.45,D0651,M044,Pune,0,,13,0,0,1,0.4001458268546999,1.2061903556970364,1740.0,1,1,0,
T007583,U0179,2026-07-04 16:02:00,2210.81,D0402,M027,Pune,1,device_ring,16,0,1,1,-0.31229918368483717,0.8595697657151995,7500.0,0,6,20,device shared by 6 users
T005223,U0179,2026-07-05 17:38:00,4293.96,D0651,M033,Pune,0,,17,0,0,0,1.674465817772149,1.7095162224238347,92160.0,0,1,0,
T005234,U0179,2026-07-07 12:03:00,2293.43,D0651,M033,Pune,0,,12,0,0,0,-0.4055838236128558,0.8290326492310394,152700.0,0,1,0,
T005217,U0179,2026-07-08 03:10:00,1314.2,D0651,M047,Pune,0,,3,1,0,0,-1.264164311038604,0.485433217200916,54420.0,0,1,0,
T005231,U0179,2026-07-09 11:05:00,363.01,D0651,M047,Pune,0,,11,0,0,0,-1.9420186813975688,0.1422181767287515,114900.0,0,1,0,
T005221,U0179,2026-07-09 14:29:00,4275.89,D0651,M044,Pune,0,,14,0,0,0,1.5474973639418392,1.832362775238656,12240.0,0,1,0,
T005214,U0179,2026-07-09 16:53:00,2036.89,D0651,M047,Pune,0,,16,0,0,0,-0.35834103656206695,0.8114723399666298,8640.0,0,1,0,
T005208,U0179,2026-07-09 19:04:00,2865.2,D0651,M033,Pune,0,,19,0,0,0,0.3103692740244983,1.1596803440510437,7860.0,0,1,0,
T005232,U0179,2026-07-10 11:50:00,1923.62,D0651,M044,Pune,0,,11,0,0,0,-0.4710550853554007,0.7691315907886905,60360.0,0,1,0,
T005215,U0179,2026-07-12 09:15:00,2471.49,D0651,M044,Pune,0,,9,0,0,0,0.009831903980013212,1.004758545562007,163500.0,0,1,0,
T005211,U0179,2026-07-12 17:10:00,1869.67,D0651,M047,Pune,0,,17,0,0,0,-0.5137560898592222,0.7598538327398527,28500.0,0,1,0,
T005212,U0179,2026-07-13 09:46:00,3361.57,D0651,M044,Pune,0,,9,0,0,0,0.8353738087428385,1.3869955110753887,59760.0,0,1,0,
T005213,U0179,2026-07-13 13:49:00,3932.51,D0651,M033,Pune,0,,13,0,0,0,1.3080133443787616,1.586452638342882,14580.0,0,1,0,
T005209,U0179,2026-07-14 13:22:00,2212.38,D0651,M044,Pune,0,,13,0,0,0,-0.30718249089430405,0.8643566848064785,84780.0,0,1,0,
T005225,U0179,2026-07-15 11:39:00,1696.86,D0651,M033,Pune,0,,11,0,0,0,-0.765706755089828,0.667714619364502,80220.0,0,1,0,
T005235,U0179,2026-07-15 17:06:00,1626.2,D0651,M044,Pune,0,,17,0,0,0,-0.8004079630674935,0.650721157000496,19620.0,0,1,0,
T005203,U0179,2026-07-16 11:17:00,577.81,D0651,M033,Pune,0,,11,0,0,0,-1.7398720457740506,0.23512028338156857,65460.0,0,1,0,
T005216,U0179,2026-07-16 16:50:00,3482.91,D0651,M033,Pune,0,,16,0,0,0,0.9867089765071508,1.4683015269323456,19980.0,0,1,0,
T005205,U0179,2026-07-19 09:56:00,4131.64,D0651,M047,Pune,0,,9,0,0,0,1.5223211498881897,1.7070319432758574,234360.0,0,1,0,
T005233,U0179,2026-07-19 11:02:00,2815.93,D0651,M047,Pune,0,,11,0,0,0,0.2813895162560745,1.13013856302207,3960.0,0,1,0,
T005207,U0179,2026-07-19 20:58:00,2728.41,D0651,M044,Pune,0,,20,0,0,0,0.1978765967580711,1.08934287636517,35760.0,0,1,0,
T005230,U0179,2026-07-20 11:24:00,3460.9,D0651,M033,Pune,0,,11,0,0,0,0.8539444546029633,1.3770643127203819,51960.0,0,1,0,
T005226,U0179,2026-07-21 09:48:00,5036.96,D0651,M044,Pune,0,,9,0,0,0,2.2549952125967563,1.9765625503196609,80640.0,0,1,0,
T005238,U0179,2026-07-21 21:53:00,1379.22,D0651,M047,Pune,0,,21,0,0,0,-1.0678977719331362,0.5229820386702366,43500.0,0,1,0,
T005228,U0179,2026-07-24 06:19:00,1686.24,D0651,M044,Pune,0,,6,0,0,0,-0.7691102232038924,0.6500932909581948,203160.0,0,1,0,
T005227,U0179,2026-07-25 13:11:00,1541.14,D0651,M033,Pune,0,,13,0,0,0,-0.8726823700212072,0.6011648507706454,111120.0,0,1,0,
T005229,U0179,2026-07-25 14:00:00,3933.5,D0651,M047,Pune,0,,14,0,0,0,1.2025101140292787,1.554369898847625,2940.0,1,1,0,
T005224,U0179,2026-07-25 19:41:00,1488.58,D0651,M047,Pune,0,,19,0,0,0,-0.9249923041142323,0.5782133132371611,20460.0,0,1,0,
T005220,U0179,2026-07-26 15:42:00,3404.06,D0651,M033,Pune,0,,15,0,0,0,0.7366353985732835,1.3393676061914777,72060.0,0,1,0,
T005237,U0179,2026-07-28 07:29:00,3735.6,D0651,M033,Pune,0,,7,0,0,0,1.0051433873533087,1.4552901015092887,143220.0,0,1,0,
T005206,U0179,2026-07-28 11:52:00,1626.83,D0651,M033,Pune,0,,11,0,0,0,-0.8374668411473777,0.6256311764458008,15780.0,0,1,0,
T005219,U0179,2026-07-28 17:16:00,1866.32,D0651,M047,Pune,0,,17,0,0,0,-0.6108785121163233,0.7252742410073051,19440.0,0,1,0,
T005248,U0180,2026-07-01 07:45:00,2586.56,D0032,M050,Lucknow,0,,7,0,1,1,0.0,1.0,1000000000.0,0,2,0,
T005263,U0180,2026-07-02 10:46:00,1035.07,D0032,M050,Lucknow,0,,10,0,0,0,0.0,1.0,97260.0,0,2,0,
T005259,U0180,2026-07-02 19:54:00,2398.1,D0032,M009,Lucknow,0,,19,0,0,1,0.0,1.0,32880.0,0,2,0,
T005249,U0180,2026-07-03 09:08:00,2220.83,D0032,M009,Lucknow,0,,9,0,0,0,0.30994876637959906,1.1067755525047922,47640.0,0,2,0,
T005260,U0180,2026-07-03 19:37:00,2806.19,D0032,M017,Lucknow,0,,19,0,0,1,1.2315329381878155,1.3621355823574441,37740.0,0,2,0,
T005251,U0180,2026-07-03 20:56:00,2899.95,D0032,M009,Lucknow,0,,20,0,0,0,1.1164305256133047,1.3125806226661323,4740.0,0,2,0,
T005242,U0180,2026-07-04 08:27:00,2256.6,D0032,M050,Lucknow,0,,8,0,0,0,-0.1093350892902427,0.9708102987929143,41460.0,0,2,0,
T005261,U0180,2026-07-04 14:09:00,1588.99,D0032,M050,Lucknow,0,,14,0,0,0,-1.262146872087921,0.6864607823835128,20520.0,0,2,0,
T005243,U0180,2026-07-04 15:19:00,3337.39,D0032,M013,Lucknow,0,,15,0,0,1,1.890206185774805,1.5006005403461384,4200.0,0,2,0,
T005255,U0180,2026-07-05 07:34:00,2516.04,D0032,M050,Lucknow,0,,7,0,0,0,0.25640974445935283,1.0716849469729233,58500.0,0,2,0,
T005254,U0180,2026-07-05 12:06:00,2667.6,D0032,M013,Lucknow,0,,12,0,0,0,0.4850591108857149,1.1281534243287354,16320.0,0,2,0,
T005264,U0180,2026-07-06 13:46:00,2611.03,D0032,M050,Lucknow,0,,13,0,0,0,0.3636454832375082,1.0915129671205823,92400.0,0,2,0,
T005241,U0180,2026-07-07 11:25:00,3249.48,D0032,M013,Lucknow,0,,11,0,0,0,1.4479375042393094,1.3481291708827496,77940.0,0,2,0,
T005258,U0180,2026-07-07 14:38:00,2213.08,D0032,M050,Lucknow,0,,14,0,0,0,-0.43637584920668765,0.8942062536034822,11580.0,0,2,0,
T005245,U0180,2026-07-07 14:48:00,2462.93,D0032,M050,Lucknow,0,,14,0,0,0,0.011548024969568624,1.0027367968206997,600.0,1,2,0,
T005247,U0180,2026-07-10 16:51:00,3368.05,D0032,M009,Lucknow,0,,16,0,0,0,1.6206372722212097,1.3709896699533881,266580.0,0,2,0,
T005266,U0180,2026-07-11 16:33:00,1783.39,D0032,M013,Lucknow,0,,16,0,0,0,-1.2429319285068143,0.7094912236481861,85320.0,0,2,0,
T005239,U0180,2026-07-13 18:11:00,2681.98,D0032,M009,Lucknow,0,,18,0,0,0,0.35497605266621707,1.0855302500672834,178680.0,0,2,0,
T005240,U0180,2026-07-19 15:29:00,1828.75,D0032,M017,Lucknow,0,,15,0,0,0,-1.1259267783146905,0.7366852818424543,508680.0,0,2,0,
T005250,U0180,2026-07-22 16:11:00,2164.19,D0032,M009,Lucknow,0,,16,0,0,0,-0.4863021199002695,0.8840643520502076,261720.0,0,2,0,
T005246,U0180,2026-07-22 19:47:00,1543.47,D0032,M017,Lucknow,0,,19,0,0,0,-1.5560342546991448,0.6341785099764654,12960.0,0,2,0,
T005262,U0180,2026-07-24 17:13:00,1782.42,D0032,M013,Lucknow,0,,17,0,0,0,-1.0327014754842043,0.7453418149571238,163560.0,0,2,0,
T005253,U0180,2026-07-25 09:01:00,1426.57,D0032,M050,Lucknow,0,,9,0,0,0,-1.5885446171220357,0.6035245888525338,56880.0,0,2,0,
T005265,U0180,2026-07-27 13:46:00,1340.58,D0032,M013,Lucknow,0,,13,0,0,0,-1.6163012340491565,0.5770936420027536,189900.0,0,2,0,
T005257,U0180,2026-07-28 11:13:00,2549.95,D0032,M009,Lucknow,0,,11,0,0,0,0.4275694983241075,1.1173936314103052,77220.0,0,2,0,
T005256,U0180,2026-07-28 19:22:00,676.0,D0032,M009,Lucknow,0,,19,0,0,0,-2.62401640738087,0.29484017468894796,29340.0,0,2,0,
T005252,U0180,2026-07-29 09:02:00,1827.4,D0032,M017,Lucknow,0,,9,0,0,0,-0.5933676371259132,0.8192472509996015,49200.0,0,2,0,
T005244,U0180,2026-07-29 19:16:00,2236.51,D0032,M017,Lucknow,0,,19,0,0,0,0.031080331875775857,1.009414169007825,36840.0,0,2,0,
T005267,U0181,2026-07-02 16:20:00,3036.97,D0879,M010,Kolkata,0,,16,0,1,1,0.0,1.0,1000000000.0,0,1,0,
T005286,U0181,2026-07-03 11:19:00,2157.84,D0879,M010,Kolkata,0,,11,0,0,0,0.0,1.0,68340.0,0,1,0,
T005276,U0181,2026-07-04 13:56:00,2301.14,D0783,M021,Kolkata,0,,13,0,1,1,0.0,1.0,95820.0,0,1,0,
T005271,U0181,2026-07-04 16:08:00,2106.46,D0783,M033,Kolkata,0,,16,0,0,1,-1.018360388830637,0.843039240852845,7920.0,0,1,0,
T005279,U0181,2026-07-06 12:52:00,3537.65,D0783,M033,Kolkata,0,,12,0,0,0,3.0380469625898536,1.473650884945071,161040.0,0,1,15,amount z-score 3.0
T005272,U0181,2026-07-07 11:56:00,1961.38,D0879,M010,Kolkata,0,,11,0,0,0,-1.1804394654754762,0.7463360134023986,83040.0,0,1,0,
T005278,U0181,2026-07-08 16:26:00,2664.83,D0879,M021,Kolkata,0,,16,0,0,0,0.25848616219997067,1.058771878287592,102600.0,0,1,0,
T005291,U0181,2026-07-09 13:48:00,304.2,D0879,M003,Kolkata,0,,13,0,0,1,-4.1962654191921684,0.11985633445630435,76920.0,0,1,0,
T005273,U0181,2026-07-10 08:28:00,3482.08,D0783,M003,Kolkata,0,,8,0,0,0,1.3730350164752765,1.541555919003078,67200.0,0,1,0,
T005270,U0181,2026-07-10 14:31:00,2644.11,D0879,M033,Kolkata,0,,14,0,0,0,0.26996231424973005,1.1041380249697952,21780.0,0,1,0,
T005284,U0181,2026-07-11 14:03:00,3799.86,D0879,M033,Kolkata,0,,14,0,0,0,1.569205095493854,1.5704068240945623,84720.0,0,1,0,
T005287,U0181,2026-07-11 17:06:00,3454.44,D0783,M021,Kolkata,0,,17,0,0,0,0.9801194311230986,1.3572701173242254,10980.0,0,1,0,
T005269,U0181,2026-07-13 05:06:00,1632.5,D0783,M010,Kolkata,0,,5,1,0,0,-1.0707333098563334,0.6228744684590075,129600.0,0,1,0,
T005282,U0181,2026-07-13 14:37:00,2691.26,D0879,M033,Kolkata,0,,14,0,0,0,0.15821533937916302,1.0575187718047705,34260.0,0,1,0,
T005288,U0181,2026-07-20 15:29:00,2325.39,D0783,M033,Kolkata,0,,15,0,0,0,-0.2576937314415499,0.9100129920586327,607920.0,0,1,0,
T005290,U0181,2026-07-21 12:37:00,1369.67,D0783,M010,Kolkata,0,,12,0,0,0,-1.3545944837481954,0.5392386004111647,76080.0,0,1,0,
T005268,U0181,2026-07-22 12:21:00,2520.15,D0783,M003,Kolkata,0,,12,0,0,0,0.060335438207977515,1.0216018428188445,85440.0,0,1,0,
T005277,U0181,2026-07-24 12:00:00,1381.97,D0783,M003,Kolkata,0,,12,0,0,0,-1.2696795931611715,0.5595029567919844,171540.0,0,1,0,
T005289,U0181,2026-07-24 21:27:00,3760.58,D0879,M003,Kolkata,0,,21,0,0,0,1.554196950543164,1.5606980550058318,34020.0,0,1,0,
T005280,U0181,2026-07-25 12:12:00,2226.1,D0783,M010,Kolkata,0,,12,0,0,0,-0.2833862589293279,0.8973832903116855,53100.0,0,1,0,
T005275,U0181,2026-07-26 07:25:00,2857.18,D0879,M003,Kolkata,0,,7,0,0,0,0.44370238476223295,1.1577237427990337,69180.0,0,1,0,
T005274,U0181,2026-07-26 14:55:00,2035.21,D0783,M010,Kolkata,0,,14,0,0,0,-0.5246289282188767,0.8185155206552807,27000.0,0,1,0,
T005283,U0181,2026-07-27 10:51:00,1538.54,D0783,M033,Kolkata,0,,10,0,0,0,-1.0967447947184252,0.6239128993688762,71760.0,0,1,0,
T005285,U0181,2026-07-27 12:26:00,2773.46,D0879,M010,Kolkata,0,,12,0,0,0,0.4099977912517658,1.1433973873171115,5700.0,0,1,0,
T005281,U0181,2026-07-28 12:44:00,3317.43,D0783,M010,Kolkata,0,,12,0,0,0,1.0526715234984911,1.3595335067086112,87480.0,0,1,0,
T005314,U0182,2026-07-01 06:16:00,3106.78,D0821,M048,Pune,0,,6,0,1,1,0.0,1.0,1000000000.0,0,2,0,
T005310,U0182,2026-07-01 16:44:00,1687.83,D0821,M031,Pune,0,,16,0,0,1,0.0,1.0,37680.0,0,2,0,
T005292,U0182,2026-07-02 11:40:00,3355.19,D0821,M039,Pune,0,,11,0,0,1,0.0,1.0,68160.0,0,2,0,
T005317,U0182,2026-07-02 12:41:00,1864.91,D0821,M039,Pune,0,,12,0,0,0,-1.1595741477114925,0.6864867846990772,3660.0,0,2,0,
T005331,U0182,2026-07-02 13:17:00,3461.39,D0821,M039,Pune,0,,13,0,0,0,1.3025469804052285,1.3825223091302603,2160.0,1,2,0,
T005309,U0182,2026-07-03 17:30:00,2803.63,D0821,M037,Pune,0,,17,0,0,1,0.1424424666715993,1.040223061182307,101580.0,0,2,0,
T005303,U0182,2026-07-03 18:22:00,1696.23,D0821,M031,Pune,0,,18,0,0,0,-1.4614149684692095,0.6251565594914081,3120.0,1,2,0,
T005318,U0182,2026-07-04 12:11:00,2098.55,D0821,M031,Pune,0,,12,0,0,0,-0.6377675881900403,0.8171941856946524,64140.0,0,2,0,
T005332,U0182,2026-07-04 15:16:00,2431.67,D0821,M031,Pune,0,,15,0,0,0,-0.11000485557649002,0.9690577748720909,11100.0,0,2,0,
T005295,U0182,2026-07-07 07:36:00,2890.41,D0821,M048,Pune,0,,7,0,0,0,0.5852565059509878,1.1558465270249052,231600.0,0,2,0,
T005324,U0182,2026-07-08 11:50:00,3016.48,D0821,M031,Pune,0,,11,0,0,0,0.74218242810253,1.1877500084902146,101640.0,0,2,0,
T005308,U0182,2026-07-08 12:02:00,2503.64,D0821,M031,Pune,0,,12,0,0,0,-0.12643804604271247,0.9692736472805646,720.0,1,2,0,
T005307,U0182,2026-07-08 17:28:00,1200.4,D0821,M039,Pune,0,,17,0,0,0,-2.2880343809607293,0.46592279690849797,19560.0,0,2,0,
T005305,U0182,2026-07-09 13:11:00,1915.1,D0821,M037,Pune,0,,13,0,0,0,-0.8116853048142157,0.7751724856290855,70980.0,0,2,0,
T005325,U0182,2026-07-09 17:33:00,1690.26,D0821,M048,Pune,0,,17,0,0,0,-1.0975962302082705,0.6953306879061151,15720.0,0,2,0,
T005293,U0182,2026-07-10 10:41:00,3375.34,D0821,M039,Pune,0,,10,0,0,0,1.466815983902425,1.417318006810286,61680.0,0,2,0,
T005320,U0182,2026-07-10 11:50:00,3675.02,D0821,M037,Pune,0,,11,0,0,0,1.7622899596403077,1.5039287360580333,4140.0,0,2,0,
T005294,U0182,2026-07-11 19:24:00,1428.58,D0821,M039,Pune,0,,19,0,0,0,-1.475102867516615,0.5677870739520302,113640.0,0,2,0,
T005323,U0182,2026-07-13 11:55:00,2920.85,D0821,M031,Pune,0,,11,0,0,0,0.6133262015788051,1.1894484809102226,145860.0,0,2,0,
T005313,U0182,2026-07-13 14:59:00,1644.59,D0821,M031,Pune,0,,14,0,0,0,-1.120680109321133,0.6631093242853997,11040.0,0,2,0,
T005327,U0182,2026-07-15 13:14:00,3176.33,D0821,M031,Pune,0,,13,0,0,0,0.9851046533960759,1.3026594904929643,166500.0,0,2,0,
T005301,U0182,2026-07-16 13:16:00,1829.65,D0821,M048,Pune,0,,13,0,0,0,-0.8609794641918744,0.7397053854705505,86520.0,0,2,0,
T005302,U0182,2026-07-16 16:41:00,3441.03,D0821,M037,Pune,0,,16,0,0,0,1.3419504571963128,1.407823615923281,12300.0,0,2,0,
T005306,U0182,2026-07-20 08:25:00,2863.26,D0821,M037,Pune,0,,8,0,0,0,0.49802308877919466,1.1510319348061164,315840.0,0,2,0,
T005322,U0182,2026-07-20 14:19:00,1670.52,D0821,M031,Pune,0,,14,0,0,0,-1.1217639657830951,0.667350232234561,21240.0,0,2,0,
T005329,U0182,2026-07-20 14:41:00,4817.51,D0821,M039,Pune,0,,14,0,0,0,3.1495024270887986,1.9504834508855386,1320.0,1,2,15,amount z-score 3.1
T005298,U0182,2026-07-21 15:09:00,2156.03,D0821,M039,Pune,0,,15,0,0,0,-0.4704549642524303,0.8421340593103828,88080.0,0,2,0,
T005312,U0182,2026-07-22 12:31:00,2684.6,D0821,M048,Pune,0,,12,0,0,0,0.16464602378511342,1.0547577904151462,76920.0,0,2,0,
T005297,U0182,2026-07-22 18:50:00,1754.9,D0821,M031,Pune,0,,18,0,0,0,-0.9563128265069779,0.6881403715600064,22740.0,0,2,0,
T005316,U0182,2026-07-23 09:44:00,2856.48,D0821,M037,Pune,0,,9,0,0,0,0.4020655483621497,1.1322737837751655,53640.0,0,2,0,
T005296,U0182,2026-07-25 08:04:00,2929.55,D0821,M031,Pune,0,,8,0,0,0,0.4835521545703163,1.1561402710298019,166800.0,0,2,0,
T005311,U0182,2026-07-25 08:43:00,3549.21,D0821,M037,Pune,0,,8,0,0,0,1.2408779033182913,1.3936680826445624,2340.0,1,2,0,
T005315,U0182,2026-07-25 18:03:00,4101.23,D0821,M031,Pune,0,,18,0,0,0,1.871034261807476,1.590858795793689,33600.0,0,2,0,
T005326,U0182,2026-07-26 07:13:00,2561.64,D0821,M048,Pune,0,,7,0,0,0,-0.07414725688717475,0.9761766982837908,47400.0,0,2,0,
T005304,U0182,2026-07-26 11:07:00,3181.21,D0821,M031,Pune,0,,11,0,0,0,0.6727895849113364,1.21312929391206,14040.0,0,2,0,
T005319,U0182,2026-07-26 13:54:00,3561.61,D0821,M031,Pune,0,,13,0,0,0,1.1204936052562122,1.3499713011993828,10020.0,0,2,0,
T005299,U0182,2026-07-27 08:46:00,2922.3,D0821,M037,Pune,0,,8,0,0,0,0.31258230166590906,1.0969867967858775,67920.0,0,2,0,
T005328,U0182,2026-07-27 13:15:00,667.76,D0821,M031,Pune,0,,13,0,0,0,-2.4536927707803087,0.25001156087377613,16140.0,0,2,0,
T005330,U0182,2026-07-27 16:08:00,3640.15,D0821,M031,Pune,0,,16,0,0,0,1.1786609250093238,1.3903244356755464,10380.0,0,2,0,
T005321,U0182,2026-07-27 16:31:00,3000.21,D0821,M037,Pune,0,,16,0,0,0,0.4085180449689216,1.1345498407354062,1380.0,1,2,0,
T005300,U0182,2026-07-29 18:20:00,3183.92,D0821,M039,Pune,0,,18,0,0,0,0.6157105321147806,1.1999845847855792,179340.0,0,2,0,
T005351,U0183,2026-07-01 19:02:00,1326.1,D0854,M006,Kolkata,0,,19,0,1,1,0.0,1.0,1000000000.0,0,2,0,
T007598,U0183,2026-07-03 16:07:00,3136.98,D0854,M049,Kolkata,1,zero_day_drain,16,0,0,1,0.0,1.0,162300.0,0,2,0,
T005347,U0183,2026-07-04 13:45:00,1807.99,D0854,M006,Kolkata,0,,13,0,0,0,0.0,1.0,77880.0,0,2,0,
T007599,U0183,2026-07-05 17:26:00,3791.24,D0854,M022,Kolkata,1,zero_day_drain,17,0,0,1,2.221123246970541,1.8136809180186089,99660.0,0,2,0,
T005341,U0183,2026-07-06 06:48:00,1801.64,D0562,M028,Kolkata,0,,6,0,1,1,-0.7203599841483495,0.7161933986465561,48120.0,0,1,0,
T005367,U0183,2026-07-06 10:05:00,3140.73,D0854,M006,Kolkata,0,,10,0,0,0,0.8245741070488174,1.323644316891236,11820.0,0,2,0,
T005359,U0183,2026-07-06 11:49:00,1034.75,D0562,M006,Kolkata,0,,11,0,0,0,-1.6342774896506795,0.41377090331265814,6240.0,0,1,0,
T005362,U0183,2026-07-06 12:29:00,1522.79,D0562,M028,Kolkata,0,,12,0,0,0,-0.7873156887060987,0.6645828433646285,2400.0,1,1,0,
T005354,U0183,2026-07-06 14:58:00,1154.31,D0854,M028,Kolkata,0,,14,0,0,0,-1.0982485104464577,0.5258150732534657,8940.0,0,2,0,
T005335,U0183,2026-07-07 06:50:00,2223.37,D0562,M007,Kolkata,0,,6,0,0,1,0.15106179347704846,1.069126060780383,57120.0,0,1,0,
T005342,U0183,2026-07-07 12:57:00,2161.21,D0562,M028,Kolkata,0,,12,0,0,0,0.07437248527132491,1.032101394451692,22020.0,0,1,0,
T005358,U0183,2026-07-07 15:37:00,2333.3,D0854,M007,Kolkata,0,,15,0,0,0,0.2705377155231429,1.1110418498409185,9600.0,0,2,0,
T005348,U0183,2026-07-11 12:26:00,1507.41,D0854,M006,Kolkata,0,,12,0,0,0,-0.7394594529354864,0.7111987261141743,334140.0,0,2,0,
T005368,U0183,2026-07-11 17:42:00,2284.69,D0562,M007,Kolkata,0,,17,0,0,0,0.26142141653451595,1.1024114178503404,18960.0,0,1,0,
T005350,U0183,2026-07-12 12:16:00,2458.4,D0562,M028,Kolkata,0,,12,0,0,0,0.47279692265733886,1.1776158009804587,66840.0,0,1,0,
T005365,U0183,2026-07-12 13:37:00,1235.49,D0562,M007,Kolkata,0,,13,0,0,0,-1.1487687411648697,0.5848951438153549,4860.0,0,1,0,
T005364,U0183,2026-07-12 15:38:00,1678.62,D0562,M028,Kolkata,0,,15,0,0,0,-0.4927747707721057,0.8158442785308346,7260.0,0,1,0,
T005349,U0183,2026-07-15 14:58:00,1385.95,D0854,M014,Kolkata,0,,14,0,0,1,-0.8642495790632421,0.6809773799495876,256800.0,0,2,0,
T005352,U0183,2026-07-16 14:36:00,1922.09,D0854,M007,Kolkata,0,,14,0,0,0,-0.10344258217638949,0.9614464033926932,85080.0,0,2,0,
T005355,U0183,2026-07-17 09:07:00,1406.73,D0854,M028,Kolkata,0,,9,0,0,0,-0.8110746840870612,0.7050895001248659,66660.0,0,2,0,
T005345,U0183,2026-07-18 13:10:00,1517.86,D0562,M014,Kolkata,0,,13,0,0,0,-0.6232001168915782,0.772176887157317,100980.0,0,1,0,
T005363,U0183,2026-07-20 14:11:00,1257.68,D0854,M014,Kolkata,0,,14,0,0,0,-0.9702581603572066,0.6468335221921351,176460.0,0,2,0,
T005334,U0183,2026-07-20 14:29:00,1666.13,D0562,M014,Kolkata,0,,14,0,0,0,-0.34983864017257976,0.8708824773604281,1080.0,1,1,0,
T005340,U0183,2026-07-21 13:43:00,1679.38,D0854,M028,Kolkata,0,,13,0,0,0,-0.3221063211681503,0.882763887745585,83640.0,0,2,0,
T005360,U0183,2026-07-21 14:49:00,1516.64,D0854,M006,Kolkata,0,,14,0,0,0,-0.5542151645382579,0.8011332268535073,3960.0,0,2,0,
T005366,U0183,2026-07-21 14:55:00,474.03,D0854,M014,Kolkata,0,,14,0,0,0,-2.0966565137250113,0.252404183929663,360.0,1,2,0,
T007600,U0183,2026-07-21 15:24:00,3024.96,D0854,M031,Kolkata,1,zero_day_drain,15,0,0,1,1.6914300358029488,1.6583682485835667,1740.0,2,2,0,
T005339,U0183,2026-07-22 16:20:00,1255.46,D0854,M007,Kolkata,0,,16,0,0,0,-0.8367315516179675,0.6718950285668069,89760.0,0,2,0,
T005337,U0183,2026-07-24 15:00:00,768.58,D0854,M006,Kolkata,0,,15,0,0,0,-1.4799575364141062,0.4162044854109824,168000.0,0,2,0,
T005336,U0183,2026-07-24 16:35:00,1591.12,D0854,M014,Kolkata,0,,16,0,0,0,-0.294144362545116,0.8793313167574006,5700.0,0,2,0,
T005346,U0183,2026-07-24 18:35:00,2307.3,D0854,M006,Kolkata,0,,18,0,0,0,0.6910982714656968,1.2802773214996606,7200.0,0,2,0,
T005353,U0183,2026-07-26 13:18:00,609.81,D0562,M028,Kolkata,0,,13,0,0,0,-1.6682468001208406,0.3353402065424744,153780.0,0,1,0,
T005356,U0183,2026-07-27 10:14:00,1046.87,D0854,M028,Kolkata,0,,10,0,0,0,-0.9870497565743335,0.5878945094810704,75360.0,0,2,0,
T005343,U0183,2026-07-28 13:14:00,670.61,D0854,M028,Kolkata,0,,13,0,0,0,-1.4644529220116302,0.3813592748153079,97200.0,0,2,0,
T005357,U0183,2026-07-28 14:22:00,1259.87,D0562,M006,Kolkata,0,,14,0,0,0,-0.618375967212622,0.729734572974156,4080.0,0,1,0,
T007601,U0183,2026-07-29 17:39:00,3212.56,D0854,M025,Kolkata,1,zero_day_drain,17,0,0,1,2.005201568086612,1.8752406798316437,98220.0,0,2,0,
T005361,U0183,2026-07-30 09:32:00,1025.06,D0854,M007,Kolkata,0,,9,0,0,0,-0.938701249525378,0.5841477281540457,57180.0,0,2,0,
T005333,U0183,2026-07-30 14:29:00,2623.09,D0562,M028,Kolkata,0,,14,0,0,0,1.1445156169000097,1.5118036133074413,17820.0,0,1,0,
T005344,U0183,2026-07-30 16:22:00,787.94,D0854,M014,Kolkata,0,,16,0,0,0,-1.2463175786640606,0.44808981608978915,6780.0,0,2,0,
T005338,U0183,2026-07-30 17:45:00,2255.95,D0562,M014,Kolkata,0,,17,0,0,0,0.6664827193623263,1.3013413642858551,4980.0,0,1,0,
T005377,U0184,2026-07-08 04:58:00,3162.21,D0693,M011,Lucknow,0,,4,1,1,1,0.0,1.0,1000000000.0,0,1,20,odd hour + new device
T005373,U0184,2026-07-10 13:58:00,4370.37,D0693,M011,Lucknow,0,,13,0,0,0,0.0,1.0,205200.0,0,1,0,
T005380,U0184,2026-07-11 18:31:00,1901.3,D0693,M032,Lucknow,0,,18,0,0,1,0.0,1.0,102780.0,0,1,0,
T005383,U0184,2026-07-12 11:23:00,3314.41,D0693,M011,Lucknow,0,,11,0,0,0,0.1684241028112174,1.0539915704713252,60720.0,0,1,0,
T005374,U0184,2026-07-12 14:27:00,1716.08,D0693,M011,Lucknow,0,,14,0,0,0,-1.6790147510111955,0.5384502547279831,11040.0,0,1,0,
T005382,U0184,2026-07-13 11:52:00,3125.05,D0693,M025,Lucknow,0,,11,0,0,1,0.23693175191096288,1.0802579023212704,77100.0,0,1,0,
T005371,U0184,2026-07-13 20:12:00,3803.06,D0693,M032,Lucknow,0,,20,0,0,0,0.9696985898260442,1.2972775675500579,30000.0,0,1,0,
T005378,U0184,2026-07-16 16:18:00,3128.24,D0693,M032,Lucknow,0,,16,0,0,0,0.08144101863267632,1.0236157749281378,245160.0,0,1,0,
T005381,U0184,2026-07-17 09:59:00,3141.6,D0693,M032,Lucknow,0,,9,0,0,0,0.09225971585793322,1.0249617463027312,63660.0,0,1,0,
T005369,U0184,2026-07-19 17:21:00,2967.17,D0693,M011,Lucknow,0,,17,0,0,0,-0.13604816499267453,0.9653756442450099,199320.0,0,1,0,
T005376,U0184,2026-07-22 08:30:00,2836.12,D0693,M011,Lucknow,0,,8,0,0,0,-0.30538005874511875,0.925944244933251,227340.0,0,1,0,
T005370,U0184,2026-07-24 14:00:00,2675.35,D0693,M032,Lucknow,0,,14,0,0,0,-0.5159949949245813,0.8793758724352213,192600.0,0,1,0,
T005372,U0184,2026-07-24 19:31:00,2399.74,D0693,M025,Lucknow,0,,19,0,0,0,-0.8889767037715829,0.7967934440711724,19860.0,0,1,0,
T005379,U0184,2026-07-25 13:16:00,1883.43,D0693,M011,Lucknow,0,,13,0,0,0,-1.587165503840622,0.635291782239067,63900.0,0,1,0,
T005375,U0184,2026-07-26 13:16:00,1605.4,D0693,M032,Lucknow,0,,13,0,0,0,-1.797895780918555,0.5559946495376914,86400.0,0,1,0,
T005400,U0185,2026-07-01 12:43:00,739.66,D0391,M054,Pune,0,,12,0,1,1,0.0,1.0,1000000000.0,0,1,0,
T005398,U0185,2026-07-04 07:15:00,728.67,D0146,M042,Pune,0,,7,0,1,1,0.0,1.0,239520.0,0,2,0,
T005413,U0185,2026-07-04 17:41:00,644.08,D0146,M011,Pune,0,,17,0,0,1,0.0,1.0,37560.0,0,2,0,
T005384,U0185,2026-07-05 16:50:00,587.9,D0146,M054,Pune,0,,16,0,0,0,-2.721989762859437,0.8349231434689434,83340.0,0,2,0,
T005388,U0185,2026-07-05 17:00:00,844.25,D0391,M044,Pune,0,,17,0,0,1,2.708596628687555,1.2505971518076116,600.0,1,1,0,
T005396,U0185,2026-07-06 09:55:00,818.3,D0391,M011,Pune,0,,9,0,0,0,1.2466035204089216,1.1543040586782223,60900.0,0,1,0,
T005390,U0185,2026-07-06 13:24:00,624.41,D0146,M044,Pune,0,,13,0,0,0,-1.1430026022982007,0.8587165288016807,12540.0,0,2,0,
T005391,U0185,2026-07-06 13:42:00,557.81,D0391,M011,Pune,0,,13,0,0,0,-1.7061624491770284,0.7829273318908959,1080.0,1,1,0,
T005410,U0185,2026-07-06 14:13:00,581.17,D0391,M054,Pune,0,,14,0,0,0,-1.1306848217683196,0.8384658099238015,1860.0,2,1,0,
T005416,U0185,2026-07-07 07:29:00,661.26,D0391,M044,Pune,0,,7,0,0,0,-0.1947893231720411,0.9714490905948922,62160.0,0,1,0,
T005415,U0185,2026-07-07 16:48:00,597.86,D0146,M042,Pune,0,,16,0,0,0,-0.8530011321018012,0.8808237470282567,33540.0,0,2,0,
T005397,U0185,2026-07-08 10:36:00,695.47,D0146,M054,Pune,0,,10,0,0,0,0.25784731228627594,1.0358546678914664,64080.0,0,2,0,
T005408,U0185,2026-07-08 13:53:00,1094.31,D0391,M044,Pune,0,,13,0,0,0,4.69588689597929,1.6250439286632916,11820.0,0,1,15,amount z-score 4.7
T005395,U0185,2026-07-09 07:19:00,964.35,D0146,M042,Pune,0,,7,0,0,0,1.8285590812772199,1.3663591311572378,62760.0,0,2,0,
T005403,U0185,2026-07-10 11:17:00,558.11,D0146,M044,Pune,0,,11,0,0,0,-1.0954504549515682,0.770604072115148,100680.0,0,2,0,
T005385,U0185,2026-07-11 11:16:00,1019.41,D0391,M054,Pune,0,,11,0,0,0,2.0111494952812077,1.4293987141575564,86340.0,0,1,0,
T005404,U0185,2026-07-11 13:40:00,576.03,D0391,M042,Pune,0,,13,0,0,0,-0.9470573201795613,0.7865890804500268,8640.0,0,1,0,
T005411,U0185,2026-07-11 14:22:00,710.43,D0146,M044,Pune,0,,14,0,0,0,-0.07725809687356962,0.9824502449187421,2520.0,1,2,0,
T005406,U0185,2026-07-11 15:56:00,560.62,D0391,M042,Pune,0,,15,0,0,0,-1.0133713876556978,0.7760353371583116,5640.0,0,1,0,
T005402,U0185,2026-07-12 18:28:00,604.48,D0391,M054,Pune,0,,18,0,0,0,-0.6858182070021315,0.8467292326001831,95520.0,0,1,0,
T005407,U0185,2026-07-14 10:53:00,1122.73,D0146,M054,Pune,0,,10,0,0,0,2.633412414074072,1.5848165425401606,145500.0,0,2,0,
T005387,U0185,2026-07-16 13:27:00,1013.01,D0146,M042,Pune,0,,13,0,0,0,1.6086212092419647,1.3911960434249833,182040.0,0,2,0,
T005392,U0185,2026-07-17 12:30:00,740.9,D0146,M044,Pune,0,,12,0,0,0,-0.001123321587245366,0.9997227715112375,82980.0,0,2,0,
T005393,U0185,2026-07-19 12:13:00,725.84,D0146,M011,Pune,0,,12,0,0,0,-0.08528967289277968,0.9794135820760006,171780.0,0,2,0,
T005389,U0185,2026-07-20 12:11:00,668.64,D0391,M042,Pune,0,,12,0,0,0,-0.41007873825521146,0.9030052218791607,86280.0,0,1,0,
T005394,U0185,2026-07-21 09:46:00,436.22,D0391,M011,Pune,0,,9,0,0,0,-1.7503405890185417,0.5914141762184119,77700.0,0,1,0,
T005386,U0185,2026-07-21 13:30:00,734.1,D0146,M054,Pune,0,,13,0,0,0,0.045394510827873866,1.0111613088903644,13440.0,0,2,0,
T005409,U0185,2026-07-21 22:02:00,537.55,D0146,M044,Pune,0,,22,0,0,0,-1.0774872935701099,0.7401241803943417,30720.0,0,2,0,
T005412,U0185,2026-07-22 10:44:00,719.74,D0391,M054,Pune,0,,10,0,0,0,0.0010477467259219814,1.000255612562351,45720.0,0,1,0,
T005405,U0185,2026-07-23 11:25:00,573.03,D0391,M042,Pune,0,,11,0,0,0,-0.8494949342437484,0.7963589929370671,88860.0,0,1,0,
T005401,U0185,2026-07-28 15:23:00,403.98,D0146,M044,Pune,0,,15,0,0,0,-1.810362702401795,0.5652615575612213,446280.0,0,2,0,
T005399,U0185,2026-07-29 09:04:00,698.71,D0146,M042,Pune,0,,9,0,0,0,-0.03348971010442659,0.9915625649716524,63660.0,0,2,0,
T005414,U0185,2026-07-30 10:03:00,628.15,D0146,M044,Pune,0,,10,0,0,0,-0.43676446584130935,0.8916636304643504,89940.0,0,2,0,
T005430,U0186,2026-07-06 08:56:00,2284.59,D0478,M056,Pune,0,,8,0,1,1,0.0,1.0,1000000000.0,0,2,0,
T005420,U0186,2026-07-06 11:39:00,1888.43,D0478,M056,Pune,0,,11,0,0,0,0.0,1.0,9780.0,0,2,0,
T005437,U0186,2026-07-08 20:19:00,1750.27,D0447,M056,Pune,0,,20,0,1,0,0.0,1.0,204000.0,0,1,0,
T005421,U0186,2026-07-09 12:43:00,2638.62,D0478,M056,Pune,0,,12,0,0,0,2.9330143313310755,1.3363958198890837,59040.0,0,2,0,
T005432,U0186,2026-07-10 17:46:00,1583.75,D0447,M030,Pune,0,,17,0,0,1,-1.5993159845815292,0.7399049974877545,104580.0,0,1,0,
T005424,U0186,2026-07-11 14:09:00,2311.48,D0447,M027,Pune,0,,14,0,0,1,0.7375955645741415,1.1391471815834813,73380.0,0,1,0,
T005417,U0186,2026-07-12 14:28:00,1710.87,D0478,M056,Pune,0,,14,0,0,0,-1.0010368515991197,0.8240430785120615,87540.0,0,2,0,
T005439,U0186,2026-07-14 18:06:00,838.95,D0447,M027,Pune,0,,18,0,0,0,-3.2804613607948143,0.41450069537630874,185880.0,0,1,0,
T005433,U0186,2026-07-17 07:48:00,2827.19,D0447,M027,Pune,0,,7,0,0,0,1.8383677450129972,1.5071353550581141,222120.0,0,1,0,
T005431,U0186,2026-07-17 21:27:00,2190.54,D0478,M030,Pune,0,,21,0,0,0,0.3651988228894782,1.1054555440013065,49140.0,0,2,0,
T005434,U0186,2026-07-19 07:09:00,1323.17,D0447,M056,Pune,0,,7,0,0,0,-1.2431193058625658,0.6607692799934635,121320.0,0,1,0,
T005438,U0186,2026-07-19 18:37:00,1399.43,D0447,M027,Pune,0,,18,0,0,0,-0.9728118079421495,0.7210900761044905,41280.0,0,1,0,
T005418,U0186,2026-07-20 11:39:00,2021.34,D0447,M027,Pune,0,,11,0,0,0,0.22722796206107956,1.0663283400881625,61320.0,0,1,0,
T005427,U0186,2026-07-21 07:33:00,979.81,D0447,M056,Pune,0,,7,0,0,0,-1.7373867972829828,0.5142605785348083,71640.0,0,1,0,
T005425,U0186,2026-07-21 10:52:00,2857.14,D0447,M030,Pune,0,,10,0,0,0,1.798718656080494,1.5534906183928472,11940.0,0,1,0,
T005429,U0186,2026-07-21 14:49:00,1512.58,D0447,M030,Pune,0,,14,0,0,0,-0.6543367581010291,0.7931564396912298,14220.0,0,1,0,
T005436,U0186,2026-07-22 16:31:00,1511.81,D0478,M030,Pune,0,,16,0,0,0,-0.6265501942878736,0.8031353836738311,92520.0,0,2,0,
T005426,U0186,2026-07-23 20:40:00,1856.79,D0447,M030,Pune,0,,20,0,0,0,-0.006541342695468948,0.9979595296181022,101340.0,0,1,0,
T005422,U0186,2026-07-25 15:01:00,1030.69,D0447,M027,Pune,0,,15,0,0,0,-1.4709965945065668,0.5540225447319357,152460.0,0,1,0,
T005423,U0186,2026-07-27 11:29:00,2404.96,D0478,M030,Pune,0,,11,0,0,0,1.0152706562620006,1.3238011491245087,160080.0,0,2,0,
T005428,U0186,2026-07-29 09:19:00,2024.5,D0478,M027,Pune,0,,9,0,0,0,0.3080270439595302,1.0966239738431893,165000.0,0,2,0,
T005419,U0186,2026-07-29 17:28:00,3354.01,D0447,M027,Pune,0,,17,0,0,0,2.647133191584412,1.8084672176052525,29340.0,0,1,0,
T005435,U0186,2026-07-29 18:57:00,1034.62,D0447,M027,Pune,0,,18,0,0,0,-1.3976705559375733,0.5380885330191884,5340.0,0,1,0,
T005469,U0187,2026-07-01 09:07:00,3209.78,D0829,M043,Hyderabad,0,,9,0,1,1,0.0,1.0,1000000000.0,0,1,0,
T005444,U0187,2026-07-02 15:14:00,5553.66,D0829,M055,Hyderabad,0,,15,0,0,1,0.0,1.0,108420.0,0,1,0,
T005465,U0187,2026-07-03 13:20:00,4194.6,D0829,M015,Hyderabad,0,,13,0,0,1,0.0,1.0,79560.0,0,1,0,
T005462,U0187,2026-07-03 16:18:00,4212.53,D0829,M004,Hyderabad,0,,16,0,0,1,-0.11115827205206609,0.9752701795236152,10680.0,0,1,0,
T005455,U0187,2026-07-04 10:33:00,1682.8,D0829,M055,Hyderabad,0,,10,0,0,0,-3.1312424102940133,0.39201960088872534,65700.0,0,1,0,
T005461,U0187,2026-07-04 11:37:00,4194.32,D0829,M043,Hyderabad,0,,11,0,0,0,0.33025242253666975,1.112352857576032,3840.0,0,1,0,
T005456,U0187,2026-07-06 08:21:00,3511.73,D0829,M004,Hyderabad,0,,8,0,0,0,-0.27889789104378754,0.9142078878410268,161040.0,0,1,0,
T005440,U0187,2026-07-07 16:28:00,2488.62,D0829,M004,Hyderabad,0,,16,0,0,0,-1.1868611612862878,0.6559006181388259,115620.0,0,1,0,
T005442,U0187,2026-07-09 14:03:00,4985.98,D0829,M015,Hyderabad,0,,14,0,0,0,1.2142393870138253,1.3731680343670227,164100.0,0,1,0,
T005453,U0187,2026-07-10 11:34:00,1992.48,D0829,M043,Hyderabad,0,,11,0,0,0,-1.5762883455085472,0.5268939724210644,77460.0,0,1,0,
T005443,U0187,2026-07-10 13:08:00,1985.61,D0829,M015,Hyderabad,0,,13,0,0,0,-1.3440553618027096,0.5511526236100779,5640.0,0,1,0,
T005457,U0187,2026-07-10 16:03:00,4789.02,D0829,M043,Hyderabad,0,,16,0,0,0,1.0772734941617088,1.3858536130921333,10500.0,0,1,0,
T005463,U0187,2026-07-10 20:46:00,4456.15,D0829,M055,Hyderabad,0,,20,0,0,0,0.716661962102117,1.2493548648133292,16980.0,0,1,0,
T005458,U0187,2026-07-11 11:33:00,3056.99,D0829,M015,Hyderabad,0,,11,0,0,0,-0.4756163302472422,0.8409470453878785,53220.0,0,1,0,
T005450,U0187,2026-07-11 12:54:00,2787.19,D0829,M043,Hyderabad,0,,12,0,0,0,-0.6831343714561705,0.7755386292823578,4860.0,0,1,0,
T005460,U0187,2026-07-13 15:25:00,4627.75,D0829,M055,Hyderabad,0,,15,0,0,0,0.9389023172722818,1.3072380680378926,181860.0,0,1,0,
T005441,U0187,2026-07-15 19:33:00,4581.02,D0829,M043,Hyderabad,0,,19,0,0,0,0.8444745134451608,1.2696574226407307,187680.0,0,1,0,
T005459,U0187,2026-07-16 10:01:00,3347.62,D0829,M035,Hyderabad,0,,10,0,0,1,-0.27844540163330933,0.9133257891115707,52080.0,0,1,0,
T005447,U0187,2026-07-16 16:05:00,3815.75,D0829,M004,Hyderabad,0,,16,0,0,0,0.15127403188121247,1.0460820752000033,21840.0,0,1,0,
T005449,U0187,2026-07-17 11:31:00,5662.15,D0829,M043,Hyderabad,0,,11,0,0,0,1.8533241187148335,1.5485141114117915,69960.0,0,1,0,
T005448,U0187,2026-07-17 18:55:00,4759.2,D0829,M043,Hyderabad,0,,18,0,0,0,0.8779429931711429,1.2668270427148658,26640.0,0,1,0,
T005452,U0187,2026-07-18 17:30:00,3414.83,D0829,M015,Hyderabad,0,,17,0,0,0,-0.34348514562694205,0.897571498338143,81300.0,0,1,0,
T005467,U0187,2026-07-20 18:00:00,2126.56,D0829,M055,Hyderabad,0,,18,0,0,0,-1.4938273379822107,0.5615705621554331,174600.0,0,1,0,
T005468,U0187,2026-07-22 13:32:00,4107.02,D0829,M055,Hyderabad,0,,13,0,0,0,0.34466511298814284,1.1056356109656664,156720.0,0,1,0,
T005466,U0187,2026-07-24 13:36:00,3646.47,D0829,M043,Hyderabad,0,,13,0,0,0,-0.07563373490669721,0.9773508608180839,173040.0,0,1,0,
T005446,U0187,2026-07-24 15:36:00,6660.45,D0829,M015,Hyderabad,0,,15,0,0,0,2.6788430335914972,1.7867963698971236,7200.0,0,1,0,
T005454,U0187,2026-07-25 05:28:00,4071.14,D0829,M004,Hyderabad,0,,5,1,0,0,0.1902733685593041,1.0600835568256577,49920.0,0,1,0,
T005451,U0187,2026-07-26 12:00:00,4964.86,D0829,M015,Hyderabad,0,,12,0,0,0,0.9370939835477199,1.289928678468519,109920.0,0,1,0,
T005464,U0187,2026-07-27 11:02:00,3559.36,D0829,M055,Hyderabad,0,,11,0,0,0,-0.2774040812346613,0.9152859292683339,82920.0,0,1,0,
T005445,U0187,2026-07-27 15:10:00,5147.28,D0829,M055,Hyderabad,0,,15,0,0,0,1.0867686954888254,1.3274958456504193,14880.0,0,1,0,
T005492,U0188,2026-07-01 19:55:00,3067.22,D0422,M051,Mumbai,0,,19,0,1,1,0.0,1.0,1000000000.0,0,3,20,device shared by 3 users
T005479,U0188,2026-07-02 10:41:00,2182.41,D0422,M017,Mumbai,0,,10,0,0,1,0.0,1.0,53160.0,0,3,20,device shared by 3 users
T005487,U0188,2026-07-02 14:59:00,4157.27,D0422,M043,Mumbai,0,,14,0,0,1,0.0,1.0,15480.0,0,3,20,device shared by 3 users
T005501,U0188,2026-07-04 18:56:00,4674.66,D0422,M051,Mumbai,0,,18,0,0,0,1.9054830075736078,1.490818441306652,187020.0,0,3,20,device shared by 3 users
T005478,U0188,2026-07-04 19:06:00,3034.06,D0422,M043,Mumbai,0,,19,0,0,0,-0.5033875387108067,0.8618533739552001,600.0,1,3,20,device shared by 3 users
T005507,U0188,2026-07-05 14:27:00,5094.45,D0422,M043,Mumbai,0,,14,0,0,0,1.886915203569231,1.4882458241395153,69660.0,0,3,20,device shared by 3 users
T005474,U0188,2026-07-05 17:28:00,3398.48,D0422,M043,Mumbai,0,,17,0,0,0,-0.29706065066723875,0.9180916581753885,10860.0,0,3,20,device shared by 3 users
T005502,U0188,2026-07-06 05:21:00,5569.43,D0422,M051,Mumbai,0,,5,1,0,0,2.0097729335705607,1.522382563219836,42780.0,0,3,20,device shared by 3 users
T005471,U0188,2026-07-07 15:50:00,1406.94,D0422,M004,Mumbai,0,,15,0,0,1,-2.2822684727682057,0.3610086348477975,124140.0,0,3,20,device shared by 3 users
T005470,U0188,2026-07-08 10:21:00,3376.7,D0422,M043,Mumbai,0,,10,0,0,0,-0.1886471143941648,0.9326492129367253,66660.0,0,3,20,device shared by 3 users
T005493,U0188,2026-07-08 12:35:00,1986.25,D0422,M028,Mumbai,0,,12,0,0,1,-1.3105174860041873,0.552324950724599,8040.0,0,3,20,device shared by 3 users
T005506,U0188,2026-07-10 16:21:00,5864.84,D0422,M017,Mumbai,0,,16,0,0,0,1.9175929674347192,1.70004904046787,186360.0,0,3,20,device shared by 3 users
T005499,U0188,2026-07-11 08:02:00,2139.51,D0422,M043,Mumbai,0,,8,0,0,0,-1.096747598093027,0.5859970769433811,56460.0,0,3,20,device shared by 3 users
T005508,U0188,2026-07-11 12:27:00,4089.35,D0422,M017,Mumbai,0,,12,0,0,0,0.4006829522196944,1.156887523278755,15900.0,0,3,20,device shared by 3 users
T005491,U0188,2026-07-11 16:52:00,3124.96,D0422,M051,Mumbai,0,,16,0,0,0,-0.33506981846083206,0.8742619383796381,15900.0,0,3,20,device shared by 3 users
T005490,U0188,2026-07-12 18:12:00,4460.41,D0422,M043,Mumbai,0,,18,0,0,0,0.7042250755724374,1.2584261184832566,91200.0,0,3,20,device shared by 3 users
T005498,U0188,2026-07-13 11:05:00,4140.33,D0422,M043,Mumbai,0,,11,0,0,0,0.4212283326299176,1.1495540103570854,60780.0,0,3,20,device shared by 3 users
T005475,U0188,2026-07-14 11:59:00,2358.25,D0422,M017,Mumbai,0,,11,0,0,0,-1.0225260612461402,0.6490532929327473,89640.0,0,3,20,device shared by 3 users
T005488,U0188,2026-07-14 12:21:00,3773.41,D0422,M017,Mumbai,0,,12,0,0,0,0.1691658074951072,1.0591942175429454,1320.0,1,3,20,device shared by 3 users
T005500,U0188,2026-07-14 15:08:00,3196.1,D0422,M043,Mumbai,0,,15,0,0,0,-0.31091214454236543,0.8943572451437336,10020.0,0,3,20,device shared by 3 users
T005494,U0188,2026-07-16 14:23:00,3644.35,D0422,M004,Mumbai,0,,14,0,0,0,0.07552323127450049,1.02520527777393,170100.0,0,3,20,device shared by 3 users
T005482,U0188,2026-07-17 13:22:00,5994.41,D0422,M028,Mumbai,0,,13,0,0,0,2.1032183432458376,1.6842875866060159,82740.0,0,3,20,device shared by 3 users
T005484,U0188,2026-07-19 11:27:00,3170.33,D0422,M043,Mumbai,0,,11,0,0,0,-0.402782881656111,0.8639165828953876,165900.0,0,3,20,device shared by 3 users
T005473,U0188,2026-07-19 12:08:00,2931.99,D0422,M017,Mumbai,0,,12,0,0,0,-0.588412194563685,0.803724179235946,2460.0,1,3,20,device shared by 3 users
T005503,U0188,2026-07-22 09:36:00,3698.49,D0422,M017,Mumbai,0,,9,0,0,0,0.06694340929912329,1.022198714054179,250080.0,0,3,20,device shared by 3 users
T005480,U0188,2026-07-22 10:14:00,4373.11,D0422,M051,Mumbai,0,,10,0,0,0,0.6394048391153792,1.2075797537053294,2280.0,1,3,20,device shared by 3 users
T005505,U0188,2026-07-23 07:24:00,3437.52,D0422,M043,Mumbai,0,,7,0,0,0,-0.18313391487773983,0.9417097933931348,76200.0,0,3,20,device shared by 3 users
T005504,U0188,2026-07-23 11:16:00,4679.57,D0422,M004,Mumbai,0,,11,0,0,0,0.9091048275692944,1.2847434488211775,13920.0,0,3,20,device shared by 3 users
T005483,U0188,2026-07-24 02:27:00,3963.03,D0422,M028,Mumbai,0,,2,1,0,0,0.2494685202224452,1.0770692102274606,54660.0,0,3,20,device shared by 3 users
T005497,U0188,2026-07-24 16:34:00,3001.97,D0422,M028,Mumbai,0,,16,0,0,0,-0.6146531713567887,0.8137105872359724,50820.0,0,3,20,device shared by 3 users
T005477,U0188,2026-07-25 14:54:00,4024.75,D0422,M051,Mumbai,0,,14,0,0,0,0.32400070414534166,1.0977608829824874,80400.0,0,3,20,device shared by 3 users
T005485,U0188,2026-07-26 14:05:00,4456.5,D0422,M028,Mumbai,0,,14,0,0,0,0.7142602879878711,1.2117006115661317,83460.0,0,3,20,device shared by 3 users
T005495,U0188,2026-07-26 14:06:00,2062.79,D0422,M043,Mumbai,0,,14,0,0,0,-1.5159619278844345,0.5571764577267642,60.0,1,3,20,device shared by 3 users
T005472,U0188,2026-07-27 19:09:00,2806.67,D0422,M043,Mumbai,0,,19,0,0,0,-0.7680019165309478,0.7684158239266441,104580.0,0,3,20,device shared by 3 users
T005486,U0188,2026-07-28 07:46:00,2939.22,D0422,M017,Mumbai,0,,7,0,0,0,-0.6290331270484399,0.8102243129402691,45420.0,0,3,20,device shared by 3 users
T005481,U0188,2026-07-28 16:32:00,1973.19,D0422,M017,Mumbai,0,,16,0,0,0,-1.5070400652883278,0.5468941846871126,31560.0,0,3,20,device shared by 3 users
T007400,U0188,2026-07-28 20:00:00,36.46,D0422,M046,Mumbai,1,velocity_burst,20,0,0,1,-3.197344243008606,0.010234152950525967,12480.0,0,3,20,device shared by 3 users
T007401,U0188,2026-07-28 20:02:00,109.97,D0422,M007,Mumbai,1,velocity_burst,20,0,0,1,-2.7318529987395364,0.03171649904946528,120.0,1,3,20,device shared by 3 users
T007403,U0188,2026-07-28 20:03:00,121.87,D0422,M032,Mumbai,1,velocity_burst,20,0,0,1,-2.455529727912089,0.036067628057536355,60.0,2,3,20,device shared by 3 users
T007402,U0188,2026-07-28 20:04:00,74.28,D0422,M007,Mumbai,1,velocity_burst,20,0,0,0,-2.2895603081921245,0.02254040227069837,60.0,3,3,20,device shared by 3 users
T007404,U0188,2026-07-28 20:04:00,145.44,D0422,M048,Mumbai,1,velocity_burst,20,0,0,1,-2.077588940280712,0.04523953014056028,0.0,4,3,30,device shared by 3 users; rapid repeat transactions
T007405,U0188,2026-07-28 20:05:00,59.76,D0422,M017,Mumbai,1,velocity_burst,20,0,0,0,-2.007767778300565,0.019031708166956835,60.0,5,3,50,5 txns in last 1h (velocity); device shared by 3 users
T007406,U0188,2026-07-28 20:12:00,90.12,D0422,M054,Mumbai,1,velocity_burst,20,0,0,1,-1.8757387740049172,0.0293867968013043,420.0,6,3,50,6 txns in last 1h (velocity); device shared by 3 users
T005489,U0188,2026-07-30 08:27:00,5239.54,D0422,M004,Mumbai,0,,8,0,0,0,1.374483712017866,1.7479927579391328,130500.0,0,3,20,device shared by 3 users
T005496,U0188,2026-07-30 13:09:00,3098.29,D0422,M017,Mumbai,0,,13,0,0,0,0.03028412086763893,1.0163602032774695,16920.0,0,3,20,device shared by 3 users
T005476,U0188,2026-07-30 14:38:00,1321.93,D0422,M051,Mumbai,0,,14,0,0,0,-1.0608877237443235,0.4334871033162032,5340.0,0,3,20,device shared by 3 users
T005517,U0189,2026-07-01 13:38:00,1465.2,D0410,M021,Lucknow,0,,13,0,1,1,0.0,1.0,1000000000.0,0,2,0,
T005512,U0189,2026-07-01 17:39:00,1376.19,D0410,M048,Lucknow,0,,17,0,0,1,0.0,1.0,14460.0,0,2,0,
T005511,U0189,2026-07-02 16:52:00,2509.96,D0410,M044,Lucknow,0,,16,0,0,1,0.0,1.0,83580.0,0,2,0,
T005525,U0189,2026-07-03 11:08:00,2303.92,D0410,M011,Lucknow,0,,11,0,0,1,1.010428061764821,1.2915918405869964,65760.0,0,2,0,
T005519,U0189,2026-07-04 18:13:00,1056.59,D0410,M037,Lucknow,0,,18,0,0,1,-1.7162865385629422,0.5520850339428471,111900.0,0,2,0,
T005516,U0189,2026-07-11 09:20:00,1800.74,D0410,M037,Lucknow,0,,9,0,0,0,0.10364398293600306,1.033499160320816,572820.0,0,2,0,
T005522,U0189,2026-07-11 11:50:00,2399.31,D0410,M021,Lucknow,0,,11,0,0,0,1.2578148060985224,1.3693910157129208,9000.0,0,2,0,
T005518,U0189,2026-07-11 12:16:00,192.05,D0410,M044,Lucknow,0,,12,0,0,0,-3.132859239320941,0.10411705156488704,1560.0,1,2,0,
T005515,U0189,2026-07-12 14:41:00,2730.92,D0410,M048,Lucknow,0,,14,0,0,0,1.4843555051706259,1.66723341544557,95100.0,0,2,0,
T005523,U0189,2026-07-14 09:04:00,2204.84,D0410,M018,Lucknow,0,,9,0,0,1,0.5750833074265937,1.2531550595092356,152580.0,0,2,0,
T005509,U0189,2026-07-14 13:22:00,1590.89,D0410,M037,Lucknow,0,,13,0,0,0,-0.2853199105566448,0.8818817582080642,15480.0,0,2,0,
T005510,U0189,2026-07-14 17:43:00,1789.6,D0410,M044,Lucknow,0,,17,0,0,0,0.006994739943575785,1.0028012368932593,15660.0,0,2,0,
T005513,U0189,2026-07-16 12:16:00,2004.94,D0410,M011,Lucknow,0,,12,0,0,0,0.321398315973933,1.1232046738347357,153180.0,0,2,0,
T005521,U0189,2026-07-17 11:34:00,1504.24,D0410,M037,Lucknow,0,,11,0,0,0,-0.45103199563769286,0.8347916657587128,83880.0,0,2,0,
T005526,U0189,2026-07-18 12:03:00,1970.99,D0410,M044,Lucknow,0,,12,0,0,0,0.2970837621644358,1.1068806731534013,88140.0,0,2,0,
T005514,U0189,2026-07-20 10:42:00,779.21,D0410,M048,Lucknow,0,,10,0,0,0,-1.6338245569588747,0.4344975793458135,167940.0,0,2,0,
T005520,U0189,2026-07-21 15:17:00,1945.36,D0410,M011,Lucknow,0,,15,0,0,0,0.33176447796213954,1.124502204765604,102900.0,0,2,0,
T005524,U0189,2026-07-25 05:35:00,1881.71,D0410,M021,Lucknow,0,,5,1,0,0,0.2200882370243029,1.0798016530540429,310680.0,0,2,0,
T005563,U0190,2026-07-01 19:23:00,2932.81,D0382,M003,Lucknow,0,,19,0,1,1,0.0,1.0,1000000000.0,0,1,0,
T005541,U0190,2026-07-02 12:15:00,4385.05,D0566,M030,Lucknow,0,,12,0,1,1,0.0,1.0,60720.0,0,1,0,
T005559,U0190,2026-07-02 13:33:00,4325.83,D0566,M030,Lucknow,0,,13,0,0,0,0.0,1.0,4680.0,0,1,0,
T005560,U0190,2026-07-02 17:18:00,3193.79,D0566,M030,Lucknow,0,,17,0,0,0,-1.0243940990346505,0.822880890639596,13500.0,0,1,0,
T005567,U0190,2026-07-02 19:14:00,1896.39,D0382,M029,Lucknow,0,,19,0,0,1,-2.776549867354065,0.5112431489683578,6960.0,0,1,0,
T005547,U0190,2026-07-03 08:26:00,3576.33,D0566,M029,Lucknow,0,,8,0,0,0,0.24653666476665942,1.0685902301533985,47520.0,0,1,0,
T005546,U0190,2026-07-06 16:03:00,1656.12,D0382,M030,Lucknow,0,,16,0,0,0,-2.0238022197511554,0.4892477669872534,286620.0,0,1,0,
T005532,U0190,2026-07-06 17:37:00,2387.92,D0566,M029,Lucknow,0,,17,0,0,0,-0.7533078329511641,0.7609576840669399,5640.0,0,1,0,
T005562,U0190,2026-07-08 10:20:00,3973.07,D0382,M044,Lucknow,0,,10,0,0,1,0.9635418078812832,1.3050934863727737,146580.0,0,1,0,
T005531,U0190,2026-07-08 14:53:00,3446.82,D0382,M030,Lucknow,0,,14,0,0,0,0.3136006841928593,1.0951050413944725,16380.0,0,1,0,
T005555,U0190,2026-07-08 16:09:00,2947.73,D0566,M003,Lucknow,0,,16,0,0,0,-0.2524021919619903,0.9277138348311305,4560.0,0,1,0,
T005549,U0190,2026-07-08 19:17:00,4829.63,D0566,M030,Lucknow,0,,19,0,0,0,1.9227721198192604,1.5300427449211975,11280.0,0,1,0,
T005528,U0190,2026-07-10 16:22:00,3627.93,D0566,M044,Lucknow,0,,16,0,0,0,0.34840516145545997,1.100721110299292,162300.0,0,1,0,
T005548,U0190,2026-07-11 17:20:00,2747.58,D0566,M044,Lucknow,0,,17,0,0,0,-0.6240107115447698,0.8272121299740999,89880.0,0,1,0,
T005535,U0190,2026-07-12 06:24:00,3185.31,D0566,M003,Lucknow,0,,6,0,0,0,-0.10594289740541422,0.9709830815512931,47040.0,0,1,0,
T005556,U0190,2026-07-12 08:10:00,2667.0,D0382,M003,Lucknow,0,,8,0,0,0,-0.6991954118355316,0.8145615628297993,6360.0,0,1,0,
T005533,U0190,2026-07-12 15:18:00,4371.89,D0382,M029,Lucknow,0,,15,0,0,0,1.3305638881311255,1.3509303229105434,25680.0,0,1,0,
T005545,U0190,2026-07-13 14:27:00,2836.27,D0566,M044,Lucknow,0,,14,0,0,0,-0.5364229952461868,0.8586920668730541,83340.0,0,1,0,
T005568,U0190,2026-07-14 15:17:00,1160.15,D0566,M030,Lucknow,0,,15,0,0,0,-2.483736234186443,0.35401925177715976,89400.0,0,1,0,
T005558,U0190,2026-07-16 15:16:00,681.34,D0382,M044,Lucknow,0,,15,0,0,0,-2.6019068348451637,0.21522813364702822,172740.0,0,1,0,
T005552,U0190,2026-07-16 16:15:00,2178.59,D0566,M003,Lucknow,0,,16,0,0,0,-0.8014057707713652,0.7163002620079977,3540.0,1,1,0,
T005553,U0190,2026-07-18 10:31:00,2256.8,D0382,M029,Lucknow,0,,10,0,0,0,-0.6970789301475628,0.7521765246260854,152160.0,0,1,0,
T005554,U0190,2026-07-18 13:08:00,3116.62,D0382,M003,Lucknow,0,,13,0,0,0,0.1424245720127944,1.0505833579417734,9420.0,0,1,0,
T005564,U0190,2026-07-18 14:00:00,3737.69,D0382,M003,Lucknow,0,,14,0,0,0,0.7416890044235762,1.2571753511406023,3120.0,1,1,0,
T005538,U0190,2026-07-19 10:59:00,1654.67,D0566,M029,Lucknow,0,,10,0,0,0,-1.322902095422292,0.5506491660658202,75540.0,0,1,0,
T005540,U0190,2026-07-21 15:34:00,2360.9,D0382,M003,Lucknow,0,,15,0,0,0,-0.5703666468462437,0.8000519968394907,189300.0,0,1,0,
T005534,U0190,2026-07-22 14:29:00,3841.49,D0566,M003,Lucknow,0,,14,0,0,0,0.8947136554335243,1.311876930598644,82500.0,0,1,0,
T005544,U0190,2026-07-23 06:00:00,2307.52,D0382,M003,Lucknow,0,,6,0,0,0,-0.6439965494664546,0.7790244336526929,55860.0,0,1,0,
T005543,U0190,2026-07-23 15:01:00,4151.96,D0382,M044,Lucknow,0,,15,0,0,0,1.2067234245342973,1.4128622057230593,32460.0,0,1,0,
T005551,U0190,2026-07-24 11:12:00,2300.46,D0566,M044,Lucknow,0,,11,0,0,0,-0.6717078005375003,0.7718306890898257,72660.0,0,1,0,
T005527,U0190,2026-07-25 12:01:00,2722.47,D0566,M044,Lucknow,0,,12,0,0,0,-0.23470915420395985,0.9204202681581156,89340.0,0,1,0,
T005566,U0190,2026-07-25 21:39:00,3612.92,D0382,M044,Lucknow,0,,21,0,0,0,0.6710804506774164,1.2246097745715672,34680.0,0,1,0,
T005537,U0190,2026-07-26 16:58:00,3380.38,D0566,M003,Lucknow,0,,16,0,0,0,0.41831445461524447,1.1378033582630074,69540.0,0,1,0,
T005561,U0190,2026-07-27 14:24:00,3524.74,D0566,M003,Lucknow,0,,14,0,0,0,0.5602310361544452,1.1814599337055014,77160.0,0,1,0,
T005557,U0190,2026-07-27 14:51:00,2418.08,D0566,M030,Lucknow,0,,14,0,0,0,-0.6077225967994027,0.8062150203580766,1620.0,1,1,0,
T005529,U0190,2026-07-27 19:39:00,20.0,D0382,M003,Lucknow,0,,19,0,0,0,-3.126563933274305,0.0067053501487420305,17280.0,0,1,0,
T005539,U0190,2026-07-27 21:41:00,3464.62,D0382,M029,Lucknow,0,,21,0,0,0,0.5355311804460254,1.1945335043540204,7320.0,0,1,0,
T005536,U0190,2026-07-28 12:04:00,618.73,D0566,M030,Lucknow,0,,12,0,0,0,-2.201663698574545,0.2122103243401439,51780.0,0,1,0,
T005565,U0190,2026-07-29 11:13:00,4552.3,D0566,M030,Lucknow,0,,11,0,0,0,1.5525098110814772,1.594389184087143,83340.0,0,1,0,
T005530,U0190,2026-07-29 12:25:00,3416.71,D0566,M044,Lucknow,0,,12,0,0,0,0.46587655475691764,1.1786979904805823,4320.0,0,1,0,
T005550,U0190,2026-07-29 13:32:00,2712.2,D0382,M003,Lucknow,0,,13,0,0,0,-0.18119052635233873,0.9314944425938064,4020.0,0,1,0,
T005542,U0190,2026-07-29 14:43:00,4426.74,D0566,M044,Lucknow,0,,14,0,0,0,1.3972777427254401,1.5228910234760817,4260.0,0,1,0,
T005576,U0191,2026-07-01 15:42:00,937.05,D0348,M022,Bengaluru,0,,15,0,1,1,0.0,1.0,1000000000.0,0,1,0,
T005583,U0191,2026-07-02 05:26:00,1485.81,D0348,M022,Bengaluru,0,,5,1,0,0,0.0,1.0,49440.0,0,1,0,
T005579,U0191,2026-07-02 13:23:00,1637.87,D0348,M007,Bengaluru,0,,13,0,0,1,0.0,1.0,28620.0,0,1,0,
T005580,U0191,2026-07-02 13:48:00,2100.37,D0348,M037,Bengaluru,0,,13,0,0,1,2.481041797551401,1.5517185322207692,1500.0,1,1,0,
T005590,U0191,2026-07-02 16:21:00,1065.26,D0348,M037,Bengaluru,0,,16,0,0,0,-1.1436370540112388,0.6916037716046786,9180.0,0,1,0,
T005584,U0191,2026-07-03 16:14:00,1194.16,D0348,M022,Bengaluru,0,,16,0,0,0,-0.6017911173894747,0.8262527739925407,85980.0,0,1,0,
T005581,U0191,2026-07-05 14:06:00,1528.36,D0348,M007,Bengaluru,0,,14,0,0,0,0.3185253610788971,1.0890253800793592,165120.0,0,1,0,
T005587,U0191,2026-07-08 11:58:00,1354.92,D0348,M007,Bengaluru,0,,11,0,0,0,-0.1813939225743065,0.9533173576650615,251520.0,0,1,0,
T005569,U0191,2026-07-11 08:18:00,1151.13,D0348,M037,Bengaluru,0,,8,0,0,0,-0.7637304854167739,0.814685326481583,246000.0,0,1,0,
T005588,U0191,2026-07-11 15:53:00,2408.55,D0348,M022,Bengaluru,0,,15,0,0,0,3.0719894661145246,1.740431297834361,27300.0,0,1,15,amount z-score 3.1
T005572,U0191,2026-07-13 08:54:00,1383.68,D0348,M022,Bengaluru,0,,8,0,0,0,-0.23272019323333124,0.9309260005524104,147660.0,0,1,0,
T005582,U0191,2026-07-16 08:00:00,1547.88,D0348,M037,Bengaluru,0,,8,0,0,0,0.16805962174489622,1.0479788460550787,255960.0,0,1,0,
T005586,U0191,2026-07-16 09:57:00,1167.79,D0348,M037,Bengaluru,0,,9,0,0,0,-0.7796547732781558,0.7874935931894548,7020.0,0,1,0,
T005574,U0191,2026-07-17 12:06:00,1281.55,D0348,M022,Bengaluru,0,,12,0,0,0,-0.44582109807622455,0.8785687573309787,94140.0,0,1,0,
T005575,U0191,2026-07-19 22:23:00,1132.75,D0348,M022,Bengaluru,0,,22,0,0,0,-0.8125129553825099,0.7833532066199633,209820.0,0,1,0,
T005573,U0191,2026-07-23 13:45:00,1456.43,D0348,M007,Bengaluru,0,,13,0,0,0,0.08220690387699466,1.0219543027838949,314520.0,0,1,0,
T005571,U0191,2026-07-23 16:02:00,656.87,D0348,M007,Bengaluru,0,,16,0,0,0,-2.089643369837826,0.4602838975891388,8220.0,0,1,0,
T005577,U0191,2026-07-24 13:43:00,2454.18,D0348,M022,Bengaluru,0,,13,0,0,0,2.6750199958918026,1.7760875373420797,78060.0,0,1,0,
T005570,U0191,2026-07-25 11:41:00,818.53,D0348,M037,Bengaluru,0,,11,0,0,0,-1.3523166684822008,0.5678844272385701,79080.0,0,1,0,
T005591,U0191,2026-07-26 11:27:00,1049.82,D0348,M007,Bengaluru,0,,11,0,0,0,-0.7643656101895606,0.7453004388064812,85560.0,0,1,0,
T005593,U0191,2026-07-27 14:43:00,591.68,D0348,M007,Bengaluru,0,,14,0,0,0,-1.7214899225394544,0.425470715504232,98160.0,0,1,0,
T005585,U0191,2026-07-28 09:07:00,930.51,D0348,M007,Bengaluru,0,,9,0,0,0,-0.8723907351149015,0.6879407725481907,66240.0,0,1,0,
T005592,U0191,2026-07-28 09:44:00,1524.84,D0348,M007,Bengaluru,0,,9,0,0,0,0.39812307813726217,1.1435591764433348,2220.0,1,1,0,
T005578,U0191,2026-07-28 09:46:00,1920.58,D0348,M022,Bengaluru,0,,9,0,0,0,1.2267089595698273,1.4314113506542787,120.0,2,1,0,
T005589,U0191,2026-07-29 07:36:00,1143.58,D0348,M007,Bengaluru,0,,7,0,0,0,-0.466780762517397,0.837261828574235,78600.0,0,1,0,
T005599,U0192,2026-07-02 19:43:00,428.02,D0090,M016,Ahmedabad,0,,19,0,1,1,0.0,1.0,1000000000.0,0,2,0,
T005618,U0192,2026-07-03 16:05:00,882.61,D0100,M012,Ahmedabad,0,,16,0,1,1,0.0,1.0,73320.0,0,1,0,
T005604,U0192,2026-07-05 22:18:00,1193.78,D0100,M016,Ahmedabad,0,,22,0,0,0,0.0,1.0,195180.0,0,1,0,
T005597,U0192,2026-07-07 10:50:00,968.32,D0100,M016,Ahmedabad,0,,10,0,0,0,0.42461382623905736,1.1599378682085548,131520.0,0,1,0,
T005605,U0192,2026-07-07 11:42:00,1173.83,D0090,M012,Ahmedabad,0,,11,0,0,0,1.0979316324207695,1.3520544340020046,3120.0,1,2,0,
T005601,U0192,2026-07-07 16:03:00,580.73,D0100,M017,Ahmedabad,0,,16,0,0,1,-1.2566450931300204,0.6249031534889219,15660.0,0,1,0,
T005608,U0192,2026-07-07 16:31:00,807.61,D0100,M016,Ahmedabad,0,,16,0,0,0,-0.2234882725915681,0.9269927619164127,1680.0,1,1,0,
T005613,U0192,2026-07-08 09:48:00,1233.56,D0100,M012,Ahmedabad,0,,9,0,0,0,1.4046613051039185,1.430830666619859,62220.0,0,1,0,
T005594,U0192,2026-07-09 13:52:00,665.21,D0100,M032,Ahmedabad,0,,13,0,0,1,-0.8811428440086136,0.7321605944234013,101040.0,0,1,0,
T005616,U0192,2026-07-09 15:58:00,714.51,D0100,M012,Ahmedabad,0,,15,0,0,0,-0.6154131452604583,0.810544173466391,7560.0,0,1,0,
T005610,U0192,2026-07-09 16:53:00,918.41,D0090,M016,Ahmedabad,0,,16,0,0,0,0.20433074334948617,1.0619691067230688,3300.0,1,2,0,
T005609,U0192,2026-07-10 23:22:00,481.4,D0100,M023,Ahmedabad,0,,23,0,0,1,-1.5497572098950954,0.553530567726971,109740.0,0,1,0,
T005619,U0192,2026-07-13 17:28:00,1255.72,D0100,M016,Ahmedabad,0,,17,0,0,0,1.5920748023253604,1.4996670958076188,237960.0,0,1,0,
T005617,U0192,2026-07-14 14:19:00,1108.32,D0090,M009,Ahmedabad,0,,14,0,0,1,0.8652215912945469,1.2746399176402863,75060.0,0,2,0,
T005615,U0192,2026-07-16 15:53:00,1194.08,D0100,M023,Ahmedabad,0,,15,0,0,0,1.1264737290367783,1.3468481772235588,178440.0,0,1,0,
T005612,U0192,2026-07-18 22:43:00,1125.94,D0090,M020,Ahmedabad,0,,22,0,0,1,0.796879658135494,1.2412879200139264,197400.0,0,2,0,
T005600,U0192,2026-07-19 15:18:00,524.11,D0090,M012,Ahmedabad,0,,15,0,0,0,-1.4627735443222312,0.5692188114276355,59700.0,0,2,0,
T005595,U0192,2026-07-20 11:15:00,797.59,D0100,M012,Ahmedabad,0,,11,0,0,0,-0.35765528659881857,0.8887577204808496,71820.0,0,1,0,
T005606,U0192,2026-07-20 19:00:00,998.08,D0100,M017,Ahmedabad,0,,19,0,0,0,0.3901373338041429,1.1190805873927616,27900.0,0,1,0,
T005614,U0192,2026-07-22 08:40:00,1461.51,D0090,M032,Ahmedabad,0,,8,0,0,0,2.1202859623637433,1.6284873804781503,135600.0,0,2,0,
T005611,U0192,2026-07-22 15:47:00,947.57,D0090,M016,Ahmedabad,0,,15,0,0,0,0.07632962481223138,1.023661855695772,25620.0,0,2,0,
T005607,U0192,2026-07-22 21:35:00,1114.49,D0090,M032,Ahmedabad,0,,21,0,0,0,0.6704606164828301,1.2026308109304629,20880.0,0,2,0,
T005620,U0192,2026-07-23 14:50:00,722.77,D0090,M012,Ahmedabad,0,,14,0,0,0,-0.7686740728201114,0.7728131644098345,62100.0,0,2,0,
T005602,U0192,2026-07-23 16:41:00,654.86,D0100,M012,Ahmedabad,0,,16,0,0,0,-0.9903381437694956,0.7071865791161732,6660.0,0,1,0,
T005621,U0192,2026-07-23 17:50:00,527.73,D0100,M009,Ahmedabad,0,,17,0,0,0,-1.4151762946908486,0.5769372148698156,4140.0,0,1,0,
T005603,U0192,2026-07-24 18:23:00,1028.52,D0100,M020,Ahmedabad,0,,18,0,0,0,0.46431924416211784,1.143778056053512,88380.0,0,1,0,
T005598,U0192,2026-07-25 17:16:00,1129.15,D0090,M032,Ahmedabad,0,,17,0,0,0,0.8204585685207471,1.2487792041071333,82380.0,0,2,0,
T005596,U0192,2026-07-26 17:12:00,1270.4,D0090,M009,Ahmedabad,0,,17,0,0,0,1.313845419723984,1.3921666259746055,86160.0,0,2,0,
T005639,U0193,2026-07-01 14:51:00,4694.4,D0709,M009,Jaipur,0,,14,0,1,1,0.0,1.0,1000000000.0,0,1,0,
T005634,U0193,2026-07-05 11:22:00,3537.11,D0709,M045,Jaipur,0,,11,0,0,1,0.0,1.0,333060.0,0,1,0,
T005624,U0193,2026-07-06 10:54:00,3415.93,D0709,M017,Jaipur,0,,10,0,0,1,0.0,1.0,84720.0,0,1,0,
T005627,U0193,2026-07-08 08:26:00,3850.97,D0709,M023,Jaipur,0,,8,0,0,1,-0.054681917271706244,0.9918840532361057,163920.0,0,1,0,
T005630,U0193,2026-07-09 10:56:00,4209.53,D0709,M015,Jaipur,0,,10,0,0,1,0.6708929733418257,1.08644177019799,95400.0,0,1,0,
T005636,U0193,2026-07-10 15:09:00,1781.37,D0709,M045,Jaipur,0,,15,0,0,0,-4.6338064894496585,0.4519422120089816,101580.0,0,1,0,
T005629,U0193,2026-07-13 13:35:00,3925.64,D0709,M017,Jaipur,0,,13,0,0,0,0.3778592728963038,1.0960724189573126,253560.0,0,1,0,
T005635,U0193,2026-07-14 14:53:00,3883.12,D0709,M015,Jaipur,0,,14,0,0,0,0.29638789307766916,1.0695216788745738,91080.0,0,1,0,
T005623,U0193,2026-07-15 13:27:00,1993.41,D0709,M015,Jaipur,0,,13,0,0,0,-2.0834855877379788,0.5443116217431901,81240.0,0,1,0,
T005622,U0193,2026-07-16 14:37:00,4319.64,D0709,M017,Jaipur,0,,14,0,0,0,0.9166581057726731,1.242407198023818,90600.0,0,1,0,
T005625,U0193,2026-07-17 12:37:00,3320.41,D0709,M009,Jaipur,0,,12,0,0,0,-0.26504329913221647,0.9324081913367487,79200.0,0,1,0,
T005626,U0193,2026-07-17 16:47:00,2641.0,D0709,M017,Jaipur,0,,16,0,0,0,-1.0340432331703198,0.746207508202008,15000.0,0,1,0,
T005637,U0193,2026-07-20 15:59:00,3047.28,D0709,M009,Jaipur,0,,15,0,0,0,-0.4805608362012306,0.8796039112713312,256320.0,0,1,0,
T005638,U0193,2026-07-24 15:28:00,3820.29,D0709,M015,Jaipur,0,,15,0,0,0,0.46120761540772176,1.1130430628353292,343740.0,0,1,0,
T005632,U0193,2026-07-26 07:36:00,2863.9,D0709,M017,Jaipur,0,,7,0,0,0,-0.7298109723513321,0.8277150540236703,144480.0,0,1,0,
T007389,U0193,2026-07-26 16:00:00,39.17,D0709,M001,Jaipur,1,velocity_burst,16,0,0,1,-4.2106435306279275,0.01145232340223404,30240.0,0,1,0,
T007390,U0193,2026-07-26 16:02:00,106.32,D0709,M018,Jaipur,1,velocity_burst,16,0,0,1,-2.7484629872028683,0.03313235235514057,120.0,1,1,0,
T007391,U0193,2026-07-26 16:02:00,67.07,D0709,M005,Jaipur,1,velocity_burst,16,0,0,1,-2.2484689458017812,0.022161346975903107,0.0,2,1,0,
T007392,U0193,2026-07-26 16:03:00,126.28,D0709,M021,Jaipur,1,velocity_burst,16,0,0,1,-1.8898347745877908,0.04412251127027494,60.0,3,1,0,
T007393,U0193,2026-07-26 16:04:00,28.94,D0709,M035,Jaipur,1,velocity_burst,16,0,0,1,-1.7510246432269336,0.010647361760075554,60.0,4,1,0,
T007394,U0193,2026-07-26 16:05:00,51.52,D0709,M019,Jaipur,1,velocity_burst,16,0,0,1,-1.5751662256127075,0.01994125225802508,60.0,5,1,30,5 txns in last 1h (velocity)
T007395,U0193,2026-07-26 16:06:00,92.97,D0709,M044,Jaipur,1,velocity_burst,16,0,0,1,-1.4287358562651367,0.03774643147686488,60.0,6,1,30,6 txns in last 1h (velocity)
T007397,U0193,2026-07-26 16:08:00,13.35,D0709,M060,Jaipur,1,velocity_burst,16,0,0,1,-1.3823069919866324,0.005668103857635868,120.0,7,1,30,7 txns in last 1h (velocity)
T007398,U0193,2026-07-26 16:09:00,104.51,D0709,M023,Jaipur,1,velocity_burst,16,0,0,0,-1.2461755516324806,0.04637753467868985,60.0,8,1,30,8 txns in last 1h (velocity)
T007396,U0193,2026-07-26 16:14:00,46.67,D0709,M037,Jaipur,1,velocity_burst,16,0,0,1,-1.2154914397601442,0.02156731997787167,300.0,9,1,30,9 txns in last 1h (velocity)
T007399,U0193,2026-07-26 16:20:00,113.63,D0709,M056,Jaipur,1,velocity_burst,16,0,0,1,-1.1191066624213555,0.054649986122448105,360.0,10,1,30,10 txns in last 1h (velocity)
T005633,U0193,2026-07-27 19:35:00,1949.1,D0709,M023,Jaipur,0,,19,0,0,0,-0.030926279587518223,0.9727834621610724,98100.0,0,1,0,
T005631,U0193,2026-07-28 13:13:00,2183.66,D0709,M045,Jaipur,0,,13,0,0,0,0.10520824168562579,1.0909505720767008,63480.0,0,1,0,
T005628,U0193,2026-07-29 15:21:00,2398.27,D0709,M045,Jaipur,0,,15,0,0,0,0.22956943184993484,1.1942898083037743,94080.0,0,1,0,
T005646,U0194,2026-07-01 09:42:00,2948.15,D0063,M035,Hyderabad,0,,9,0,1,1,0.0,1.0,1000000000.0,0,1,0,
T005677,U0194,2026-07-01 13:42:00,2165.83,D0063,M035,Hyderabad,0,,13,0,0,0,0.0,1.0,14400.0,0,1,0,
T005648,U0194,2026-07-01 15:31:00,4491.84,D0063,M035,Hyderabad,0,,15,0,0,0,0.0,1.0,6540.0,0,1,0,
T005681,U0194,2026-07-03 10:09:00,4172.51,D0063,M014,Hyderabad,0,,10,0,0,1,1.0043170567551027,1.3031193584816958,153480.0,0,1,0,
T005666,U0194,2026-07-03 11:18:00,1823.84,D0063,M027,Hyderabad,0,,11,0,0,1,-1.730600792103048,0.5294807134015571,4140.0,0,1,0,
T005669,U0194,2026-07-03 15:02:00,2474.93,D0063,M035,Hyderabad,0,,15,0,0,0,-0.6094150250665503,0.7931364673012995,13440.0,0,1,0,
T005670,U0194,2026-07-04 15:11:00,2211.71,D0063,M027,Hyderabad,0,,15,0,0,0,-0.8040293504062486,0.7340923043848542,86940.0,0,1,0,
T005649,U0194,2026-07-05 11:12:00,4202.58,D0063,M046,Hyderabad,0,,11,0,0,1,1.352672497813343,1.4499647830429803,72060.0,0,1,0,
T005668,U0194,2026-07-05 14:31:00,2643.96,D0063,M014,Hyderabad,0,,14,0,0,0,-0.4175848168387426,0.8636373841211504,11940.0,0,1,0,
T005647,U0194,2026-07-07 09:08:00,4026.49,D0063,M035,Hyderabad,0,,9,0,0,0,1.0628697531382194,1.3354686778678286,153420.0,0,1,0,
T005656,U0194,2026-07-07 11:34:00,5394.81,D0063,M045,Hyderabad,0,,11,0,0,1,2.3924637764542767,1.731223187805591,8760.0,0,1,0,
T005662,U0194,2026-07-07 15:31:00,3886.35,D0063,M014,Hyderabad,0,,15,0,0,0,0.5028273224629772,1.1694137725184461,14220.0,0,1,0,
T005679,U0194,2026-07-07 19:11:00,2503.12,D0063,M045,Hyderabad,0,,19,0,0,0,-0.8004740643726742,0.7427104811979199,13200.0,0,1,0,
T005678,U0194,2026-07-08 17:22:00,3694.01,D0063,M046,Hyderabad,0,,17,0,0,0,0.3662483153735551,1.1181948447371608,79860.0,0,1,0,
T005673,U0194,2026-07-10 17:34:00,5798.23,D0063,M046,Hyderabad,0,,17,0,0,0,2.3897406661325777,1.7404586988851356,173520.0,0,1,0,
T005644,U0194,2026-07-12 21:58:00,4356.58,D0063,M035,Hyderabad,0,,21,0,0,0,0.7345017049201914,1.246200300339427,188640.0,0,1,0,
T005660,U0194,2026-07-13 14:10:00,3004.53,D0063,M035,Hyderabad,0,,14,0,0,0,-0.4725836055292317,0.8464218817108928,58320.0,0,1,0,
T005645,U0194,2026-07-13 15:39:00,3934.01,D0063,M045,Hyderabad,0,,15,0,0,0,0.36965325560140183,1.1183739585148103,5340.0,0,1,0,
T005675,U0194,2026-07-13 15:48:00,2414.18,D0063,M014,Hyderabad,0,,15,0,0,0,-1.0252205181404357,0.6818275102462175,540.0,1,1,0,
T005665,U0194,2026-07-14 15:49:00,2759.99,D0063,M035,Hyderabad,0,,15,0,0,0,-0.656634614652746,0.7927689352115764,86460.0,0,1,0,
T005661,U0194,2026-07-15 16:09:00,3894.7,D0063,M027,Hyderabad,0,,16,0,0,0,0.41511454544852755,1.1304114997012924,87600.0,0,1,0,
T005652,U0194,2026-07-17 04:55:00,3932.34,D0063,M045,Hyderabad,0,,4,1,0,0,0.4389465913380395,1.1342922306241467,132360.0,0,1,0,
T005682,U0194,2026-07-17 11:00:00,3000.5,D0063,M027,Hyderabad,0,,11,0,0,0,-0.4683434753982788,0.8602497772659863,21900.0,0,1,0,
T005650,U0194,2026-07-17 11:00:00,3310.86,D0063,M045,Hyderabad,0,,11,0,0,0,-0.152421208719134,0.9550335300892145,0.0,1,1,0,
T005680,U0194,2026-07-17 21:30:00,3702.89,D0063,M014,Hyderabad,0,,21,0,0,0,0.24222819012271177,1.0701214564006005,37800.0,0,1,0,
T005663,U0194,2026-07-18 12:59:00,2580.34,D0063,M046,Hyderabad,0,,12,0,0,0,-0.9053671289137404,0.7436229189821735,55740.0,0,1,0,
T005654,U0194,2026-07-18 18:34:00,2310.4,D0063,M046,Hyderabad,0,,18,0,0,0,-1.1499585212821488,0.6724603621848966,20100.0,0,1,0,
T005659,U0194,2026-07-19 11:52:00,4156.21,D0063,M046,Hyderabad,0,,11,0,0,0,0.7749060336944706,1.224553271758883,62280.0,0,1,0,
T005674,U0194,2026-07-19 12:49:00,3176.24,D0063,M014,Hyderabad,0,,12,0,0,0,-0.25103801754432487,0.9283771983746425,3420.0,1,1,0,
T005671,U0194,2026-07-20 05:59:00,2616.9,D0063,M045,Hyderabad,0,,5,1,0,0,-0.8289416522099725,0.7667825273414173,61800.0,0,1,0,
T005651,U0194,2026-07-20 12:35:00,4211.96,D0063,M027,Hyderabad,0,,12,0,0,0,0.8647542331057024,1.2438232746457498,23760.0,0,1,0,
T005655,U0194,2026-07-20 23:48:00,3323.04,D0063,M046,Hyderabad,0,,23,0,0,0,-0.09457417091702526,0.9736604541206705,40380.0,0,1,0,
T005643,U0194,2026-07-22 11:44:00,5484.92,D0063,M045,Hyderabad,0,,11,0,0,0,2.2174032486968325,1.6084215360130167,129360.0,0,1,0,
T005642,U0194,2026-07-22 12:34:00,2320.95,D0063,M014,Hyderabad,0,,12,0,0,0,-1.1664418954071656,0.6682841957626051,3000.0,1,1,0,
T005672,U0194,2026-07-22 15:15:00,3798.71,D0063,M035,Hyderabad,0,,15,0,0,0,0.3623836279221527,1.1045604243435165,9660.0,0,1,0,
T005653,U0194,2026-07-23 09:50:00,3123.57,D0063,M014,Hyderabad,0,,9,0,0,0,-0.3325156764891144,0.9055430189108117,66900.0,0,1,0,
T005657,U0194,2026-07-24 08:50:00,4098.54,D0063,M014,Hyderabad,0,,8,0,0,0,0.6802150135490878,1.1913188767215281,82800.0,0,1,0,
T005658,U0194,2026-07-25 15:42:00,3992.91,D0063,M045,Hyderabad,0,,15,0,0,0,0.5568206693852376,1.1546450848989216,111120.0,0,1,0,
T005667,U0194,2026-07-26 21:20:00,3673.81,D0063,M045,Hyderabad,0,,21,0,0,0,0.21187268200210532,1.0580638107333682,106680.0,0,1,0,
T005664,U0194,2026-07-27 12:19:00,4112.65,D0063,M014,Hyderabad,0,,12,0,0,0,0.6759589296578595,1.1826897038749227,53940.0,0,1,0,
T005676,U0194,2026-07-28 12:21:00,4579.3,D0063,M045,Hyderabad,0,,12,0,0,0,1.163685168059512,1.3108987473461446,86520.0,0,1,0,
T005640,U0194,2026-07-30 07:01:00,3435.97,D0063,M035,Hyderabad,0,,7,0,0,0,-0.0894102326467824,0.9761996080780038,153600.0,0,1,0,
T005641,U0194,2026-07-30 10:08:00,3528.97,D0063,M046,Hyderabad,0,,10,0,0,0,0.012122875309412287,1.003190489081119,11220.0,0,1,0,
T005698,U0195,2026-07-01 05:30:00,2098.03,D0306,M014,Delhi,0,,5,1,1,1,0.0,1.0,1000000000.0,0,1,20,odd hour + new device
T005709,U0195,2026-07-01 19:31:00,955.2,D0306,M058,Delhi,0,,19,0,0,1,0.0,1.0,50460.0,0,1,0,
T005712,U0195,2026-07-02 11:07:00,3213.6,D0306,M011,Delhi,0,,11,0,0,1,0.0,1.0,56160.0,0,1,0,
T005691,U0195,2026-07-07 14:35:00,3812.82,D0306,M058,Delhi,0,,14,0,0,0,1.8696934444714346,1.8252385966308782,444480.0,0,1,0,
T005687,U0195,2026-07-07 15:47:00,4263.28,D0306,M014,Delhi,0,,15,0,0,0,1.5949419208541082,1.6918365214300748,4320.0,0,1,0,
T005685,U0195,2026-07-08 16:20:00,3974.28,D0306,M029,Delhi,0,,16,0,0,1,0.9207350211724324,1.38544913717579,88380.0,0,1,0,
T005711,U0195,2026-07-10 10:54:00,2209.0,D0306,M029,Delhi,0,,10,0,0,0,-0.7205541185088098,0.7235818116218851,153240.0,0,1,0,
T005699,U0195,2026-07-10 15:00:00,4519.34,D0306,M029,Delhi,0,,15,0,0,0,1.4122517932321603,1.5412187631916205,14760.0,0,1,0,
T005692,U0195,2026-07-12 15:05:00,3578.88,D0306,M011,Delhi,0,,15,0,0,0,0.3814595538336065,1.1431587643655152,173100.0,0,1,0,
T005686,U0195,2026-07-12 17:47:00,3117.34,D0306,M058,Delhi,0,,17,0,0,0,-0.05655514543785181,0.9801438837796492,9720.0,0,1,0,
T005705,U0195,2026-07-12 17:52:00,3528.97,D0306,M029,Delhi,0,,17,0,0,0,0.33486351462560765,1.1117747998577976,300.0,1,1,0,
T007381,U0195,2026-07-13 04:00:00,14.78,D0306,M021,Delhi,1,velocity_burst,4,1,0,1,-3.143417964041372,0.004609486502106155,36480.0,0,1,0,
T007382,U0195,2026-07-13 04:02:00,27.48,D0306,M027,Delhi,1,velocity_burst,4,1,0,1,-2.2190894616993675,0.009345476554911313,120.0,1,1,0,
T007384,U0195,2026-07-13 04:03:00,84.7,D0306,M049,Delhi,1,velocity_burst,4,1,0,1,-1.7770599280155086,0.031181151405846142,60.0,2,1,0,
T007383,U0195,2026-07-13 04:04:00,29.31,D0306,M015,Delhi,1,velocity_burst,4,1,0,1,-1.5818858165780167,0.011592278589787133,60.0,3,1,0,
T007387,U0195,2026-07-13 04:06:00,30.55,D0306,M033,Delhi,1,velocity_burst,4,1,0,1,-1.414034053476123,0.012935045881827856,120.0,4,1,0,
T007388,U0195,2026-07-13 04:07:00,13.32,D0306,M032,Delhi,1,velocity_burst,4,1,0,1,-1.3010253306909698,0.006010565868148596,60.0,5,1,30,5 txns in last 1h (velocity)
T007385,U0195,2026-07-13 04:08:00,59.84,D0306,M057,Delhi,1,velocity_burst,4,1,0,1,-1.1766684336482998,0.02867929973861522,60.0,6,1,30,6 txns in last 1h (velocity)
T007386,U0195,2026-07-13 04:10:00,11.44,D0306,M027,Delhi,1,velocity_burst,4,1,0,0,-1.1297850450905504,0.005795548187474954,120.0,7,1,30,7 txns in last 1h (velocity)
T005703,U0195,2026-07-13 16:16:00,2729.46,D0306,M029,Delhi,0,,16,0,0,0,0.49171395684522157,1.4591049044930584,43560.0,0,1,0,
T005683,U0195,2026-07-13 16:33:00,3557.1,D0306,M014,Delhi,0,,16,0,0,0,0.9596523517906801,1.8588708803761789,1020.0,1,1,0,
T005710,U0195,2026-07-13 18:23:00,3780.4,D0306,M029,Delhi,0,,18,0,0,0,1.0474096594848818,1.8979399790417506,6600.0,0,1,0,
T005690,U0195,2026-07-14 10:05:00,2468.09,D0306,M011,Delhi,0,,10,0,0,0,0.23104082211253296,1.190507073449539,56520.0,0,1,0,
T005700,U0195,2026-07-14 10:40:00,3432.89,D0306,M058,Delhi,0,,10,0,0,0,0.8021153786717677,1.6422847740587991,2100.0,1,1,0,
T005694,U0195,2026-07-14 15:17:00,2348.04,D0306,M058,Delhi,0,,15,0,0,0,0.12153058102298497,1.0940176775767,16620.0,0,1,0,
T005688,U0195,2026-07-16 11:06:00,2787.18,D0306,M029,Delhi,0,,11,0,0,0,0.3888972203053723,1.2937598655961011,157740.0,0,1,0,
T005696,U0195,2026-07-16 13:21:00,3327.04,D0306,M011,Delhi,0,,13,0,0,0,0.7175819728387771,1.5270995019587745,8100.0,0,1,0,
T005701,U0195,2026-07-18 09:23:00,3063.68,D0306,M029,Delhi,0,,9,0,0,0,0.5314244386854076,1.37929139294767,158520.0,0,1,0,
T005706,U0195,2026-07-19 15:15:00,3186.2,D0306,M011,Delhi,0,,15,0,0,0,0.5975444525702911,1.415279258664919,107520.0,0,1,0,
T005708,U0195,2026-07-19 19:06:00,2731.64,D0306,M029,Delhi,0,,19,0,0,0,0.2897015197131503,1.1962380004860769,13860.0,0,1,0,
T005684,U0195,2026-07-22 15:21:00,2800.17,D0306,M029,Delhi,0,,15,0,0,0,0.32943310158065164,1.2182795219565834,245700.0,0,1,0,
T005704,U0195,2026-07-23 22:45:00,2377.3,D0306,M011,Delhi,0,,22,0,0,0,0.041746644232067184,1.027068158078337,113040.0,0,1,0,
T005695,U0195,2026-07-24 14:00:00,2408.15,D0306,M029,Delhi,0,,14,0,0,0,0.061972149855108134,1.0395170190039096,54900.0,0,1,0,
T005707,U0195,2026-07-27 19:26:00,4121.99,D0306,M011,Delhi,0,,19,0,0,0,1.239136727480832,1.7771956955735608,278760.0,0,1,0,
T005693,U0195,2026-07-28 16:14:00,4101.57,D0306,M011,Delhi,0,,16,0,0,0,1.180175632888574,1.728871856213149,74880.0,0,1,0,
T005697,U0195,2026-07-28 17:02:00,3680.14,D0306,M058,Delhi,0,,17,0,0,0,0.8545280302072472,1.5195876593744306,2880.0,1,1,0,
T005713,U0195,2026-07-29 09:55:00,3158.97,D0306,M011,Delhi,0,,9,0,0,0,0.4788013715674398,1.2858300011047783,60780.0,0,1,0,
T005689,U0195,2026-07-29 17:32:00,1572.49,D0306,M029,Delhi,0,,17,0,0,0,-0.622442436663185,0.635161044509088,27420.0,0,1,0,
T005702,U0195,2026-07-30 09:45:00,2386.83,D0306,M029,Delhi,0,,9,0,0,0,-0.04525794242350123,0.973435695531483,58380.0,0,1,0,
T005744,U0196,2026-07-02 11:59:00,2323.56,D0283,M016,Delhi,0,,11,0,1,1,0.0,1.0,1000000000.0,0,3,20,device shared by 3 users
T005748,U0196,2026-07-05 14:26:00,1785.88,D0283,M008,Delhi,0,,14,0,0,1,0.0,1.0,268020.0,0,3,20,device shared by 3 users
T005729,U0196,2026-07-06 06:31:00,2072.42,D0283,M008,Delhi,0,,6,0,0,0,0.0,1.0,57900.0,0,3,20,device shared by 3 users
T005722,U0196,2026-07-06 12:41:00,992.85,D0283,M008,Delhi,0,,12,0,0,0,-4.860891487974879,0.48182100509467,22200.0,0,3,20,device shared by 3 users
T005750,U0196,2026-07-06 16:01:00,1828.25,D0283,M016,Delhi,0,,16,0,0,0,0.06914989823798165,1.0192746460725102,12000.0,0,3,20,device shared by 3 users
T005725,U0196,2026-07-07 18:40:00,2043.15,D0283,M022,Delhi,0,,18,0,0,1,0.5421554173735343,1.1347101391460641,95940.0,0,3,20,device shared by 3 users
T005745,U0196,2026-07-08 13:46:00,2391.45,D0283,M016,Delhi,0,,13,0,0,0,1.3158816103232842,1.2989821749200492,68760.0,0,3,20,device shared by 3 users
T005717,U0196,2026-07-08 21:53:00,916.94,D0283,M022,Delhi,0,,21,0,0,0,-2.318281942011546,0.4776596343872237,29220.0,0,3,20,device shared by 3 users
T005751,U0196,2026-07-08 22:23:00,1317.89,D0283,M008,Delhi,0,,22,0,0,0,-0.9107220633118263,0.734481869387589,1800.0,1,3,20,device shared by 3 users
T005734,U0196,2026-07-09 10:08:00,1489.54,D0283,M022,Delhi,0,,10,0,0,0,-0.48859187869023557,0.8553807040471538,42300.0,0,3,20,device shared by 3 users
T005743,U0196,2026-07-10 07:49:00,1613.56,D0283,M022,Delhi,0,,7,0,0,0,-0.2074293346536758,0.940197284955598,78060.0,0,3,20,device shared by 3 users
T005740,U0196,2026-07-10 11:32:00,1619.91,D0283,M008,Delhi,0,,11,0,0,0,-0.18395643237931117,0.9490569881031266,13380.0,0,3,20,device shared by 3 users
T005741,U0196,2026-07-10 16:36:00,1963.52,D0283,M022,Delhi,0,,16,0,0,0,0.5823169524070608,1.155272266596229,18240.0,0,3,20,device shared by 3 users
T005718,U0196,2026-07-11 15:30:00,560.62,D0283,M022,Delhi,0,,15,0,0,0,-2.6284445489624613,0.3259576042028215,82440.0,0,3,20,device shared by 3 users
T005723,U0196,2026-07-11 16:47:00,1314.37,D0283,M016,Delhi,0,,16,0,0,0,-0.6213689662938021,0.8028599172915319,4620.0,0,3,20,device shared by 3 users
T005728,U0196,2026-07-12 10:34:00,1319.26,D0283,M016,Delhi,0,,10,0,0,0,-0.5830975572107598,0.816578917217705,64020.0,0,3,20,device shared by 3 users
T005747,U0196,2026-07-13 17:27:00,1726.57,D0283,M008,Delhi,0,,17,0,0,0,0.2604157921708376,1.0810838726742185,111180.0,0,3,20,device shared by 3 users
T005720,U0196,2026-07-13 18:26:00,1312.4,D0283,M022,Delhi,0,,18,0,0,0,-0.6046761083130409,0.8178523690510434,3540.0,1,3,20,device shared by 3 users
T005752,U0196,2026-07-13 19:11:00,948.51,D0283,M008,Delhi,0,,19,0,0,0,-1.3486331616076488,0.597128441216771,2700.0,1,3,20,device shared by 3 users
T005738,U0196,2026-07-15 13:49:00,2341.59,D0283,M008,Delhi,0,,13,0,0,0,1.6274860014496386,1.5060674010688566,153480.0,0,3,20,device shared by 3 users
T005732,U0196,2026-07-17 08:20:00,1884.46,D0283,M022,Delhi,0,,8,0,0,0,0.5790189054333994,1.1821377662409305,153060.0,0,3,20,device shared by 3 users
T005730,U0196,2026-07-17 19:35:00,860.07,D0283,M022,Delhi,0,,19,0,0,0,-1.5161920284820989,0.5348899948401032,40500.0,0,3,20,device shared by 3 users
T005731,U0196,2026-07-18 13:25:00,1102.67,D0283,M022,Delhi,0,,13,0,0,0,-0.9305142863304151,0.7005776162370124,64200.0,0,3,20,device shared by 3 users
T005719,U0196,2026-07-18 14:02:00,506.45,D0283,M016,Delhi,0,,14,0,0,0,-2.0750366213881652,0.32601546490797634,2220.0,1,3,20,device shared by 3 users
T005746,U0196,2026-07-19 08:30:00,2643.26,D0283,M016,Delhi,0,,8,0,0,0,2.1129169486306534,1.7507018582400808,66480.0,0,3,20,device shared by 3 users
T005737,U0196,2026-07-19 13:23:00,1199.87,D0283,M016,Delhi,0,,13,0,0,0,-0.6226772754014411,0.7715382147169251,17580.0,0,3,20,device shared by 3 users
T005735,U0196,2026-07-19 19:25:00,1639.24,D0283,M016,Delhi,0,,19,0,0,0,0.17339795352314472,1.063405242252716,21720.0,0,3,20,device shared by 3 users
T005721,U0196,2026-07-20 16:02:00,591.1,D0283,M008,Delhi,0,,16,0,0,0,-1.7237980997189961,0.3825590997723995,74220.0,0,3,20,device shared by 3 users
T005742,U0196,2026-07-21 12:16:00,2137.9,D0283,M022,Delhi,0,,12,0,0,0,1.0967013334870503,1.414845319342678,72840.0,0,3,20,device shared by 3 users
T005716,U0196,2026-07-21 15:59:00,847.99,D0283,M016,Delhi,0,,15,0,0,0,-1.1945473965111013,0.5532784244507969,13380.0,0,3,20,device shared by 3 users
T005749,U0196,2026-07-23 13:30:00,1223.62,D0283,M008,Delhi,0,,13,0,0,0,-0.496241581469349,0.8104293491191044,163860.0,0,3,20,device shared by 3 users
T005739,U0196,2026-07-24 17:33:00,1319.84,D0283,M008,Delhi,0,,17,0,0,0,-0.3173335419443127,0.8795364111968834,100980.0,0,3,20,device shared by 3 users
T005726,U0196,2026-07-25 23:02:00,1540.75,D0283,M022,Delhi,0,,23,0,0,0,0.08154140768022337,1.0306297968114073,106140.0,0,3,20,device shared by 3 users
T005733,U0196,2026-07-26 18:27:00,1404.92,D0283,M016,Delhi,0,,18,0,0,0,-0.16531741105270872,0.9388996957240179,69900.0,0,3,20,device shared by 3 users
T005736,U0196,2026-07-29 11:20:00,1235.05,D0283,M022,Delhi,0,,11,0,0,0,-0.4744529953224749,0.8268625111084683,233580.0,0,3,20,device shared by 3 users
T005727,U0196,2026-07-29 12:45:00,1691.25,D0283,M022,Delhi,0,,12,0,0,0,0.38033472184086703,1.137916158638665,5100.0,0,3,20,device shared by 3 users
T005714,U0196,2026-07-30 09:22:00,1660.59,D0283,M022,Delhi,0,,9,0,0,0,0.31668388970766964,1.113023330926571,74220.0,0,3,20,device shared by 3 users
T005753,U0196,2026-07-30 10:12:00,1424.25,D0283,M022,Delhi,0,,10,0,0,0,-0.13741194019909314,0.9517074462042648,3000.0,1,3,20,device shared by 3 users
T005724,U0196,2026-07-30 11:14:00,1844.5,D0283,M022,Delhi,0,,11,0,0,0,0.6740079708370612,1.2340938150245728,3720.0,0,3,20,device shared by 3 users
T005715,U0196,2026-07-30 22:31:00,920.96,D0283,M008,Delhi,0,,22,0,0,0,-1.130481221376978,0.6125072940990166,40620.0,0,3,20,device shared by 3 users
T005771,U0197,2026-07-01 12:20:00,2287.44,D0810,M004,Ahmedabad,0,,12,0,1,1,0.0,1.0,1000000000.0,0,2,0,
T005756,U0197,2026-07-01 18:16:00,3396.15,D0810,M045,Ahmedabad,0,,18,0,0,1,0.0,1.0,21360.0,0,2,0,
T005755,U0197,2026-07-02 18:58:00,5706.15,D0810,M031,Ahmedabad,0,,18,0,0,1,0.0,1.0,88920.0,0,2,0,
T005757,U0197,2026-07-03 13:43:00,4144.06,D0810,M004,Ahmedabad,0,,13,0,0,0,0.24399725501247263,1.0915244770052195,67500.0,0,2,0,
T005772,U0197,2026-07-04 16:50:00,5289.76,D0810,M045,Ahmedabad,0,,16,0,0,0,1.1318722947509485,1.362129034399277,97620.0,0,2,0,
T005776,U0197,2026-07-05 21:14:00,3565.22,D0810,M031,Ahmedabad,0,,21,0,0,0,-0.4813053677298604,0.8560543920309365,102240.0,0,2,0,
T005775,U0197,2026-07-06 13:49:00,4721.2,D0810,M031,Ahmedabad,0,,13,0,0,0,0.5664644285542699,1.1614849120386952,59700.0,0,2,0,
T005774,U0197,2026-07-06 18:33:00,3279.31,D0810,M031,Ahmedabad,0,,18,0,0,0,-0.8014181781587498,0.7885670135973997,17040.0,0,2,0,
T005770,U0197,2026-07-07 23:57:00,3869.57,D0810,M056,Ahmedabad,0,,23,0,0,1,-0.16789739978857143,0.9557653160150742,105840.0,0,2,0,
T005754,U0197,2026-07-08 08:05:00,1926.45,D0810,M004,Ahmedabad,0,,8,0,0,0,-2.0871996808345523,0.47817416200334023,29280.0,0,2,0,
T005760,U0197,2026-07-13 08:48:00,2486.14,D0810,M045,Ahmedabad,0,,8,0,0,0,-1.1637358332840457,0.6510723624736653,434580.0,0,2,0,
T005761,U0197,2026-07-14 10:38:00,2039.59,D0810,M045,Ahmedabad,0,,10,0,0,0,-1.4329881808084715,0.5516274928465078,93000.0,0,2,0,
T005762,U0197,2026-07-15 14:32:00,3115.29,D0810,M056,Ahmedabad,0,,14,0,0,0,-0.3703796473804195,0.8752650366157515,100440.0,0,2,0,
T005763,U0197,2026-07-18 11:32:00,2176.38,D0810,M004,Ahmedabad,0,,11,0,0,0,-1.164995337566526,0.617394846848392,248400.0,0,2,0,
T005765,U0197,2026-07-18 12:08:00,3494.39,D0810,M056,Ahmedabad,0,,12,0,0,0,0.05616569049852119,1.0191395441159896,2160.0,1,2,0,
T005759,U0197,2026-07-18 21:00:00,5838.42,D0810,M056,Ahmedabad,0,,21,0,0,0,2.1306071265668662,1.7006064414207969,31920.0,0,2,0,
T005764,U0197,2026-07-19 10:02:00,2240.23,D0810,M045,Ahmedabad,0,,10,0,0,0,-1.0846032740131373,0.6251566217590334,46920.0,0,2,0,
T005766,U0197,2026-07-21 14:11:00,2741.3,D0810,M004,Ahmedabad,0,,14,0,0,0,-0.6142794296159527,0.7822327035195032,187740.0,0,2,0,
T005758,U0197,2026-07-22 09:02:00,4185.41,D0810,M056,Ahmedabad,0,,9,0,0,0,0.5929375181238336,1.208936879686043,67860.0,0,2,0,
T005767,U0197,2026-07-22 12:53:00,3544.95,D0810,M031,Ahmedabad,0,,12,0,0,0,0.03740206559618029,1.0128053906691075,13860.0,0,2,0,
T005777,U0197,2026-07-25 13:01:00,2617.76,D0810,M031,Ahmedabad,0,,13,0,0,0,-0.7573449517131373,0.7474252079420425,259680.0,0,2,0,
T005768,U0197,2026-07-28 11:28:00,2911.23,D0810,M004,Ahmedabad,0,,11,0,0,0,-0.4751930397081658,0.8413360896607267,253620.0,0,2,0,
T005773,U0197,2026-07-29 13:41:00,2309.25,D0810,M031,Ahmedabad,0,,13,0,0,0,-0.9924835966639027,0.672213812581855,94380.0,0,2,0,
T005769,U0197,2026-07-30 14:24:00,3061.57,D0810,M004,Ahmedabad,0,,14,0,0,0,-0.28660357934138647,0.9040960687778276,88980.0,0,2,0,
T005792,U0198,2026-07-01 09:14:00,332.45,D0897,M053,Kolkata,0,,9,0,1,1,0.0,1.0,1000000000.0,0,1,0,
T005804,U0198,2026-07-01 15:15:00,468.42,D0424,M050,Kolkata,0,,15,0,1,1,0.0,1.0,21660.0,0,1,0,
T005812,U0198,2026-07-02 13:14:00,501.48,D0897,M053,Kolkata,0,,13,0,0,0,0.0,1.0,79140.0,0,1,0,
T005802,U0198,2026-07-02 13:24:00,317.74,D0424,M050,Kolkata,0,,13,0,0,0,-1.5910368686621246,0.731923060470865,600.0,1,1,0,
T005795,U0198,2026-07-03 15:03:00,528.16,D0424,M053,Kolkata,0,,15,0,0,0,1.5212512186823395,1.3040263163058192,92340.0,0,1,0,
T005782,U0198,2026-07-04 05:03:00,239.12,D0424,M050,Kolkata,0,,5,1,0,0,-2.1758573009996622,0.5565460245396345,50400.0,0,1,0,
T005796,U0198,2026-07-04 22:47:00,279.66,D0424,M053,Kolkata,0,,22,0,0,0,-1.1058376395822505,0.7028487397357376,63840.0,0,1,0,
T007542,U0198,2026-07-05 23:30:00,3921.33,D0718,M010,Jaipur,1,account_takeover,23,0,1,1,32.99886876301274,10.292088925867118,88980.0,0,3,60,new device + amount >3x user avg; device shared by 3 users; amount z-score 33.0
T005784,U0198,2026-07-07 12:46:00,462.04,D0424,M030,Kolkata,0,,12,0,0,1,-0.30762567036093835,0.5610379511003796,134160.0,0,1,0,
T005787,U0198,2026-07-07 15:22:00,613.8,D0897,M050,Kolkata,0,,15,0,0,0,-0.15225870017948467,0.783530011481367,9360.0,0,1,0,
T005781,U0198,2026-07-08 22:32:00,262.1,D0897,M050,Kolkata,0,,22,0,0,0,-0.47675503828997107,0.34197959298820546,112200.0,0,1,0,
T005785,U0198,2026-07-09 12:19:00,300.17,D0424,M048,Kolkata,0,,12,0,0,1,-0.4125814859169091,0.4165714135747719,49620.0,0,1,0,
T005797,U0198,2026-07-09 12:52:00,49.16,D0897,M053,Kolkata,0,,12,0,0,0,-0.6477326535257439,0.07170997999621713,1980.0,1,1,0,
T005815,U0198,2026-07-09 17:11:00,320.32,D0897,M050,Kolkata,0,,17,0,0,0,-0.3297746295334099,0.5031834426452869,15540.0,0,1,0,
T005803,U0198,2026-07-10 07:26:00,450.9,D0897,M060,Kolkata,0,,7,0,0,1,-0.17580045275518996,0.7343690912253832,51300.0,0,1,0,
T005805,U0198,2026-07-11 09:06:00,314.73,D0897,M053,Kolkata,0,,9,0,0,0,-0.3214366694829512,0.5218335655142395,92400.0,0,1,0,
T005788,U0198,2026-07-12 12:08:00,407.33,D0897,M048,Kolkata,0,,12,0,0,0,-0.20397748949309824,0.696173080704457,97320.0,0,1,0,
T005780,U0198,2026-07-13 12:14:00,456.81,D0424,M050,Kolkata,0,,12,0,0,0,-0.13919475313083834,0.7949474390168293,86760.0,0,1,0,
T005798,U0198,2026-07-13 13:02:00,261.06,D0424,M030,Kolkata,0,,13,0,0,0,-0.3730158916790757,0.45953536687180596,2880.0,1,1,0,
T005789,U0198,2026-07-13 17:39:00,292.46,D0424,M050,Kolkata,0,,17,0,0,0,-0.3226945530266669,0.5298804771276093,16620.0,0,1,0,
T005810,U0198,2026-07-13 21:28:00,641.88,D0897,M053,Kolkata,0,,21,0,0,0,0.13097749037983497,1.1909559464471413,13740.0,0,1,0,
T005816,U0198,2026-07-14 14:38:00,383.58,D0897,M053,Kolkata,0,,14,0,0,0,-0.20893429616858952,0.7052880965429793,61800.0,0,1,0,
T005813,U0198,2026-07-16 19:42:00,138.04,D0424,M048,Kolkata,0,,19,0,0,0,-0.5312058494635884,0.2572602433217511,191040.0,0,1,0,
T005807,U0198,2026-07-17 13:44:00,289.43,D0897,M053,Kolkata,0,,13,0,0,0,-0.31130463034122413,0.5574005619464033,64920.0,0,1,0,
T005783,U0198,2026-07-18 05:07:00,508.53,D0424,M060,Kolkata,0,,5,1,0,0,-0.0015794152591223228,0.9977559154306929,55380.0,0,1,0,
T005791,U0198,2026-07-18 10:39:00,371.45,D0897,M060,Kolkata,0,,10,0,0,0,-0.19474597328142934,0.7288649745915353,19920.0,0,1,0,
T005808,U0198,2026-07-18 11:32:00,107.85,D0897,M050,Kolkata,0,,11,0,0,0,-0.5694202428381583,0.2138550881769784,3180.0,1,1,0,
T005806,U0198,2026-07-20 08:48:00,540.16,D0424,M053,Kolkata,0,,8,0,0,0,0.07351657474829316,1.103201208034309,162960.0,0,1,0,
T005793,U0198,2026-07-20 14:40:00,55.94,D0424,M030,Kolkata,0,,14,0,0,0,-0.6451645062291703,0.11383007151172354,21120.0,0,1,0,
T005814,U0198,2026-07-20 18:14:00,390.68,D0897,M060,Kolkata,0,,18,0,0,0,-0.128346176144914,0.8200374907693858,12840.0,0,1,0,
T005801,U0198,2026-07-21 08:25:00,254.68,D0897,M030,Kolkata,0,,8,0,0,0,-0.33316595265737586,0.5377995565403287,51060.0,0,1,0,
T005794,U0198,2026-07-23 17:09:00,449.19,D0424,M053,Kolkata,0,,17,0,0,0,-0.026734042453763856,0.9628965519491257,204240.0,0,1,0,
T005811,U0198,2026-07-23 17:35:00,197.84,D0424,M048,Kolkata,0,,17,0,0,0,-0.4207410628731042,0.4245877937187977,1560.0,1,1,0,
T005800,U0198,2026-07-26 11:50:00,571.65,D0897,M050,Kolkata,0,,11,0,0,0,0.18089080622295015,1.2485992947538915,238500.0,0,1,0,
T005778,U0198,2026-07-27 11:25:00,291.21,D0424,M050,Kolkata,0,,11,0,0,0,-0.2740670723058225,0.6314446158344812,84900.0,0,1,0,
T005790,U0198,2026-07-27 15:52:00,77.53,D0897,M048,Kolkata,0,,15,0,0,0,-0.6190354921250871,0.16990110379231949,16020.0,0,1,0,
T005786,U0198,2026-07-27 17:43:00,398.86,D0897,M050,Kolkata,0,,17,0,0,0,-0.07739159159297246,0.8947016843412587,6660.0,0,1,0,
T005799,U0198,2026-07-29 16:38:00,277.99,D0424,M048,Kolkata,0,,16,0,0,0,-0.27833788255999115,0.6253521746368784,168900.0,0,1,0,
T005779,U0198,2026-07-30 14:52:00,576.58,D0424,M048,Kolkata,0,,14,0,0,0,0.23083446037630262,1.3099601601975828,80040.0,0,1,0,
T005809,U0198,2026-07-30 20:01:00,195.27,D0897,M060,Kolkata,0,,20,0,0,0,-0.42545353127803553,0.44014527440754064,18540.0,0,1,0,
T005831,U0199,2026-07-02 15:03:00,1234.77,D0422,M027,Hyderabad,0,,15,0,1,1,0.0,1.0,1000000000.0,0,3,20,device shared by 3 users
T005834,U0199,2026-07-03 15:36:00,1609.28,D0422,M028,Hyderabad,0,,15,0,0,1,0.0,1.0,88380.0,0,3,20,device shared by 3 users
T005817,U0199,2026-07-03 22:54:00,1279.89,D0422,M024,Hyderabad,0,,22,0,0,1,0.0,1.0,26280.0,0,3,20,device shared by 3 users
T005841,U0199,2026-07-04 17:45:00,1292.42,D0422,M028,Hyderabad,0,,17,0,0,0,-0.49258102803611215,0.9401834161455912,67860.0,0,3,20,device shared by 3 users
T005835,U0199,2026-07-05 12:53:00,1228.89,D0422,M034,Hyderabad,0,,12,0,0,1,-0.8409124806088407,0.9075393800208704,68880.0,0,3,20,device shared by 3 users
T005833,U0199,2026-07-05 17:45:00,1230.15,D0422,M046,Hyderabad,0,,17,0,0,1,-0.6951423406579756,0.9255859441513967,17520.0,0,3,20,device shared by 3 users
T005819,U0199,2026-07-06 10:13:00,917.12,D0422,M046,Hyderabad,0,,10,0,0,0,-2.929113101915531,0.6987226040337841,59280.0,0,3,20,device shared by 3 users
T005825,U0199,2026-07-08 12:12:00,978.1,D0422,M046,Hyderabad,0,,12,0,0,0,-1.4907185790393103,0.7786959818742665,179940.0,0,3,20,device shared by 3 users
T005828,U0199,2026-07-08 14:57:00,1524.35,D0422,M034,Hyderabad,0,,14,0,0,0,1.5368582336009569,1.2481091261368393,9900.0,0,3,20,device shared by 3 users
T005821,U0199,2026-07-09 10:27:00,1043.64,D0422,M027,Hyderabad,0,,10,0,0,0,-1.0119202375126801,0.8315878654406083,70200.0,0,3,20,device shared by 3 users
T005846,U0199,2026-07-09 16:27:00,1147.86,D0422,M046,Hyderabad,0,,16,0,0,0,-0.41337415278192263,0.9302992793107979,21600.0,0,3,20,device shared by 3 users
T005845,U0199,2026-07-09 23:09:00,1742.86,D0422,M028,Hyderabad,0,,23,0,0,0,2.5853888027462757,1.4215328387905162,24120.0,0,3,20,device shared by 3 users
T005822,U0199,2026-07-13 10:34:00,2098.86,D0422,M034,Hyderabad,0,,10,0,0,0,3.474424734034232,1.6538035475069721,300300.0,0,3,35,device shared by 3 users; amount z-score 3.5
T005843,U0199,2026-07-15 17:17:00,700.11,D0422,M024,Hyderabad,0,,17,0,0,0,-1.9860172963078657,0.5252383539868791,196980.0,0,3,20,device shared by 3 users
T005823,U0199,2026-07-16 12:24:00,1320.02,D0422,M027,Hyderabad,0,,12,0,0,0,0.09287145699742791,1.0250705826755162,68820.0,0,3,20,device shared by 3 users
T005836,U0199,2026-07-18 15:07:00,1258.25,D0422,M024,Hyderabad,0,,15,0,0,0,-0.09417960938256396,0.9754722883107119,182580.0,0,3,20,device shared by 3 users
T005824,U0199,2026-07-19 09:03:00,1120.3,D0422,M024,Hyderabad,0,,9,0,0,0,-0.515161531329951,0.8698584959108799,64560.0,0,3,20,device shared by 3 users
T005840,U0199,2026-07-19 19:07:00,1319.38,D0422,M027,Hyderabad,0,,19,0,0,0,0.1299258715157229,1.0323373768264947,36240.0,0,3,20,device shared by 3 users
T005829,U0199,2026-07-20 12:03:00,1325.48,D0422,M028,Hyderabad,0,,12,0,0,0,0.14592943540854061,1.0352504195418124,60960.0,0,3,20,device shared by 3 users
T005839,U0199,2026-07-20 12:21:00,1117.09,D0422,M024,Hyderabad,0,,12,0,0,0,-0.5499130723487412,0.8708741637730841,1080.0,1,3,20,device shared by 3 users
T005832,U0199,2026-07-20 23:25:00,1052.47,D0422,M034,Hyderabad,0,,23,0,0,0,-0.7504535882217026,0.8258287352448416,39840.0,0,3,20,device shared by 3 users
T005830,U0199,2026-07-21 13:51:00,1479.16,D0422,M027,Hyderabad,0,,13,0,0,0,0.7360332320720665,1.1703410035994044,51960.0,0,3,20,device shared by 3 users
T005820,U0199,2026-07-22 15:20:00,855.47,D0422,M024,Hyderabad,0,,15,0,0,0,-1.4456564351440027,0.6716644445475851,91740.0,0,3,20,device shared by 3 users
T005842,U0199,2026-07-22 16:30:00,957.01,D0422,M046,Hyderabad,0,,16,0,0,0,-1.0100774691497694,0.7622693920217192,4200.0,0,3,20,device shared by 3 users
T005837,U0199,2026-07-24 13:27:00,1682.69,D0422,M034,Hyderabad,0,,13,0,0,0,1.4885771463008752,1.3536907024389297,161820.0,0,3,20,device shared by 3 users
T005827,U0199,2026-07-26 19:25:00,908.01,D0422,M034,Hyderabad,0,,19,0,0,0,-1.1678495903787187,0.7202856863356283,194280.0,0,3,20,device shared by 3 users
T005844,U0199,2026-07-27 12:39:00,1483.51,D0422,M024,Hyderabad,0,,12,0,0,0,0.7784582266518101,1.1896033839847762,62040.0,0,3,20,device shared by 3 users
T005838,U0199,2026-07-28 10:09:00,1349.17,D0422,M024,Hyderabad,0,,10,0,0,0,0.3097352485419657,1.0743339004998058,77400.0,0,3,20,device shared by 3 users
T005826,U0199,2026-07-29 11:18:00,1242.82,D0422,M028,Hyderabad,0,,11,0,0,0,-0.05509616352518898,0.987027853237143,90540.0,0,3,20,device shared by 3 users
T005818,U0199,2026-07-29 13:33:00,1399.47,D0422,M024,Hyderabad,0,,13,0,0,0,0.4835876244895745,1.111934173985898,8100.0,0,3,20,device shared by 3 users
T005848,U0200,2026-07-01 12:34:00,4672.64,D0713,M060,Pune,0,,12,0,1,1,0.0,1.0,1000000000.0,0,1,0,
T005849,U0200,2026-07-07 11:03:00,4887.93,D0713,M050,Pune,0,,11,0,0,1,0.0,1.0,512940.0,0,1,0,
T005854,U0200,2026-07-12 19:17:00,3334.98,D0713,M050,Pune,0,,19,0,0,0,0.0,1.0,461640.0,0,1,0,
T005859,U0200,2026-07-14 19:23:00,4274.28,D0713,M050,Pune,0,,19,0,0,0,-0.03528058230771866,0.9943616206378878,173160.0,0,1,0,
T005858,U0200,2026-07-15 10:06:00,2688.84,D0713,M060,Pune,0,,10,0,0,0,-2.6950414464774948,0.6264103952977029,52980.0,0,1,0,
T005852,U0200,2026-07-16 19:33:00,6428.53,D0713,M050,Pune,0,,19,0,0,0,2.947616668171799,1.6185701253864007,120420.0,0,1,0,
T005860,U0200,2026-07-17 09:49:00,2283.45,D0713,M046,Pune,0,,9,0,0,1,-1.7621139483022434,0.5211928237649062,51360.0,0,1,0,
T005855,U0200,2026-07-20 09:11:00,2881.58,D0713,M050,Pune,0,,9,0,0,0,-0.9061364146547117,0.7060063384997526,256920.0,0,1,0,
T005847,U0200,2026-07-20 18:45:00,2495.36,D0713,M060,Pune,0,,18,0,0,0,-1.1041269643370257,0.6347047568621482,34440.0,0,1,0,
T005857,U0200,2026-07-21 18:08:00,3894.9,D0713,M046,Pune,0,,18,0,0,0,0.09408440574568167,1.0325946551936869,84180.0,0,1,0,
T005853,U0200,2026-07-24 14:48:00,4310.87,D0713,M050,Pune,0,,14,0,0,0,0.4246093958515427,1.139161296960332,247200.0,0,1,0,
T005856,U0200,2026-07-25 17:57:00,3432.69,D0713,M050,Pune,0,,17,0,0,0,-0.33504423579746867,0.8957670275903644,97740.0,0,1,0,
T005850,U0200,2026-07-26 14:05:00,3702.96,D0713,M046,Pune,0,,14,0,0,0,-0.08360776710960127,0.9747613576588203,72480.0,0,1,0,
T005851,U0200,2026-07-29 13:46:00,3105.03,D0713,M046,Pune,0,,13,0,0,0,-0.6228621798400072,0.8189531497864049,258060.0,0,1,0,
T005861,U0200,2026-07-29 15:55:00,3317.4,D0713,M046,Pune,0,,15,0,0,0,-0.3947953962455819,0.8864290668860427,7740.0,0,1,0,
T005862,U0201,2026-07-01 13:49:00,1727.5,D0116,M038,Pune,0,,13,0,1,1,0.0,1.0,1000000000.0,0,2,0,
T005884,U0201,2026-07-01 14:23:00,1867.48,D0116,M042,Pune,0,,14,0,0,1,0.0,1.0,2040.0,1,2,0,
T005865,U0201,2026-07-02 09:57:00,632.98,D0116,M042,Pune,0,,9,0,0,0,0.0,1.0,70440.0,0,2,0,
T005873,U0201,2026-07-03 11:39:00,578.85,D0116,M042,Pune,0,,11,0,0,0,-1.5046879030762579,0.41072999715413816,92520.0,0,2,0,
T005892,U0201,2026-07-03 12:07:00,979.23,D0116,M038,Pune,0,,12,0,0,0,-0.3719369581698614,0.8148689040633026,1680.0,1,2,0,
T005888,U0201,2026-07-04 07:26:00,1932.57,D0116,M042,Pune,0,,7,0,0,0,1.4296384654841554,1.6700282043763708,69540.0,0,2,0,
T005866,U0201,2026-07-06 10:32:00,1591.63,D0116,M042,Pune,0,,10,0,0,0,0.5323937603364681,1.2372409012214056,183960.0,0,2,0,
T005875,U0201,2026-07-08 08:02:00,2758.67,D0116,M036,Pune,0,,8,0,0,1,2.6389495869317043,2.0741344998067777,163800.0,0,2,0,
T005893,U0201,2026-07-08 12:15:00,595.29,D0116,M048,Pune,0,,12,0,0,1,-1.3187141375527363,0.3945940434424689,15180.0,0,2,0,
T005871,U0201,2026-07-09 10:06:00,2164.16,D0116,M048,Pune,0,,10,0,0,0,1.0613351375576547,1.5379921342175633,78660.0,0,2,0,
T005876,U0201,2026-07-09 15:40:00,797.68,D0116,M042,Pune,0,,15,0,0,0,-0.9599124195388541,0.5379421591208048,20040.0,0,2,0,
T005900,U0201,2026-07-10 00:30:00,1347.12,D0116,M036,Pune,0,,0,1,0,0,-0.10364271275306439,0.9483093598613975,31800.0,0,2,0,
T005887,U0201,2026-07-10 11:50:00,671.91,D0116,M048,Pune,0,,11,0,0,0,-1.0941547852629012,0.47503941483492323,40800.0,0,2,0,
T005901,U0201,2026-07-10 17:19:00,1919.84,D0116,M042,Pune,0,,17,0,0,0,0.8255924014989628,1.4144415398529027,19740.0,0,2,0,
T005885,U0201,2026-07-12 05:53:00,869.32,D0116,M038,Pune,0,,5,1,0,0,-0.7855406515369662,0.6220565283096732,131640.0,0,2,0,
T005867,U0201,2026-07-14 17:11:00,1946.22,D0116,M042,Pune,0,,17,0,0,0,0.8810207594917376,1.4286469310842784,213480.0,0,2,0,
T005897,U0201,2026-07-14 17:31:00,2207.18,D0116,M042,Pune,0,,17,0,0,0,1.2301959780700056,1.5779343120783116,1200.0,1,2,0,
T005878,U0201,2026-07-15 11:08:00,918.53,D0116,M036,Pune,0,,11,0,0,0,-0.793347379861303,0.6350758486769041,63420.0,0,2,0,
T005870,U0201,2026-07-16 11:18:00,2189.93,D0116,M036,Pune,0,,11,0,0,0,1.1751053867800783,1.5454596055298693,87000.0,0,2,0,
T005869,U0201,2026-07-17 10:58:00,1692.34,D0116,M016,Pune,0,,10,0,0,1,0.35389148636818574,1.160974707185797,85200.0,0,2,0,
T005895,U0201,2026-07-18 12:20:00,1335.02,D0116,M048,Pune,0,,12,0,0,0,-0.20731675080918516,0.9085344124143179,91320.0,0,2,0,
T005890,U0201,2026-07-18 15:54:00,1753.64,D0116,M048,Pune,0,,15,0,0,0,0.45888547875244723,1.1986427297334286,12840.0,0,2,0,
T005864,U0201,2026-07-19 19:49:00,1473.24,D0116,M048,Pune,0,,19,0,0,0,-0.004811530964474705,0.9979736478251154,100500.0,0,2,0,
T005903,U0201,2026-07-20 07:57:00,1234.73,D0116,M036,Pune,0,,7,0,0,0,-0.3969648667689238,0.8364805284885581,43680.0,0,2,0,
T005902,U0201,2026-07-20 09:54:00,998.21,D0116,M016,Pune,0,,9,0,0,0,-0.7833917081852766,0.6808867167956718,7020.0,0,2,0,
T005881,U0201,2026-07-20 13:25:00,922.64,D0116,M038,Pune,0,,13,0,0,0,-0.8859081369283364,0.6374769329599861,12660.0,0,2,0,
T005899,U0201,2026-07-20 13:30:00,673.15,D0116,M016,Pune,0,,13,0,0,0,-1.2791329284839215,0.47167418849817916,300.0,1,2,0,
T005896,U0201,2026-07-20 14:37:00,1178.49,D0116,M048,Pune,0,,14,0,0,0,-0.370538858972219,0.8422451479009637,4020.0,0,2,0,
T005898,U0201,2026-07-21 11:18:00,1125.43,D0116,M016,Pune,0,,11,0,0,0,-0.4534558593422406,0.8088814614202208,74460.0,0,2,0,
T005889,U0201,2026-07-21 13:26:00,1551.59,D0116,M048,Pune,0,,13,0,0,0,0.29298447388649207,1.1225739694864343,7680.0,0,2,0,
T005879,U0201,2026-07-22 10:30:00,1377.21,D0116,M038,Pune,0,,10,0,0,0,-0.018633737958424587,0.9923556306749256,75840.0,0,2,0,
T005880,U0201,2026-07-22 10:49:00,1874.3,D0116,M042,Pune,0,,10,0,0,0,0.8691897807323912,1.3508694585093444,1140.0,1,2,0,
T005872,U0201,2026-07-22 10:50:00,2812.83,D0116,M036,Pune,0,,10,0,0,0,2.5283234286212672,2.005311222005353,60.0,2,2,0,
T005863,U0201,2026-07-22 11:06:00,1500.75,D0116,M038,Pune,0,,11,0,0,0,0.09220443220554941,1.038278442122405,960.0,3,2,0,
T005883,U0201,2026-07-23 22:29:00,1496.04,D0116,M048,Pune,0,,22,0,0,0,0.08286079334231729,1.0338559243061616,127380.0,0,2,0,
T005874,U0201,2026-07-25 16:22:00,2138.56,D0116,M042,Pune,0,,16,0,0,0,1.1841382455249,1.4764486918678366,150780.0,0,2,0,
T005894,U0201,2026-07-25 16:50:00,1189.83,D0116,M038,Pune,0,,16,0,0,0,-0.47426075870259937,0.8107216789033104,1680.0,1,2,0,
T005886,U0201,2026-07-29 13:13:00,1857.21,D0116,M042,Pune,0,,13,0,0,0,0.6852295030933531,1.2719653390355539,332580.0,0,2,0,
T005868,U0201,2026-07-29 15:28:00,1551.98,D0116,M048,Pune,0,,15,0,0,0,0.14151070326391563,1.0553662846049765,8100.0,0,2,0,
T005891,U0201,2026-07-29 15:59:00,453.3,D0116,M038,Pune,0,,15,0,0,0,-1.794372466530797,0.30781282190387343,1860.0,1,2,0,
T005882,U0201,2026-07-29 18:20:00,1547.76,D0116,M036,Pune,0,,18,0,0,0,0.1725261921238436,1.0695121383439739,8460.0,0,2,0,
T005877,U0201,2026-07-30 14:37:00,1265.43,D0116,M038,Pune,0,,14,0,0,0,-0.3196997342818779,0.8729402894725413,73020.0,0,2,0,
T005907,U0202,2026-07-02 15:45:00,3898.39,D0153,M038,Hyderabad,0,,15,0,1,1,0.0,1.0,1000000000.0,0,1,0,
T005914,U0202,2026-07-03 13:48:00,2350.96,D0153,M012,Hyderabad,0,,13,0,0,1,0.0,1.0,79380.0,0,1,0,
T005909,U0202,2026-07-03 19:11:00,3012.03,D0153,M004,Hyderabad,0,,19,0,0,1,0.0,1.0,19380.0,0,1,0,
T005917,U0202,2026-07-05 06:11:00,2542.99,D0153,M044,Hyderabad,0,,6,0,0,1,-0.8583091715245195,0.8237400903028251,126000.0,0,1,0,
T005911,U0202,2026-07-05 10:07:00,3674.09,D0153,M044,Hyderabad,0,,10,0,0,0,1.2101361288213395,1.2449931673625978,14160.0,0,1,0,
T005910,U0202,2026-07-07 04:40:00,5866.01,D0153,M004,Hyderabad,0,,4,1,0,0,4.55933983280102,1.8948945819238818,153180.0,0,1,15,amount z-score 4.6
T005916,U0202,2026-07-08 13:46:00,4933.57,D0153,M012,Hyderabad,0,,13,0,0,0,1.17419507406018,1.3868425869407366,119160.0,0,1,0,
T005906,U0202,2026-07-08 15:30:00,3145.01,D0153,M044,Hyderabad,0,,15,0,0,0,-0.5130022825781153,0.8377744304421326,6240.0,0,1,0,
T005904,U0202,2026-07-10 06:53:00,1127.66,D0153,M004,Hyderabad,0,,6,0,0,0,-2.2596985618218683,0.30660587524227273,141780.0,0,1,0,
T005915,U0202,2026-07-15 15:20:00,3055.41,D0153,M012,Hyderabad,0,,15,0,0,0,-0.2545712959618629,0.9000998664809786,462420.0,0,1,0,
T005913,U0202,2026-07-18 18:31:00,3936.23,D0153,M012,Hyderabad,0,,18,0,0,0,0.45401997792017523,1.1712836825044712,270660.0,0,1,0,
T005912,U0202,2026-07-19 12:05:00,2451.47,D0153,M004,Hyderabad,0,,12,0,0,0,-0.7880277700329286,0.7182866813638155,63240.0,0,1,0,
T005905,U0202,2026-07-27 13:07:00,4063.35,D0153,M038,Hyderabad,0,,13,0,0,0,0.6097933031713264,1.2191933650091356,694920.0,0,1,0,
T005918,U0202,2026-07-30 17:13:00,2164.23,D0153,M038,Hyderabad,0,,17,0,0,0,-1.0492036603825183,0.6386018437339069,273960.0,0,1,0,
T005908,U0202,2026-07-30 20:26:00,3216.64,D0153,M004,Hyderabad,0,,20,0,0,0,-0.07266174434198025,0.9742881000220668,11580.0,0,1,0,
T005946,U0203,2026-07-01 05:50:00,932.83,D0603,M059,Mumbai,0,,5,1,1,1,0.0,1.0,1000000000.0,0,1,20,odd hour + new device
T005940,U0203,2026-07-01 13:44:00,969.76,D0603,M048,Mumbai,0,,13,0,0,1,0.0,1.0,28440.0,0,1,0,
T005943,U0203,2026-07-02 06:07:00,411.06,D0173,M048,Mumbai,0,,6,0,1,0,0.0,1.0,58980.0,0,1,0,
T005922,U0203,2026-07-02 11:18:00,812.93,D0603,M059,Mumbai,0,,11,0,0,0,0.16350789299841267,1.0540876955623093,18660.0,0,1,0,
T005932,U0203,2026-07-02 15:25:00,891.26,D0603,M059,Mumbai,0,,15,0,0,0,0.4944890311659509,1.1402362950697102,14820.0,0,1,0,
T005944,U0203,2026-07-03 06:28:00,1023.78,D0173,M014,Mumbai,0,,6,0,0,1,1.084463191001602,1.2740427676636665,54180.0,0,1,0,
T005933,U0203,2026-07-03 11:42:00,946.34,D0173,M048,Mumbai,0,,11,0,0,0,0.5232263510275769,1.1262332332152365,18840.0,0,1,0,
T005929,U0203,2026-07-03 13:52:00,491.75,D0603,M059,Mumbai,0,,13,0,0,0,-1.900862421575919,0.5748618888529594,7800.0,0,1,0,
T005941,U0203,2026-07-04 10:12:00,1083.9,D0173,M059,Mumbai,0,,10,0,0,0,1.2704361974639595,1.338208035435897,73200.0,0,1,0,
T005936,U0203,2026-07-05 19:00:00,831.61,D0603,M014,Mumbai,0,,19,0,0,0,-0.039820336876108794,0.9895393854381896,118080.0,0,1,0,
T005923,U0203,2026-07-05 19:21:00,1228.93,D0173,M014,Mumbai,0,,19,0,0,0,1.8591325122623987,1.463844900474502,1260.0,1,1,0,
T005937,U0203,2026-07-08 11:36:00,586.96,D0173,M059,Mumbai,0,,11,0,0,0,-1.257780207018121,0.6708706735265371,231300.0,0,1,0,
T005945,U0203,2026-07-10 12:07:00,1115.16,D0603,M014,Mumbai,0,,12,0,0,0,1.1330793241088912,1.3105254947085767,174660.0,0,1,0,
T005931,U0203,2026-07-11 08:05:00,883.0,D0173,M014,Mumbai,0,,8,0,0,0,0.05002442952995876,1.0134845793738538,71880.0,0,1,0,
T005947,U0203,2026-07-12 06:04:00,567.49,D0173,M048,Mumbai,0,,6,0,0,0,-1.345815709888665,0.6507235887886721,79140.0,0,1,0,
T005938,U0203,2026-07-12 16:22:00,453.78,D0173,M014,Mumbai,0,,16,0,0,0,-1.7193715614948608,0.5327406941985988,37080.0,0,1,0,
T005919,U0203,2026-07-15 08:16:00,805.34,D0173,M048,Mumbai,0,,8,0,0,0,-0.08841084656214021,0.9739164073739499,230040.0,0,1,0,
T005935,U0203,2026-07-15 12:21:00,1253.18,D0603,M048,Mumbai,0,,12,0,0,0,1.8060175858394807,1.5178285917375267,14700.0,0,1,0,
T005927,U0203,2026-07-17 14:28:00,846.98,D0603,M048,Mumbai,0,,14,0,0,0,-0.00964742902298434,0.9971600596800012,180420.0,0,1,0,
T005939,U0203,2026-07-18 16:20:00,418.04,D0173,M014,Mumbai,0,,16,0,0,0,-1.7718949001240007,0.4922372521788179,93120.0,0,1,0,
T007579,U0203,2026-07-19 10:12:00,2523.03,D0629,M048,Mumbai,1,device_ring,10,0,1,0,6.6444975849508605,3.0482273819526946,64320.0,0,5,60,new device + amount >3x user avg; device shared by 5 users; amount z-score 6.6
T005921,U0203,2026-07-21 17:38:00,352.12,D0603,M048,Mumbai,0,,17,0,0,0,-1.2684636466040913,0.38761216934117093,199560.0,0,1,0,
T005928,U0203,2026-07-22 06:54:00,63.7,D0603,M048,Mumbai,0,,6,0,0,0,-1.8460913815311026,0.07212843732938334,47760.0,0,1,0,
T005925,U0203,2026-07-22 12:58:00,1380.06,D0173,M059,Mumbai,0,,12,0,0,0,1.1448115966349124,1.6283534575124354,21840.0,0,1,0,
T005942,U0203,2026-07-24 12:42:00,809.99,D0173,M014,Mumbai,0,,12,0,0,0,-0.1276972454537855,0.9313356628661223,171840.0,0,1,0,
T005920,U0203,2026-07-24 15:58:00,376.62,D0603,M048,Mumbai,0,,15,0,0,0,-1.0705698865081508,0.43423459271484516,11760.0,0,1,0,
T005926,U0203,2026-07-25 18:55:00,922.14,D0173,M014,Mumbai,0,,18,0,0,0,0.16046501419330955,1.0868574213377262,97020.0,0,1,0,
T005934,U0203,2026-07-26 16:12:00,943.71,D0173,M048,Mumbai,0,,16,0,0,0,0.20522996822627457,1.108713699226635,76620.0,0,1,0,
T005930,U0203,2026-07-29 14:03:00,855.43,D0173,M048,Mumbai,0,,14,0,0,0,0.002143228099644235,1.0011113676845735,251460.0,0,1,0,
T005924,U0203,2026-07-29 14:43:00,695.89,D0603,M059,Mumbai,0,,14,0,0,0,-0.3643296193669462,0.814370190904571,2400.0,1,1,0,
T005974,U0204,2026-07-01 18:49:00,1219.43,D0610,M017,Lucknow,0,,18,0,1,1,0.0,1.0,1000000000.0,0,1,0,
T005958,U0204,2026-07-02 03:35:00,1219.07,D0610,M014,Lucknow,0,,3,1,0,1,0.0,1.0,31560.0,0,1,0,
T005986,U0204,2026-07-02 18:09:00,1097.09,D0610,M044,Lucknow,0,,18,0,0,1,0.0,1.0,52440.0,0,1,0,
T005948,U0204,2026-07-04 11:08:00,1032.83,D0610,M017,Lucknow,0,,11,0,0,0,-2.5300864613976817,0.8763714110999538,147540.0,0,1,0,
T005964,U0204,2026-07-04 11:16:00,835.57,D0610,M055,Lucknow,0,,11,0,0,1,-3.8116292174854465,0.7316052370564832,480.0,1,1,0,
T005963,U0204,2026-07-04 11:25:00,1807.07,D0610,M014,Lucknow,0,,11,0,0,0,5.108992332747949,1.6719775557764005,540.0,2,1,15,amount z-score 5.1
T005962,U0204,2026-07-04 13:43:00,1255.87,D0610,M014,Lucknow,0,,13,0,0,0,0.17998887403818722,1.0449531682901376,8280.0,0,1,0,
T005959,U0204,2026-07-04 16:54:00,916.33,D0610,M017,Lucknow,0,,16,0,0,0,-1.0527342648722522,0.7575721063829505,11460.0,0,1,0,
T005979,U0204,2026-07-07 13:07:00,1122.6,D0610,M055,Lucknow,0,,13,0,0,0,-0.1809524583119922,0.9571087225914158,245580.0,0,1,0,
T005951,U0204,2026-07-08 19:47:00,51.58,D0610,M014,Lucknow,0,,19,0,0,0,-4.248949404792726,0.044186768108685916,110400.0,0,1,0,
T005985,U0204,2026-07-09 07:47:00,1066.02,D0610,M058,Lucknow,0,,7,0,0,1,0.024627945618351514,1.0097334192666654,43200.0,0,1,0,
T005989,U0204,2026-07-10 11:54:00,1689.16,D0610,M044,Lucknow,0,,11,0,0,0,1.589778082386716,1.598556710516135,101220.0,0,1,0,
T005965,U0204,2026-07-10 13:55:00,864.09,D0610,M024,Lucknow,0,,13,0,0,1,-0.5852860809970033,0.7788910064775609,7260.0,0,1,0,
T005966,U0204,2026-07-10 14:05:00,1298.03,D0610,M014,Lucknow,0,,14,0,0,0,0.5086976489255678,1.1902895653876133,600.0,1,1,0,
T005980,U0204,2026-07-10 14:49:00,1116.5,D0610,M014,Lucknow,0,,14,0,0,0,0.0281350513570317,1.010097745478026,2640.0,2,1,0,
T005953,U0204,2026-07-11 13:30:00,1569.21,D0610,M024,Lucknow,0,,13,0,0,0,1.208365991733904,1.4187095104838068,81660.0,0,1,0,
T005950,U0204,2026-07-11 13:36:00,1488.94,D0610,M055,Lucknow,0,,13,0,0,0,0.9129428753328059,1.311808902257987,360.0,1,1,0,
T005988,U0204,2026-07-12 12:22:00,1759.36,D0610,M017,Lucknow,0,,12,0,0,0,1.5667746854478501,1.5221398717275003,81960.0,0,1,0,
T005982,U0204,2026-07-12 20:10:00,982.4,D0610,M058,Lucknow,0,,20,0,0,0,-0.5186663034044174,0.825980030834699,28080.0,0,1,0,
T005954,U0204,2026-07-13 11:58:00,1945.21,D0610,M014,Lucknow,0,,11,0,0,0,1.9601950963048542,1.6506070464732034,56880.0,0,1,0,
T005952,U0204,2026-07-14 18:45:00,1404.41,D0610,M058,Lucknow,0,,18,0,0,0,0.45066162744584026,1.1541660288110747,110820.0,0,1,0,
T005971,U0204,2026-07-15 11:36:00,1101.09,D0610,M014,Lucknow,0,,11,0,0,0,-0.3054016404987289,0.8982983019208725,60660.0,0,1,0,
T005961,U0204,2026-07-15 20:19:00,1932.59,D0610,M014,Lucknow,0,,20,0,0,0,1.7828391006398,1.5839803935029997,31380.0,0,1,0,
T005970,U0204,2026-07-16 10:55:00,1737.88,D0610,M044,Lucknow,0,,10,0,0,0,1.1674375112021134,1.3891226406777604,52560.0,0,1,0,
T005990,U0204,2026-07-16 17:21:00,1212.54,D0610,M021,Lucknow,0,,17,0,0,1,-0.14013459646685342,0.9537442724665778,23160.0,0,1,0,
T005987,U0204,2026-07-17 13:32:00,1687.49,D0610,M058,Lucknow,0,,13,0,0,0,1.0174195717223284,1.3297848018527851,72660.0,0,1,0,
T005973,U0204,2026-07-18 23:32:00,1215.43,D0610,M044,Lucknow,0,,23,0,0,0,-0.16937015455594215,0.9457931129500993,122400.0,0,1,0,
T005960,U0204,2026-07-19 15:15:00,1215.7,D0610,M021,Lucknow,0,,15,0,0,0,-0.16544723995355762,0.9479062907106265,56580.0,0,1,0,
T005955,U0204,2026-07-19 20:19:00,1023.33,D0610,M044,Lucknow,0,,20,0,0,0,-0.6472680247660199,0.79939871864087,18240.0,0,1,0,
T005975,U0204,2026-07-20 20:01:00,1752.73,D0610,M017,Lucknow,0,,20,0,0,0,1.226207790480246,1.378724011455748,85320.0,0,1,0,
T005968,U0204,2026-07-21 15:15:00,1826.65,D0610,M024,Lucknow,0,,15,0,0,0,1.3633323247407687,1.4189574958131639,69240.0,0,1,0,
T005981,U0204,2026-07-21 15:40:00,1378.07,D0610,M017,Lucknow,0,,15,0,0,0,0.1830816809958411,1.056222091747979,1500.0,1,1,0,
T005957,U0204,2026-07-22 23:10:00,1447.4,D0610,M058,Lucknow,0,,23,0,0,0,0.35581943758301626,1.1074144262305772,113400.0,0,1,0,
T005978,U0204,2026-07-23 06:05:00,1410.23,D0610,M021,Lucknow,0,,6,0,0,0,0.25423230418502685,1.075474784414591,24900.0,0,1,0,
T005977,U0204,2026-07-23 17:19:00,1286.69,D0610,M055,Lucknow,0,,17,0,0,0,-0.07159483919833967,0.9790868330735946,40440.0,0,1,0,
T005969,U0204,2026-07-24 20:05:00,1003.63,D0610,M024,Lucknow,0,,20,0,0,0,-0.8186436750258033,0.7641533049687761,96360.0,0,1,0,
T005949,U0204,2026-07-25 15:21:00,966.94,D0610,M017,Lucknow,0,,15,0,0,0,-0.8972222166549993,0.741072914444354,69360.0,0,1,0,
T005967,U0204,2026-07-25 17:44:00,767.2,D0610,M017,Lucknow,0,,17,0,0,0,-1.4075573696623092,0.592133862547676,8580.0,0,1,0,
T005976,U0204,2026-07-25 21:16:00,868.86,D0610,M024,Lucknow,0,,21,0,0,0,-1.08653813719443,0.6778720473925963,12720.0,0,1,0,
T005983,U0204,2026-07-27 12:29:00,1390.16,D0610,M044,Lucknow,0,,12,0,0,0,0.31255619158212333,1.0936157208651616,141180.0,0,1,0,
T005956,U0204,2026-07-28 12:05:00,1711.74,D0610,M014,Lucknow,0,,12,0,0,0,1.1625992773662006,1.3434531430210443,84960.0,0,1,0,
T005972,U0204,2026-07-29 22:50:00,1271.01,D0610,M017,Lucknow,0,,22,0,0,0,-0.036515397766103144,0.9892608016429202,125100.0,0,1,0,
T005984,U0204,2026-07-30 15:56:00,563.03,D0610,M021,Lucknow,0,,15,0,0,0,-1.9324028426280602,0.4383332653344982,61560.0,0,1,0,
T005995,U0205,2026-07-01 19:44:00,2811.78,D0547,M043,Jaipur,0,,19,0,1,1,0.0,1.0,1000000000.0,0,1,0,
T005999,U0205,2026-07-03 09:32:00,4174.33,D0547,M049,Jaipur,0,,9,0,0,1,0.0,1.0,136080.0,0,1,0,
T005992,U0205,2026-07-06 20:00:00,4223.04,D0547,M013,Jaipur,0,,20,0,0,1,0.0,1.0,296880.0,0,1,0,
T005998,U0205,2026-07-08 09:16:00,3221.99,D0694,M050,Jaipur,0,,9,0,1,1,-0.7864191430691524,0.8623285438604188,134160.0,0,1,0,
T006005,U0205,2026-07-08 11:37:00,2581.06,D0694,M043,Jaipur,0,,11,0,0,0,-1.6868011346916088,0.7154140280766691,8460.0,0,1,0,
T006003,U0205,2026-07-11 10:29:00,3683.95,D0694,M049,Jaipur,0,,10,0,0,0,0.4127992110797802,1.0827376820508994,255120.0,0,1,0,
T005994,U0205,2026-07-19 16:55:00,5455.43,D0694,M050,Jaipur,0,,16,0,0,0,3.1776126275906056,1.5815782157797722,714360.0,0,1,15,amount z-score 3.2
T005997,U0205,2026-07-20 17:03:00,1963.91,D0694,M013,Jaipur,0,,17,0,0,0,-1.939926241279502,0.525680283803894,86880.0,0,1,0,
T006004,U0205,2026-07-24 10:23:00,6774.87,D0694,M013,Jaipur,0,,10,0,0,0,3.1467747228057887,1.927725961190013,321600.0,0,1,15,amount z-score 3.1
T006006,U0205,2026-07-24 13:37:00,6282.61,D0547,M043,Jaipur,0,,13,0,0,0,1.6994558523906425,1.6206049460485519,11640.0,0,1,0,
T005996,U0205,2026-07-24 14:15:00,2438.11,D0694,M013,Jaipur,0,,14,0,0,0,-1.101321778995589,0.5921627707225972,2280.0,1,1,0,
T006002,U0205,2026-07-24 15:01:00,5510.72,D0694,M049,Jaipur,0,,15,0,0,0,1.0093207874040133,1.3899660358035246,2760.0,1,1,0,
T005991,U0205,2026-07-25 10:35:00,7160.5,D0547,M050,Jaipur,0,,10,0,0,0,2.0077749540023326,1.7492437162117243,70440.0,0,1,0,
T006001,U0205,2026-07-26 13:40:00,5249.86,D0694,M043,Jaipur,0,,13,0,0,0,0.5479372157065303,1.2126046729475541,97500.0,0,1,0,
T006000,U0205,2026-07-28 14:37:00,2980.37,D0694,M049,Jaipur,0,,14,0,0,0,-0.8647777447757384,0.6781036126556673,176220.0,0,1,0,
T005993,U0205,2026-07-30 12:59:00,4530.47,D0694,M050,Jaipur,0,,12,0,0,0,0.14179746460990256,1.0533930382857268,166920.0,0,1,0,
T006020,U0206,2026-07-04 12:20:00,240.1,D0035,M041,Hyderabad,0,,12,0,1,1,0.0,1.0,1000000000.0,0,1,0,
T006021,U0206,2026-07-04 18:42:00,1342.1,D0188,M024,Hyderabad,0,,18,0,1,1,0.0,1.0,22920.0,0,1,0,
T006028,U0206,2026-07-05 13:33:00,313.29,D0188,M024,Hyderabad,0,,13,0,0,0,0.0,1.0,67860.0,0,1,0,
T006010,U0206,2026-07-05 14:05:00,806.99,D0035,M009,Hyderabad,0,,14,0,0,1,0.3481442590219749,1.27722646712371,1920.0,1,1,0,
T006009,U0206,2026-07-05 14:49:00,769.07,D0188,M046,Hyderabad,0,,14,0,0,1,0.21129581348782484,1.1383173956686936,2640.0,1,1,0,
T006040,U0206,2026-07-05 16:56:00,1249.55,D0035,M041,Hyderabad,0,,16,0,0,0,1.3973879572750767,1.799700419409629,7620.0,0,1,0,
T006032,U0206,2026-07-07 13:46:00,1040.63,D0035,M029,Hyderabad,0,,13,0,0,1,0.6077189517597643,1.3225265281533631,161400.0,0,1,0,
T006042,U0206,2026-07-07 16:58:00,1376.29,D0188,M029,Hyderabad,0,,16,0,0,0,1.3945207528719812,1.672072448430505,11520.0,0,1,0,
T006017,U0206,2026-07-09 14:35:00,1235.65,D0035,M044,Hyderabad,0,,14,0,0,1,0.8300352519394233,1.384865829588748,164220.0,0,1,0,
T006024,U0206,2026-07-09 18:24:00,941.25,D0188,M029,Hyderabad,0,,18,0,0,0,0.02679024468694138,1.0116531927930192,13740.0,0,1,0,
T006030,U0206,2026-07-10 13:28:00,977.94,D0035,M044,Hyderabad,0,,13,0,0,0,0.12097302905583744,1.0498640878828116,68640.0,0,1,0,
T006039,U0206,2026-07-11 06:05:00,689.45,D0188,M024,Hyderabad,0,,6,0,0,0,-0.6722503983903612,0.7368165885764518,59820.0,0,1,0,
T006036,U0206,2026-07-11 17:26:00,1264.19,D0035,M046,Hyderabad,0,,17,0,0,0,0.976828281644044,1.3813378044713676,40860.0,0,1,0,
T006029,U0206,2026-07-12 04:21:00,988.69,D0035,M029,Hyderabad,0,,4,1,0,0,0.13117837246398306,1.0495219031034349,39300.0,0,1,0,
T006037,U0206,2026-07-13 08:52:00,1494.96,D0035,M046,Hyderabad,0,,8,0,0,0,1.6027291271818356,1.581347904930804,102660.0,0,1,0,
T006033,U0206,2026-07-14 11:43:00,998.0,D0035,M006,Hyderabad,0,,11,0,0,1,0.044599219755009446,1.0162829288741633,96660.0,0,1,0,
T006019,U0206,2026-07-15 21:25:00,1037.19,D0188,M024,Hyderabad,0,,21,0,0,0,0.15606667428803248,1.0551170978861548,121320.0,0,1,0,
T006023,U0206,2026-07-16 14:12:00,533.54,D0188,M024,Hyderabad,0,,14,0,0,0,-1.3430385286204574,0.5410078167697683,60420.0,0,1,0,
T006035,U0206,2026-07-16 19:02:00,378.21,D0188,M009,Hyderabad,0,,19,0,0,0,-1.696455842983177,0.3935387720428317,17400.0,0,1,0,
T006038,U0206,2026-07-17 08:09:00,1222.75,D0188,M046,Hyderabad,0,,8,0,0,0,0.8147998147414562,1.314257605467252,47220.0,0,1,0,
T006011,U0206,2026-07-17 13:50:00,699.88,D0188,M044,Hyderabad,0,,13,0,0,0,-0.6894766880465177,0.7406200256291905,20460.0,0,1,0,
T006034,U0206,2026-07-19 16:48:00,1221.29,D0188,M041,Hyderabad,0,,16,0,0,0,0.8207977305374586,1.3085436920793043,183480.0,0,1,0,
T006031,U0206,2026-07-20 15:12:00,1626.75,D0188,M006,Hyderabad,0,,15,0,0,0,1.9550908644443712,1.7188647410565083,80640.0,0,1,0,
T006007,U0206,2026-07-20 17:28:00,1216.51,D0188,M029,Hyderabad,0,,17,0,0,0,0.654425884215605,1.2464375051823404,8160.0,0,1,0,
T006012,U0206,2026-07-21 13:17:00,1225.98,D0188,M009,Hyderabad,0,,13,0,0,0,0.6610953715902277,1.2433732361133067,71340.0,0,1,0,
T006018,U0206,2026-07-21 17:04:00,719.76,D0188,M046,Hyderabad,0,,17,0,0,0,-0.7689240707023013,0.7229336781240308,13620.0,0,1,0,
T006016,U0206,2026-07-22 11:26:00,1222.27,D0035,M046,Hyderabad,0,,11,0,0,0,0.666939759542906,1.2408827629406256,66120.0,0,1,0,
T006026,U0206,2026-07-22 15:20:00,1204.47,D0188,M006,Hyderabad,0,,15,0,0,0,0.5985750300856684,1.2119987555018072,14040.0,0,1,0,
T006014,U0206,2026-07-22 22:42:00,1135.66,D0188,M029,Hyderabad,0,,22,0,0,0,0.38623993199872014,1.1341713989047661,26520.0,0,1,0,
T006044,U0206,2026-07-24 09:37:00,901.28,D0188,M009,Hyderabad,0,,9,0,0,0,-0.3054467984709642,0.8959534016564744,125700.0,0,1,0,
T006041,U0206,2026-07-25 13:01:00,1533.93,D0188,M046,Hyderabad,0,,13,0,0,0,1.5750795758612093,1.5301713874850362,98640.0,0,1,0,
T006025,U0206,2026-07-26 10:39:00,1110.47,D0188,M046,Hyderabad,0,,10,0,0,0,0.2634152146839507,1.0891224953424903,77880.0,0,1,0,
T006043,U0206,2026-07-26 13:12:00,641.82,D0035,M046,Hyderabad,0,,13,0,0,0,-1.1197966681980178,0.6277334642673986,9180.0,0,1,0,
T006022,U0206,2026-07-27 13:41:00,399.13,D0188,M006,Hyderabad,0,,13,0,0,0,-1.7940046258417273,0.3948239065084651,88140.0,0,1,0,
T006013,U0206,2026-07-27 16:33:00,1021.59,D0188,M009,Hyderabad,0,,16,0,0,0,0.08158461390166877,1.0288817444162517,10320.0,0,1,0,
T006015,U0206,2026-07-28 16:40:00,1472.67,D0035,M046,Hyderabad,0,,16,0,0,0,1.3823116386965864,1.4819584909224317,86820.0,0,1,0,
T006027,U0206,2026-07-29 10:24:00,1366.24,D0188,M009,Hyderabad,0,,10,0,0,0,1.0246016350627654,1.3566941478750627,63840.0,0,1,0,
T006008,U0206,2026-07-30 08:58:00,940.38,D0188,M029,Hyderabad,0,,8,0,0,0,-0.21776032903432319,0.9248932859301032,81240.0,0,1,0,
T006056,U0207,2026-07-02 16:52:00,1187.45,D0392,M038,Hyderabad,0,,16,0,1,1,0.0,1.0,1000000000.0,0,1,0,
T006064,U0207,2026-07-04 10:15:00,1415.45,D0392,M045,Hyderabad,0,,10,0,0,1,0.0,1.0,148980.0,0,1,0,
T006058,U0207,2026-07-06 14:26:00,1976.02,D0392,M050,Hyderabad,0,,14,0,0,1,0.0,1.0,187860.0,0,1,0,
T006057,U0207,2026-07-07 12:10:00,2489.98,D0392,M050,Hyderabad,0,,12,0,0,0,2.9084275893551967,1.631375956580563,78240.0,0,1,0,
T006059,U0207,2026-07-08 16:48:00,1527.04,D0392,M031,Hyderabad,0,,16,0,0,1,-0.4742779342751584,0.8640891788741732,103080.0,0,1,0,
T006049,U0207,2026-07-08 19:02:00,2123.19,D0392,M042,Hyderabad,0,,19,0,0,1,0.8725090219243931,1.2349958228913909,8040.0,0,1,0,
T006051,U0207,2026-07-09 14:27:00,2864.89,D0392,M038,Hyderabad,0,,14,0,0,0,2.4032866939621074,1.6036133520517355,69900.0,0,1,0,
T006052,U0207,2026-07-11 14:43:00,1924.81,D0392,M050,Hyderabad,0,,14,0,0,0,-0.028089327242519436,0.9918764837696694,173760.0,0,1,0,
T006060,U0207,2026-07-11 16:51:00,1849.94,D0392,M050,Hyderabad,0,,16,0,0,0,-0.16888368396887282,0.9542641187224237,7680.0,0,1,0,
T006073,U0207,2026-07-12 15:11:00,1662.69,D0392,M038,Hyderabad,0,,15,0,0,0,-0.5366782626545334,0.8620547419109479,80400.0,0,1,0,
T006055,U0207,2026-07-12 17:25:00,679.53,D0392,M045,Hyderabad,0,,17,0,0,0,-2.562911656188992,0.3572438706822484,8040.0,0,1,0,
T006047,U0207,2026-07-13 07:07:00,2203.14,D0392,M038,Hyderabad,0,,7,0,0,0,0.7169921978464209,1.2301178766381133,49320.0,0,1,0,
T006045,U0207,2026-07-13 13:36:00,1194.22,D0392,M031,Hyderabad,0,,13,0,0,0,-1.1229721692596286,0.654243742716514,23340.0,0,1,0,
T006046,U0207,2026-07-14 07:51:00,1617.55,D0392,M045,Hyderabad,0,,7,0,0,0,-0.2815787403181965,0.9103745500507668,65700.0,0,1,0,
T006061,U0207,2026-07-15 06:05:00,1943.8,D0392,M031,Hyderabad,0,,6,0,0,0,0.32639209070766473,1.1010402204485954,80040.0,0,1,0,
T006070,U0207,2026-07-15 10:52:00,1161.53,D0392,M031,Hyderabad,0,,10,0,0,0,-1.1621701900781003,0.6535313597001103,17220.0,0,1,0,
T007616,U0207,2026-07-16 15:35:00,2706.72,D0392,M041,Hyderabad,1,zero_day_drain,15,0,0,1,1.8116980445884938,1.556635705002756,103380.0,0,1,0,
T006063,U0207,2026-07-16 15:48:00,1670.03,D0392,M050,Hyderabad,0,,15,0,0,0,-0.22209270207234894,0.9299841615368954,780.0,1,1,0,
T006072,U0207,2026-07-17 09:10:00,1796.58,D0392,M038,Hyderabad,0,,9,0,0,0,0.014164035143570059,1.0043623849049372,62520.0,0,1,0,
T006054,U0207,2026-07-18 11:35:00,2783.38,D0392,M050,Hyderabad,0,,11,0,0,0,1.8540251957420544,1.555667141167361,95100.0,0,1,0,
T006071,U0207,2026-07-19 06:46:00,893.36,D0392,M038,Hyderabad,0,,6,0,0,0,-1.6711753127770128,0.48581296261519114,69060.0,0,1,0,
T006066,U0207,2026-07-19 10:02:00,2121.06,D0392,M050,Hyderabad,0,,10,0,0,0,0.5567021301921834,1.182392430714357,11760.0,0,1,0,
T007617,U0207,2026-07-19 13:39:00,4258.65,D0392,M033,Hyderabad,1,zero_day_drain,13,0,0,1,4.236803253939269,2.3544796023206827,13020.0,0,1,15,amount z-score 4.2
T006062,U0207,2026-07-19 20:40:00,1844.78,D0392,M050,Hyderabad,0,,20,0,0,0,-0.0934005912184412,0.9632001622175382,25260.0,0,1,0,
T006053,U0207,2026-07-20 09:29:00,2320.72,D0392,M031,Hyderabad,0,,9,0,0,0,0.5527380209228425,1.2135596744467099,46140.0,0,1,0,
T006075,U0207,2026-07-21 08:57:00,2030.98,D0392,M031,Hyderabad,0,,8,0,0,0,0.14048309739972953,1.0530521593884272,84480.0,0,1,0,
T006069,U0207,2026-07-21 12:51:00,1241.44,D0392,M045,Hyderabad,0,,12,0,0,0,-0.9673710420991877,0.6423692005968537,14040.0,0,1,0,
T006048,U0207,2026-07-21 14:04:00,1012.79,D0392,M045,Hyderabad,0,,14,0,0,0,-1.2538682048445229,0.5310914401534568,4380.0,0,1,0,
T006050,U0207,2026-07-23 10:37:00,1965.97,D0392,M050,Hyderabad,0,,10,0,0,0,0.12631441014502098,1.0484829824745259,160380.0,0,1,0,
T006065,U0207,2026-07-25 13:07:00,1448.58,D0392,M050,Hyderabad,0,,13,0,0,0,-0.6073363384584137,0.7712612739338388,181800.0,0,1,0,
T006074,U0207,2026-07-25 15:38:00,736.02,D0392,M038,Hyderabad,0,,15,0,0,0,-1.6117963418569994,0.3948868547232029,9060.0,0,1,0,
T007618,U0207,2026-07-26 17:55:00,4222.69,D0392,M033,Hyderabad,1,zero_day_drain,17,0,0,0,3.3422806833073,2.3106460467594503,94620.0,0,1,15,amount z-score 3.3
T006068,U0207,2026-07-26 18:38:00,2903.7,D0392,M045,Hyderabad,0,,18,0,0,0,1.2222624950667043,1.526380788152305,2580.0,1,1,0,
T006076,U0207,2026-07-27 08:14:00,1912.43,D0392,M045,Hyderabad,0,,8,0,0,0,-0.02455976553688563,0.9895185972388562,48960.0,0,1,0,
T006067,U0207,2026-07-28 11:26:00,2959.19,D0392,M031,Hyderabad,0,,11,0,0,0,1.2639619056071032,1.531599328248916,97920.0,0,1,0,
T006077,U0208,2026-07-01 14:09:00,798.85,D0831,M015,Chennai,0,,14,0,1,1,0.0,1.0,1000000000.0,0,3,20,device shared by 3 users
T006090,U0208,2026-07-01 15:42:00,698.36,D0831,M059,Chennai,0,,15,0,0,1,0.0,1.0,5580.0,0,3,20,device shared by 3 users
T006086,U0208,2026-07-02 12:01:00,1245.9,D0831,M044,Chennai,0,,12,0,0,1,0.0,1.0,73140.0,0,3,20,device shared by 3 users
T006095,U0208,2026-07-02 12:39:00,958.82,D0831,M015,Chennai,0,,12,0,0,0,0.18677276642249704,1.0486127048693497,2280.0,1,3,20,device shared by 3 users
T006094,U0208,2026-07-03 15:08:00,719.9,D0831,M059,Chennai,0,,15,0,0,0,-0.9931429465183589,0.7778645184778052,95340.0,0,3,20,device shared by 3 users
T006089,U0208,2026-07-04 19:26:00,443.06,D0831,M059,Chennai,0,,19,0,0,0,-2.178336794932669,0.5009916703028027,101880.0,0,3,20,device shared by 3 users
T006078,U0208,2026-07-06 09:03:00,818.08,D0831,M044,Chennai,0,,9,0,0,0,0.029354912900518067,1.0089601191283337,135420.0,0,3,20,device shared by 3 users
T006092,U0208,2026-07-06 09:57:00,613.41,D0831,M044,Chennai,0,,9,0,0,0,-0.8660187878699841,0.7555679503342485,3240.0,1,3,20,device shared by 3 users
T006097,U0208,2026-07-09 13:56:00,567.34,D0831,M044,Chennai,0,,13,0,0,0,-0.9801080351594131,0.7208459454850616,273540.0,0,3,20,device shared by 3 users
T006084,U0208,2026-07-09 18:56:00,842.26,D0831,M044,Chennai,0,,18,0,0,0,0.3581211676639625,1.1044069382288813,18000.0,0,3,20,device shared by 3 users
T006093,U0208,2026-07-10 12:11:00,815.68,D0831,M059,Chennai,0,,12,0,0,0,0.21237249712972273,1.0585026160741362,62100.0,0,3,20,device shared by 3 users
T006096,U0208,2026-07-11 22:03:00,774.26,D0831,M015,Chennai,0,,22,0,0,0,-0.0021515501294577587,0.9994367281734071,121920.0,0,3,20,device shared by 3 users
T006098,U0208,2026-07-13 15:54:00,389.93,D0831,M044,Chennai,0,,15,0,0,0,-1.9813133515023442,0.5033563105060849,150660.0,0,3,20,device shared by 3 users
T006085,U0208,2026-07-13 19:03:00,555.95,D0831,M015,Chennai,0,,19,0,0,0,-0.8883919877459429,0.746176121899442,11340.0,0,3,20,device shared by 3 users
T006099,U0208,2026-07-14 06:47:00,928.04,D0831,M015,Chennai,0,,6,0,0,0,0.9319355177383852,1.2685816928899074,42240.0,0,3,20,device shared by 3 users
T006105,U0208,2026-07-14 21:46:00,246.27,D0831,M044,Chennai,0,,21,0,0,0,-2.3789553123977516,0.33071646460819965,53940.0,0,3,20,device shared by 3 users
T006080,U0208,2026-07-16 06:42:00,797.57,D0831,M059,Chennai,0,,6,0,0,0,0.3561859938823208,1.117816837969758,118560.0,0,3,20,device shared by 3 users
T006091,U0208,2026-07-23 11:34:00,320.69,D0831,M015,Chennai,0,,11,0,0,0,-1.7307896516728116,0.44636260262360206,622320.0,0,3,20,device shared by 3 users
T006101,U0208,2026-07-24 05:59:00,249.85,D0831,M044,Chennai,0,,5,1,0,0,-1.8511007708616067,0.3587974500147711,66300.0,0,3,20,device shared by 3 users
T006102,U0208,2026-07-24 16:29:00,555.06,D0831,M059,Chennai,0,,16,0,0,0,-0.4618093292100001,0.8249341754386463,37800.0,0,3,20,device shared by 3 users
T006104,U0208,2026-07-25 12:05:00,1016.49,D0831,M059,Chennai,0,,12,0,0,0,1.3984763077980416,1.5240552690639146,70560.0,0,3,20,device shared by 3 users
T006100,U0208,2026-07-25 12:54:00,1117.86,D0831,M044,Chennai,0,,12,0,0,0,1.70284863099298,1.6352351678565524,2940.0,1,3,20,device shared by 3 users
T006083,U0208,2026-07-26 12:20:00,528.19,D0831,M015,Chennai,0,,12,0,0,0,-0.6608111965573391,0.750966643475302,84360.0,0,3,20,device shared by 3 users
T006106,U0208,2026-07-26 18:38:00,844.99,D0831,M015,Chennai,0,,18,0,0,0,0.5703724200172108,1.2145349699012797,22680.0,0,3,20,device shared by 3 users
T006103,U0208,2026-07-29 09:43:00,270.13,D0831,M015,Chennai,0,,9,0,0,0,-1.6743261031286718,0.38482775022476867,227100.0,0,3,20,device shared by 3 users
T006087,U0208,2026-07-29 15:45:00,692.58,D0831,M059,Chennai,0,,15,0,0,0,0.029653882967198793,1.0115417811075729,21720.0,0,3,20,device shared by 3 users
T006088,U0208,2026-07-29 16:30:00,824.37,D0831,M044,Chennai,0,,16,0,0,0,0.5334069999408384,1.2034922877600969,2700.0,1,3,20,device shared by 3 users
T006079,U0208,2026-07-29 16:52:00,212.57,D0831,M015,Chennai,0,,16,0,0,0,-1.8526421278078937,0.30800815029410283,1320.0,1,3,20,device shared by 3 users
T006082,U0208,2026-07-29 23:09:00,466.51,D0831,M015,Chennai,0,,23,0,0,0,-0.7702341113868951,0.6930893112337011,22620.0,0,3,20,device shared by 3 users
T006081,U0208,2026-07-30 14:01:00,749.68,D0831,M015,Chennai,0,,14,0,0,0,0.314461526352837,1.1257056769287446,53520.0,0,3,20,device shared by 3 users
T006126,U0209,2026-07-01 17:45:00,2508.16,D0118,M024,Chennai,0,,17,0,1,1,0.0,1.0,1000000000.0,0,1,0,
T006123,U0209,2026-07-02 12:25:00,4612.48,D0118,M010,Chennai,0,,12,0,0,1,0.0,1.0,67200.0,0,1,0,
T006110,U0209,2026-07-04 21:06:00,5318.54,D0118,M011,Chennai,0,,21,0,0,1,0.0,1.0,204060.0,0,1,0,
T006119,U0209,2026-07-05 13:36:00,4702.34,D0118,M024,Chennai,0,,13,0,0,0,0.4657223362167886,1.1340795773192252,59400.0,0,1,0,
T006112,U0209,2026-07-07 18:10:00,2970.49,D0118,M028,Chennai,0,,18,0,0,1,-1.2387572558344728,0.6931684003068178,189240.0,0,1,0,
T006109,U0209,2026-07-08 11:58:00,2939.07,D0118,M010,Chennai,0,,11,0,0,0,-0.998140180695738,0.7306753525056234,64080.0,0,1,0,
T006107,U0209,2026-07-11 10:10:00,4639.42,D0118,M028,Chennai,0,,10,0,0,0,0.7454750803340128,1.2076015524111838,252720.0,0,1,0,
T006113,U0209,2026-07-11 11:04:00,754.66,D0118,M011,Chennai,0,,11,0,0,0,-3.1106370911167205,0.19077373101477343,3240.0,1,1,0,
T006133,U0209,2026-07-11 14:13:00,4516.96,D0118,M010,Chennai,0,,14,0,0,0,0.671831759184206,1.2703630420724332,11340.0,0,1,0,
T006121,U0209,2026-07-11 14:54:00,3874.17,D0118,M024,Chennai,0,,14,0,0,0,0.15314088516680519,1.0578060510209824,2460.0,1,1,0,
T006118,U0209,2026-07-12 12:25:00,2174.18,D0118,M024,Chennai,0,,12,0,0,0,-1.1495655786423253,0.5902277345003453,77460.0,0,1,0,
T006111,U0209,2026-07-12 16:20:00,3994.24,D0118,M011,Chennai,0,,16,0,0,0,0.33798147242146376,1.1262781501379229,14100.0,0,1,0,
T006125,U0209,2026-07-13 14:15:00,5838.91,D0118,M011,Chennai,0,,14,0,0,0,1.769274291488544,1.629284791839047,78900.0,0,1,0,
T006117,U0209,2026-07-14 14:37:00,4113.54,D0118,M010,Chennai,0,,14,0,0,0,0.26122030757774595,1.0948414549488157,87720.0,0,1,0,
T006116,U0209,2026-07-15 10:03:00,3337.94,D0118,M028,Chennai,0,,10,0,0,0,-0.33749073335067387,0.8824332722458292,69960.0,0,1,0,
T006115,U0209,2026-07-15 10:44:00,3772.12,D0118,M010,Chennai,0,,10,0,0,0,0.014957402307588543,1.00509280532273,2460.0,1,1,0,
T006132,U0209,2026-07-17 18:59:00,4867.43,D0118,M011,Chennai,0,,18,0,0,0,0.8997367928167114,1.2965287885681334,202500.0,0,1,0,
T006130,U0209,2026-07-18 02:30:00,3594.4,D0118,M028,Chennai,0,,2,1,0,0,-0.1833693121606189,0.941019932871012,27060.0,0,1,0,
T006114,U0209,2026-07-19 07:10:00,6493.43,D0118,M028,Chennai,0,,7,0,0,0,2.24775246774553,1.7055794581903525,103200.0,0,1,0,
T007580,U0209,2026-07-19 10:15:00,4246.0,D0629,M048,Chennai,1,device_ring,10,0,1,1,0.22727425107751534,1.075331020509702,11100.0,0,5,20,device shared by 5 users
T006129,U0209,2026-07-19 13:36:00,4711.67,D0118,M024,Chennai,0,,13,0,0,0,0.5858157852897583,1.1887877751184863,12060.0,0,1,0,
T006108,U0209,2026-07-20 11:27:00,3586.02,D0118,M010,Chennai,0,,11,0,0,0,-0.3286835753051414,0.8967169025200471,78660.0,0,1,0,
T006124,U0209,2026-07-23 13:34:00,3392.01,D0118,M024,Chennai,0,,13,0,0,0,-0.4779763596819171,0.8522037675194829,266820.0,0,1,0,
T006131,U0209,2026-07-23 13:50:00,3547.11,D0118,M024,Chennai,0,,13,0,0,0,-0.336947998100451,0.8969345030801024,960.0,1,1,0,
T006127,U0209,2026-07-24 18:17:00,5864.7,D0118,M011,Chennai,0,,18,0,0,0,1.623415392745183,1.4893642457925398,102420.0,0,1,0,
T006134,U0209,2026-07-25 15:50:00,1263.56,D0118,M028,Chennai,0,,15,0,0,0,-2.2499965964130806,0.3147255468704526,77580.0,0,1,0,
T006122,U0209,2026-07-26 08:59:00,4315.9,D0118,M028,Chennai,0,,8,0,0,0,0.3104880267606823,1.1040980067240929,61740.0,0,1,0,
T006120,U0209,2026-07-28 14:27:00,5018.72,D0118,M010,Chennai,0,,14,0,0,0,0.8496532283625762,1.2789631278451,192480.0,0,1,0,
T006128,U0209,2026-07-29 23:06:00,4821.89,D0118,M024,Chennai,0,,23,0,0,0,0.6701803436831125,1.21668150394778,117540.0,0,1,0,
T006141,U0210,2026-07-01 09:20:00,3304.78,D0721,M058,Jaipur,0,,9,0,1,1,0.0,1.0,1000000000.0,0,2,0,
T006170,U0210,2026-07-01 13:53:00,1411.39,D0721,M016,Jaipur,0,,13,0,0,1,0.0,1.0,16380.0,0,2,0,
T006136,U0210,2026-07-01 15:22:00,4370.05,D0721,M016,Jaipur,0,,15,0,0,0,0.0,1.0,5340.0,0,2,0,
T006151,U0210,2026-07-02 10:41:00,2270.21,D0721,M002,Jaipur,0,,10,0,0,1,-0.6199483342163773,0.7495559206965418,69540.0,0,2,0,
T006153,U0210,2026-07-02 12:09:00,3238.5,D0573,M015,Jaipur,0,,12,0,1,1,0.3600228727411354,1.1406753702913062,5280.0,0,2,0,
T006144,U0210,2026-07-03 12:09:00,4216.89,D0721,M015,Jaipur,0,,12,0,0,0,1.2914283611948267,1.4446420772677082,86400.0,0,2,0,
T006156,U0210,2026-07-03 12:26:00,3632.8,D0573,M002,Jaipur,0,,12,0,0,0,0.47967727730964144,1.1586757683758375,1020.0,1,2,0,
T006150,U0210,2026-07-03 14:29:00,2659.18,D0721,M008,Jaipur,0,,14,0,0,1,-0.5607264964714546,0.8293417306327577,7380.0,0,2,0,
T006157,U0210,2026-07-04 15:21:00,5081.46,D0573,M002,Jaipur,0,,15,0,0,0,2.0884104473075347,1.6193436845037505,89520.0,0,2,0,
T006138,U0210,2026-07-05 13:10:00,3194.03,D0721,M058,Jaipur,0,,13,0,0,0,-0.14956174297852123,0.9523280565225892,78540.0,0,2,0,
T006163,U0210,2026-07-05 18:27:00,2514.81,D0573,M007,Jaipur,0,,18,0,0,1,-0.8107023559586144,0.7534042812913623,19020.0,0,2,0,
T006152,U0210,2026-07-07 10:00:00,2098.15,D0573,M016,Jaipur,0,,10,0,0,0,-1.1689634759291139,0.6429928593536843,142380.0,0,2,0,
T006137,U0210,2026-07-07 12:13:00,1370.35,D0721,M002,Jaipur,0,,12,0,0,0,-1.7831867690558785,0.43283037974339594,7980.0,0,2,0,
T006155,U0210,2026-07-08 16:53:00,4606.41,D0573,M008,Jaipur,0,,16,0,0,0,1.4624678123365813,1.5213255725034112,103200.0,0,2,0,
T006162,U0210,2026-07-08 18:53:00,3458.43,D0721,M016,Jaipur,0,,18,0,0,0,0.28457240587607296,1.1011851298126434,7200.0,0,2,0,
T006135,U0210,2026-07-09 17:26:00,3723.47,D0573,M016,Jaipur,0,,17,0,0,0,0.5191925162032098,1.177631556380347,81180.0,0,2,0,
T006139,U0210,2026-07-10 12:44:00,3161.71,D0573,M058,Jaipur,0,,12,0,0,0,-0.03334792273886886,0.9889826003912008,69480.0,0,2,0,
T006142,U0210,2026-07-10 18:21:00,3782.32,D0721,M058,Jaipur,0,,18,0,0,0,0.5733038798552033,1.183876601421071,20220.0,0,2,0,
T006160,U0210,2026-07-12 08:24:00,2091.93,D0573,M058,Jaipur,0,,8,0,0,0,-1.1300605059244504,0.6481586862527638,136980.0,0,2,0,
T006140,U0210,2026-07-12 14:00:00,2824.21,D0573,M007,Jaipur,0,,14,0,0,0,-0.33998221009871493,0.8915564139331458,20160.0,0,2,0,
T006161,U0210,2026-07-12 15:05:00,2673.43,D0573,M002,Jaipur,0,,15,0,0,0,-0.48308356057564183,0.8485586976612498,3900.0,0,2,0,
T006171,U0210,2026-07-13 10:45:00,4842.82,D0721,M016,Jaipur,0,,10,0,0,0,1.7694832629741297,1.5482983730484667,70800.0,0,2,0,
T006168,U0210,2026-07-14 10:53:00,4168.22,D0573,M007,Jaipur,0,,10,0,0,0,0.9509628341596759,1.3002170927411436,86880.0,0,2,0,
T006146,U0210,2026-07-14 19:21:00,3046.13,D0721,M008,Jaipur,0,,19,0,0,0,-0.19968812742946854,0.9379540009870344,30480.0,0,2,0,
T006172,U0210,2026-07-15 15:46:00,2448.96,D0573,M008,Jaipur,0,,15,0,0,0,-0.7993407410040794,0.7560299697904043,73500.0,0,2,0,
T006167,U0210,2026-07-17 12:16:00,4576.21,D0721,M015,Jaipur,0,,12,0,0,0,1.395110739550707,1.426665879762692,160200.0,0,2,0,
T006166,U0210,2026-07-17 12:35:00,3410.4,D0573,M058,Jaipur,0,,12,0,0,0,0.15054433457338198,1.0460504309503382,1140.0,1,2,0,
T006154,U0210,2026-07-17 15:40:00,1140.55,D0573,M015,Jaipur,0,,15,0,0,0,-2.170730832658127,0.3492380403173218,11100.0,0,2,0,
T006158,U0210,2026-07-19 09:45:00,4391.42,D0573,M016,Jaipur,0,,9,0,0,0,1.1562091701620647,1.376654596972313,151500.0,0,2,0,
T006173,U0210,2026-07-20 18:15:00,4711.89,D0721,M008,Jaipur,0,,18,0,0,0,1.4176419150298316,1.4581789279402049,117000.0,0,2,0,
T006165,U0210,2026-07-21 15:07:00,4870.72,D0573,M015,Jaipur,0,,15,0,0,0,1.4990982225677567,1.4846571020735315,75120.0,0,2,0,
T006148,U0210,2026-07-21 16:06:00,4188.47,D0573,M015,Jaipur,0,,16,0,0,0,0.7926224053781232,1.2570458860205262,3540.0,1,2,0,
T006159,U0210,2026-07-22 12:31:00,1530.25,D0573,M015,Jaipur,0,,12,0,0,0,-1.7026321855991786,0.45559977024087955,73500.0,0,2,0,
T006164,U0210,2026-07-23 13:15:00,3378.99,D0721,M015,Jaipur,0,,13,0,0,0,0.06857616696208013,1.022897966905445,89040.0,0,2,0,
T006147,U0210,2026-07-24 13:57:00,1850.28,D0721,M015,Jaipur,0,,13,0,0,0,-1.3391372541721291,0.5597453284439874,88920.0,0,2,0,
T006169,U0210,2026-07-27 17:45:00,1927.26,D0721,M007,Jaipur,0,,17,0,0,0,-1.2172049169208758,0.5904604889900377,272880.0,0,2,0,
T006149,U0210,2026-07-27 18:37:00,4339.72,D0573,M008,Jaipur,0,,18,0,0,0,1.007203312111342,1.344872574498598,3120.0,1,2,0,
T006143,U0210,2026-07-30 13:14:00,3944.91,D0573,M058,Jaipur,0,,13,0,0,0,0.6227634875835373,1.2112318139323626,239820.0,0,2,0,
T006145,U0210,2026-07-30 17:19:00,3436.39,D0573,M058,Jaipur,0,,17,0,0,0,0.14726360325574656,1.0492649716113016,14700.0,0,2,0,
T006177,U0211,2026-07-01 09:40:00,602.16,D0230,M048,Kolkata,0,,9,0,1,1,0.0,1.0,1000000000.0,0,1,0,
T006185,U0211,2026-07-01 09:45:00,1066.15,D0230,M048,Kolkata,0,,9,0,0,0,0.0,1.0,300.0,1,1,0,
T006216,U0211,2026-07-01 12:59:00,648.58,D0230,M010,Kolkata,0,,12,0,0,1,0.0,1.0,11640.0,0,1,0,
T006199,U0211,2026-07-01 13:27:00,1331.99,D0230,M048,Kolkata,0,,13,0,0,0,2.6824751757773035,1.7247128671736085,1680.0,1,1,0,
T006210,U0211,2026-07-02 16:55:00,1062.31,D0230,M005,Kolkata,0,,16,0,0,1,0.4964912449276278,1.1645326772439404,98880.0,0,1,0,
T006206,U0211,2026-07-02 21:47:00,1583.34,D0230,M005,Kolkata,0,,21,0,0,0,2.314685501705187,1.6804034631585612,17520.0,0,1,0,
T006211,U0211,2026-07-02 23:55:00,807.64,D0230,M005,Kolkata,0,,23,0,0,0,-0.6940788394237808,0.7698493764238001,7680.0,0,1,0,
T006190,U0211,2026-07-03 04:15:00,954.76,D0230,M005,Kolkata,0,,4,1,0,0,-0.17970742571490816,0.9410250660590811,15600.0,0,1,0,
T006209,U0211,2026-07-03 12:07:00,508.31,D0230,M010,Kolkata,0,,12,0,0,0,-1.5983010251947931,0.5047182979077954,28320.0,0,1,0,
T006188,U0211,2026-07-04 08:42:00,1159.12,D0230,M048,Kolkata,0,,8,0,0,0,0.6221741649811454,1.2179553624928667,74100.0,0,1,0,
T006181,U0211,2026-07-04 15:11:00,564.65,D0230,M005,Kolkata,0,,15,0,0,0,-1.265060429037752,0.5806551787668749,23340.0,0,1,0,
T006189,U0211,2026-07-04 19:08:00,1378.0,D0230,M048,Kolkata,0,,19,0,0,0,1.345631227679566,1.4732223978589343,14220.0,0,1,0,
T006182,U0211,2026-07-06 09:39:00,1096.82,D0230,M005,Kolkata,0,,9,0,0,0,0.36869488153327473,1.128124514032516,138660.0,0,1,0,
T006193,U0211,2026-07-07 13:18:00,1402.29,D0230,M010,Kolkata,0,,13,0,0,0,1.2885470346505845,1.4282366641856656,99540.0,0,1,0,
T006196,U0211,2026-07-08 06:13:00,768.05,D0230,M010,Kolkata,0,,6,0,0,0,-0.7331554048162257,0.7590434070425347,60900.0,0,1,0,
T006207,U0211,2026-07-08 11:15:00,386.85,D0230,M005,Kolkata,0,,11,0,0,0,-1.8617349076167262,0.38855523903716593,18120.0,0,1,0,
T006176,U0211,2026-07-09 14:01:00,787.32,D0230,M048,Kolkata,0,,14,0,0,0,-0.4875030289801392,0.8222115751330273,96360.0,0,1,0,
T006208,U0211,2026-07-09 14:44:00,399.43,D0230,M010,Kolkata,0,,14,0,0,0,-1.6066863692537448,0.42154002168031096,2580.0,1,1,0,
T006203,U0211,2026-07-09 17:54:00,930.59,D0230,M010,Kolkata,0,,17,0,0,0,0.03805674875716126,1.014711253048425,11400.0,0,1,0,
T006192,U0211,2026-07-10 08:01:00,871.64,D0230,M005,Kolkata,0,,8,0,0,0,-0.13379352574763545,0.9496971035094902,50820.0,0,1,0,
T006202,U0211,2026-07-10 13:35:00,1057.8,D0230,M005,Kolkata,0,,13,0,0,0,0.4229011891155784,1.1554341877056973,20040.0,0,1,0,
T006195,U0211,2026-07-11 14:05:00,1158.59,D0230,M010,Kolkata,0,,14,0,0,0,0.716599109581697,1.2562288940209623,88200.0,0,1,0,
T006194,U0211,2026-07-12 08:25:00,644.89,D0230,M005,Kolkata,0,,8,0,0,0,-0.8840230800930585,0.6911872952230703,66000.0,0,1,0,
T006183,U0211,2026-07-12 13:34:00,859.27,D0230,M010,Kolkata,0,,13,0,0,0,-0.1888738628080236,0.9334915025699767,18540.0,0,1,0,
T006200,U0211,2026-07-14 06:58:00,930.4,D0230,M010,Kolkata,0,,6,0,0,0,0.039239837041262486,1.0135743309029606,149040.0,0,1,0,
T006205,U0211,2026-07-16 15:08:00,1108.55,D0230,M010,Kolkata,0,,15,0,0,0,0.6110196406184957,1.2069949183211115,202200.0,0,1,0,
T006198,U0211,2026-07-16 17:45:00,1618.15,D0230,M005,Kolkata,0,,17,0,0,0,2.2533229216627397,1.747934105592294,9420.0,0,1,0,
T006184,U0211,2026-07-17 09:15:00,1188.09,D0230,M010,Kolkata,0,,9,0,0,0,0.7201675592572355,1.2487880349616536,55800.0,0,1,0,
T006174,U0211,2026-07-18 07:41:00,1060.56,D0230,M005,Kolkata,0,,7,0,0,0,0.3091982457516998,1.1049251097481259,80760.0,0,1,0,
T006178,U0211,2026-07-19 10:23:00,1341.53,D0230,M048,Kolkata,0,,10,0,0,0,1.1797573650063347,1.3926099719581444,96120.0,0,1,0,
T006175,U0211,2026-07-21 06:23:00,772.11,D0230,M048,Kolkata,0,,6,0,0,0,-0.6321443542307701,0.7911549447573591,158400.0,0,1,0,
T006204,U0211,2026-07-21 18:46:00,1054.69,D0230,M005,Kolkata,0,,18,0,0,0,0.2673321958674405,1.0880351164185655,44580.0,0,1,0,
T006191,U0211,2026-07-21 18:54:00,1293.39,D0230,M048,Kolkata,0,,18,0,0,0,1.0217129050376477,1.3306211955397036,480.0,1,1,0,
T006214,U0211,2026-07-23 12:02:00,1050.55,D0230,M005,Kolkata,0,,12,0,0,0,0.21866497608544697,1.0700700217077368,148080.0,0,1,0,
T006201,U0211,2026-07-23 14:35:00,581.23,D0230,M048,Kolkata,0,,14,0,0,0,-1.2978998559646984,0.5908121028765173,9180.0,0,1,0,
T006197,U0211,2026-07-23 23:45:00,898.04,D0230,M010,Kolkata,0,,23,0,0,0,-0.2372164230515657,0.9236433939568401,33000.0,0,1,0,
T006215,U0211,2026-07-24 15:49:00,1379.03,D0230,M010,Kolkata,0,,15,0,0,0,1.3237584070479944,1.4213612965711875,57840.0,0,1,0,
T006217,U0211,2026-07-25 21:12:00,770.67,D0230,M048,Kolkata,0,,21,0,0,0,-0.6755197748695064,0.7853827656016845,105780.0,0,1,0,
T006212,U0211,2026-07-26 09:41:00,668.94,D0230,M005,Kolkata,0,,9,0,0,0,-0.9913316471583453,0.6855826997677802,44940.0,0,1,0,
T006180,U0211,2026-07-26 11:32:00,633.78,D0230,M005,Kolkata,0,,11,0,0,0,-1.0801156029461638,0.6548271514181385,6660.0,0,1,0,
T006187,U0211,2026-07-26 16:21:00,648.33,D0230,M005,Kolkata,0,,16,0,0,0,-1.0043462913028736,0.6756910967505786,17340.0,0,1,0,
T006179,U0211,2026-07-27 13:24:00,1225.4,D0230,M005,Kolkata,0,,13,0,0,0,0.8828592580930905,1.2872973363173206,75780.0,0,1,0,
T006186,U0211,2026-07-27 15:08:00,807.73,D0230,M010,Kolkata,0,,15,0,0,0,-0.4878756359805609,0.842765151096919,6240.0,0,1,0,
T006213,U0211,2026-07-29 16:52:00,1149.22,D0230,M010,Kolkata,0,,16,0,0,0,0.6347110553494584,1.2034678515232895,179040.0,0,1,0,
T006225,U0212,2026-07-02 14:40:00,2426.38,D0825,M059,Jaipur,0,,14,0,1,1,0.0,1.0,1000000000.0,0,1,0,
T006228,U0212,2026-07-02 23:18:00,3281.16,D0825,M059,Jaipur,0,,23,0,0,0,0.0,1.0,31080.0,0,1,0,
T006239,U0212,2026-07-03 11:06:00,2468.31,D0825,M059,Jaipur,0,,11,0,0,0,0.0,1.0,42480.0,0,1,0,
T006220,U0212,2026-07-03 16:52:00,2916.88,D0825,M005,Jaipur,0,,16,0,0,1,0.48698216238384584,1.0703033931382169,20760.0,0,1,0,
T006230,U0212,2026-07-04 11:22:00,2045.68,D0825,M059,Jaipur,0,,11,0,0,0,-2.0745406817931915,0.7376651191410356,66600.0,0,1,0,
T006232,U0212,2026-07-05 09:15:00,2248.19,D0825,M059,Jaipur,0,,9,0,0,0,-0.8869554480028192,0.8555791755411885,78780.0,0,1,0,
T006242,U0212,2026-07-05 09:21:00,2050.18,D0825,M005,Jaipur,0,,9,0,0,0,-1.237979745038482,0.7994670684363795,360.0,1,1,0,
T006227,U0212,2026-07-07 15:33:00,2760.99,D0825,M005,Jaipur,0,,15,0,0,0,0.6359405704230762,1.1084001743579492,195120.0,0,1,0,
T006245,U0212,2026-07-08 13:07:00,1993.95,D0825,M032,Jaipur,0,,13,0,0,1,-1.3038053976378483,0.7897703555234978,77640.0,0,1,0,
T006223,U0212,2026-07-08 13:54:00,3681.36,D0825,M014,Jaipur,0,,13,0,0,1,2.904747071567976,1.4930000913206818,2820.0,1,1,0,
T006234,U0212,2026-07-09 14:01:00,2019.24,D0825,M059,Jaipur,0,,14,0,0,0,-1.0537565019109667,0.7804405193427143,86820.0,0,1,0,
T006238,U0212,2026-07-10 16:59:00,3041.77,D0825,M047,Jaipur,0,,16,0,0,1,0.9384120397894298,1.199594368155982,97080.0,0,1,0,
T006236,U0212,2026-07-11 14:41:00,3231.16,D0825,M059,Jaipur,0,,14,0,0,0,1.221223914016772,1.2534365803215404,78120.0,0,1,0,
T006233,U0212,2026-07-11 15:41:00,3816.57,D0825,M032,Jaipur,0,,15,0,0,0,2.1900663318732545,1.4522185548509425,3600.0,1,1,0,
T006243,U0212,2026-07-13 10:22:00,2206.27,D0825,M047,Jaipur,0,,10,0,0,0,-0.8362812630741691,0.8132253796320147,153660.0,0,1,0,
T006246,U0212,2026-07-13 12:11:00,4212.45,D0825,M047,Jaipur,0,,12,0,0,0,2.5602608911714917,1.5722755168612361,6540.0,0,1,0,
T006248,U0212,2026-07-14 12:55:00,3278.13,D0825,M047,Jaipur,0,,12,0,0,0,0.730764739259523,1.1812937405963824,89040.0,0,1,0,
T006229,U0212,2026-07-14 14:11:00,2754.62,D0825,M047,Jaipur,0,,14,0,0,0,-0.07372438210620728,0.9821695945650983,4560.0,0,1,0,
T006231,U0212,2026-07-14 14:36:00,3856.69,D0825,M005,Jaipur,0,,14,0,0,0,1.5999550123472859,1.3764800982688887,1500.0,1,1,0,
T006235,U0212,2026-07-17 11:31:00,1857.18,D0825,M049,Jaipur,0,,11,0,0,1,-1.4631765694515948,0.6499619264485034,248100.0,0,1,0,
T006226,U0212,2026-07-17 14:25:00,2616.5,D0825,M047,Jaipur,0,,14,0,0,0,-0.27225849625937637,0.9320150828886038,10440.0,0,1,0,
T006247,U0212,2026-07-20 13:36:00,2762.29,D0825,M005,Jaipur,0,,13,0,0,0,-0.052499601672748114,0.9871422232595793,256260.0,0,1,0,
T006218,U0212,2026-07-21 12:31:00,3885.87,D0825,M032,Jaipur,0,,12,0,0,0,1.6266609372639074,1.3894810233638233,82500.0,0,1,0,
T006237,U0212,2026-07-22 11:18:00,3361.25,D0825,M032,Jaipur,0,,11,0,0,0,0.7479776405002344,1.1818773728175858,82020.0,0,1,0,
T006221,U0212,2026-07-24 13:02:00,2041.34,D0825,M047,Jaipur,0,,13,0,0,0,-1.2035229997941317,0.7123741892415596,179040.0,0,1,0,
T006219,U0212,2026-07-25 12:54:00,2468.77,D0825,M059,Jaipur,0,,12,0,0,0,-0.5271374049114603,0.8715634286610724,85920.0,0,1,0,
T006240,U0212,2026-07-25 14:03:00,2613.59,D0825,M049,Jaipur,0,,14,0,0,0,-0.30130237518168396,0.9272706230255152,4140.0,0,1,0,
T006222,U0212,2026-07-26 15:07:00,1841.37,D0825,M014,Jaipur,0,,15,0,0,0,-1.4498740280182862,0.6550606828500524,90240.0,0,1,0,
T006244,U0212,2026-07-27 11:34:00,1446.8,D0825,M005,Jaipur,0,,11,0,0,0,-1.952604043961726,0.52111357417876,73620.0,0,1,0,
T006241,U0212,2026-07-29 12:01:00,2902.89,D0825,M014,Jaipur,0,,12,0,0,0,0.24220194950944315,1.0631290491496144,174420.0,0,1,0,
T006224,U0212,2026-07-30 10:50:00,361.08,D0825,M014,Jaipur,0,,10,0,0,0,-3.391079216003873,0.13196109576829074,82140.0,0,1,0,
T006260,U0213,2026-07-04 13:01:00,2691.72,D0116,M009,Hyderabad,0,,13,0,1,1,0.0,1.0,1000000000.0,0,2,0,
T006253,U0213,2026-07-04 21:24:00,1617.05,D0116,M053,Hyderabad,0,,21,0,0,1,0.0,1.0,30180.0,0,2,0,
T006249,U0213,2026-07-08 08:19:00,2000.34,D0542,M043,Hyderabad,0,,8,0,1,1,0.0,1.0,298500.0,0,1,0,
T006257,U0213,2026-07-08 17:06:00,2544.81,D0542,M009,Hyderabad,0,,17,0,0,0,0.9934158998275856,1.2100644934657674,31620.0,0,1,0,
T006264,U0213,2026-07-10 12:07:00,4889.56,D0116,M007,Hyderabad,0,,12,0,0,1,6.223229510095863,2.2089921742193326,154860.0,0,2,15,amount z-score 6.2
T006263,U0213,2026-07-10 22:18:00,3495.36,D0542,M053,Hyderabad,0,,22,0,0,0,0.6564463406574875,1.2716429895224344,36660.0,0,1,0,
T006254,U0213,2026-07-18 13:52:00,2891.59,D0116,M043,Hyderabad,0,,13,0,0,0,0.017163269566569217,1.006421545414974,660840.0,0,2,0,
T006259,U0213,2026-07-20 14:01:00,3630.83,D0116,M053,Hyderabad,0,,14,0,0,0,0.7586580788434231,1.2625567358055492,173340.0,0,2,0,
T006256,U0213,2026-07-20 14:07:00,4308.07,D0116,M043,Hyderabad,0,,14,0,0,0,1.3880505757632644,1.4504517011470093,360.0,1,2,0,
T007483,U0213,2026-07-21 05:00:00,118.57,D0116,M054,Hyderabad,1,velocity_burst,5,1,0,1,-2.996315464039771,0.03801765128194514,53580.0,0,2,0,
T007484,U0213,2026-07-21 05:01:00,144.56,D0116,M056,Hyderabad,1,velocity_burst,5,1,0,1,-2.043545196918137,0.05128441634485563,60.0,1,2,0,
T007485,U0213,2026-07-21 05:02:00,81.84,D0116,M056,Hyderabad,1,velocity_burst,5,1,0,0,-1.7016360809158355,0.03177415584987976,60.0,2,2,0,
T007486,U0213,2026-07-21 05:06:00,24.73,D0116,M028,Hyderabad,1,velocity_burst,5,1,0,1,-1.4988248989756754,0.010444036976968343,240.0,3,2,0,
T007491,U0213,2026-07-21 05:08:00,92.28,D0116,M010,Hyderabad,1,velocity_burst,5,1,0,1,-1.288180853565461,0.042182873306565755,120.0,4,2,0,
T007487,U0213,2026-07-21 05:08:00,101.33,D0116,M013,Hyderabad,1,velocity_burst,5,1,0,1,-1.1682507013474541,0.04972151644294982,0.0,5,2,40,5 txns in last 1h (velocity); rapid repeat transactions
T007488,U0213,2026-07-21 05:10:00,141.93,D0116,M008,Hyderabad,1,velocity_burst,5,1,0,1,-1.0562782158622388,0.07435395404980787,120.0,6,2,30,6 txns in last 1h (velocity)
T007489,U0213,2026-07-21 05:12:00,22.31,D0116,M014,Hyderabad,1,velocity_burst,5,1,0,1,-1.0602481569043187,0.01240539823189412,120.0,7,2,30,7 txns in last 1h (velocity)
T007490,U0213,2026-07-21 05:14:00,16.85,D0116,M015,Hyderabad,1,velocity_burst,5,1,0,1,-0.9994364790468802,0.009947258169318919,120.0,8,2,30,8 txns in last 1h (velocity)
T007492,U0213,2026-07-21 05:18:00,122.16,D0116,M018,Hyderabad,1,velocity_burst,5,1,0,1,-0.8825432345290587,0.07631361849459806,240.0,9,2,30,9 txns in last 1h (velocity)
T007493,U0213,2026-07-21 05:20:00,109.96,D0116,M025,Hyderabad,1,velocity_burst,5,1,0,1,-0.8492536943347735,0.07220237561824276,120.0,10,2,30,10 txns in last 1h (velocity)
T006258,U0213,2026-07-23 11:06:00,3966.34,D0116,M053,Hyderabad,0,,11,0,0,0,1.5230698950925519,2.7310889488645786,193560.0,0,2,0,
T006251,U0213,2026-07-25 05:27:00,4590.45,D0542,M058,Hyderabad,0,,5,1,0,1,1.7781625801621674,2.9201167792466216,152460.0,0,1,0,
T006250,U0213,2026-07-25 12:07:00,2209.66,D0116,M043,Hyderabad,0,,12,0,0,0,0.2821566762787237,1.292795398715582,24000.0,0,2,0,
T006262,U0213,2026-07-25 21:13:00,5449.85,D0542,M053,Hyderabad,0,,21,0,0,0,2.140153294389696,3.1484377925311002,32760.0,0,1,0,
T006252,U0213,2026-07-28 08:37:00,2768.02,D0116,M009,Hyderabad,0,,8,0,0,0,0.4751856509596786,1.4677270073289614,213840.0,0,2,0,
T006261,U0213,2026-07-28 15:30:00,2344.03,D0116,M007,Hyderabad,0,,15,0,0,0,0.23142892721923347,1.2200820852705279,24780.0,0,2,0,
T006255,U0213,2026-07-29 15:10:00,3604.45,D0542,M009,Hyderabad,0,,15,0,0,0,0.9295210623843937,1.8603908340307107,85200.0,0,1,0,
T006275,U0214,2026-07-01 11:30:00,1711.09,D0674,M016,Jaipur,0,,11,0,1,1,0.0,1.0,1000000000.0,0,2,0,
T006286,U0214,2026-07-03 17:15:00,1871.67,D0674,M007,Jaipur,0,,17,0,0,1,0.0,1.0,193500.0,0,2,0,
T006289,U0214,2026-07-06 11:01:00,2289.21,D0674,M019,Jaipur,0,,11,0,0,1,0.0,1.0,236760.0,0,2,0,
T006279,U0214,2026-07-07 06:14:00,1160.88,D0674,M019,Jaipur,0,,6,0,0,0,-3.268616051804388,0.5930956728697034,69180.0,0,2,0,
T006291,U0214,2026-07-07 15:49:00,850.6,D0674,M007,Jaipur,0,,15,0,0,0,-2.24485801126039,0.48378680023956894,34500.0,0,2,0,
T006285,U0214,2026-07-08 14:09:00,2129.12,D0674,M058,Jaipur,0,,14,0,0,1,1.0780826659242422,1.3503732494337037,80400.0,0,2,0,
T006270,U0214,2026-07-08 21:16:00,1781.13,D0674,M015,Jaipur,0,,21,0,0,1,0.21986691692913515,1.0673363575581476,25620.0,0,2,0,
T006277,U0214,2026-07-09 14:52:00,1609.74,D0674,M016,Jaipur,0,,14,0,0,0,-0.15811974417475608,0.9554406160332986,63360.0,0,2,0,
T006288,U0214,2026-07-09 17:18:00,2795.56,D0674,M007,Jaipur,0,,17,0,0,0,2.518150712779264,1.6685626963414986,8760.0,0,2,0,
T006290,U0214,2026-07-10 16:45:00,1935.45,D0674,M016,Jaipur,0,,16,0,0,0,0.2475813438784853,1.075316376956735,84420.0,0,2,0,
T006266,U0214,2026-07-10 17:54:00,1253.42,D0674,M007,Jaipur,0,,17,0,0,0,-1.0748354500898984,0.6911817007457178,4140.0,0,2,0,
T006276,U0214,2026-07-11 15:25:00,2109.48,D0674,M007,Jaipur,0,,15,0,0,0,0.664365795441131,1.1968452432801902,77460.0,0,2,0,
T006284,U0214,2026-07-11 20:26:00,2293.7,D0674,M015,Jaipur,0,,20,0,0,0,0.9865499202134382,1.2803624625656485,18060.0,0,2,0,
T006292,U0214,2026-07-17 11:49:00,459.94,D0674,M019,Jaipur,0,,11,0,0,0,-2.7018687201874587,0.2513222407894065,487380.0,0,2,0,
T006271,U0214,2026-07-17 12:12:00,1028.09,D0674,M024,Jaipur,0,,12,0,0,1,-1.168190125329367,0.5935122645174825,1380.0,1,2,0,
T006272,U0214,2026-07-18 09:52:00,1307.58,D0674,M007,Jaipur,0,,9,0,0,0,-0.620977798273969,0.7758866219958043,78000.0,0,2,0,
T006281,U0214,2026-07-18 15:12:00,2211.14,D0674,M019,Jaipur,0,,15,0,0,0,0.9219943032236321,1.3306763609535448,19200.0,0,2,0,
T006273,U0214,2026-07-19 15:54:00,806.8,D0674,M019,Jaipur,0,,15,0,0,0,-1.4974970923644608,0.476272492756508,88920.0,0,2,0,
T006283,U0214,2026-07-21 12:28:00,3132.77,D0674,M024,Jaipur,0,,12,0,0,0,2.43719103345176,1.9047668256187957,160440.0,0,2,0,
T006278,U0214,2026-07-21 17:40:00,2057.01,D0674,M024,Jaipur,0,,17,0,0,0,0.49053539737014984,1.1938402497609624,18720.0,0,2,0,
T006280,U0214,2026-07-23 14:26:00,2260.15,D0674,M015,Jaipur,0,,14,0,0,0,0.7795439360347045,1.2991465855697695,161160.0,0,2,0,
T006265,U0214,2026-07-23 14:52:00,2229.1,D0674,M007,Jaipur,0,,14,0,0,0,0.7030002006883526,1.2633030286302547,1560.0,1,2,0,
T006267,U0214,2026-07-23 15:03:00,2274.6,D0674,M015,Jaipur,0,,15,0,0,0,0.748939517485842,1.2738435824788963,660.0,2,2,0,
T006282,U0214,2026-07-23 16:08:00,1151.25,D0674,M058,Jaipur,0,,16,0,0,0,-1.014458389215816,0.6371481650047559,3900.0,0,2,0,
T006268,U0214,2026-07-26 11:25:00,1037.75,D0674,M015,Jaipur,0,,11,0,0,0,-1.14813736427524,0.5831492208756561,242220.0,0,2,0,
T006274,U0214,2026-07-27 17:35:00,2080.42,D0674,M015,Jaipur,0,,17,0,0,0,0.5088833742290256,1.1888867014043594,108600.0,0,2,0,
T006269,U0214,2026-07-28 14:52:00,2599.39,D0674,M016,Jaipur,0,,14,0,0,0,1.3073334543562796,1.4747459222032246,76620.0,0,2,0,
T006287,U0214,2026-07-29 12:14:00,2541.05,D0674,M016,Jaipur,0,,12,0,0,0,1.1540473413549999,1.4167363927621455,76920.0,0,2,0,
T006316,U0215,2026-07-01 13:01:00,2697.97,D0863,M041,Ahmedabad,0,,13,0,1,1,0.0,1.0,1000000000.0,0,1,0,
T006294,U0215,2026-07-03 13:17:00,2904.18,D0863,M043,Ahmedabad,0,,13,0,0,1,0.0,1.0,173760.0,0,1,0,
T006312,U0215,2026-07-06 15:06:00,3401.15,D0863,M043,Ahmedabad,0,,15,0,0,0,0.0,1.0,265740.0,0,1,0,
T006297,U0215,2026-07-06 16:16:00,6559.97,D0821,M018,Ahmedabad,0,,16,0,1,1,12.058279796281978,2.1858551857032906,4200.0,0,2,15,amount z-score 12.1
T006295,U0215,2026-07-07 12:20:00,1776.69,D0863,M043,Ahmedabad,0,,12,0,0,0,-1.353397606003804,0.45663668356158144,72240.0,0,1,0,
T006308,U0215,2026-07-07 14:20:00,3977.95,D0821,M045,Ahmedabad,0,,14,0,0,1,0.31225163929570576,1.1470470516809015,7200.0,0,2,0,
T006315,U0215,2026-07-07 16:09:00,2329.72,D0821,M045,Ahmedabad,0,,16,0,0,0,-0.8139189738988634,0.6557078060685007,6540.0,0,2,0,
T006310,U0215,2026-07-09 10:10:00,3415.39,D0863,M043,Ahmedabad,0,,10,0,0,0,0.025523552615088305,1.0109989877599999,151260.0,0,1,0,
T006302,U0215,2026-07-09 14:22:00,1982.63,D0863,M041,Ahmedabad,0,,14,0,0,0,-1.028210202575024,0.5860779763423069,15120.0,0,1,0,
T006305,U0215,2026-07-09 19:43:00,3063.58,D0863,M043,Ahmedabad,0,,19,0,0,0,-0.12062094426836374,0.949271921663194,19260.0,0,1,0,
T006300,U0215,2026-07-10 12:42:00,1558.84,D0863,M045,Ahmedabad,0,,12,0,0,0,-1.2821257601398799,0.4854803430398423,61140.0,0,1,0,
T006304,U0215,2026-07-10 14:14:00,4973.74,D0821,M018,Ahmedabad,0,,14,0,0,0,1.4523398595556325,1.6250156300056648,5520.0,0,2,0,
T006311,U0215,2026-07-11 08:35:00,4044.96,D0863,M018,Ahmedabad,0,,8,0,0,0,0.6031670767207917,1.2561399164512823,66060.0,0,1,0,
T006296,U0215,2026-07-11 15:44:00,4905.79,D0863,M045,Ahmedabad,0,,15,0,0,0,1.2177946486471558,1.494028945750115,25740.0,0,1,0,
T006317,U0215,2026-07-13 22:45:00,2240.56,D0863,M041,Ahmedabad,0,,22,0,0,0,-0.858517925177155,0.6590912527246428,198060.0,0,1,0,
T006313,U0215,2026-07-14 17:27:00,3886.58,D0821,M041,Ahmedabad,0,,17,0,0,0,0.4225043537387317,1.1698785864190688,67320.0,0,2,0,
T006293,U0215,2026-07-15 10:46:00,1038.86,D0863,M018,Ahmedabad,0,,10,0,0,0,-1.7827918271376524,0.30941647096036157,62340.0,0,1,0,
T006303,U0215,2026-07-16 20:15:00,3203.26,D0821,M041,Ahmedabad,0,,20,0,0,0,-0.012972129863297996,0.994464061565792,120540.0,0,2,0,
T006299,U0215,2026-07-17 11:17:00,3943.2,D0863,M045,Ahmedabad,0,,11,0,0,0,0.5412830390959352,1.224557820612913,54120.0,0,1,0,
T006301,U0215,2026-07-20 18:59:00,4806.65,D0863,M018,Ahmedabad,0,,18,0,0,0,1.181824622061664,1.4752656565165467,286920.0,0,1,0,
T007565,U0215,2026-07-22 15:00:00,5538.6,D0202,M045,Ahmedabad,1,device_ring,15,0,1,0,1.667791607312484,1.6604591065819645,158460.0,0,5,20,device shared by 5 users
T006309,U0215,2026-07-23 07:52:00,3929.15,D0863,M041,Ahmedabad,0,,7,0,0,0,0.356218181905734,1.1420324100659738,60720.0,0,1,0,
T006314,U0215,2026-07-23 08:02:00,4297.26,D0863,M041,Ahmedabad,0,,8,0,0,0,0.6208952956157541,1.2410139112728569,600.0,1,1,0,
T006319,U0215,2026-07-24 13:29:00,3363.19,D0821,M018,Ahmedabad,0,,13,0,0,0,-0.1024451957174179,0.9611898748543385,106020.0,0,2,0,
T006298,U0215,2026-07-25 20:37:00,3675.74,D0821,M043,Ahmedabad,0,,20,0,0,0,0.14054154096008062,1.0522172800929532,112080.0,0,2,0,
T006307,U0215,2026-07-27 14:17:00,4688.18,D0863,M045,Ahmedabad,0,,14,0,0,0,0.9334648040586521,1.3392410790088647,150000.0,0,1,0,
T006306,U0215,2026-07-27 15:44:00,1793.26,D0863,M018,Ahmedabad,0,,15,0,0,0,-1.382274429406472,0.5056707537385671,5220.0,0,1,0,
T006320,U0215,2026-07-29 12:57:00,3331.97,D0863,M018,Ahmedabad,0,,12,0,0,0,-0.11601322994269034,0.9570852486770457,162780.0,0,1,0,
T006318,U0215,2026-07-30 09:39:00,2749.78,D0863,M043,Ahmedabad,0,,9,0,0,0,-0.5741603932770183,0.791067658729638,74520.0,0,1,0,
T006340,U0216,2026-07-02 08:58:00,1667.36,D0864,M056,Pune,0,,8,0,1,1,0.0,1.0,1000000000.0,0,2,0,
T006338,U0216,2026-07-03 17:20:00,2098.45,D0864,M056,Pune,0,,17,0,0,0,0.0,1.0,116520.0,0,2,0,
T006346,U0216,2026-07-04 20:45:00,2167.4,D0864,M056,Pune,0,,20,0,0,0,0.0,1.0,98700.0,0,2,0,
T006330,U0216,2026-07-06 14:44:00,972.82,D0864,M049,Pune,0,,14,0,0,1,-4.541642485296079,0.4918855052365151,151140.0,0,2,0,
T006325,U0216,2026-07-06 14:49:00,2700.14,D0864,M042,Pune,0,,14,0,0,1,2.047744786157545,1.563931809410656,300.0,1,2,0,
T006335,U0216,2026-07-08 12:07:00,1775.19,D0864,M056,Pune,0,,12,0,0,0,-0.25326183742696684,0.9239842721271933,163080.0,0,2,0,
T006323,U0216,2026-07-09 03:44:00,1876.41,D0864,M042,Pune,0,,3,1,0,0,-0.03870510494474084,0.9892016414615469,56220.0,0,2,0,
T006343,U0216,2026-07-09 10:35:00,1190.66,D0864,M042,Pune,0,,10,0,0,0,-1.4352897142827605,0.6286592689116938,24660.0,0,2,0,
T006349,U0216,2026-07-12 14:28:00,866.01,D0864,M049,Pune,0,,14,0,0,0,-1.828872233000157,0.47950400120732617,273180.0,0,2,0,
T006329,U0216,2026-07-13 14:27:00,2165.65,D0864,M056,Pune,0,,14,0,0,0,0.8176206804559273,1.2727105913468337,86340.0,0,2,0,
T006342,U0216,2026-07-13 18:39:00,1277.55,D0864,M049,Pune,0,,18,0,0,0,-0.8459408999787972,0.7308600809659103,15120.0,0,2,0,
T006337,U0216,2026-07-15 11:55:00,1187.48,D0864,M056,Pune,0,,11,0,0,0,-0.9461431690130354,0.69637118487933,148560.0,0,2,0,
T006336,U0216,2026-07-18 09:28:00,2224.54,D0864,M049,Pune,0,,9,0,0,0,1.0355731765438636,1.3383965593558345,250380.0,0,2,0,
T006331,U0216,2026-07-19 18:15:00,1098.54,D0864,M049,Pune,0,,18,0,0,0,-1.1177037089093345,0.6441695538689269,118020.0,0,2,0,
T006328,U0216,2026-07-19 19:33:00,1522.76,D0864,M049,Pune,0,,19,0,0,0,-0.2550400761075719,0.9162135441148438,4680.0,0,2,0,
T006345,U0216,2026-07-20 13:18:00,2321.9,D0864,M042,Pune,0,,13,0,0,0,1.2658373545773483,1.4048871031588408,63900.0,0,2,0,
T006334,U0216,2026-07-20 16:41:00,1119.95,D0864,M042,Pune,0,,16,0,0,0,-1.0702849830449528,0.6609114637638898,12180.0,0,2,0,
T006344,U0216,2026-07-21 09:14:00,1772.67,D0864,M049,Pune,0,,9,0,0,0,0.2079837109641229,1.0673889698494194,59580.0,0,2,0,
T006326,U0216,2026-07-21 13:06:00,2192.6,D0864,M056,Pune,0,,13,0,0,0,1.0039338959008577,1.3153197341393719,13920.0,0,2,0,
T006339,U0216,2026-07-21 18:09:00,2198.92,D0864,M049,Pune,0,,18,0,0,0,0.9643130354289489,1.297576749152311,18180.0,0,2,0,
T006321,U0216,2026-07-22 14:06:00,1202.15,D0864,M042,Pune,0,,14,0,0,0,-0.9928655785522991,0.6989853762252608,71820.0,0,2,0,
T006348,U0216,2026-07-24 13:53:00,1691.97,D0864,M042,Pune,0,,13,0,0,0,-0.006199089361616712,0.9980960213668018,172020.0,0,2,0,
T006341,U0216,2026-07-25 19:32:00,1517.7,D0864,M042,Pune,0,,19,0,0,0,-0.3486425262628286,0.8953713372057966,106740.0,0,2,0,
T006332,U0216,2026-07-26 10:30:00,2389.27,D0864,M049,Pune,0,,10,0,0,0,1.4071770816752278,1.4159979604489918,53880.0,0,2,0,
T006327,U0216,2026-07-27 14:14:00,1620.65,D0864,M056,Pune,0,,14,0,0,0,-0.1888286893663758,0.9441117289015418,99840.0,0,2,0,
T006322,U0216,2026-07-28 12:46:00,2589.2,D0864,M049,Pune,0,,12,0,0,0,1.759396440616191,1.5117212688231125,81120.0,0,2,0,
T006347,U0216,2026-07-28 14:32:00,1079.28,D0864,M049,Pune,0,,14,0,0,0,-1.291128581811643,0.6179817887341393,6360.0,0,2,0,
T006333,U0216,2026-07-29 05:48:00,1966.4,D0864,M056,Pune,0,,5,1,0,0,0.46823086447056034,1.1420945362868216,54960.0,0,2,0,
T006324,U0216,2026-07-29 13:02:00,2530.42,D0864,M042,Pune,0,,13,0,0,0,1.5529957255844578,1.462259372138898,26040.0,0,2,0,
T006360,U0217,2026-07-01 15:09:00,1723.73,D0593,M024,Bengaluru,0,,15,0,1,1,0.0,1.0,1000000000.0,0,1,0,
T006358,U0217,2026-07-03 14:54:00,6405.42,D0427,M012,Bengaluru,0,,14,0,1,1,0.0,1.0,171900.0,0,2,0,
T006350,U0217,2026-07-04 19:22:00,5947.37,D0593,M034,Bengaluru,0,,19,0,0,1,0.0,1.0,102480.0,0,1,0,
T006356,U0217,2026-07-05 07:52:00,4172.3,D0427,M036,Bengaluru,0,,7,0,0,1,-0.2466988465444467,0.8892041496998113,45000.0,0,2,0,
T006365,U0217,2026-07-06 16:47:00,1921.53,D0593,M034,Bengaluru,0,,16,0,0,0,-1.4360675535761576,0.4211844929324341,118500.0,0,1,0,
T006375,U0217,2026-07-07 09:34:00,5185.49,D0427,M034,Bengaluru,0,,9,0,0,0,0.5890618802835152,1.2854239015967934,60420.0,0,2,0,
T006353,U0217,2026-07-10 14:38:00,3598.85,D0593,M012,Bengaluru,0,,14,0,0,0,-0.34171364273414917,0.8516026286208773,277440.0,0,1,0,
T006359,U0217,2026-07-11 12:29:00,3641.18,D0427,M052,Bengaluru,0,,12,0,0,1,-0.28905118684833686,0.8802808800176425,78660.0,0,2,0,
T006370,U0217,2026-07-12 15:37:00,2680.01,D0593,M036,Bengaluru,0,,15,0,0,0,-0.8656465298595944,0.6577544945030757,97680.0,0,1,0,
T006366,U0217,2026-07-13 09:42:00,4349.96,D0427,M006,Bengaluru,0,,9,0,0,1,0.27228910881521323,1.1098132772311189,65100.0,0,2,0,
T006368,U0217,2026-07-13 13:46:00,4101.0,D0427,M034,Bengaluru,0,,13,0,0,0,0.0919604503138605,1.0349307419010094,14640.0,0,2,0,
T006367,U0217,2026-07-14 09:30:00,2416.85,D0593,M060,Bengaluru,0,,9,0,0,1,-1.0854258104467909,0.6079869936476577,71040.0,0,1,0,
T006376,U0217,2026-07-15 13:01:00,3313.99,D0427,M012,Bengaluru,0,,13,0,0,0,-0.368855338952576,0.8618270448171371,99060.0,0,2,0,
T006354,U0217,2026-07-15 13:51:00,2471.08,D0427,M052,Bengaluru,0,,13,0,0,0,-0.9584481779434169,0.6495258166488231,3000.0,1,2,0,
T006363,U0217,2026-07-16 06:47:00,5233.14,D0593,M036,Bengaluru,0,,6,0,0,0,1.1012423125818165,1.4108551789075658,60960.0,0,1,0,
T006369,U0217,2026-07-16 12:48:00,2646.92,D0593,M052,Bengaluru,0,,12,0,0,0,-0.8373731453062752,0.6945850293566385,21660.0,0,1,0,
T006361,U0217,2026-07-17 12:22:00,6231.86,D0427,M012,Bengaluru,0,,12,0,0,0,1.8137484364610803,1.667141401106488,84840.0,0,2,0,
T006362,U0217,2026-07-18 13:18:00,6987.19,D0427,M024,Bengaluru,0,,13,0,0,0,2.1289681737696617,1.7986221518225347,89760.0,0,2,0,
T006373,U0217,2026-07-19 16:45:00,5183.73,D0427,M024,Bengaluru,0,,16,0,0,0,0.7110306395318442,1.27769220130618,98820.0,0,2,0,
T006351,U0217,2026-07-21 15:50:00,3271.48,D0593,M034,Bengaluru,0,,15,0,0,0,-0.5407072333957985,0.7947429791092355,169500.0,0,1,0,
T006357,U0217,2026-07-23 14:07:00,5175.21,D0593,M024,Bengaluru,0,,14,0,0,0,0.7176998687274372,1.2702538977981066,166620.0,0,1,0,
T006371,U0217,2026-07-24 12:12:00,4979.43,D0427,M060,Bengaluru,0,,12,0,0,0,0.5627767243917068,1.206670821391236,79500.0,0,2,0,
T006374,U0217,2026-07-25 10:21:00,2519.13,D0427,M060,Bengaluru,0,,10,0,0,0,-1.1039569261808762,0.6047821790709632,79740.0,0,2,0,
T006355,U0217,2026-07-27 12:05:00,4880.31,D0593,M060,Bengaluru,0,,12,0,0,0,0.5255600707421609,1.1921291968941297,179040.0,0,1,0,
T006364,U0217,2026-07-28 11:59:00,4179.69,D0427,M012,Bengaluru,0,,11,0,0,0,0.03606591302616323,1.012877994236617,86040.0,0,2,0,
T006372,U0217,2026-07-29 08:06:00,1588.84,D0427,M060,Bengaluru,0,,8,0,0,0,-1.7592200997788099,0.3848305774723723,72420.0,0,2,0,
T006352,U0217,2026-07-30 13:19:00,1736.09,D0427,M006,Bengaluru,0,,13,0,0,0,-1.5324047520666326,0.4306859674203011,105180.0,0,2,0,
T006397,U0218,2026-07-01 11:01:00,509.16,D0271,M018,Lucknow,0,,11,0,1,1,0.0,1.0,1000000000.0,0,1,0,
T006406,U0218,2026-07-02 06:34:00,444.91,D0271,M014,Lucknow,0,,6,0,0,1,0.0,1.0,70380.0,0,1,0,
T006388,U0218,2026-07-06 06:42:00,782.53,D0271,M018,Lucknow,0,,6,0,0,0,0.0,1.0,346080.0,0,1,0,
T006395,U0218,2026-07-08 12:53:00,223.03,D0225,M018,Lucknow,0,,12,0,1,0,-2.4308943638017775,0.3852873424185984,195060.0,0,2,0,
T006378,U0218,2026-07-14 14:24:00,234.96,D0225,M020,Lucknow,0,,14,0,0,1,-1.2777478950393801,0.4796007399772391,523860.0,0,2,0,
T006379,U0218,2026-07-15 20:45:00,398.65,D0225,M018,Lucknow,0,,20,0,0,0,-0.19590759905522562,0.9082562097971462,109260.0,0,2,0,
T006382,U0218,2026-07-16 03:12:00,404.46,D0225,M014,Lucknow,0,,3,1,0,0,-0.14740359469176378,0.935802314627719,23220.0,0,2,0,
T006398,U0218,2026-07-16 16:46:00,344.34,D0225,M014,Lucknow,0,,16,0,0,0,-0.4807003375062033,0.8040764567406561,48840.0,0,2,0,
T006399,U0218,2026-07-16 16:50:00,459.13,D0225,M014,Lucknow,0,,16,0,0,0,0.24983220941518278,1.0990413014828277,240.0,1,2,0,
T006391,U0218,2026-07-17 13:25:00,347.79,D0225,M018,Lucknow,0,,13,0,0,0,-0.4758880293515915,0.8234596170623423,74100.0,0,2,0,
T006402,U0218,2026-07-17 14:59:00,431.36,D0225,M014,Lucknow,0,,14,0,0,0,0.10953103160782685,1.0396822311141052,5640.0,0,2,0,
T006390,U0218,2026-07-18 14:03:00,365.97,D0271,M036,Lucknow,0,,14,0,0,1,-0.3516315173210383,0.8789058385291937,83040.0,0,1,0,
T006393,U0218,2026-07-19 15:32:00,568.71,D0271,M018,Lucknow,0,,15,0,0,0,1.134219977018933,1.3797250026673125,91740.0,0,1,0,
T006401,U0218,2026-07-21 07:46:00,524.56,D0225,M020,Lucknow,0,,7,0,0,0,0.721851292885804,1.2364968239212222,144840.0,0,2,0,
T006386,U0218,2026-07-21 11:18:00,383.89,D0271,M014,Lucknow,0,,11,0,0,0,-0.3482861694375858,0.8898760816254389,12720.0,0,1,0,
T006394,U0218,2026-07-21 17:59:00,82.56,D0271,M014,Lucknow,0,,17,0,0,0,-2.6125922594397566,0.192793591778265,24060.0,0,1,0,
T006377,U0218,2026-07-22 15:11:00,518.29,D0225,M014,Lucknow,0,,15,0,0,0,0.7297724642382145,1.2746122400067328,76320.0,0,2,0,
T006403,U0218,2026-07-23 14:31:00,324.66,D0271,M036,Lucknow,0,,14,0,0,0,-0.5872860191779846,0.7857323842436328,84000.0,0,1,0,
T006383,U0218,2026-07-23 14:52:00,317.53,D0271,M036,Lucknow,0,,14,0,0,0,-0.6135566605108504,0.7777345346825643,1260.0,1,1,0,
T006408,U0218,2026-07-23 16:44:00,491.08,D0225,M020,Lucknow,0,,16,0,0,0,0.6024445561720972,1.2170523899302035,6720.0,0,2,0,
T006405,U0218,2026-07-23 17:09:00,383.55,D0271,M018,Lucknow,0,,17,0,0,0,-0.17016013704424557,0.9403535588653152,1500.0,1,1,0,
T006385,U0218,2026-07-24 04:40:00,274.81,D0225,M014,Lucknow,0,,4,1,0,0,-0.9447473243112877,0.6756736804787725,41460.0,0,2,0,
T006396,U0218,2026-07-26 11:54:00,319.88,D0225,M020,Lucknow,0,,11,0,0,0,-0.5809679884798699,0.7982549750778866,198840.0,0,2,0,
T006400,U0218,2026-07-26 14:24:00,378.97,D0225,M036,Lucknow,0,,14,0,0,0,-0.1330445715322262,0.9540817922062874,9000.0,0,2,0,
T006380,U0218,2026-07-26 19:54:00,394.54,D0225,M014,Lucknow,0,,19,0,0,0,-0.014220618353141541,0.9951843317570743,19800.0,0,2,0,
T006404,U0218,2026-07-27 11:22:00,369.88,D0271,M036,Lucknow,0,,11,0,0,0,-0.20140262461820252,0.9331619098657579,55680.0,0,1,0,
T006384,U0218,2026-07-27 13:03:00,642.8,D0271,M020,Lucknow,0,,13,0,0,0,1.9168853197422455,1.6258852787889118,6060.0,0,1,0,
T006392,U0218,2026-07-27 17:25:00,445.54,D0271,M018,Lucknow,0,,17,0,0,0,0.3038193755685203,1.1014081642796172,15720.0,0,1,0,
T006407,U0218,2026-07-29 12:06:00,287.38,D0225,M018,Lucknow,0,,12,0,0,0,-0.893067623757773,0.7078611537922793,153660.0,0,2,0,
T006381,U0218,2026-07-29 13:20:00,537.87,D0225,M020,Lucknow,0,,13,0,0,0,1.0279643653666166,1.3383386553651315,4440.0,0,2,0,
T006387,U0218,2026-07-29 13:49:00,425.59,D0225,M020,Lucknow,0,,13,0,0,0,0.14482324457343063,1.0471516337594142,1740.0,1,2,0,
T006389,U0218,2026-07-29 14:50:00,641.44,D0271,M036,Lucknow,0,,14,0,0,0,1.8000404224029583,1.5758472918987014,3660.0,0,1,0,
T006432,U0219,2026-07-02 15:40:00,2240.12,D0826,M032,Chennai,0,,15,0,1,1,0.0,1.0,1000000000.0,0,1,0,
T006421,U0219,2026-07-03 18:24:00,2449.65,D0826,M018,Chennai,0,,18,0,0,1,0.0,1.0,96240.0,0,1,0,
T006419,U0219,2026-07-04 18:35:00,1486.26,D0826,M035,Chennai,0,,18,0,0,1,0.0,1.0,87060.0,0,1,0,
T006428,U0219,2026-07-07 07:17:00,2006.44,D0826,M018,Chennai,0,,7,0,0,0,-0.12626706996355624,0.9746260942832405,218520.0,0,1,0,
T006426,U0219,2026-07-08 15:17:00,1549.55,D0826,M032,Chennai,0,,15,0,0,0,-1.3818502947652374,0.75749743011218,115200.0,0,1,0,
T006425,U0219,2026-07-10 18:42:00,1609.21,D0826,M035,Chennai,0,,18,0,0,0,-0.8933392892691155,0.8267605282219105,185100.0,0,1,0,
T006422,U0219,2026-07-11 17:55:00,1789.01,D0826,M004,Chennai,0,,17,0,0,1,-0.27591134585222477,0.9464634783282959,83580.0,0,1,0,
T006412,U0219,2026-07-12 13:27:00,295.12,D0826,M028,Chennai,0,,13,0,0,1,-4.629828840901423,0.15733451931561482,70320.0,0,1,0,
T006413,U0219,2026-07-13 08:11:00,1260.88,D0826,M004,Chennai,0,,8,0,0,0,-0.6812079494527281,0.7513422354401865,67440.0,0,1,0,
T006430,U0219,2026-07-14 08:32:00,1409.18,D0826,M032,Chennai,0,,8,0,0,0,-0.3759012008019037,0.863571614805958,87660.0,0,1,0,
T006409,U0219,2026-07-15 12:01:00,1630.34,D0826,M032,Chennai,0,,12,0,0,0,0.036758208063490595,1.012921687652188,98940.0,0,1,0,
T006429,U0219,2026-07-15 19:18:00,1263.68,D0826,M018,Chennai,0,,19,0,0,0,-0.6445742823410395,0.7841965586453746,26220.0,0,1,0,
T006434,U0219,2026-07-16 12:37:00,1515.86,D0826,M035,Chennai,0,,12,0,0,0,-0.12674662363500078,0.9579176631067047,62340.0,0,1,0,
T006424,U0219,2026-07-17 09:51:00,2607.53,D0826,M032,Chennai,0,,9,0,0,0,2.039575310469007,1.6531282145840016,76440.0,0,1,0,
T006431,U0219,2026-07-19 20:55:00,2916.36,D0826,M032,Chennai,0,,20,0,0,0,2.2827656614169856,1.766509768612016,212640.0,0,1,0,
T006416,U0219,2026-07-21 11:20:00,2067.18,D0826,M028,Chennai,0,,11,0,0,0,0.5338998601716732,1.191266419820632,138300.0,0,1,0,
T006410,U0219,2026-07-21 12:21:00,1015.9,D0826,M029,Chennai,0,,12,0,0,1,-1.2188084982000322,0.5785231327300868,3660.0,0,1,0,
T006417,U0219,2026-07-23 05:18:00,1614.18,D0826,M029,Chennai,0,,5,1,0,0,-0.16002469266848793,0.9425943076227273,147420.0,0,1,0,
T006418,U0219,2026-07-23 14:05:00,1403.21,D0826,M035,Chennai,0,,14,0,0,0,-0.5085307206433355,0.8220207666425384,31620.0,0,1,0,
T006414,U0219,2026-07-23 19:59:00,1474.17,D0826,M032,Chennai,0,,19,0,0,0,-0.3704263514204079,0.8717561898705629,21240.0,0,1,0,
T006411,U0219,2026-07-24 05:45:00,525.2,D0826,M035,Chennai,0,,5,1,0,0,-2.0171825700164088,0.31258341664471967,35160.0,0,1,0,
T006415,U0219,2026-07-26 14:02:00,995.96,D0826,M035,Chennai,0,,14,0,0,0,-1.0306535997721926,0.6128260893184088,202620.0,0,1,0,
T006420,U0219,2026-07-27 14:31:00,1791.06,D0826,M028,Chennai,0,,14,0,0,0,0.31843134685657504,1.1218030232982368,88140.0,0,1,0,
T006435,U0219,2026-07-27 17:28:00,2086.06,D0826,M028,Chennai,0,,17,0,0,0,0.8035623958852585,1.2996888878985469,10620.0,0,1,0,
T006423,U0219,2026-07-27 21:56:00,2326.2,D0826,M028,Chennai,0,,21,0,0,0,1.1806622041933925,1.4314302473800948,16080.0,0,1,0,
T006433,U0219,2026-07-28 14:08:00,1698.68,D0826,M035,Chennai,0,,14,0,0,0,0.07618786273460552,1.027552299484571,58320.0,0,1,0,
T006427,U0219,2026-07-30 20:05:00,1353.34,D0826,M018,Chennai,0,,20,0,0,0,-0.5143272239656903,0.8177853012431866,194220.0,0,1,0,
T006460,U0220,2026-07-01 11:45:00,3143.27,D0850,M015,Mumbai,0,,11,0,1,1,0.0,1.0,1000000000.0,0,1,0,
T006440,U0220,2026-07-01 12:10:00,1800.34,D0850,M015,Mumbai,0,,12,0,0,0,0.0,1.0,1500.0,1,1,0,
T006436,U0220,2026-07-01 12:59:00,2558.82,D0850,M059,Mumbai,0,,12,0,0,1,0.0,1.0,2940.0,1,1,0,
T006442,U0220,2026-07-02 13:36:00,526.28,D0850,M015,Mumbai,0,,13,0,0,0,-3.5914830408541345,0.2104438161193998,88620.0,0,1,0,
T006441,U0220,2026-07-04 14:48:00,3215.66,D0850,M020,Mumbai,0,,14,0,0,1,1.2348736306534451,1.602080532687278,177120.0,0,1,0,
T006456,U0220,2026-07-04 16:06:00,1129.71,D0850,M015,Mumbai,0,,16,0,0,0,-1.1192536842961105,0.5023447287387623,4680.0,0,1,0,
T006459,U0220,2026-07-05 10:05:00,2187.42,D0850,M020,Mumbai,0,,10,0,0,0,0.12462783594527899,1.060646124288523,64740.0,0,1,0,
T006450,U0220,2026-07-08 12:45:00,2455.79,D0850,M042,Mumbai,0,,12,0,0,1,0.40377547641456857,1.1805466464125383,268800.0,0,1,0,
T006455,U0220,2026-07-11 11:23:00,2046.42,D0850,M052,Mumbai,0,,11,0,0,1,-0.09186562887436926,0.9620427219788614,254280.0,0,1,0,
T006451,U0220,2026-07-11 18:31:00,1485.92,D0850,M020,Mumbai,0,,18,0,0,0,-0.7626633861762133,0.7015045861317897,25680.0,0,1,0,
T006449,U0220,2026-07-14 06:07:00,1966.66,D0850,M031,Mumbai,0,,6,0,0,1,-0.10914597311564211,0.9570293961706225,214560.0,0,1,0,
T006438,U0220,2026-07-15 08:47:00,1679.73,D0850,M031,Mumbai,0,,8,0,0,0,-0.4757761688353176,0.8206072133097114,96000.0,0,1,0,
T006448,U0220,2026-07-15 12:40:00,1669.32,D0850,M020,Mumbai,0,,12,0,0,0,-0.46524109614768433,0.8278981415152253,13980.0,0,1,0,
T006457,U0220,2026-07-16 14:53:00,1749.71,D0850,M031,Mumbai,0,,14,0,0,0,-0.3320568881326996,0.8794096651568345,94380.0,0,1,0,
T006439,U0220,2026-07-16 16:56:00,2476.0,D0850,M042,Mumbai,0,,16,0,0,0,0.7202949554103036,1.2552575491417324,7380.0,0,1,0,
T006452,U0220,2026-07-19 12:49:00,2306.73,D0850,M052,Mumbai,0,,12,0,0,0,0.4377109968500795,1.1498751284103372,244380.0,0,1,0,
T006437,U0220,2026-07-21 11:25:00,2704.23,D0850,M052,Mumbai,0,,11,0,0,0,1.0154229209286303,1.3355137289848802,167760.0,0,1,0,
T006458,U0220,2026-07-23 13:18:00,2717.04,D0850,M020,Mumbai,0,,13,0,0,0,0.9756875916070685,1.315869945271801,179580.0,0,1,0,
T006447,U0220,2026-07-25 09:50:00,3342.66,D0850,M031,Mumbai,0,,9,0,0,0,1.8626128954706835,1.5909410725907462,160320.0,0,1,0,
T006444,U0220,2026-07-25 14:10:00,982.36,D0850,M015,Mumbai,0,,14,0,0,0,-1.6781513793225382,0.4534515206337253,15600.0,0,1,0,
T006454,U0220,2026-07-27 15:16:00,2462.78,D0850,M020,Mumbai,0,,15,0,0,0,0.4840913254512975,1.168743312561533,176760.0,0,1,0,
T006443,U0220,2026-07-27 16:04:00,849.08,D0850,M042,Mumbai,0,,16,0,0,0,-1.7689203572178538,0.39972963774858966,2880.0,1,1,0,
T006445,U0220,2026-07-27 16:17:00,2370.93,D0850,M042,Mumbai,0,,16,0,0,0,0.4049016263503533,1.1474951667418332,780.0,1,1,0,
T006446,U0220,2026-07-27 19:57:00,2429.66,D0850,M052,Mumbai,0,,19,0,0,0,0.4740990173195164,1.1684266952320554,13200.0,0,1,0,
T006453,U0220,2026-07-30 11:29:00,2628.29,D0850,M015,Mumbai,0,,11,0,0,0,0.7353447921582048,1.2551398300136307,228720.0,0,1,0,
T006483,U0221,2026-07-02 20:27:00,3521.36,D0718,M058,Chennai,0,,20,0,1,1,0.0,1.0,1000000000.0,0,3,20,device shared by 3 users
T006471,U0221,2026-07-08 17:35:00,4194.48,D0221,M024,Chennai,0,,17,0,1,1,0.0,1.0,508080.0,0,2,0,
T006468,U0221,2026-07-08 19:35:00,3769.04,D0718,M058,Chennai,0,,19,0,0,0,0.0,1.0,7200.0,0,3,20,device shared by 3 users
T006465,U0221,2026-07-09 19:46:00,3814.74,D0221,M002,Chennai,0,,19,0,0,1,-0.04875723468329662,0.9964596928318468,87060.0,0,2,0,
T006476,U0221,2026-07-10 11:24:00,4171.38,D0718,M058,Chennai,0,,11,0,0,0,1.438815812843097,1.090583948858708,56280.0,0,3,20,device shared by 3 users
T006469,U0221,2026-07-10 15:53:00,2137.39,D0718,M058,Chennai,0,,15,0,0,0,-6.859343160507215,0.5488649785453071,16140.0,0,3,20,device shared by 3 users
T006467,U0221,2026-07-13 17:11:00,3277.77,D0718,M002,Chennai,0,,17,0,0,0,-0.46550614312266586,0.9101381451620955,263880.0,0,3,20,device shared by 3 users
T006481,U0221,2026-07-13 20:39:00,2782.67,D0221,M002,Chennai,0,,20,0,0,0,-1.1820291007332824,0.7827117560331132,12480.0,0,2,0,
T006479,U0221,2026-07-14 07:46:00,3252.21,D0221,M002,Chennai,0,,7,0,0,0,-0.3115089509578311,0.9403245454353293,40020.0,0,2,0,
T006487,U0221,2026-07-14 11:36:00,3818.6,D0221,M024,Chennai,0,,11,0,0,0,0.6097329087975254,1.1114567941439515,13800.0,0,2,0,
T006482,U0221,2026-07-14 16:30:00,3163.31,D0718,M024,Chennai,0,,16,0,0,0,-0.5119772604457106,0.910576505424185,17640.0,0,3,20,device shared by 3 users
T006470,U0221,2026-07-15 12:26:00,1482.75,D0221,M024,Chennai,0,,12,0,0,0,-3.3532859088888194,0.43031610983489477,71760.0,0,2,0,
T006462,U0221,2026-07-15 14:20:00,2972.79,D0718,M002,Chennai,0,,14,0,0,0,-0.39658230334109085,0.9057470094255285,6840.0,0,3,20,device shared by 3 users
T006477,U0221,2026-07-17 16:49:00,3462.27,D0718,M024,Chennai,0,,16,0,0,0,0.2704707056846262,1.062585327904427,181740.0,0,3,20,device shared by 3 users
T006480,U0221,2026-07-18 01:52:00,3778.09,D0221,M021,Chennai,0,,1,1,0,1,0.693515442523513,1.1543514333642455,32580.0,0,2,0,
T006474,U0221,2026-07-18 15:59:00,1939.84,D0718,M002,Chennai,0,,15,0,0,0,-1.9117387516185622,0.5866587630801949,50820.0,0,3,20,device shared by 3 users
T006475,U0221,2026-07-21 16:00:00,3351.2,D0718,M058,Chennai,0,,16,0,0,0,0.16948447855313736,1.0403679252102471,259260.0,0,3,20,device shared by 3 users
T006486,U0221,2026-07-22 09:01:00,2086.01,D0718,M024,Chennai,0,,9,0,0,0,-1.5340901625618923,0.6460601394722595,61260.0,0,3,20,device shared by 3 users
T006472,U0221,2026-07-22 17:25:00,3137.89,D0221,M021,Chennai,0,,17,0,0,0,-0.03564151183088091,0.991331773296359,30240.0,0,2,0,
T006464,U0221,2026-07-22 19:17:00,1603.94,D0221,M058,Chennai,0,,19,0,0,0,-2.0818150001619236,0.5069528970036309,6720.0,0,2,0,
T006461,U0221,2026-07-24 09:38:00,4221.72,D0221,M021,Chennai,0,,9,0,0,0,1.4099208836907082,1.3680736471130506,138060.0,0,2,0,
T006466,U0221,2026-07-24 13:27:00,3966.92,D0221,M021,Chennai,0,,13,0,0,0,1.0053382030699127,1.2633608556557483,13740.0,0,2,0,
T006484,U0221,2026-07-25 17:16:00,2095.46,D0221,M024,Chennai,0,,17,0,0,0,-1.3165923170722056,0.6594552110986737,100140.0,0,2,0,
T006485,U0221,2026-07-25 19:24:00,5908.89,D0221,M021,Chennai,0,,19,0,0,0,3.333100602713676,1.8875141084134555,7680.0,0,2,15,amount z-score 3.3
T006463,U0221,2026-07-26 11:43:00,1785.31,D0718,M021,Chennai,0,,11,0,0,0,-1.4802442688613782,0.5499556413648989,58740.0,0,3,20,device shared by 3 users
T006478,U0221,2026-07-27 16:06:00,4336.9,D0718,M002,Chennai,0,,16,0,0,0,1.1393447568968598,1.360450451120197,102180.0,0,3,20,device shared by 3 users
T006473,U0221,2026-07-30 10:42:00,1844.47,D0221,M002,Chennai,0,,10,0,0,0,-1.3693156265664124,0.5706836591936307,239760.0,0,2,0,
T006490,U0222,2026-07-01 14:21:00,3780.02,D0093,M004,Kolkata,0,,14,0,1,1,0.0,1.0,1000000000.0,0,1,0,
T006503,U0222,2026-07-03 09:28:00,4540.42,D0093,M039,Kolkata,0,,9,0,0,1,0.0,1.0,155220.0,0,1,0,
T006489,U0222,2026-07-04 05:05:00,4130.15,D0478,M027,Kolkata,0,,5,1,1,1,0.0,1.0,70620.0,0,2,20,odd hour + new device
T006507,U0222,2026-07-05 17:31:00,3977.7,D0478,M039,Kolkata,0,,17,0,0,0,-0.5550881117098857,0.9584365075972053,131160.0,0,2,0,
T006501,U0222,2026-07-06 19:21:00,4951.27,D0093,M027,Kolkata,0,,19,0,0,0,3.02259950436951,1.2055472599508414,93000.0,0,1,15,amount z-score 3.0
T006494,U0222,2026-07-07 23:58:00,4069.85,D0093,M027,Kolkata,0,,23,0,0,0,-0.4905796627666872,0.9518086431732437,103020.0,0,1,0,
T006488,U0222,2026-07-08 07:33:00,4228.16,D0093,M039,Kolkata,0,,7,0,0,0,-0.03428760276043479,0.9968388262839477,27300.0,0,1,0,
T006498,U0222,2026-07-09 15:23:00,6171.28,D0093,M004,Kolkata,0,,15,0,0,0,5.334854163041224,1.4556097412898268,114600.0,0,1,15,amount z-score 5.3
T006509,U0222,2026-07-11 13:09:00,3870.15,D0093,M004,Kolkata,0,,13,0,0,0,-0.8449636278392161,0.8636595035291431,164760.0,0,1,0,
T006499,U0222,2026-07-11 14:57:00,3083.49,D0093,M004,Kolkata,0,,14,0,0,0,-1.8775494199764793,0.6986935721874103,6480.0,0,1,0,
T006511,U0222,2026-07-12 12:08:00,5748.78,D0093,M004,Kolkata,0,,12,0,0,0,1.879391817085184,1.3430947588929767,76260.0,0,1,0,
T006495,U0222,2026-07-12 15:54:00,3626.71,D0478,M027,Kolkata,0,,15,0,0,0,-0.9190948113505616,0.8216841699704555,13560.0,0,2,0,
T006502,U0222,2026-07-13 10:43:00,2800.16,D0093,M039,Kolkata,0,,10,0,0,0,-1.824976134122675,0.6439866010963275,67740.0,0,1,0,
T006491,U0222,2026-07-14 10:42:00,4184.92,D0093,M027,Kolkata,0,,10,0,0,0,-0.04835507078239784,0.9895562124716436,86340.0,0,1,0,
T006508,U0222,2026-07-16 14:36:00,4878.38,D0478,M027,Kolkata,0,,14,0,0,0,0.7412056585055772,1.1543912702256869,186840.0,0,2,0,
T006497,U0222,2026-07-19 12:29:00,4096.09,D0093,M004,Kolkata,0,,12,0,0,0,-0.20019864590088612,0.9593998821014801,251580.0,0,1,0,
T006505,U0222,2026-07-19 17:07:00,4281.41,D0478,M027,Kolkata,0,,17,0,0,0,0.02717963901887161,1.0053572529546386,16680.0,0,2,0,
T006492,U0222,2026-07-22 16:39:00,3179.13,D0093,M004,Kolkata,0,,16,0,0,0,-1.3272066556340119,0.7462855709751225,257520.0,0,1,0,
T006506,U0222,2026-07-22 22:32:00,2746.55,D0093,M039,Kolkata,0,,22,0,0,0,-1.7526554073690952,0.6539571709731316,21180.0,0,1,0,
T006510,U0222,2026-07-23 18:48:00,2948.67,D0093,M004,Kolkata,0,,18,0,0,0,-1.3504092120628535,0.7151062828106508,72960.0,0,1,0,
T006500,U0222,2026-07-24 17:48:00,4045.29,D0093,M027,Kolkata,0,,17,0,0,0,-0.02187496641439756,0.9952334316903071,82800.0,0,1,0,
T006496,U0222,2026-07-25 12:20:00,4372.36,D0093,M039,Kolkata,0,,12,0,0,0,0.3570491302983749,1.0759443147214913,66720.0,0,1,0,
T006493,U0222,2026-07-27 15:26:00,6857.87,D0093,M027,Kolkata,0,,15,0,0,0,3.2825702241224413,1.681769692336309,183960.0,0,1,15,amount z-score 3.3
T006504,U0222,2026-07-29 11:46:00,5237.34,D0478,M039,Kolkata,0,,11,0,0,0,1.0348066281957553,1.247388468091406,159600.0,0,2,0,
T006525,U0223,2026-07-01 13:24:00,1380.68,D0315,M058,Ahmedabad,0,,13,0,1,1,0.0,1.0,1000000000.0,0,1,0,
T006522,U0223,2026-07-03 19:43:00,622.29,D0053,M008,Ahmedabad,0,,19,0,1,1,0.0,1.0,195540.0,0,1,0,
T006513,U0223,2026-07-04 15:37:00,963.98,D0315,M016,Ahmedabad,0,,15,0,0,1,0.0,1.0,71640.0,0,1,0,
T006516,U0223,2026-07-05 16:06:00,1531.72,D0315,M058,Ahmedabad,0,,16,0,0,0,1.7501096304636754,1.548782418090515,88140.0,0,1,0,
T006528,U0223,2026-07-06 12:39:00,1459.96,D0053,M011,Ahmedabad,0,,12,0,0,1,0.9395248383220497,1.298125889386751,73980.0,0,1,0,
T006529,U0223,2026-07-06 18:49:00,1113.36,D0053,M009,Ahmedabad,0,,18,0,0,1,-0.22634114536425276,0.934241595019122,22200.0,0,1,0,
T006523,U0223,2026-07-10 11:41:00,1267.96,D0053,M058,Ahmedabad,0,,11,0,0,0,0.2813243847146411,1.075759438792397,319920.0,0,1,0,
T006514,U0223,2026-07-10 14:50:00,354.4,D0315,M008,Ahmedabad,0,,14,0,0,0,-2.8323627370446802,0.2974598166557091,11340.0,0,1,0,
T006512,U0223,2026-07-11 14:04:00,719.58,D0315,M011,Ahmedabad,0,,14,0,0,0,-0.9386637715874039,0.6621127507752849,83640.0,0,1,0,
T006526,U0223,2026-07-11 16:36:00,1256.62,D0053,M011,Ahmedabad,0,,16,0,0,0,0.5450067271102074,1.2013664844743588,9120.0,0,1,0,
T006531,U0223,2026-07-12 14:10:00,685.1,D0315,M011,Ahmedabad,0,,14,0,0,0,-1.0266469556388849,0.6420475039786633,77640.0,0,1,0,
T006519,U0223,2026-07-12 19:59:00,1247.22,D0053,M009,Ahmedabad,0,,19,0,0,0,0.5786933281622977,1.2081580523096662,20940.0,0,1,0,
T006534,U0223,2026-07-13 15:37:00,889.11,D0315,M008,Ahmedabad,0,,15,0,0,0,-0.4470204989700399,0.8465785959738581,70680.0,0,1,0,
T006517,U0223,2026-07-15 13:58:00,1201.34,D0315,M011,Ahmedabad,0,,13,0,0,0,0.4685191853473274,1.1575335855042819,166860.0,0,1,0,
T006515,U0223,2026-07-18 18:10:00,1687.08,D0315,M016,Ahmedabad,0,,18,0,0,0,1.8812869305093372,1.6074733264841008,274320.0,0,1,0,
T007560,U0223,2026-07-19 01:32:00,5837.04,D0150,M035,Kolkata,1,account_takeover,1,1,1,1,13.036308565140878,5.345144191828211,26520.0,0,1,60,new device + amount >3x user avg; odd hour + new device; amount z-score 13.0
T006518,U0223,2026-07-19 12:26:00,1114.7,D0315,M016,Ahmedabad,0,,12,0,0,0,-0.22796862126020723,0.8027567526751908,39240.0,0,1,0,
T006530,U0223,2026-07-19 15:36:00,774.56,D0053,M009,Ahmedabad,0,,15,0,0,0,-0.5122037769830695,0.5643511478332475,11400.0,0,1,0,
T006532,U0223,2026-07-20 08:45:00,773.0,D0053,M009,Ahmedabad,0,,8,0,0,0,-0.49554941603920405,0.577183935985045,61740.0,0,1,0,
T006520,U0223,2026-07-21 17:50:00,1201.6,D0053,M058,Ahmedabad,0,,17,0,0,0,-0.09635497411159236,0.9176316427675973,119100.0,0,1,0,
T006536,U0223,2026-07-21 18:46:00,851.74,D0315,M009,Ahmedabad,0,,18,0,0,0,-0.41448632801108193,0.6531422891856292,3360.0,1,1,0,
T006524,U0223,2026-07-24 16:43:00,677.2,D0053,M009,Ahmedabad,0,,16,0,0,0,-0.5660752378188567,0.5280206017928747,251820.0,0,1,0,
T006527,U0223,2026-07-25 13:16:00,1137.61,D0315,M009,Ahmedabad,0,,13,0,0,0,-0.11156247504121089,0.9064542713159319,73980.0,0,1,0,
T006521,U0223,2026-07-25 15:00:00,70.77,D0053,M058,Ahmedabad,0,,15,0,0,0,-1.1453701866996095,0.056620234163519495,6240.0,0,1,0,
T006533,U0223,2026-07-25 18:40:00,951.38,D0053,M058,Ahmedabad,0,,18,0,0,0,-0.24096621737680274,0.7923044191909498,13200.0,0,1,0,
T006535,U0223,2026-07-30 13:24:00,1103.44,D0053,M008,Ahmedabad,0,,13,0,0,0,-0.08604788829020986,0.926637553806989,413040.0,0,1,0,
T006555,U0224,2026-07-01 11:28:00,3279.86,D0191,M012,Bengaluru,0,,11,0,1,1,0.0,1.0,1000000000.0,0,2,0,
T006579,U0224,2026-07-02 12:55:00,6068.05,D0191,M006,Bengaluru,0,,12,0,0,1,0.0,1.0,91620.0,0,2,0,
T006541,U0224,2026-07-02 13:42:00,5109.59,D0191,M006,Bengaluru,0,,13,0,0,0,0.0,1.0,2820.0,1,2,0,
T006539,U0224,2026-07-03 11:32:00,5334.91,D0191,M006,Bengaluru,0,,11,0,0,0,0.4458938860555385,1.107019193960155,78600.0,0,2,0,
T006570,U0224,2026-07-03 13:51:00,2956.65,D0191,M008,Bengaluru,0,,13,0,0,1,-1.9404547146375672,0.5975320841479068,8340.0,0,2,0,
T006572,U0224,2026-07-05 09:49:00,6434.86,D0191,M008,Bengaluru,0,,9,0,0,0,1.5509971200067172,1.4143133823080352,158280.0,0,2,0,
T006575,U0224,2026-07-06 20:17:00,5322.4,D0191,M008,Bengaluru,0,,20,0,0,0,0.34908236729283376,1.0942464204066662,124080.0,0,2,0,
T006540,U0224,2026-07-08 15:23:00,2758.67,D0191,M012,Bengaluru,0,,15,0,0,0,-1.7701786004575013,0.559627627521063,155160.0,0,2,0,
T006552,U0224,2026-07-08 18:42:00,2425.14,D0191,M008,Bengaluru,0,,18,0,0,0,-1.6500855427776617,0.5206259278705022,11940.0,0,2,0,
T006558,U0224,2026-07-09 19:29:00,4603.74,D0191,M006,Bengaluru,0,,19,0,0,0,0.13304237148759412,1.0439285532852784,89220.0,0,2,0,
T006573,U0224,2026-07-10 05:52:00,2977.52,D0191,M012,Bengaluru,0,,5,1,0,0,-1.0500854119726697,0.6722194288572617,37380.0,0,2,0,
T006550,U0224,2026-07-10 10:21:00,2260.16,D0191,M006,Bengaluru,0,,10,0,0,0,-1.4733017785216442,0.5259367239722524,16140.0,0,2,0,
T006567,U0224,2026-07-11 11:19:00,5026.14,D0191,M008,Bengaluru,0,,11,0,0,0,0.6245447126241169,1.2176820629555871,89880.0,0,2,0,
T006546,U0224,2026-07-12 15:49:00,3377.73,D0191,M006,Bengaluru,0,,15,0,0,0,-0.5838399502138458,0.804845109636002,102600.0,0,2,0,
T006551,U0224,2026-07-12 22:02:00,3912.32,D0191,M012,Bengaluru,0,,22,0,0,0,-0.16513277950444763,0.9454057636375867,22380.0,0,2,0,
T006537,U0224,2026-07-13 12:13:00,2713.67,D0191,M012,Bengaluru,0,,12,0,0,0,-1.0654340430676497,0.6581493517811283,51060.0,0,2,0,
T006556,U0224,2026-07-13 14:45:00,5284.56,D0191,M012,Bengaluru,0,,14,0,0,0,0.9425718660809048,1.3096516940854541,9120.0,0,2,0,
T006543,U0224,2026-07-13 16:11:00,2732.24,D0191,M012,Bengaluru,0,,16,0,0,0,-1.043322170726877,0.665007300903615,5160.0,0,2,0,
T006564,U0224,2026-07-13 17:35:00,1518.49,D0191,M006,Bengaluru,0,,17,0,0,0,-1.9039449900752805,0.37659815519315276,5040.0,0,2,0,
T006574,U0224,2026-07-14 09:16:00,7240.24,D0191,M012,Bengaluru,0,,9,0,0,0,2.3821867862696657,1.8565544749594172,56460.0,0,2,0,
T006568,U0224,2026-07-14 16:51:00,2613.47,D0191,M008,Bengaluru,0,,16,0,0,0,-0.9385412894869744,0.6426280603517593,27300.0,0,2,0,
T006578,U0224,2026-07-15 14:04:00,3423.99,D0191,M008,Bengaluru,0,,14,0,0,0,-0.37187169416494564,0.8565031425339484,76380.0,0,2,0,
T006542,U0224,2026-07-17 19:44:00,6972.89,D0191,M006,Bengaluru,0,,19,0,0,0,1.9851870822426565,1.7557039586122993,193200.0,0,2,0,
T006576,U0224,2026-07-18 02:09:00,5518.64,D0191,M006,Bengaluru,0,,2,1,0,0,0.8851979970904499,1.3453350909078285,23100.0,0,2,0,
T006569,U0224,2026-07-18 14:31:00,3823.03,D0191,M012,Bengaluru,0,,14,0,0,0,-0.2123464160579463,0.9187589799439086,44520.0,0,2,0,
T006553,U0224,2026-07-18 17:17:00,4932.55,D0191,M008,Bengaluru,0,,17,0,0,0,0.5028072720045692,1.1892659543529838,9960.0,0,2,0,
T006562,U0224,2026-07-20 11:20:00,2558.47,D0191,M006,Bengaluru,0,,11,0,0,0,-1.0526257722789814,0.6124037493501747,151380.0,0,2,0,
T006563,U0224,2026-07-20 12:47:00,3531.02,D0191,M008,Bengaluru,0,,12,0,0,0,-0.3809537089273644,0.857506360199447,5220.0,0,2,0,
T006545,U0224,2026-07-20 15:38:00,4301.1,D0191,M012,Bengaluru,0,,15,0,0,0,0.1347135447958536,1.0498626981771917,10260.0,0,2,0,
T006577,U0224,2026-07-20 20:02:00,3480.72,D0191,M008,Bengaluru,0,,20,0,0,0,-0.4180825735215101,0.8481564477511401,15840.0,0,2,0,
T006571,U0224,2026-07-22 18:23:00,3934.96,D0191,M008,Bengaluru,0,,18,0,0,0,-0.10079232106816316,0.9637201590353491,166860.0,0,2,0,
T006561,U0224,2026-07-23 17:13:00,5201.73,D0191,M008,Bengaluru,0,,17,0,0,0,0.7768940527765804,1.275460424603364,82200.0,0,2,0,
T006547,U0224,2026-07-23 18:14:00,6411.11,D0191,M006,Bengaluru,0,,18,0,0,0,1.5993715881847692,1.5585830255702182,3660.0,0,2,0,
T006566,U0224,2026-07-24 07:37:00,3189.6,D0191,M006,Bengaluru,0,,7,0,0,0,-0.6765101625929115,0.7625059926189647,48180.0,0,2,0,
T006538,U0224,2026-07-24 12:54:00,892.06,D0191,M012,Bengaluru,0,,12,0,0,0,-2.2395515365646768,0.21475602029578578,19020.0,0,2,0,
T006548,U0224,2026-07-25 07:46:00,3853.75,D0191,M006,Bengaluru,0,,7,0,0,0,-0.13478885898155646,0.9490507045537353,67920.0,0,2,0,
T006557,U0224,2026-07-27 18:07:00,2296.27,D0191,M012,Bengaluru,0,,18,0,0,0,-1.1617195619948617,0.5662965349832663,210060.0,0,2,0,
T006554,U0224,2026-07-28 08:21:00,3467.34,D0191,M012,Bengaluru,0,,8,0,0,0,-0.35522937419644374,0.8652430694606209,51240.0,0,2,0,
T006560,U0224,2026-07-28 10:12:00,3670.92,D0191,M006,Bengaluru,0,,10,0,0,0,-0.21445409660604642,0.9193046719042332,6660.0,0,2,0,
T006544,U0224,2026-07-28 12:55:00,5733.65,D0191,M006,Bengaluru,0,,12,0,0,0,1.1783824231004318,1.4388491357594033,9780.0,0,2,0,
T006565,U0224,2026-07-30 08:39:00,4242.29,D0191,M006,Bengaluru,0,,8,0,0,0,0.1433560468427731,1.05304186826122,157440.0,0,2,0,
T006549,U0224,2026-07-30 10:30:00,2076.48,D0191,M008,Bengaluru,0,,10,0,0,0,-1.3291109189873251,0.5147680129810747,6660.0,0,2,0,
T006559,U0224,2026-07-30 19:57:00,5006.66,D0191,M012,Bengaluru,0,,19,0,0,0,0.6863508670465944,1.2556788368824052,34020.0,0,2,0,
T006590,U0225,2026-07-01 14:33:00,2830.68,D0028,M049,Mumbai,0,,14,0,1,1,0.0,1.0,1000000000.0,0,1,0,
T006585,U0225,2026-07-02 13:40:00,3668.14,D0028,M031,Mumbai,0,,13,0,0,1,0.0,1.0,83220.0,0,1,0,
T006591,U0225,2026-07-04 06:09:00,3685.67,D0028,M049,Mumbai,0,,6,0,0,0,0.0,1.0,145740.0,0,1,0,
T006601,U0225,2026-07-04 13:34:00,2085.42,D0028,M031,Mumbai,0,,13,0,0,0,-3.281906318356445,0.6142929099205873,26700.0,0,1,0,
T006588,U0225,2026-07-06 14:32:00,3310.97,D0028,M031,Mumbai,0,,14,0,0,0,0.3667176952656766,1.0793787399974804,176280.0,0,1,0,
T006589,U0225,2026-07-06 16:10:00,2827.95,D0028,M049,Mumbai,0,,16,0,0,0,-0.47892899297860503,0.9075065076852186,5880.0,0,1,0,
T006587,U0225,2026-07-07 08:43:00,2706.97,D0028,M045,Mumbai,0,,8,0,0,1,-0.6451960797481262,0.8822842078886217,59580.0,0,1,0,
T006594,U0225,2026-07-08 11:44:00,3367.79,D0028,M031,Mumbai,0,,11,0,0,0,0.6584522255333439,1.1164402955220698,97260.0,0,1,0,
T006600,U0225,2026-07-10 07:01:00,2491.84,D0028,M049,Mumbai,0,,7,0,0,0,-1.1098403819242795,0.8142073933392261,155820.0,0,1,0,
T006586,U0225,2026-07-11 08:04:00,1132.73,D0028,M031,Mumbai,0,,8,0,0,0,-3.6202731264802996,0.37792057426327275,90180.0,0,1,0,
T006580,U0225,2026-07-12 22:21:00,4605.89,D0028,M031,Mumbai,0,,22,0,0,0,2.4169340558848984,1.638630916559949,137820.0,0,1,0,
T006584,U0225,2026-07-13 15:09:00,3396.96,D0028,M045,Mumbai,0,,15,0,0,0,0.4827013010552688,1.1422174872091841,60480.0,0,1,0,
T006595,U0225,2026-07-15 09:57:00,2661.36,D0028,M031,Mumbai,0,,9,0,0,0,-0.4107194130949857,0.8843928760061623,154080.0,0,1,0,
T006582,U0225,2026-07-15 10:38:00,3579.13,D0028,M031,Mumbai,0,,10,0,0,0,0.7284437914689745,1.200047610821814,2460.0,1,1,0,
T006597,U0225,2026-07-15 16:05:00,2769.48,D0028,M049,Mumbai,0,,16,0,0,0,-0.3179104311936698,0.9154981520650516,19620.0,0,1,0,
T006592,U0225,2026-07-17 14:48:00,1961.07,D0028,M031,Mumbai,0,,14,0,0,0,-1.3432782458189365,0.6519373025634847,168180.0,0,1,0,
T006602,U0225,2026-07-19 09:14:00,3447.1,D0028,M045,Mumbai,0,,9,0,0,0,0.6336784227806226,1.171435822808417,152760.0,0,1,0,
T006596,U0225,2026-07-24 07:07:00,2944.68,D0028,M045,Mumbai,0,,7,0,0,0,-0.03535060599214544,0.9907065522210049,424380.0,0,1,0,
T006598,U0225,2026-07-24 10:03:00,3222.88,D0028,M045,Mumbai,0,,10,0,0,0,0.33198358055545596,1.084864128499351,10560.0,0,1,0,
T007572,U0225,2026-07-25 16:08:00,1150.29,D0887,M002,Mumbai,1,device_ring,16,0,1,1,-2.473704096200716,0.3854810974512606,108300.0,0,4,20,device shared by 4 users
T006583,U0225,2026-07-25 17:43:00,4649.52,D0028,M031,Mumbai,0,,17,0,0,0,2.128115450918877,1.6075232936513484,5700.0,0,1,0,
T006593,U0225,2026-07-26 17:43:00,3731.33,D0028,M031,Mumbai,0,,17,0,0,0,0.8501437310981291,1.253796690978478,86400.0,0,1,0,
T006581,U0225,2026-07-29 07:37:00,1983.29,D0028,M049,Mumbai,0,,7,0,0,0,-1.1642632812631146,0.6588222324219479,222840.0,0,1,0,
T006599,U0225,2026-07-30 18:26:00,1098.01,D0028,M049,Mumbai,0,,18,0,0,0,-2.103660201539506,0.37023615191718784,125340.0,0,1,0,
T006618,U0226,2026-07-02 16:12:00,1236.74,D0794,M031,Jaipur,0,,16,0,1,1,0.0,1.0,1000000000.0,0,1,0,
T006609,U0226,2026-07-03 09:51:00,1085.31,D0794,M026,Jaipur,0,,9,0,0,1,0.0,1.0,63540.0,0,1,0,
T006615,U0226,2026-07-03 17:35:00,627.86,D0794,M057,Jaipur,0,,17,0,0,1,0.0,1.0,27840.0,0,1,0,
T006607,U0226,2026-07-06 07:02:00,1804.02,D0794,M057,Jaipur,0,,7,0,0,0,3.170898606089095,1.8346525807553593,221220.0,0,1,15,amount z-score 3.2
T006619,U0226,2026-07-06 11:39:00,1600.11,D0794,M026,Jaipur,0,,11,0,0,0,0.9796786268315643,1.3463471264016529,16620.0,0,1,0,
T006617,U0226,2026-07-06 16:58:00,1308.27,D0794,M037,Jaipur,0,,16,0,0,1,0.09130518954621296,1.0294788819164822,19140.0,0,1,0,
T006603,U0226,2026-07-06 18:21:00,1364.41,D0794,M057,Jaipur,0,,18,0,0,0,0.23307621775994083,1.0684062630707403,4980.0,0,1,0,
T006614,U0226,2026-07-07 15:13:00,1817.82,D0794,M031,Jaipur,0,,15,0,0,0,1.5165597837121854,1.4096748309609997,75120.0,0,1,0,
T006620,U0226,2026-07-10 10:30:00,1969.75,D0794,M037,Jaipur,0,,10,0,0,0,1.6611509178911907,1.4530814574316058,242220.0,0,1,0,
T006605,U0226,2026-07-11 17:38:00,1442.29,D0794,M037,Jaipur,0,,17,0,0,0,0.04637865401229382,1.0129792591617002,112080.0,0,1,0,
T006621,U0226,2026-07-12 16:14:00,1904.83,D0794,M037,Jaipur,0,,16,0,0,0,1.2674757193935835,1.3361058533420314,81360.0,0,1,0,
T006608,U0226,2026-07-14 19:41:00,1822.91,D0794,M026,Jaipur,0,,19,0,0,0,0.9165741938361633,1.2407339450179113,185220.0,0,1,0,
T006613,U0226,2026-07-16 06:18:00,1697.88,D0794,M026,Jaipur,0,,6,0,0,0,0.5212001750040405,1.1329068870218675,124620.0,0,1,0,
T006604,U0226,2026-07-16 20:16:00,1654.37,D0794,M031,Jaipur,0,,20,0,0,0,0.3783217089934651,1.0927035588397054,50280.0,0,1,0,
T006616,U0226,2026-07-17 07:11:00,2252.65,D0794,M037,Jaipur,0,,7,0,0,0,2.0277429504668136,1.4780773094882125,39300.0,0,1,0,
T006606,U0226,2026-07-17 17:32:00,2666.97,D0794,M026,Jaipur,0,,17,0,0,0,2.7928889469496796,1.69588269449188,37260.0,0,1,0,
T006610,U0226,2026-07-22 19:32:00,791.41,D0794,M037,Jaipur,0,,19,0,0,0,-1.8360925090336941,0.48226951405682567,439200.0,0,1,0,
T006611,U0226,2026-07-23 17:36:00,2228.32,D0794,M037,Jaipur,0,,17,0,0,0,1.2968592250300286,1.4005471826036577,79440.0,0,1,0,
T006612,U0226,2026-07-27 14:57:00,1961.08,D0794,M031,Jaipur,0,,14,0,0,0,0.6701196370824029,1.2057499808134635,336060.0,0,1,0,
T006623,U0227,2026-07-02 14:27:00,629.05,D0062,M060,Pune,0,,14,0,1,1,0.0,1.0,1000000000.0,0,1,0,
T007538,U0227,2026-07-07 02:11:00,11576.81,D0177,M035,Jaipur,1,account_takeover,2,1,1,1,0.0,1.0,387840.0,0,2,20,odd hour + new device
T006626,U0227,2026-07-07 16:18:00,1130.16,D0062,M060,Pune,0,,16,0,0,0,0.0,1.0,50820.0,0,1,0,
T006628,U0227,2026-07-07 20:15:00,800.2,D0062,M025,Pune,0,,20,0,0,1,-0.7222591560179593,0.1800087282007656,14220.0,0,1,0,
T006633,U0227,2026-07-09 08:56:00,1122.25,D0062,M047,Pune,0,,8,0,0,1,-0.5190049844878633,0.31755306572264635,132060.0,0,1,0,
T006627,U0227,2026-07-11 16:50:00,1869.31,D0062,M025,Pune,0,,16,0,0,0,-0.27710776840064716,0.6125483090334259,201240.0,0,1,0,
T006635,U0227,2026-07-11 21:42:00,925.7,D0062,M060,Pune,0,,21,0,0,0,-0.4920801021614748,0.3242802043262069,17520.0,0,1,0,
T006637,U0227,2026-07-17 10:29:00,967.73,D0062,M025,Pune,0,,10,0,0,0,-0.4365108185322672,0.37522461028972964,478020.0,0,1,0,
T006622,U0227,2026-07-17 10:36:00,1002.15,D0062,M025,Pune,0,,10,0,0,0,-0.393689518387387,0.4214873815402964,420.0,1,1,0,
T006642,U0227,2026-07-18 06:28:00,1584.13,D0062,M025,Pune,0,,6,0,0,0,-0.19284476181394328,0.7120268523160828,71520.0,0,1,0,
T006634,U0227,2026-07-18 10:50:00,1807.9,D0062,M060,Pune,0,,10,0,0,0,-0.11174368538949463,0.8367006066707884,15720.0,0,1,0,
T006632,U0227,2026-07-18 11:34:00,1071.65,D0062,M060,Pune,0,,11,0,0,0,-0.35088761462230206,0.503435987803842,2640.0,1,1,0,
T006638,U0227,2026-07-19 12:53:00,768.92,D0062,M047,Pune,0,,12,0,0,0,-0.4386670745773583,0.37681320386123596,91140.0,0,1,0,
T006629,U0227,2026-07-19 19:17:00,421.99,D0062,M047,Pune,0,,19,0,0,0,-0.5420225994232518,0.21721090772935406,23040.0,0,1,0,
T006624,U0227,2026-07-20 10:09:00,1539.5,D0062,M060,Pune,0,,10,0,0,0,-0.10785131315762596,0.8393582816482227,53520.0,0,1,0,
T006630,U0227,2026-07-22 10:33:00,1181.57,D0062,M025,Pune,0,,10,0,0,0,-0.23971845281904972,0.6511833397409473,174240.0,0,1,0,
T006639,U0227,2026-07-23 14:44:00,1073.8,D0062,M025,Pune,0,,14,0,0,0,-0.2737712911099817,0.6049786221609176,101460.0,0,1,0,
T006643,U0227,2026-07-23 15:58:00,1721.06,D0062,M025,Pune,0,,15,0,0,0,-0.0050743274638160715,0.9927119285878954,4440.0,0,1,0,
T006640,U0227,2026-07-24 08:10:00,1868.43,D0062,M047,Pune,0,,8,0,0,0,0.05596813977068883,1.0781518676289472,58320.0,0,1,0,
T006631,U0227,2026-07-25 23:09:00,1071.51,D0062,M025,Pune,0,,23,0,0,0,-0.2838463148516678,0.6157673189895208,140340.0,0,1,0,
T006641,U0227,2026-07-28 17:19:00,20.0,D0062,M047,Pune,0,,17,0,0,0,-0.7331791145974031,0.01171858291177572,238200.0,0,1,0,
T006636,U0227,2026-07-28 19:05:00,1410.72,D0062,M025,Pune,0,,19,0,0,0,-0.09484947824453567,0.8674028258562158,6360.0,0,1,0,
T006625,U0227,2026-07-30 15:37:00,1174.32,D0062,M025,Pune,0,,15,0,0,0,-0.1990496617527417,0.7264269405429848,160320.0,0,1,0,
T006658,U0228,2026-07-01 18:24:00,2416.18,D0620,M036,Pune,0,,18,0,1,1,0.0,1.0,1000000000.0,0,1,0,
T006664,U0228,2026-07-01 19:47:00,3177.36,D0620,M046,Pune,0,,19,0,0,1,0.0,1.0,4980.0,0,1,0,
T006666,U0228,2026-07-02 04:07:00,4933.68,D0620,M038,Pune,0,,4,1,0,1,0.0,1.0,30000.0,0,1,0,
T006670,U0228,2026-07-02 21:06:00,2751.37,D0620,M051,Pune,0,,21,0,0,1,-0.718753612975616,0.7840730978974297,61140.0,0,1,0,
T006660,U0228,2026-07-02 23:31:00,4965.57,D0620,M051,Pune,0,,23,0,0,0,1.6966155732067276,1.4958124314416477,8700.0,0,1,0,
T006657,U0228,2026-07-03 14:07:00,3509.09,D0620,M051,Pune,0,,14,0,0,0,-0.12829777924351807,0.9617022650092683,52560.0,0,1,0,
T006669,U0228,2026-07-03 23:26:00,3672.33,D0620,M038,Pune,0,,23,0,0,0,0.046992167751150005,1.0129051977944707,33540.0,0,1,0,
T006654,U0228,2026-07-04 12:22:00,3570.79,D0757,M038,Pune,0,,12,0,1,0,-0.06663673643885232,0.9830859312990459,46560.0,0,2,0,
T006652,U0228,2026-07-05 03:32:00,4723.87,D0620,M053,Pune,0,,3,1,0,1,1.2743651774184142,1.3032996885325165,54600.0,0,1,0,
T006649,U0228,2026-07-06 11:59:00,3263.34,D0620,M036,Pune,0,,11,0,0,0,-0.5469987738528903,0.8709920211766309,116820.0,0,1,0,
T006645,U0228,2026-07-07 13:35:00,2887.58,D0757,M048,Pune,0,,13,0,0,1,-0.9530165192353446,0.7807735214436315,92160.0,0,2,0,
T006672,U0228,2026-07-08 23:44:00,3441.51,D0620,M036,Pune,0,,23,0,0,0,-0.2169964980873199,0.9494735038949405,122940.0,0,1,0,
T006655,U0228,2026-07-10 12:23:00,2654.82,D0757,M048,Pune,0,,12,0,0,0,-1.179013107219918,0.7355316583155371,131940.0,0,2,0,
T006668,U0228,2026-07-10 17:09:00,6540.91,D0620,M048,Pune,0,,17,0,0,0,3.6717205239998836,1.8498253869409067,17160.0,0,1,15,amount z-score 3.7
T006653,U0228,2026-07-10 17:54:00,5103.59,D0620,M036,Pune,0,,17,0,0,0,1.2245117524744265,1.360739614632128,2700.0,1,1,0,
T006646,U0228,2026-07-11 09:51:00,3513.67,D0757,M046,Pune,0,,9,0,0,0,-0.29220029023024674,0.9148277986279866,57420.0,0,2,0,
T006648,U0228,2026-07-11 12:11:00,4094.77,D0757,M005,Pune,0,,12,0,0,1,0.25248155514789533,1.071830062576841,8400.0,0,2,0,
T006661,U0228,2026-07-11 23:09:00,2405.93,D0620,M036,Pune,0,,23,0,0,0,-1.3541894430936927,0.6271165337201704,39480.0,0,1,0,
T006644,U0228,2026-07-12 05:46:00,2513.25,D0620,M038,Pune,0,,5,1,0,0,-1.1541344362861332,0.6689477296716686,23820.0,0,1,0,
T006659,U0228,2026-07-12 10:23:00,4960.05,D0620,M038,Pune,0,,10,0,0,0,1.169044189138483,1.3436195321655087,16620.0,0,1,0,
T006665,U0228,2026-07-12 13:38:00,1333.98,D0757,M005,Pune,0,,13,0,0,0,-2.214743819150951,0.35525593581775045,11700.0,0,2,0,
T006674,U0228,2026-07-19 22:35:00,3348.4,D0620,M051,Pune,0,,22,0,0,0,-0.24585335446789125,0.9199666531736642,637020.0,0,1,0,
T006673,U0228,2026-07-19 23:48:00,3831.57,D0757,M053,Pune,0,,23,0,0,0,0.17694584031890703,1.0565603483786037,4380.0,0,2,0,
T006656,U0228,2026-07-20 01:28:00,3271.18,D0757,M053,Pune,0,,1,1,0,0,-0.32102303894193185,0.8998192995052379,6000.0,0,2,0,
T006651,U0228,2026-07-20 18:04:00,5532.67,D0620,M048,Pune,0,,18,0,0,0,1.7183395924882765,1.5282776187100338,59760.0,0,1,0,
T006667,U0228,2026-07-22 17:03:00,395.75,D0757,M051,Pune,0,,17,0,0,0,-2.8626983175350165,0.10705498719964417,169140.0,0,2,0,
T006650,U0228,2026-07-23 18:25:00,3091.82,D0757,M038,Pune,0,,18,0,0,0,-0.36856388656333366,0.8661193808239248,91320.0,0,2,0,
T006671,U0228,2026-07-25 14:01:00,3108.94,D0620,M036,Pune,0,,14,0,0,0,-0.34734737227716744,0.8752552392337306,156960.0,0,1,0,
T006662,U0228,2026-07-27 16:29:00,4688.27,D0757,M051,Pune,0,,16,0,0,0,0.9177014951560846,1.325788269704547,181680.0,0,2,0,
T006647,U0228,2026-07-28 17:07:00,1606.72,D0620,M036,Pune,0,,17,0,0,0,-1.5737124371948974,0.449314113050691,88680.0,0,1,0,
T006663,U0228,2026-07-29 10:45:00,4224.13,D0757,M048,Pune,0,,10,0,0,0,0.5576530361401716,1.2033534465054008,63480.0,0,2,0,
T006688,U0229,2026-07-01 09:59:00,513.67,D0886,M014,Pune,0,,9,0,1,1,0.0,1.0,1000000000.0,0,3,20,device shared by 3 users
T006686,U0229,2026-07-01 19:26:00,986.85,D0886,M033,Pune,0,,19,0,0,1,0.0,1.0,34020.0,0,3,20,device shared by 3 users
T006709,U0229,2026-07-02 18:52:00,569.55,D0886,M014,Pune,0,,18,0,0,0,0.0,1.0,84360.0,0,3,20,device shared by 3 users
T006676,U0229,2026-07-02 20:48:00,868.82,D0886,M017,Pune,0,,20,0,0,1,0.8468787239394743,1.2591168396347225,6960.0,0,3,20,device shared by 3 users
T006684,U0229,2026-07-03 09:00:00,1527.82,D0886,M018,Pune,0,,9,0,0,1,3.9943437700320974,2.0794517629724805,43920.0,0,3,35,device shared by 3 users; amount z-score 4.0
T006698,U0229,2026-07-03 21:59:00,1010.84,D0886,M020,Pune,0,,21,0,0,1,0.3231824475290623,1.1315263346719104,46740.0,0,3,20,device shared by 3 users
T006699,U0229,2026-07-04 08:05:00,971.07,D0886,M017,Pune,0,,8,0,0,0,0.17368917578967513,1.0636908825328577,36360.0,0,3,20,device shared by 3 users
T006707,U0229,2026-07-07 13:23:00,546.78,D0886,M020,Pune,0,,13,0,0,0,-1.205578339348111,0.5935316386832034,278280.0,0,3,20,device shared by 3 users
T006695,U0229,2026-07-08 11:09:00,1103.68,D0886,M014,Pune,0,,11,0,0,0,0.7258807361104241,1.262178001244043,78360.0,0,3,20,device shared by 3 users
T006687,U0229,2026-07-08 16:35:00,683.12,D0886,M017,Pune,0,,16,0,0,0,-0.7075919155535791,0.7591084411029431,19560.0,0,3,20,device shared by 3 users
T006702,U0229,2026-07-10 14:56:00,953.48,D0886,M033,Pune,0,,14,0,0,0,0.25269824102411187,1.085696065808458,166860.0,0,3,20,device shared by 3 users
T006704,U0229,2026-07-11 20:43:00,1037.5,D0886,M018,Pune,0,,20,0,0,0,0.5352678820399085,1.1722345010420865,107220.0,0,3,20,device shared by 3 users
T006697,U0229,2026-07-12 10:25:00,367.27,D0886,M017,Pune,0,,10,0,0,0,-1.9227787942673678,0.4090936933283279,49320.0,0,3,20,device shared by 3 users
T006691,U0229,2026-07-13 20:26:00,701.95,D0886,M014,Pune,0,,20,0,0,0,-0.5159810676613338,0.8191186163351981,122460.0,0,3,20,device shared by 3 users
T006689,U0229,2026-07-14 10:11:00,869.05,D0886,M020,Pune,0,,10,0,0,0,0.07926858019630396,1.0273846505452116,49500.0,0,3,20,device shared by 3 users
T006675,U0229,2026-07-14 17:39:00,1229.54,D0886,M020,Pune,0,,17,0,0,0,1.3531976584106424,1.45090449777456,26880.0,0,3,20,device shared by 3 users
T006708,U0229,2026-07-15 16:05:00,575.78,D0886,M017,Pune,0,,16,0,0,0,-1.0239103047379905,0.6608196397405698,80760.0,0,3,20,device shared by 3 users
T006681,U0229,2026-07-16 10:41:00,599.79,D0886,M020,Pune,0,,10,0,0,0,-0.8808384377897319,0.7023897181025375,66960.0,0,3,20,device shared by 3 users
T006713,U0229,2026-07-18 05:52:00,662.19,D0886,M014,Pune,0,,5,1,0,0,-0.6202465229493984,0.7885008219996471,155460.0,0,3,20,device shared by 3 users
T006693,U0229,2026-07-19 10:57:00,764.99,D0886,M018,Pune,0,,10,0,0,0,-0.23254594097655773,0.9211635891625058,104700.0,0,3,20,device shared by 3 users
T006679,U0229,2026-07-19 15:05:00,862.08,D0886,M020,Pune,0,,15,0,0,0,0.12698519525368246,1.0421827216310426,14880.0,0,3,20,device shared by 3 users
T006712,U0229,2026-07-20 09:17:00,1370.79,D0886,M014,Pune,0,,9,0,0,0,2.020203435785,1.6538485383204682,65520.0,0,3,20,device shared by 3 users
T006685,U0229,2026-07-20 17:44:00,792.65,D0886,M014,Pune,0,,17,0,0,0,-0.21316989037751163,0.928724619596831,30420.0,0,3,20,device shared by 3 users
T006682,U0229,2026-07-20 23:58:00,735.01,D0886,M018,Pune,0,,23,0,0,0,-0.41459787798002823,0.8638665938380431,22440.0,0,3,20,device shared by 3 users
T006690,U0229,2026-07-22 11:32:00,1078.02,D0886,M017,Pune,0,,11,0,0,0,0.8453025332022281,1.2742383729835287,128040.0,0,3,20,device shared by 3 users
T006701,U0229,2026-07-22 12:43:00,234.36,D0886,M014,Pune,0,,12,0,0,0,-2.276651768375307,0.2740118103883964,4260.0,0,3,20,device shared by 3 users
T006705,U0229,2026-07-22 14:35:00,823.48,D0886,M014,Pune,0,,14,0,0,0,-0.02707374699694419,0.9904624432670175,6720.0,0,3,20,device shared by 3 users
T006677,U0229,2026-07-22 16:58:00,742.3,D0886,M018,Pune,0,,16,0,0,0,-0.30901275361481095,0.893136536013174,8580.0,0,3,20,device shared by 3 users
T006700,U0229,2026-07-24 16:27:00,1138.39,D0886,M017,Pune,0,,16,0,0,0,1.0980688638360456,1.3749602591920307,170940.0,0,3,20,device shared by 3 users
T006711,U0229,2026-07-25 16:35:00,1401.57,D0886,M017,Pune,0,,16,0,0,0,1.98547772279816,1.6712236656302915,86880.0,0,3,20,device shared by 3 users
T006683,U0229,2026-07-26 11:07:00,477.4,D0886,M033,Pune,0,,11,0,0,0,-1.2816479796975901,0.5567911839955876,66720.0,0,3,20,device shared by 3 users
T006680,U0229,2026-07-27 12:35:00,332.14,D0886,M033,Pune,0,,12,0,0,0,-1.7139908885393975,0.39299322581658885,91680.0,0,3,20,device shared by 3 users
T006703,U0229,2026-07-27 12:40:00,647.65,D0886,M033,Pune,0,,12,0,0,0,-0.5895382638164082,0.7811267395550924,300.0,1,3,20,device shared by 3 users
T006692,U0229,2026-07-28 15:20:00,1023.17,D0886,M018,Pune,0,,15,0,0,0,0.6548641192493518,1.2422785767478675,96000.0,0,3,20,device shared by 3 users
T006696,U0229,2026-07-29 12:32:00,609.39,D0886,M018,Pune,0,,12,0,0,0,-0.7286070192976016,0.7346538892491608,76320.0,0,3,20,device shared by 3 users
T006694,U0229,2026-07-30 13:38:00,561.03,D0886,M033,Pune,0,,13,0,0,0,-0.8739435499629715,0.6815200112225888,90360.0,0,3,20,device shared by 3 users
T006706,U0229,2026-07-30 14:07:00,982.7,D0886,M020,Pune,0,,14,0,0,0,0.5579464634803867,1.204405243174006,1740.0,1,3,20,device shared by 3 users
T006678,U0229,2026-07-30 15:54:00,672.2,D0886,M020,Pune,0,,15,0,0,0,-0.5006282766290663,0.8193275293933228,6420.0,0,3,20,device shared by 3 users
T006710,U0229,2026-07-30 16:42:00,567.45,D0886,M014,Pune,0,,16,0,0,0,-0.8497311236620149,0.6949545999345665,2880.0,1,3,20,device shared by 3 users
T006741,U0230,2026-07-05 18:21:00,898.38,D0624,M039,Kolkata,0,,18,0,1,1,0.0,1.0,1000000000.0,0,1,0,
T006726,U0230,2026-07-06 15:23:00,707.44,D0624,M046,Kolkata,0,,15,0,0,1,0.0,1.0,75720.0,0,1,0,
T006720,U0230,2026-07-06 17:01:00,1781.79,D0624,M032,Kolkata,0,,17,0,0,1,0.0,1.0,5880.0,0,1,0,
T006714,U0230,2026-07-07 04:21:00,1429.69,D0624,M032,Kolkata,0,,4,1,0,0,0.6420845430477231,1.2661050109669307,40800.0,0,1,0,
T006736,U0230,2026-07-08 11:21:00,163.64,D0624,M039,Kolkata,0,,11,0,0,0,-2.444862851246138,0.1358769434032533,111600.0,0,1,0,
T006733,U0230,2026-07-08 12:19:00,1652.18,D0624,M032,Kolkata,0,,12,0,0,0,1.1628532640505969,1.6585022087612957,3480.0,1,1,0,
T006743,U0230,2026-07-08 15:44:00,2569.86,D0624,M032,Kolkata,0,,15,0,0,0,2.5687691225061737,2.3245712403895253,12300.0,0,1,0,
T006717,U0230,2026-07-09 14:31:00,643.6,D0624,M036,Kolkata,0,,14,0,0,1,-0.9123332402822208,0.48953708435455034,82020.0,0,1,0,
T006718,U0230,2026-07-11 14:34:00,964.79,D0624,M032,Kolkata,0,,14,0,0,0,-0.3679563849309591,0.7838579480113028,172980.0,0,1,0,
T006724,U0230,2026-07-15 15:44:00,1164.02,D0624,M046,Kolkata,0,,15,0,0,0,-0.05423056337783137,0.9689965278479071,349800.0,0,1,0,
T006734,U0230,2026-07-16 22:10:00,1231.25,D0624,M038,Kolkata,0,,22,0,0,1,0.05173471968956583,1.0281502305744108,109560.0,0,1,0,
T006719,U0230,2026-07-18 19:40:00,962.62,D0624,M005,Kolkata,0,,19,0,0,1,-0.38300202875318473,0.8017800130222688,163800.0,0,1,0,
T006723,U0230,2026-07-19 12:14:00,585.42,D0624,M038,Kolkata,0,,12,0,0,0,-0.9946801967209458,0.4957944165080226,59640.0,0,1,0,
T006738,U0230,2026-07-19 13:22:00,897.55,D0624,M046,Kolkata,0,,13,0,0,0,-0.3980067235264355,0.7908101015894254,4080.0,0,1,0,
T006731,U0230,2026-07-22 08:23:00,1592.96,D0624,M032,Kolkata,0,,8,0,0,0,0.8215885901151387,1.4248091153818123,241260.0,0,1,0,
T006725,U0230,2026-07-22 12:50:00,1389.08,D0624,M046,Kolkata,0,,12,0,0,0,0.41933498726059104,1.208232555389445,16020.0,0,1,0,
T006727,U0230,2026-07-23 16:27:00,1252.69,D0624,M032,Kolkata,0,,16,0,0,0,0.15841516832077168,1.0756010287921332,99420.0,0,1,0,
T006728,U0230,2026-07-24 06:53:00,522.58,D0624,M039,Kolkata,0,,6,0,0,0,-1.1994632412167183,0.44671784890228555,51960.0,0,1,0,
T006737,U0230,2026-07-24 12:01:00,991.46,D0624,M046,Kolkata,0,,12,0,0,0,-0.2613095371313656,0.8744087316157365,18480.0,0,1,0,
T006729,U0230,2026-07-24 15:15:00,1178.3,D0624,M039,Kolkata,0,,15,0,0,0,0.09773006560865603,1.0461053212524645,11640.0,0,1,0,
T006742,U0230,2026-07-24 18:04:00,1006.74,D0624,M036,Kolkata,0,,18,0,0,0,-0.23593438021895655,0.8917371212643995,10140.0,0,1,0,
T006740,U0230,2026-07-25 11:49:00,1724.11,D0624,M039,Kolkata,0,,11,0,0,0,1.187135662544181,1.5350737117279307,63900.0,0,1,0,
T006715,U0230,2026-07-25 16:29:00,1463.44,D0624,M032,Kolkata,0,,16,0,0,0,0.6134576641052795,1.2720461938003125,16800.0,0,1,0,
T006716,U0230,2026-07-26 09:30:00,72.72,D0624,M038,Kolkata,0,,9,0,0,0,-2.1695114039396852,0.06247051660099291,61260.0,0,1,0,
T006721,U0230,2026-07-26 12:19:00,817.44,D0624,M038,Kolkata,0,,12,0,0,0,-0.5591717167113053,0.7307730553085862,10140.0,0,1,0,
T006732,U0230,2026-07-27 15:25:00,1185.53,D0624,M032,Kolkata,0,,15,0,0,0,0.1487427574883083,1.071374993383602,97560.0,0,1,0,
T006722,U0230,2026-07-29 12:11:00,1776.32,D0624,M039,Kolkata,0,,12,0,0,0,1.2799770075111314,1.6008829322040983,161160.0,0,1,0,
T006735,U0230,2026-07-29 20:21:00,1476.06,D0624,M005,Kolkata,0,,20,0,0,0,0.6492300187371693,1.3013171975361932,29400.0,0,1,0,
T006730,U0230,2026-07-30 08:05:00,1285.59,D0624,M039,Kolkata,0,,8,0,0,0,0.26707934615716167,1.1213289271832918,42240.0,0,1,0,
T006739,U0230,2026-07-30 08:29:00,1406.78,D0624,M046,Kolkata,0,,8,0,0,0,0.49862757277346853,1.221922139875679,1440.0,1,1,0,
T006752,U0231,2026-07-02 08:09:00,3926.72,D0749,M028,Bengaluru,0,,8,0,1,1,0.0,1.0,1000000000.0,0,2,0,
T006754,U0231,2026-07-02 08:10:00,3357.53,D0749,M028,Bengaluru,0,,8,0,0,0,0.0,1.0,60.0,1,2,0,
T006766,U0231,2026-07-02 08:51:00,3405.99,D0749,M033,Bengaluru,0,,8,0,0,1,0.0,1.0,2460.0,2,2,0,
T006775,U0231,2026-07-02 11:33:00,3373.21,D0749,M014,Bengaluru,0,,11,0,0,1,-0.7382028921572965,0.946623274796462,9720.0,0,2,0,
T006767,U0231,2026-07-03 15:22:00,3242.41,D0749,M049,Bengaluru,0,,15,0,0,1,-1.1496738035142855,0.9222232095475226,100140.0,0,2,0,
T006771,U0231,2026-07-04 11:05:00,3176.91,D0749,M058,Bengaluru,0,,11,0,0,1,-1.1883186123242877,0.9178711716962141,70980.0,0,2,0,
T006759,U0231,2026-07-04 17:34:00,2609.41,D0749,M058,Bengaluru,0,,17,0,0,0,-3.3141612525608046,0.7643722013874962,23340.0,0,2,0,
T006768,U0231,2026-07-05 13:50:00,1407.27,D0749,M049,Bengaluru,0,,13,0,0,0,-5.2520063678740225,0.4265898670898058,72960.0,0,2,0,
T006745,U0231,2026-07-06 09:25:00,3007.99,D0749,M058,Bengaluru,0,,9,0,0,0,-0.0766191407982897,0.9822228659068761,70500.0,0,2,0,
T006782,U0231,2026-07-07 10:25:00,3076.02,D0749,M033,Bengaluru,0,,10,0,0,0,0.02930462698575803,1.0064251704608707,90000.0,0,2,0,
T006751,U0231,2026-07-07 13:02:00,4314.81,D0749,M033,Bengaluru,0,,13,0,0,0,1.9763051598296688,1.4108312135347565,9420.0,0,2,0,
T006747,U0231,2026-07-07 19:07:00,1415.02,D0749,M043,Bengaluru,0,,19,0,0,1,-2.4907316813783185,0.44601695141603903,21900.0,0,2,0,
T006763,U0231,2026-07-08 16:32:00,3721.73,D0749,M014,Bengaluru,0,,16,0,0,0,0.835982943718493,1.2298736904654333,77100.0,0,2,0,
T006758,U0231,2026-07-10 14:13:00,1942.35,D0749,M058,Bengaluru,0,,14,0,0,0,-1.3857873766495952,0.630711561822643,164460.0,0,2,0,
T006783,U0231,2026-07-11 12:30:00,1353.94,D0749,M033,Bengaluru,0,,12,0,0,0,-1.9499902928502886,0.4515566361989379,80220.0,0,2,0,
T006765,U0231,2026-07-12 08:38:00,3132.37,D0749,M028,Bengaluru,0,,8,0,0,0,0.2670786435400555,1.0843325526907681,72480.0,0,2,0,
T006772,U0231,2026-07-14 13:59:00,3774.53,D0749,M043,Bengaluru,0,,13,0,0,0,0.9835025805572644,1.2997782349397113,192060.0,0,2,0,
T006781,U0231,2026-07-14 14:49:00,2807.24,D0749,M049,Bengaluru,0,,14,0,0,0,-0.1675872962552252,0.9499359149908226,3000.0,1,2,0,
T006748,U0231,2026-07-16 08:48:00,3355.84,D0749,M049,Bengaluru,0,,8,0,0,0,0.4761991923882177,1.138742719300197,151140.0,0,2,0,
T006761,U0231,2026-07-17 11:41:00,3342.92,D0749,M058,Bengaluru,0,,11,0,0,0,0.44538840713358685,1.1261352351799656,96780.0,0,2,0,
T006780,U0231,2026-07-17 12:36:00,4086.9,D0749,M028,Bengaluru,0,,12,0,0,0,1.3354638999735347,1.3681325767406978,3300.0,1,2,0,
T006773,U0231,2026-07-19 02:17:00,4013.49,D0749,M043,Bengaluru,0,,2,1,0,0,1.1635279144161346,1.3204108462514812,135660.0,0,2,0,
T006755,U0231,2026-07-20 13:02:00,2802.27,D0749,M058,Bengaluru,0,,13,0,0,0,-0.33418393642290634,0.9086933960847106,125100.0,0,2,0,
T006746,U0231,2026-07-20 14:06:00,1357.33,D0749,M049,Bengaluru,0,,14,0,0,0,-2.0752552468342653,0.4418962933508079,3840.0,0,2,0,
T006762,U0231,2026-07-20 15:43:00,2197.27,D0749,M014,Bengaluru,0,,15,0,0,0,-0.9142364023022521,0.7323806108869046,5820.0,0,2,0,
T006756,U0231,2026-07-21 15:10:00,2451.84,D0749,M028,Bengaluru,0,,15,0,0,0,-0.5901349799342424,0.8260752782842188,84420.0,0,2,0,
T006778,U0231,2026-07-22 17:13:00,2481.99,D0749,M043,Bengaluru,0,,17,0,0,0,-0.5399212817822339,0.8418650150673401,93780.0,0,2,0,
T006777,U0231,2026-07-23 09:38:00,1927.72,D0749,M028,Bengaluru,0,,9,0,0,0,-1.177614344279822,0.6577145721598541,59100.0,0,2,0,
T006750,U0231,2026-07-24 05:16:00,3239.36,D0749,M028,Bengaluru,0,,5,1,0,0,0.4016844519483883,1.118908226817488,70680.0,0,2,0,
T006760,U0231,2026-07-24 07:37:00,1770.22,D0749,M014,Bengaluru,0,,7,0,0,0,-1.346144844980384,0.6089552866993825,8460.0,0,2,0,
T006774,U0231,2026-07-25 06:17:00,3000.75,D0749,M028,Bengaluru,0,,6,0,0,0,0.15399776847899557,1.0458903294268243,81600.0,0,2,0,
T006769,U0231,2026-07-27 09:56:00,2986.09,D0749,M014,Bengaluru,0,,9,0,0,0,0.1340120661017714,1.0392422645806347,185940.0,0,2,0,
T006749,U0231,2026-07-27 12:40:00,3435.29,D0749,M058,Bengaluru,0,,12,0,0,0,0.6741347869944355,1.1941119776721258,9840.0,0,2,0,
T006779,U0231,2026-07-27 18:02:00,3281.23,D0749,M014,Bengaluru,0,,18,0,0,0,0.4717414211525326,1.1338907389191175,19320.0,0,2,0,
T006770,U0231,2026-07-27 18:57:00,1725.07,D0749,M033,Bengaluru,0,,18,0,0,0,-1.453699336560588,0.5937920520318007,3300.0,1,2,0,
T006776,U0231,2026-07-28 10:24:00,3067.21,D0749,M014,Bengaluru,0,,10,0,0,0,0.23758782509040136,1.0681716392619458,55620.0,0,2,0,
T006764,U0231,2026-07-29 13:03:00,2522.48,D0749,M058,Bengaluru,0,,13,0,0,0,-0.43592096600693275,0.8768062484062197,95940.0,0,2,0,
T006744,U0231,2026-07-29 17:21:00,2564.15,D0749,M014,Bengaluru,0,,17,0,0,0,-0.3770628851170383,0.8942681317170068,15480.0,0,2,0,
T006753,U0231,2026-07-29 17:44:00,4156.84,D0749,M049,Bengaluru,0,,17,0,0,0,1.6323753000918786,1.4537767147000085,1380.0,1,2,0,
T006757,U0231,2026-07-30 18:41:00,3607.45,D0749,M033,Bengaluru,0,,18,0,0,0,0.8814775268258103,1.2471271816672405,89820.0,0,2,0,
T006792,U0232,2026-07-02 07:26:00,2633.82,D0836,M029,Chennai,0,,7,0,1,1,0.0,1.0,1000000000.0,0,1,0,
T006794,U0232,2026-07-03 13:14:00,4134.07,D0836,M043,Chennai,0,,13,0,0,1,0.0,1.0,107280.0,0,1,0,
T006789,U0232,2026-07-03 15:46:00,2007.37,D0836,M008,Chennai,0,,15,0,0,1,0.0,1.0,9120.0,0,1,0,
T006802,U0232,2026-07-04 10:31:00,2251.4,D0836,M034,Chennai,0,,10,0,0,1,-0.7549870716447864,0.7696865959174932,67500.0,0,1,0,
T006796,U0232,2026-07-06 14:49:00,1697.8,D0836,M034,Chennai,0,,14,0,0,0,-1.2819266009960932,0.6158891266744821,188280.0,0,1,0,
T006805,U0232,2026-07-06 14:54:00,2315.38,D0834,M008,Chennai,0,,14,0,1,0,-0.26950999092145633,0.9098146401066081,300.0,1,2,0,
T006787,U0232,2026-07-07 09:36:00,1368.25,D0836,M036,Chennai,0,,9,0,0,1,-1.4555870406101854,0.5458502215931088,67320.0,0,1,0,
T006804,U0232,2026-07-07 13:34:00,1463.72,D0836,M029,Chennai,0,,13,0,0,0,-1.0651957770107319,0.6244504994566002,14280.0,0,1,0,
T006812,U0232,2026-07-08 13:03:00,2117.96,D0834,M008,Chennai,0,,13,0,0,0,-0.1404482337293807,0.9480673749561718,84540.0,0,2,0,
T006800,U0232,2026-07-08 14:59:00,3661.17,D0834,M034,Chennai,0,,14,0,0,0,1.8470823912662067,1.6483696403292623,6960.0,0,2,0,
T006790,U0232,2026-07-09 11:35:00,3201.63,D0834,M008,Chennai,0,,11,0,0,0,0.9766063818532309,1.353700951694224,74160.0,0,2,0,
T006801,U0232,2026-07-09 13:17:00,948.87,D0836,M008,Chennai,0,,13,0,0,0,-1.752764397136614,0.38869910759842763,6120.0,0,1,0,
T006803,U0232,2026-07-10 11:10:00,1202.18,D0836,M036,Chennai,0,,11,0,0,0,-1.2200954321137003,0.5188997402211254,78780.0,0,1,0,
T006798,U0232,2026-07-11 15:04:00,1567.09,D0836,M005,Chennai,0,,15,0,0,1,-0.716558409206001,0.7024009413607262,100440.0,0,1,0,
T006785,U0232,2026-07-12 10:59:00,2159.22,D0836,M057,Chennai,0,,10,0,0,1,-0.026841704777934534,0.9888249237965506,71700.0,0,1,0,
T006814,U0232,2026-07-12 16:29:00,2496.82,D0836,M057,Chennai,0,,16,0,0,0,0.35844461831752794,1.1442829233926182,19800.0,0,1,0,
T006797,U0232,2026-07-13 06:21:00,2826.5,D0836,M036,Chennai,0,,6,0,0,0,0.7317984425467129,1.2837971138256934,49920.0,0,1,0,
T006788,U0232,2026-07-14 17:25:00,1479.22,D0834,M043,Chennai,0,,17,0,0,0,-0.9024440924836505,0.6608302835832915,126240.0,0,2,0,
T006807,U0232,2026-07-16 10:59:00,2811.7,D0836,M008,Chennai,0,,10,0,0,0,0.73630398988339,1.2802286317287,149640.0,0,1,0,
T006795,U0232,2026-07-16 13:40:00,1446.64,D0836,M057,Chennai,0,,13,0,0,0,-0.9477668093894231,0.6491132070286618,9660.0,0,1,0,
T006810,U0232,2026-07-16 13:57:00,2856.37,D0836,M057,Chennai,0,,13,0,0,0,0.8111615677709904,1.3045522559164573,1020.0,1,1,0,
T006784,U0232,2026-07-17 13:36:00,1943.93,D0836,M036,Chennai,0,,13,0,0,0,-0.3404382837853971,0.8751339305317533,85140.0,0,1,0,
T006815,U0232,2026-07-19 10:59:00,1759.73,D0836,M043,Chennai,0,,10,0,0,0,-0.5625396864794006,0.7967313358857601,163380.0,0,1,0,
T006817,U0232,2026-07-20 11:08:00,1989.13,D0834,M036,Chennai,0,,11,0,0,0,-0.25453300609150953,0.9086241655372909,86940.0,0,2,0,
T006808,U0232,2026-07-20 12:38:00,783.09,D0836,M008,Chennai,0,,12,0,0,0,-1.8143339268910004,0.35907853962052555,5400.0,0,1,0,
T006809,U0232,2026-07-20 17:08:00,3188.38,D0834,M005,Chennai,0,,17,0,0,0,1.324385446258926,1.5004689105350537,16200.0,0,2,0,
T006813,U0232,2026-07-21 14:24:00,1900.97,D0834,M005,Chennai,0,,14,0,0,0,-0.32556847280898144,0.8777118819404991,76560.0,0,2,0,
T006791,U0232,2026-07-22 14:34:00,1725.61,D0834,M008,Chennai,0,,14,0,0,0,-0.5380922118018897,0.8003700581781447,87000.0,0,2,0,
T006806,U0232,2026-07-22 16:41:00,2671.18,D0834,M029,Chennai,0,,16,0,0,0,0.6719819421630975,1.2478396844784079,7620.0,0,2,0,
T006793,U0232,2026-07-23 10:52:00,3124.37,D0834,M005,Chennai,0,,10,0,0,0,1.2348919123048185,1.447179167886378,65460.0,0,2,0,
T006786,U0232,2026-07-23 14:57:00,2465.44,D0834,M036,Chennai,0,,14,0,0,0,0.34814589437750315,1.1251967596806947,14700.0,0,2,0,
T006811,U0232,2026-07-25 13:49:00,1708.12,D0836,M036,Chennai,0,,13,0,0,0,-0.633294986299045,0.7764294522153722,168720.0,0,1,0,
T006816,U0232,2026-07-26 16:04:00,2013.64,D0836,M057,Chennai,0,,16,0,0,0,-0.2222560237653956,0.9217440334126747,94500.0,0,1,0,
T006799,U0232,2026-07-28 09:08:00,1398.73,D0836,M057,Chennai,0,,9,0,0,0,-1.029909023863696,0.6417908203544108,147840.0,0,1,0,
T006818,U0233,2026-07-02 14:12:00,4345.72,D0871,M009,Hyderabad,0,,14,0,1,1,0.0,1.0,1000000000.0,0,2,0,
T006829,U0233,2026-07-02 16:13:00,2979.17,D0871,M028,Hyderabad,0,,16,0,0,1,0.0,1.0,7260.0,0,2,0,
T006836,U0233,2026-07-03 02:28:00,3080.03,D0871,M013,Hyderabad,0,,2,1,0,1,0.0,1.0,36900.0,0,2,0,
T006827,U0233,2026-07-04 10:42:00,2173.84,D0871,M033,Hyderabad,0,,10,0,0,1,-2.0818397119314582,0.6267727188791151,116040.0,0,2,0,
T006821,U0233,2026-07-04 12:43:00,3933.64,D0871,M033,Hyderabad,0,,12,0,0,0,1.0150257007988468,1.2508832345156808,7260.0,0,2,0,
T006819,U0233,2026-07-04 14:25:00,2404.81,D0871,M028,Hyderabad,0,,14,0,0,0,-1.175751769776171,0.7281830622053174,6120.0,0,2,0,
T006834,U0233,2026-07-06 13:12:00,3556.83,D0871,M013,Hyderabad,0,,13,0,0,0,0.522524640977158,1.1281251301450503,168420.0,0,2,0,
T006832,U0233,2026-07-10 12:08:00,2729.16,D0871,M013,Hyderabad,0,,12,0,0,0,-0.6598615712193944,0.8500527717335036,341760.0,0,2,0,
T006825,U0233,2026-07-12 11:13:00,2605.93,D0871,M025,Hyderabad,0,,11,0,0,1,-0.7769497337676412,0.8271743268070167,169500.0,0,2,0,
T006828,U0233,2026-07-12 17:09:00,3750.79,D0871,M013,Hyderabad,0,,17,0,0,0,0.968334244631701,1.2138858709019313,21360.0,0,2,0,
T006830,U0233,2026-07-15 11:19:00,3069.48,D0871,M058,Hyderabad,0,,11,0,0,1,-0.12775884178200983,0.9725880163914902,238200.0,0,2,0,
T006835,U0233,2026-07-17 17:28:00,2595.77,D0871,M033,Hyderabad,0,,17,0,0,0,-0.8548876799161254,0.8245441731860792,194940.0,0,2,0,
T006826,U0233,2026-07-20 17:06:00,3542.87,D0871,M025,Hyderabad,0,,17,0,0,0,0.6917672002694023,1.1420885381126518,257880.0,0,2,0,
T006833,U0233,2026-07-20 21:30:00,1701.51,D0871,M011,Hyderabad,0,,21,0,0,1,-2.3013104284684527,0.5425728093120629,15840.0,0,2,0,
T006824,U0233,2026-07-26 11:38:00,3462.23,D0871,M058,Hyderabad,0,,11,0,0,0,0.6079154842707263,1.141317013813934,482880.0,0,2,0,
T006823,U0233,2026-07-27 13:51:00,2937.53,D0871,M033,Hyderabad,0,,13,0,0,0,-0.1806650615821991,0.9593129198478766,94380.0,0,2,0,
T006820,U0233,2026-07-28 08:08:00,2588.06,D0871,M025,Hyderabad,0,,8,0,0,0,-0.6976003501268806,0.8473407949987947,65820.0,0,2,0,
T006822,U0233,2026-07-29 17:53:00,2700.48,D0871,M028,Hyderabad,0,,17,0,0,0,-0.49634697164392283,0.8921590820679971,121500.0,0,2,0,
T006831,U0233,2026-07-30 09:17:00,1973.91,D0871,M009,Hyderabad,0,,9,0,0,0,-1.6082161762531038,0.6560522618270678,55440.0,0,2,0,
T006840,U0234,2026-07-01 13:11:00,4283.22,D0029,M053,Jaipur,0,,13,0,1,1,0.0,1.0,1000000000.0,0,1,0,
T006867,U0234,2026-07-01 15:17:00,5418.67,D0194,M006,Jaipur,0,,15,0,1,1,0.0,1.0,7560.0,0,2,0,
T006864,U0234,2026-07-02 12:07:00,2712.09,D0029,M009,Jaipur,0,,12,0,0,1,0.0,1.0,75000.0,0,1,0,
T006843,U0234,2026-07-03 08:06:00,2849.11,D0029,M056,Jaipur,0,,8,0,0,1,-1.1614509582275174,0.6885245503806536,71940.0,0,1,0,
T006845,U0234,2026-07-03 15:49:00,2765.97,D0029,M056,Jaipur,0,,15,0,0,0,-0.9446245364885726,0.7248781208196038,27780.0,0,1,0,
T006854,U0234,2026-07-06 10:19:00,3437.05,D0029,M053,Jaipur,0,,10,0,0,0,-0.1563951549484263,0.9531972268789395,239400.0,0,1,0,
T006870,U0234,2026-07-06 11:28:00,2293.4,D0194,M009,Jaipur,0,,11,0,0,0,-1.3011196832622804,0.641029045139237,4140.0,0,2,0,
T006872,U0234,2026-07-06 11:49:00,3249.72,D0029,M038,Jaipur,0,,11,0,0,1,-0.14188960030394399,0.9574288355819626,1260.0,1,1,0,
T006842,U0234,2026-07-06 15:23:00,3593.05,D0029,M056,Jaipur,0,,15,0,0,0,0.22740386069285537,1.0642435934488341,12840.0,0,1,0,
T006839,U0234,2026-07-06 16:55:00,2895.42,D0194,M006,Jaipur,0,,16,0,0,0,-0.5597910529057148,0.8515306700133528,5520.0,0,2,0,
T006841,U0234,2026-07-08 18:19:00,4123.43,D0194,M056,Jaipur,0,,18,0,0,0,0.8904439817866935,1.2309591401108262,177840.0,0,2,0,
T006851,U0234,2026-07-09 09:31:00,2196.9,D0029,M006,Jaipur,0,,9,0,0,0,-1.4260588648616506,0.6423491264864761,54720.0,0,1,0,
T006838,U0234,2026-07-09 13:26:00,4017.7,D0029,M038,Jaipur,0,,13,0,0,0,0.787672260587314,1.2108183148556113,14100.0,0,1,0,
T006853,U0234,2026-07-10 11:56:00,3841.75,D0029,M010,Jaipur,0,,11,0,0,1,0.5378758406531889,1.139316032496525,81000.0,0,1,0,
T006850,U0234,2026-07-10 16:45:00,2817.37,D0194,M056,Jaipur,0,,16,0,0,0,-0.6917440333856334,0.8272916267474271,17340.0,0,2,0,
T006868,U0234,2026-07-11 13:22:00,2939.46,D0029,M024,Jaipur,0,,13,0,0,1,-0.5115620171719086,0.8731959791325663,74220.0,0,1,0,
T006844,U0234,2026-07-12 16:39:00,6756.43,D0029,M010,Jaipur,0,,16,0,0,0,4.194870992035822,2.023098641446487,98220.0,0,1,15,amount z-score 4.2
T006855,U0234,2026-07-14 07:07:00,4347.25,D0029,M056,Jaipur,0,,7,0,0,0,0.7155483473536478,1.2278176008324055,138480.0,0,1,0,
T006858,U0234,2026-07-14 14:39:00,1357.57,D0194,M024,Jaipur,0,,14,0,0,0,-2.0053159746517037,0.3786337317475272,27120.0,0,2,0,
T006863,U0234,2026-07-15 09:59:00,3012.35,D0194,M053,Jaipur,0,,9,0,0,0,-0.38296107609701646,0.8685661064796664,69600.0,0,2,0,
T006856,U0234,2026-07-15 14:04:00,5130.24,D0194,M024,Jaipur,0,,14,0,0,0,1.446958948604161,1.4890133798894747,14700.0,0,2,0,
T006859,U0234,2026-07-16 11:09:00,2385.01,D0029,M009,Jaipur,0,,11,0,0,0,-0.9571798477189217,0.6764784099250718,75900.0,0,1,0,
T006861,U0234,2026-07-16 16:47:00,1631.8,D0029,M024,Jaipur,0,,16,0,0,0,-1.5501749702880823,0.46974765227799464,20280.0,0,1,0,
T006860,U0234,2026-07-17 15:14:00,3960.42,D0029,M038,Jaipur,0,,15,0,0,0,0.4640263498416967,1.1669938716663124,80820.0,0,1,0,
T006848,U0234,2026-07-19 13:15:00,1718.2,D0029,M010,Jaipur,0,,13,0,0,0,-1.4147917182758902,0.5027935002914448,165660.0,0,1,0,
T006846,U0234,2026-07-20 06:42:00,3325.07,D0194,M038,Jaipur,0,,6,0,0,0,-0.019848972868275673,0.9927528474858137,62820.0,0,2,0,
T006873,U0234,2026-07-23 21:59:00,3888.4,D0194,M056,Jaipur,0,,21,0,0,0,0.4503087745980427,1.1612677197476302,314220.0,0,2,0,
T006849,U0234,2026-07-24 13:18:00,3907.8,D0194,M010,Jaipur,0,,13,0,0,0,0.4566656353087172,1.1601321864609841,55140.0,0,2,0,
T006852,U0234,2026-07-24 16:02:00,1905.98,D0029,M056,Jaipur,0,,16,0,0,0,-1.272737834246497,0.5626221535772454,9840.0,0,1,0,
T006869,U0234,2026-07-24 16:15:00,2356.62,D0194,M010,Jaipur,0,,16,0,0,0,-0.8336937292200184,0.7062979924781273,780.0,1,2,0,
T006837,U0234,2026-07-26 07:37:00,2653.26,D0029,M009,Jaipur,0,,7,0,0,0,-0.5565919507736399,0.803065453922675,141720.0,0,1,0,
T006857,U0234,2026-07-26 14:23:00,2509.26,D0194,M024,Jaipur,0,,14,0,0,0,-0.6694230945292426,0.764336418369348,24360.0,0,2,0,
T006865,U0234,2026-07-26 15:25:00,4262.0,D0029,M006,Jaipur,0,,15,0,0,0,0.8758525411254018,1.3078638204263806,3720.0,0,1,0,
T006871,U0234,2026-07-27 12:16:00,4123.69,D0029,M009,Jaipur,0,,12,0,0,0,0.7314088606170159,1.2537248951592372,75060.0,0,1,0,
T006866,U0234,2026-07-28 16:47:00,3701.14,D0194,M009,Jaipur,0,,16,0,0,0,0.3419911928451098,1.116922050268242,102660.0,0,2,0,
T006874,U0234,2026-07-29 13:07:00,2470.53,D0029,M009,Jaipur,0,,13,0,0,0,-0.7637543853627193,0.7430688991533032,73200.0,0,1,0,
T006862,U0234,2026-07-29 13:19:00,3458.39,D0029,M056,Jaipur,0,,13,0,0,0,0.1415396407721996,1.0476677653586122,720.0,1,1,0,
T006847,U0234,2026-07-29 13:20:00,2277.2,D0029,M056,Jaipur,0,,13,0,0,0,-0.9372727684965015,0.6889562445399448,60.0,2,1,0,
T006897,U0235,2026-07-01 14:19:00,1270.12,D0225,M028,Pune,0,,14,0,1,1,0.0,1.0,1000000000.0,0,2,0,
T006893,U0235,2026-07-01 15:05:00,887.35,D0225,M052,Pune,0,,15,0,0,1,0.0,1.0,2760.0,1,2,0,
T006907,U0235,2026-07-01 23:22:00,962.68,D0225,M022,Pune,0,,23,0,0,1,0.0,1.0,29820.0,0,2,0,
T006910,U0235,2026-07-02 15:35:00,983.44,D0225,M029,Pune,0,,15,0,0,1,-0.34191945749403235,0.9455699236137013,58380.0,0,2,0,
T006895,U0235,2026-07-03 14:27:00,1004.66,D0225,M009,Pune,0,,14,0,0,1,-0.14599829599760117,0.979298613185724,82320.0,0,2,0,
T006881,U0235,2026-07-03 17:29:00,1894.59,D0225,M044,Pune,0,,17,0,0,1,6.695145855156317,1.8544413430681335,10920.0,0,2,15,amount z-score 6.7
T006891,U0235,2026-07-03 20:05:00,802.6,D0225,M051,Pune,0,,20,0,0,1,-1.052321600945622,0.6876638615010504,9360.0,0,2,0,
T006898,U0235,2026-07-05 15:57:00,1133.28,D0225,M028,Pune,0,,15,0,0,0,0.0527795508280435,1.0163373228012307,157920.0,0,2,0,
T006890,U0235,2026-07-06 08:55:00,1798.32,D0225,M044,Pune,0,,8,0,0,0,2.108823131499834,1.6094653358785456,61080.0,0,2,0,
T006877,U0235,2026-07-06 10:40:00,1044.97,D0225,M022,Pune,0,,10,0,0,0,-0.3977875724924176,0.875914590251761,6300.0,0,2,0,
T006888,U0235,2026-07-06 15:00:00,1624.43,D0225,M009,Pune,0,,15,0,0,0,1.2540528585687323,1.3787375826546253,15600.0,0,2,0,
T006914,U0235,2026-07-07 12:36:00,1126.39,D0225,M029,Pune,0,,12,0,0,0,-0.25468448217617473,0.9242043368585361,77760.0,0,2,0,
T006882,U0235,2026-07-07 16:38:00,1193.89,D0225,M022,Pune,0,,16,0,0,0,-0.04933590803198585,0.9858148748846729,14520.0,0,2,0,
T006879,U0235,2026-07-08 19:00:00,1117.9,D0225,M022,Pune,0,,19,0,0,0,-0.27451727644831275,0.9240769841382691,94920.0,0,2,0,
T006912,U0235,2026-07-10 11:19:00,420.12,D0225,M052,Pune,0,,11,0,0,0,-2.422295050874695,0.3491726138738412,145140.0,0,2,0,
T006913,U0235,2026-07-10 14:50:00,2003.64,D0225,M028,Pune,0,,14,0,0,0,2.3146986761648085,1.7408081427167672,12660.0,0,2,0,
T006896,U0235,2026-07-10 16:20:00,998.26,D0225,M029,Pune,0,,16,0,0,0,-0.49993314373574327,0.8289311289655436,5400.0,0,2,0,
T006880,U0235,2026-07-11 14:44:00,1504.91,D0225,M022,Pune,0,,14,0,0,0,0.7766311348161187,1.262343929656823,80640.0,0,2,0,
T006901,U0235,2026-07-12 16:37:00,1106.56,D0225,M051,Pune,0,,16,0,0,0,-0.2588086166436231,0.9148673375819537,93180.0,0,2,0,
T007539,U0235,2026-07-14 02:15:00,11227.96,D0800,M054,Chennai,1,account_takeover,2,1,1,1,25.839051067239367,9.32468808930593,121080.0,0,2,60,new device + amount >3x user avg; odd hour + new device; amount z-score 25.8
T006905,U0235,2026-07-14 12:14:00,1286.52,D0225,M009,Pune,0,,12,0,0,0,-0.18888566904321574,0.7544228926086043,35940.0,0,2,0,
T006889,U0235,2026-07-15 07:54:00,818.32,D0225,M044,Pune,0,,7,0,0,0,-0.4003827310902555,0.48554570292266097,70800.0,0,2,0,
T006885,U0235,2026-07-15 12:19:00,1510.14,D0225,M044,Pune,0,,12,0,0,0,-0.06395784834233234,0.9174881266396029,15900.0,0,2,0,
T006884,U0235,2026-07-16 09:52:00,1836.05,D0225,M029,Pune,0,,9,0,0,0,0.09437138049079084,1.1195115187475224,77580.0,0,2,0,
T006887,U0235,2026-07-16 12:01:00,961.99,D0225,M022,Pune,0,,12,0,0,0,-0.3374432110651971,0.5836565366518841,7740.0,0,2,0,
T006892,U0235,2026-07-16 15:35:00,1346.62,D0225,M022,Pune,0,,15,0,0,0,-0.13727499540310475,0.830855282762486,12840.0,0,2,0,
T006899,U0235,2026-07-16 18:19:00,1018.38,D0225,M044,Pune,0,,18,0,0,0,-0.30211806849716294,0.6324478907334035,9840.0,0,2,0,
T006878,U0235,2026-07-17 17:48:00,1229.82,D0225,M051,Pune,0,,17,0,0,0,-0.18616563461478594,0.7742997456421229,84540.0,0,2,0,
T006915,U0235,2026-07-18 20:34:00,799.95,D0225,M009,Pune,0,,20,0,0,0,-0.40989399506451824,0.5077446090311004,96360.0,0,2,0,
T006904,U0235,2026-07-19 11:20:00,555.13,D0225,M029,Pune,0,,11,0,0,0,-0.5329065955501562,0.35843657146380514,53160.0,0,2,0,
T006906,U0235,2026-07-19 18:08:00,1273.51,D0225,M044,Pune,0,,18,0,0,0,-0.13145613884523225,0.8402495849323356,24480.0,0,2,0,
T006908,U0235,2026-07-20 16:24:00,1406.69,D0225,M028,Pune,0,,16,0,0,0,-0.055800118502797064,0.9329280627069421,80160.0,0,2,0,
T006875,U0235,2026-07-21 12:48:00,1186.98,D0225,M044,Pune,0,,12,0,0,0,-0.17807785294174353,0.7888680988144602,73440.0,0,2,0,
T006883,U0235,2026-07-22 11:11:00,1564.34,D0225,M009,Pune,0,,11,0,0,0,0.0394323061162116,1.0463564554255067,80580.0,0,2,0,
T006916,U0235,2026-07-22 15:10:00,1043.83,D0225,M022,Pune,0,,15,0,0,0,-0.2617549539345715,0.6972468444087024,14340.0,0,2,0,
T006903,U0235,2026-07-23 08:47:00,1144.16,D0225,M044,Pune,0,,8,0,0,0,-0.1990058483715421,0.7709328864899881,63420.0,0,2,0,
T006911,U0235,2026-07-23 15:06:00,1928.86,D0225,M028,Pune,0,,15,0,0,0,0.2694876463250165,1.30798496760904,22740.0,0,2,0,
T006876,U0235,2026-07-25 14:03:00,1950.18,D0225,M009,Pune,0,,14,0,0,0,0.27837264497755904,1.3115253067663288,169020.0,0,2,0,
T006886,U0235,2026-07-25 16:18:00,1482.35,D0225,M022,Pune,0,,16,0,0,0,-0.010218430428356254,0.988796426217908,8100.0,0,2,0,
T006894,U0235,2026-07-26 14:15:00,1532.19,D0225,M009,Pune,0,,14,0,0,0,0.020632061148189197,1.0223357128666777,79020.0,0,2,0,
T006909,U0235,2026-07-27 19:58:00,1220.46,D0225,M028,Pune,0,,19,0,0,0,-0.1742073454330954,0.8138830792037335,106980.0,0,2,0,
T006902,U0235,2026-07-29 13:40:00,1565.72,D0225,M051,Pune,0,,13,0,0,0,0.04609938847378171,1.048886532437962,150120.0,0,2,0,
T006900,U0235,2026-07-30 20:53:00,1135.71,D0225,M009,Pune,0,,20,0,0,0,-0.2293829149620483,0.7599353553544851,112380.0,0,2,0,
T006938,U0236,2026-07-02 17:06:00,5178.4,D0524,M058,Delhi,0,,17,0,1,1,0.0,1.0,1000000000.0,0,1,0,
T006931,U0236,2026-07-04 10:36:00,3182.69,D0524,M058,Delhi,0,,10,0,0,0,0.0,1.0,149400.0,0,1,0,
T006930,U0236,2026-07-04 15:44:00,3925.87,D0675,M032,Delhi,0,,15,0,1,1,0.0,1.0,18480.0,0,1,0,
T006940,U0236,2026-07-05 16:19:00,4996.42,D0524,M032,Delhi,0,,16,0,0,0,1.093770166603121,1.2199323507474757,88500.0,0,1,0,
T006929,U0236,2026-07-05 16:25:00,4197.17,D0524,M058,Delhi,0,,16,0,0,0,-0.152141101146955,0.9713771262400348,360.0,1,1,0,
T006943,U0236,2026-07-06 08:45:00,5057.33,D0675,M058,Delhi,0,,8,0,0,0,1.044544375372527,1.1771882002143363,58800.0,0,1,0,
T006932,U0236,2026-07-07 13:14:00,3227.37,D0524,M007,Delhi,0,,13,0,0,1,-1.653166190607173,0.7296822502634689,102540.0,0,1,0,
T006946,U0236,2026-07-07 14:09:00,3896.56,D0675,M032,Delhi,0,,14,0,0,0,-0.4504134896764578,0.9163679120311581,3300.0,1,1,0,
T006922,U0236,2026-07-07 15:33:00,4038.92,D0675,M007,Delhi,0,,15,0,0,0,-0.22572178161281906,0.9598818361912489,5040.0,0,1,0,
T006918,U0236,2026-07-08 12:55:00,2595.67,D0675,M007,Delhi,0,,12,0,0,0,-2.253372182423962,0.6196439696107531,76920.0,0,1,0,
T006944,U0236,2026-07-10 09:45:00,2544.69,D0675,M058,Delhi,0,,9,0,0,0,-1.8028458657354771,0.6314931357065414,161400.0,0,1,0,
T006942,U0236,2026-07-10 09:47:00,2497.22,D0524,M007,Delhi,0,,9,0,0,0,-1.5633511204299788,0.6411933028068818,120.0,1,1,0,
T006921,U0236,2026-07-10 10:46:00,3068.94,D0675,M058,Delhi,0,,10,0,0,0,-0.755386462843943,0.8122772990491414,3540.0,1,1,0,
T006948,U0236,2026-07-13 09:11:00,2593.07,D0524,M058,Delhi,0,,9,0,0,0,-1.2266390212909482,0.6963814302805271,253500.0,0,1,0,
T006924,U0236,2026-07-16 10:13:00,3811.56,D0675,M032,Delhi,0,,10,0,0,0,0.18047225703781555,1.0463040229032239,262920.0,0,1,0,
T006933,U0236,2026-07-17 16:17:00,1674.29,D0675,M032,Delhi,0,,16,0,0,0,-2.1902139889333228,0.4581917276533322,108240.0,0,1,0,
T006939,U0236,2026-07-19 17:46:00,2702.47,D0675,M058,Delhi,0,,17,0,0,0,-0.8296925191022994,0.765488614075838,178140.0,0,1,0,
T006923,U0236,2026-07-19 18:08:00,2880.25,D0675,M007,Delhi,0,,18,0,0,0,-0.609066008120145,0.8272575613485396,1320.0,1,1,0,
T006928,U0236,2026-07-21 07:06:00,2897.34,D0524,M007,Delhi,0,,7,0,0,0,-0.568271288831209,0.840229622035707,133080.0,0,1,0,
T006947,U0236,2026-07-21 07:38:00,4375.4,D0675,M007,Delhi,0,,7,0,0,0,1.0047392446055428,1.27962789245562,1920.0,1,1,0,
T006934,U0236,2026-07-21 15:10:00,3491.87,D0675,M032,Delhi,0,,15,0,0,0,0.02607560454293863,1.0071496730010099,27120.0,0,1,0,
T006926,U0236,2026-07-22 08:12:00,3882.13,D0675,M007,Delhi,0,,8,0,0,0,0.4461015226188092,1.1193301156266564,61320.0,0,1,0,
T006920,U0236,2026-07-22 13:16:00,3992.52,D0675,M007,Delhi,0,,13,0,0,0,0.5551274549087849,1.1449484280427749,18240.0,0,1,0,
T006941,U0236,2026-07-23 13:49:00,6062.64,D0675,M058,Delhi,0,,13,0,0,0,2.848601047282022,1.7277154780559654,88380.0,0,1,0,
T006936,U0236,2026-07-24 15:05:00,4123.01,D0524,M007,Delhi,0,,15,0,0,0,0.49999396035302074,1.1403865283770118,90960.0,0,1,0,
T006925,U0236,2026-07-25 23:09:00,3864.42,D0675,M007,Delhi,0,,23,0,0,0,0.2287631957784933,1.0628942785253523,115440.0,0,1,0,
T006917,U0236,2026-07-26 08:28:00,2938.76,D0524,M058,Delhi,0,,8,0,0,0,-0.719340323136986,0.8063443992408792,33540.0,0,1,0,
T006945,U0236,2026-07-27 08:29:00,1846.56,D0524,M032,Delhi,0,,8,0,0,0,-1.8228877537551917,0.5103240651473696,86460.0,0,1,0,
T006927,U0236,2026-07-27 17:58:00,3165.31,D0675,M007,Delhi,0,,17,0,0,0,-0.38613481439577146,0.8903508954480642,34140.0,0,1,0,
T006951,U0236,2026-07-27 19:30:00,2306.8,D0675,M007,Delhi,0,,19,0,0,0,-1.2416853626289854,0.6513284880622409,5520.0,0,1,0,
T006937,U0236,2026-07-28 07:08:00,1213.91,D0675,M007,Delhi,0,,7,0,0,0,-2.280640237084232,0.34677974177750287,41880.0,0,1,0,
T007574,U0236,2026-07-28 19:00:00,4959.77,D0201,M003,Delhi,1,device_ring,19,0,1,1,1.4382958222188538,1.4473642737024588,42720.0,0,5,20,device shared by 5 users
T006949,U0236,2026-07-29 04:26:00,3722.37,D0524,M058,Delhi,0,,4,1,0,0,0.22883721189265194,1.0712884047931468,33960.0,0,1,0,
T006919,U0236,2026-07-30 15:15:00,3108.13,D0524,M007,Delhi,0,,15,0,0,0,-0.3506335753703794,0.892583522570328,125340.0,0,1,0,
T006935,U0236,2026-07-30 15:20:00,2687.74,D0524,M032,Delhi,0,,15,0,0,0,-0.7441011907234938,0.7743034367501943,300.0,1,1,0,
T006950,U0236,2026-07-30 16:32:00,3973.46,D0675,M007,Delhi,0,,16,0,0,0,0.5016552673962655,1.152132380427138,4320.0,0,1,0,
T006961,U0237,2026-07-01 14:46:00,4890.48,D0290,M018,Chennai,0,,14,0,1,1,0.0,1.0,1000000000.0,0,2,0,
T006959,U0237,2026-07-03 16:15:00,3114.57,D0184,M038,Chennai,0,,16,0,1,1,0.0,1.0,178140.0,0,1,0,
T006956,U0237,2026-07-05 13:47:00,4104.82,D0290,M048,Chennai,0,,13,0,0,1,0.0,1.0,163920.0,0,2,0,
T006969,U0237,2026-07-05 13:49:00,3489.96,D0290,M048,Chennai,0,,13,0,0,0,-0.7523433685107703,0.8645741033889116,120.0,1,2,0,
T006953,U0237,2026-07-07 23:12:00,2710.19,D0184,M048,Chennai,0,,23,0,0,0,-1.7696553230448895,0.6949280855765921,206580.0,0,1,0,
T006965,U0237,2026-07-08 17:52:00,3059.23,D0290,M018,Chennai,0,,17,0,0,0,-0.7860152391137567,0.8353977765083279,67200.0,0,2,0,
T006957,U0237,2026-07-10 11:24:00,4086.75,D0184,M057,Chennai,0,,11,0,0,1,0.7143595212605207,1.1474665696323083,149520.0,0,1,0,
T006968,U0237,2026-07-13 13:39:00,5197.98,D0290,M057,Chennai,0,,13,0,0,0,2.2145999463236774,1.4293628217313978,267300.0,0,2,0,
T006964,U0237,2026-07-13 15:09:00,4598.72,D0184,M018,Chennai,0,,15,0,0,0,0.9156503937177966,1.2001625886882783,5400.0,0,1,0,
T006952,U0237,2026-07-14 10:23:00,2105.94,D0290,M018,Chennai,0,,10,0,0,0,-2.193358752076915,0.5376456270061922,69240.0,0,2,0,
T006963,U0237,2026-07-15 12:15:00,5746.98,D0184,M018,Chennai,0,,12,0,0,0,2.1096533657923944,1.5383268765837494,93120.0,0,1,0,
T006955,U0237,2026-07-17 16:38:00,2487.87,D0290,M014,Chennai,0,,16,0,0,1,-1.3282483878404785,0.6348724364251438,188580.0,0,2,0,
T006967,U0237,2026-07-19 11:49:00,5419.8,D0184,M048,Chennai,0,,11,0,0,0,1.466928736637243,1.4264668044249826,155460.0,0,1,0,
T006966,U0237,2026-07-20 11:51:00,3036.05,D0290,M057,Chennai,0,,11,0,0,0,-0.7751017275208633,0.7736934824227566,86520.0,0,2,0,
T006962,U0237,2026-07-21 16:54:00,3002.17,D0290,M014,Chennai,0,,16,0,0,0,-0.7614279375557134,0.7776298468975418,104580.0,0,2,0,
T006958,U0237,2026-07-26 20:36:00,3881.27,D0290,M014,Chennai,0,,20,0,0,0,0.0701160025289929,1.0204646640324337,445320.0,0,2,0,
T006960,U0237,2026-07-27 11:23:00,2044.62,D0290,M057,Chennai,0,,11,0,0,0,-1.640604018555556,0.5368854004594872,53220.0,0,2,0,
T006954,U0237,2026-07-29 13:02:00,2372.08,D0290,M018,Chennai,0,,13,0,0,0,-1.1871109694475135,0.6403147794147528,178740.0,0,2,0,
T006980,U0238,2026-07-01 10:25:00,2090.98,D0718,M019,Lucknow,0,,10,0,1,1,0.0,1.0,1000000000.0,0,3,20,device shared by 3 users
T007001,U0238,2026-07-01 18:04:00,2094.24,D0864,M033,Lucknow,0,,18,0,1,1,0.0,1.0,27540.0,0,2,0,
T006999,U0238,2026-07-02 10:06:00,2292.03,D0718,M033,Lucknow,0,,10,0,0,0,0.0,1.0,57720.0,0,3,20,device shared by 3 users
T006971,U0238,2026-07-02 11:22:00,3210.53,D0718,M019,Lucknow,0,,11,0,0,0,11.1835908678682,1.4869875326008781,4560.0,0,3,35,device shared by 3 users; amount z-score 11.2
T006979,U0238,2026-07-02 12:08:00,1856.66,D0864,M038,Lucknow,0,,12,0,0,1,-1.2222038334397463,0.7665987457326245,2760.0,1,2,0,
T007414,U0238,2026-07-02 16:00:00,95.35,D0718,M026,Lucknow,1,velocity_burst,16,0,0,1,-4.695202318294026,0.04129693599633376,13920.0,0,3,20,device shared by 3 users
T007415,U0238,2026-07-02 16:01:00,73.51,D0718,M025,Lucknow,1,velocity_burst,16,0,0,1,-2.0059678145561457,0.0378924361842134,60.0,1,3,20,device shared by 3 users
T007417,U0238,2026-07-02 16:03:00,83.33,D0718,M007,Lucknow,1,velocity_burst,16,0,0,1,-1.4708142127911004,0.049798946466956984,120.0,2,3,20,device shared by 3 users
T007416,U0238,2026-07-02 16:04:00,88.94,D0718,M055,Lucknow,1,velocity_burst,16,0,0,1,-1.2157235141256861,0.06031553075051737,60.0,3,3,20,device shared by 3 users
T007418,U0238,2026-07-02 16:08:00,24.01,D0718,M058,Lucknow,1,velocity_burst,16,0,0,1,-1.118284868933348,0.01818086972996433,240.0,4,3,20,device shared by 3 users
T007422,U0238,2026-07-02 16:08:00,119.63,D0718,M024,Lucknow,1,velocity_burst,16,0,0,1,-0.9182428698428183,0.10044854637993232,0.0,5,3,60,5 txns in last 1h (velocity); device shared by 3 users; rapid repeat transactions
T007419,U0238,2026-07-02 16:10:00,148.27,D0718,M059,Lucknow,1,velocity_burst,16,0,0,1,-0.8189567466786307,0.13558413216733056,120.0,6,3,50,6 txns in last 1h (velocity); device shared by 3 users
T007420,U0238,2026-07-02 16:12:00,56.54,D0718,M034,Lucknow,1,velocity_burst,16,0,0,1,-0.843834755675303,0.05571596088282703,120.0,7,3,50,7 txns in last 1h (velocity); device shared by 3 users
T007421,U0238,2026-07-02 16:14:00,12.17,D0718,M001,Lucknow,1,velocity_burst,16,0,0,1,-0.8289969311526508,0.01293197165215394,120.0,8,3,50,8 txns in last 1h (velocity); device shared by 3 users
T006996,U0238,2026-07-03 14:36:00,2051.5,D0718,M033,Lucknow,0,,14,0,0,0,1.0640418437542944,2.3453008623225498,80520.0,0,3,20,device shared by 3 users
T006978,U0238,2026-07-04 11:43:00,2636.36,D0718,M019,Lucknow,0,,11,0,0,0,1.5190697163129827,2.765859377179958,76020.0,0,3,20,device shared by 3 users
T006990,U0238,2026-07-05 17:01:00,2788.99,D0864,M033,Lucknow,0,,17,0,0,0,1.5080148538305511,2.6351546120294618,105480.0,0,2,0,
T006973,U0238,2026-07-06 15:55:00,1739.01,D0718,M033,Lucknow,0,,15,0,0,0,0.48826953910745935,1.4989154802970754,82440.0,0,3,20,device shared by 3 users
T006986,U0238,2026-07-07 17:28:00,1850.5,D0718,M019,Lucknow,0,,17,0,0,0,0.5675398466014214,1.5519952647610125,91980.0,0,3,20,device shared by 3 users
T006998,U0238,2026-07-09 06:26:00,3459.87,D0718,M019,Lucknow,0,,6,0,0,0,1.9616454822991185,2.819834378754068,133080.0,0,3,20,device shared by 3 users
T006970,U0238,2026-07-09 17:29:00,1763.78,D0864,M038,Lucknow,0,,17,0,0,0,0.35093815221337166,1.3176096883900599,39780.0,0,2,0,
T006993,U0238,2026-07-10 13:11:00,1891.41,D0864,M038,Lucknow,0,,13,0,0,0,0.44911652797599294,1.3919025648393986,70920.0,0,2,0,
T007004,U0238,2026-07-12 13:43:00,2508.19,D0864,M038,Lucknow,0,,13,0,0,0,0.9667664381933813,1.813490443715534,174720.0,0,2,0,
T006974,U0238,2026-07-15 08:32:00,1743.49,D0864,M019,Lucknow,0,,8,0,0,0,0.26827688249897963,1.2175283421686083,240540.0,0,2,0,
T006983,U0238,2026-07-16 08:53:00,2711.27,D0718,M033,Lucknow,0,,8,0,0,0,1.1123845980235996,1.8763498316997722,87660.0,0,3,20,device shared by 3 users
T006994,U0238,2026-07-16 12:13:00,1740.96,D0718,M038,Lucknow,0,,12,0,0,0,0.2147121443898087,1.1640371251700716,12000.0,0,3,20,device shared by 3 users
T006989,U0238,2026-07-17 09:40:00,2186.74,D0864,M019,Lucknow,0,,9,0,0,0,0.6078634214665664,1.4529269489716703,77220.0,0,2,0,
T006982,U0238,2026-07-17 13:52:00,2762.52,D0718,M019,Lucknow,0,,13,0,0,0,1.112126828027536,1.8052076721347752,15120.0,0,3,20,device shared by 3 users
T006977,U0238,2026-07-19 16:55:00,2195.86,D0864,M033,Lucknow,0,,16,0,0,0,0.5590527201780567,1.3948047189942074,183780.0,0,2,0,
T006992,U0238,2026-07-20 09:22:00,1210.46,D0718,M033,Lucknow,0,,9,0,0,0,-0.3507962221335912,0.7585542074360181,59220.0,0,3,20,device shared by 3 users
T006991,U0238,2026-07-21 09:06:00,436.55,D0718,M019,Lucknow,0,,9,0,0,0,-1.0594065918901812,0.2757906882443081,85440.0,0,3,20,device shared by 3 users
T006981,U0238,2026-07-21 14:09:00,2298.83,D0718,M033,Lucknow,0,,14,0,0,0,0.6948359538395599,1.4870263419815097,18180.0,0,3,20,device shared by 3 users
T007002,U0238,2026-07-21 14:27:00,3484.18,D0864,M033,Lucknow,0,,14,0,0,0,1.7819316159287717,2.2199970994853313,1080.0,1,2,0,
T007003,U0238,2026-07-22 13:33:00,1318.66,D0864,M033,Lucknow,0,,13,0,0,0,-0.27874995421480986,0.8102492311616803,83160.0,0,2,0,
T006995,U0238,2026-07-23 13:12:00,2237.73,D0864,M033,Lucknow,0,,13,0,0,0,0.566802489214817,1.3826874601181531,85140.0,0,2,0,
T006997,U0238,2026-07-23 15:13:00,481.34,D0718,M038,Lucknow,0,,15,0,0,0,-1.0673361373712382,0.2942019328293363,7260.0,0,3,20,device shared by 3 users
T007005,U0238,2026-07-24 09:50:00,1197.84,D0718,M019,Lucknow,0,,9,0,0,0,-0.37486528190116525,0.7467779982283298,67020.0,0,3,20,device shared by 3 users
T006985,U0238,2026-07-24 11:13:00,492.22,D0718,M038,Lucknow,0,,11,0,0,0,-1.0280319027604732,0.30898288016194214,4980.0,0,3,20,device shared by 3 users
T006975,U0238,2026-07-24 14:15:00,1356.67,D0864,M038,Lucknow,0,,14,0,0,0,-0.19360842694445932,0.8674003034778446,10920.0,0,2,0,
T006987,U0238,2026-07-24 16:58:00,1223.58,D0718,M033,Lucknow,0,,16,0,0,0,-0.3168252561055158,0.7849768184791776,9780.0,0,3,20,device shared by 3 users
T007000,U0238,2026-07-26 11:45:00,1866.2,D0718,M038,Lucknow,0,,11,0,0,0,0.3019737871804485,1.2037146023741372,154020.0,0,3,20,device shared by 3 users
T006976,U0238,2026-07-26 20:17:00,2353.49,D0718,M019,Lucknow,0,,20,0,0,0,0.7691092706195856,1.5105155052303405,30720.0,0,3,20,device shared by 3 users
T006972,U0238,2026-07-27 09:11:00,533.1,D0864,M033,Lucknow,0,,9,0,0,0,-1.014496249655349,0.3380449338448216,46440.0,0,2,0,
T006984,U0238,2026-07-27 09:43:00,1245.2,D0718,M038,Lucknow,0,,9,0,0,0,-0.29884903491855097,0.8019411837335284,1920.0,1,3,20,device shared by 3 users
T006988,U0238,2026-07-29 23:51:00,1515.03,D0718,M033,Lucknow,0,,23,0,0,0,-0.030160217993651057,0.9801306191076143,223680.0,0,3,20,device shared by 3 users
T007019,U0239,2026-07-01 12:46:00,1157.36,D0371,M025,Hyderabad,0,,12,0,1,1,0.0,1.0,1000000000.0,0,2,0,
T007025,U0239,2026-07-02 23:24:00,1512.59,D0368,M032,Hyderabad,0,,23,0,1,1,0.0,1.0,124680.0,0,2,0,
T007009,U0239,2026-07-07 17:32:00,978.84,D0371,M019,Hyderabad,0,,17,0,0,1,0.0,1.0,410880.0,0,2,0,
T007020,U0239,2026-07-09 14:56:00,1333.53,D0371,M020,Hyderabad,0,,14,0,0,1,0.5285913428184306,1.0964155231489763,163440.0,0,2,0,
T007014,U0239,2026-07-10 07:32:00,1134.4,D0371,M045,Hyderabad,0,,7,0,0,1,-0.5594736163191587,0.9107403772453473,59760.0,0,2,0,
T007018,U0239,2026-07-11 09:21:00,1080.56,D0371,M025,Hyderabad,0,,9,0,0,0,-0.7792954622553905,0.8832838507539303,92940.0,0,2,0,
T007015,U0239,2026-07-12 10:32:00,1458.05,D0368,M020,Hyderabad,0,,10,0,0,0,1.4727971631384458,1.2155008548655875,90660.0,0,2,0,
T007006,U0239,2026-07-12 14:33:00,1219.12,D0368,M020,Hyderabad,0,,14,0,0,0,-0.09332061615200597,0.9859635615393353,14460.0,0,2,0,
T007012,U0239,2026-07-14 15:08:00,1086.99,D0371,M025,Hyderabad,0,,15,0,0,0,-0.8463411900600738,0.8806485417369889,174900.0,0,2,0,
T007013,U0239,2026-07-14 21:38:00,507.51,D0368,M045,Hyderabad,0,,21,0,0,0,-4.16640958697256,0.416696163665516,23400.0,0,2,0,
T007016,U0239,2026-07-15 17:27:00,1068.65,D0371,M008,Hyderabad,0,,17,0,0,1,-0.2924337576886378,0.9317766657525086,71340.0,0,2,0,
T007024,U0239,2026-07-15 17:39:00,826.75,D0368,M032,Hyderabad,0,,17,0,0,0,-1.222289533164795,0.7253581221303168,720.0,1,2,0,
T007017,U0239,2026-07-16 11:13:00,628.34,D0371,M032,Hyderabad,0,,11,0,0,0,-1.866639907836318,0.5641935442598912,63240.0,0,2,0,
T007021,U0239,2026-07-18 11:25:00,980.15,D0371,M045,Hyderabad,0,,11,0,0,0,-0.34201162446252475,0.9106147558590956,173520.0,0,2,0,
T007008,U0239,2026-07-19 09:20:00,787.03,D0368,M020,Hyderabad,0,,9,0,0,0,-1.0376658452939425,0.735893791004077,78900.0,0,2,0,
T007010,U0239,2026-07-20 12:15:00,906.66,D0371,M032,Hyderabad,0,,12,0,0,0,-0.5289167619909079,0.8629449346381551,96900.0,0,2,0,
T007026,U0239,2026-07-21 23:28:00,1644.44,D0371,M025,Hyderabad,0,,23,0,0,0,2.2669477146098895,1.5786753436222893,126780.0,0,2,0,
T007022,U0239,2026-07-24 18:55:00,1342.51,D0371,M019,Hyderabad,0,,18,0,0,0,0.9015338366057364,1.2463932811211702,242820.0,0,2,0,
T007555,U0239,2026-07-25 04:12:00,9404.6,D0899,M011,Ahmedabad,1,account_takeover,4,1,1,1,28.42213415859957,8.61337533327224,33420.0,0,1,60,new device + amount >3x user avg; odd hour + new device; amount z-score 28.4
T007007,U0239,2026-07-26 10:40:00,1660.38,D0368,M032,Hyderabad,0,,10,0,0,0,0.06976228126528165,1.08566085506587,109680.0,0,2,0,
T007011,U0239,2026-07-28 17:15:00,1209.27,D0371,M020,Hyderabad,0,,17,0,0,0,-0.17844195201793123,0.7873246244848703,196500.0,0,2,0,
T007023,U0239,2026-07-28 18:06:00,886.2,D0368,M020,Hyderabad,0,,18,0,0,0,-0.35471564996029187,0.5828851593194823,3060.0,1,2,0,
T007027,U0239,2026-07-30 14:10:00,388.81,D0371,M025,Hyderabad,0,,14,0,0,0,-0.62951975072717,0.26067648691470724,158640.0,0,2,0,
T007044,U0240,2026-07-01 11:34:00,302.49,D0683,M007,Chennai,0,,11,0,1,1,0.0,1.0,1000000000.0,0,2,0,
T007043,U0240,2026-07-01 11:44:00,484.62,D0683,M019,Chennai,0,,11,0,0,1,0.0,1.0,600.0,1,2,0,
T007035,U0240,2026-07-02 11:25:00,269.93,D0683,M002,Chennai,0,,11,0,0,1,0.0,1.0,85260.0,0,2,0,
T007047,U0240,2026-07-02 15:45:00,362.92,D0683,M007,Chennai,0,,15,0,0,0,0.11192122086916566,1.0300083222110565,15600.0,0,2,0,
T007040,U0240,2026-07-03 13:06:00,530.45,D0683,M011,Chennai,0,,13,0,0,1,2.1412582735747283,1.4942674399440339,76860.0,0,2,0,
T007034,U0240,2026-07-03 13:57:00,307.02,D0683,M019,Chennai,0,,13,0,0,0,-0.8185355690962949,0.7870652816918872,3060.0,1,2,0,
T007036,U0240,2026-07-03 14:27:00,527.53,D0683,M056,Chennai,0,,14,0,0,1,1.5490074072047824,1.4021165624569976,1800.0,1,2,0,
T007028,U0240,2026-07-03 15:56:00,319.79,D0683,M002,Chennai,0,,15,0,0,0,-0.7449837109930252,0.8037925120552728,5340.0,0,2,0,
T007585,U0240,2026-07-04 16:21:00,3003.09,D0402,M027,Chennai,1,device_ring,16,0,1,1,25.799559665456826,7.738052963393374,87900.0,0,6,60,new device + amount >3x user avg; device shared by 6 users; amount z-score 25.8
T007030,U0240,2026-07-06 17:00:00,636.66,D0683,M002,Chennai,0,,17,0,0,0,-0.05075097510155861,0.9381286987800664,175140.0,0,2,0,
T007031,U0240,2026-07-10 16:55:00,703.1,D0683,M002,Chennai,0,,16,0,0,0,0.03649702436339388,1.0424790554637422,345300.0,0,2,0,
T007046,U0240,2026-07-11 16:14:00,583.29,D0683,M056,Chennai,0,,16,0,0,0,-0.12526840066924405,0.8615110895487643,83940.0,0,2,0,
T007033,U0240,2026-07-13 12:38:00,788.41,D0683,M010,Chennai,0,,12,0,0,1,0.16617943922082012,1.17806619015616,159840.0,0,2,0,
T007042,U0240,2026-07-17 16:42:00,769.26,D0683,M002,Chennai,0,,16,0,0,0,0.13172542581686517,1.133919923946236,360240.0,0,2,0,
T007037,U0240,2026-07-18 08:57:00,533.21,D0683,M056,Chennai,0,,8,0,0,0,-0.22808976377703022,0.7785256586078243,58500.0,0,2,0,
T007038,U0240,2026-07-19 07:21:00,358.6,D0683,M010,Chennai,0,,7,0,0,0,-0.4912783275366658,0.5314287908170773,80640.0,0,2,0,
T007041,U0240,2026-07-20 15:05:00,665.68,D0683,M007,Chennai,0,,15,0,0,0,0.016973832187685115,1.0162694622174302,114240.0,0,2,0,
T007045,U0240,2026-07-21 15:03:00,388.05,D0683,M030,Chennai,0,,15,0,0,1,-0.4393361407761713,0.5918554097584757,86280.0,0,2,0,
T007032,U0240,2026-07-24 13:34:00,441.38,D0683,M002,Chennai,0,,13,0,0,0,-0.33507260830942276,0.6888131703038264,253860.0,0,2,0,
T007029,U0240,2026-07-26 09:42:00,430.12,D0683,M007,Chennai,0,,9,0,0,0,-0.3445587210193547,0.6824177391665357,158880.0,0,2,0,
T007048,U0240,2026-07-26 12:08:00,241.04,D0683,M002,Chennai,0,,12,0,0,0,-0.6677821951380646,0.3885986967359923,8760.0,0,2,0,
T007039,U0240,2026-07-26 12:26:00,635.34,D0683,M019,Chennai,0,,12,0,0,0,0.059133061037898886,1.0549948427285911,1080.0,1,2,0,
T007080,U0241,2026-07-01 11:42:00,387.78,D0020,M041,Lucknow,0,,11,0,1,1,0.0,1.0,1000000000.0,0,2,0,
T007054,U0241,2026-07-01 12:01:00,361.61,D0020,M006,Lucknow,0,,12,0,0,1,0.0,1.0,1140.0,1,2,0,
T007070,U0241,2026-07-01 12:59:00,313.82,D0724,M030,Lucknow,0,,12,0,1,1,0.0,1.0,3480.0,1,1,0,
T007062,U0241,2026-07-01 14:09:00,426.72,D0020,M035,Lucknow,0,,14,0,0,1,2.3616655953414716,1.204051877228247,4200.0,0,2,0,
T007051,U0241,2026-07-02 15:04:00,351.08,D0724,M006,Lucknow,0,,15,0,0,0,-0.5215771960839329,0.9425409222110006,89700.0,0,1,0,
T007075,U0241,2026-07-03 14:21:00,540.38,D0020,M027,Lucknow,0,,14,0,0,1,4.568591138940157,1.4676183142198622,83820.0,0,2,15,amount z-score 4.6
T007061,U0241,2026-07-05 09:18:00,251.92,D0020,M006,Lucknow,0,,9,0,0,0,-1.9912408103426813,0.6347217365453242,154620.0,0,2,0,
T007053,U0241,2026-07-06 11:42:00,433.21,D0724,M027,Lucknow,0,,11,0,0,0,0.6759070240744848,1.151581086897833,95040.0,0,1,0,
T007056,U0241,2026-07-06 11:47:00,256.49,D0724,M009,Lucknow,0,,11,0,0,1,-1.5630738650158762,0.6691363482536913,300.0,1,1,0,
T007063,U0241,2026-07-06 17:01:00,237.67,D0724,M027,Lucknow,0,,17,0,0,0,-1.5251068093281324,0.6437025450440044,18840.0,0,1,0,
T007081,U0241,2026-07-07 15:17:00,397.68,D0724,M030,Lucknow,0,,15,0,0,0,0.45802113973916136,1.1168653147239702,80160.0,0,1,0,
T007066,U0241,2026-07-07 22:49:00,391.8,D0020,M009,Lucknow,0,,22,0,0,0,0.36535875057658046,1.0887842409541764,27120.0,0,2,0,
T007065,U0241,2026-07-08 10:30:00,169.08,D0724,M014,Lucknow,0,,10,0,0,1,-2.297652851707665,0.4664104295941012,42060.0,0,1,0,
T007049,U0241,2026-07-08 10:33:00,304.87,D0724,M027,Lucknow,0,,10,0,0,0,-0.44586552030168425,0.8769859508676642,180.0,1,1,0,
T007069,U0241,2026-07-08 15:08:00,358.34,D0724,M035,Lucknow,0,,15,0,0,0,0.14784229872838914,1.0399348243387718,16500.0,0,1,0,
T007052,U0241,2026-07-09 16:39:00,285.54,D0020,M014,Lucknow,0,,16,0,0,0,-0.6662859159463401,0.8264623850887253,91860.0,0,2,0,
T007082,U0241,2026-07-10 12:24:00,289.59,D0724,M014,Lucknow,0,,12,0,0,0,-0.5905096292148645,0.8473753584849266,71100.0,0,1,0,
T007078,U0241,2026-07-11 10:24:00,390.76,D0724,M006,Lucknow,0,,10,0,0,0,0.6016046867480315,1.153769462236898,79200.0,0,1,0,
T007058,U0241,2026-07-11 13:29:00,281.35,D0020,M041,Lucknow,0,,13,0,0,0,-0.7087804829851382,0.8236857404069484,11100.0,0,2,0,
T007071,U0241,2026-07-11 16:06:00,444.02,D0724,M006,Lucknow,0,,16,0,0,0,1.2604896623701525,1.312097468940205,9420.0,0,1,0,
T007085,U0241,2026-07-12 10:48:00,432.96,D0020,M035,Lucknow,0,,10,0,0,0,1.0521523481434618,1.2597563724400465,67320.0,0,2,0,
T007087,U0241,2026-07-16 15:35:00,335.72,D0020,M041,Lucknow,0,,15,0,0,0,-0.14379476528717716,0.9648882431719711,362820.0,0,2,0,
T007060,U0241,2026-07-17 11:53:00,303.76,D0020,M035,Lucknow,0,,11,0,0,0,-0.5252756761145407,0.8744280232705453,73080.0,0,2,0,
T007068,U0241,2026-07-17 20:48:00,193.43,D0020,M027,Lucknow,0,,20,0,0,0,-1.8610209227824006,0.5598799402380726,32100.0,0,2,0,
T007059,U0241,2026-07-18 16:25:00,117.83,D0020,M006,Lucknow,0,,16,0,0,0,-2.586666141731334,0.34742824465902694,70620.0,0,2,0,
T007074,U0241,2026-07-18 20:35:00,262.27,D0724,M035,Lucknow,0,,20,0,0,0,-0.7207196126804466,0.7940443771290139,15000.0,0,1,0,
T007057,U0241,2026-07-19 14:13:00,364.59,D0020,M035,Lucknow,0,,14,0,0,0,0.3948699573258783,1.112640377463866,63480.0,0,2,0,
T007067,U0241,2026-07-20 18:39:00,55.08,D0724,M009,Lucknow,0,,18,0,0,0,-2.9781952866416064,0.1673924808093859,102360.0,0,1,0,
T007073,U0241,2026-07-21 18:18:00,466.46,D0020,M006,Lucknow,0,,18,0,0,0,1.4200281412090279,1.4610547700996679,85140.0,0,2,0,
T007055,U0241,2026-07-22 08:10:00,342.18,D0020,M030,Lucknow,0,,8,0,0,0,0.1693776352697832,1.0550096131438678,49920.0,0,2,0,
T007064,U0241,2026-07-22 13:46:00,276.99,D0020,M006,Lucknow,0,,13,0,0,0,-0.46269895912748377,0.8524526568478651,20160.0,0,2,0,
T007083,U0241,2026-07-24 14:08:00,282.37,D0020,M014,Lucknow,0,,14,0,0,0,-0.4010117772830485,0.8731658290522135,174120.0,0,2,0,
T007076,U0241,2026-07-24 15:24:00,412.96,D0020,M006,Lucknow,0,,15,0,0,0,0.9002331617627981,1.282067646773791,4560.0,0,2,0,
T007084,U0241,2026-07-25 12:11:00,680.74,D0020,M041,Lucknow,0,,12,0,0,0,3.537728663223538,2.09550096320428,74820.0,0,2,15,amount z-score 3.5
T007086,U0241,2026-07-25 13:49:00,563.52,D0020,M030,Lucknow,0,,13,0,0,0,1.968554584011313,1.6805188945634268,5880.0,0,2,0,
T007079,U0241,2026-07-27 16:23:00,517.61,D0724,M027,Lucknow,0,,16,0,0,0,1.459709101885741,1.5141664052284518,182040.0,0,1,0,
T007077,U0241,2026-07-27 23:26:00,302.95,D0020,M014,Lucknow,0,,23,0,0,0,-0.35827175113836796,0.8737416035135931,25380.0,0,2,0,
T007072,U0241,2026-07-29 12:23:00,282.66,D0020,M041,Lucknow,0,,12,0,0,0,-0.5208378004057999,0.818014362758413,133020.0,0,2,0,
T007050,U0241,2026-07-30 22:20:00,463.3,D0724,M009,Lucknow,0,,22,0,0,0,0.998738563920394,1.3472362158257076,122220.0,0,1,0,
T007114,U0242,2026-07-01 12:56:00,3441.33,D0534,M009,Ahmedabad,0,,12,0,1,1,0.0,1.0,1000000000.0,0,1,0,
T007115,U0242,2026-07-02 10:48:00,4341.36,D0534,M054,Ahmedabad,0,,10,0,0,1,0.0,1.0,78720.0,0,1,0,
T007090,U0242,2026-07-03 12:50:00,3239.96,D0534,M054,Ahmedabad,0,,12,0,0,0,0.0,1.0,93720.0,0,1,0,
T007110,U0242,2026-07-03 18:11:00,2800.34,D0161,M054,Ahmedabad,0,,18,0,1,0,-1.824944264939714,0.7621597345206027,19260.0,0,1,0,
T007092,U0242,2026-07-05 08:06:00,3817.01,D0161,M040,Ahmedabad,0,,8,0,0,1,0.6435128637881413,1.104539610864353,136500.0,0,1,0,
T007091,U0242,2026-07-05 15:45:00,2858.32,D0161,M032,Ahmedabad,0,,15,0,0,1,-1.2816758394654528,0.8101814056660485,27540.0,0,1,0,
T007109,U0242,2026-07-06 08:52:00,2302.34,D0534,M032,Ahmedabad,0,,8,0,0,0,-2.0694612278184876,0.6739108373738206,61620.0,0,1,0,
T007100,U0242,2026-07-06 17:55:00,2028.09,D0534,M032,Ahmedabad,0,,17,0,0,0,-1.9425591987188267,0.6226411865113339,32580.0,0,1,0,
T007111,U0242,2026-07-09 09:03:00,3835.76,D0534,M040,Ahmedabad,0,,9,0,0,0,1.0196886769666922,1.2359091774701798,227280.0,0,1,0,
T007093,U0242,2026-07-10 05:20:00,1714.81,D0161,M040,Ahmedabad,0,,5,1,0,0,-2.0561321055756534,0.5384110872697387,73020.0,0,1,0,
T007106,U0242,2026-07-10 14:08:00,3149.08,D0161,M009,Ahmedabad,0,,14,0,0,0,0.13737477625541764,1.0365867303690184,31680.0,0,1,0,
T007099,U0242,2026-07-11 21:29:00,829.11,D0534,M054,Ahmedabad,0,,21,0,0,0,-2.873904651307003,0.27201447122462874,112860.0,0,1,0,
T007095,U0242,2026-07-13 14:11:00,4211.15,D0161,M032,Ahmedabad,0,,14,0,0,0,1.4034583516627264,1.4708225358109515,146520.0,0,1,0,
T007096,U0242,2026-07-14 22:34:00,2877.97,D0161,M032,Ahmedabad,0,,22,0,0,0,-0.08972336056599636,0.9700521093392749,116580.0,0,1,0,
T007105,U0242,2026-07-16 08:27:00,4688.99,D0534,M040,Ahmedabad,0,,8,0,0,0,1.8108777164950622,1.5838648396220847,121980.0,0,1,0,
T007112,U0242,2026-07-16 11:43:00,2286.95,D0534,M009,Ahmedabad,0,,11,0,0,0,-0.7748312197091074,0.7435523785926517,11760.0,0,1,0,
T007094,U0242,2026-07-18 12:53:00,1711.67,D0534,M009,Ahmedabad,0,,12,0,0,0,-1.3095406131549936,0.5655775806808842,177000.0,0,1,0,
T007113,U0242,2026-07-19 08:06:00,2372.72,D0161,M032,Ahmedabad,0,,8,0,0,0,-0.5639785891393498,0.8045647044080533,69180.0,0,1,0,
T007104,U0242,2026-07-20 15:50:00,4603.5,D0161,M032,Ahmedabad,0,,15,0,0,0,1.6832742494118595,1.5781336411704963,114240.0,0,1,0,
T007540,U0242,2026-07-20 23:47:00,17292.22,D0581,M053,Kolkata,1,account_takeover,23,0,1,1,13.666641659427231,5.7529247687848155,28620.0,0,1,40,new device + amount >3x user avg; amount z-score 13.7
T007101,U0242,2026-07-22 12:44:00,1667.29,D0161,M054,Ahmedabad,0,,12,0,0,0,-0.6266091587948216,0.44818009231705636,133020.0,0,1,0,
T007117,U0242,2026-07-24 08:18:00,3117.7,D0534,M009,Ahmedabad,0,,8,0,0,0,-0.15639706209997606,0.8606773472097569,156840.0,0,1,0,
T007088,U0242,2026-07-24 14:50:00,3223.69,D0161,M054,Ahmedabad,0,,14,0,0,0,-0.11911645731028615,0.8956088742135818,23520.0,0,1,0,
T007108,U0242,2026-07-26 07:46:00,4304.64,D0534,M040,Ahmedabad,0,,7,0,0,0,0.23380339163128688,1.2013722376668516,147360.0,0,1,0,
T007103,U0242,2026-07-26 11:51:00,2948.93,D0161,M040,Ahmedabad,0,,11,0,0,0,-0.21961524616168857,0.8161621843767253,14700.0,0,1,0,
T007102,U0242,2026-07-27 08:06:00,4099.67,D0161,M032,Ahmedabad,0,,8,0,0,0,0.17296749339085207,1.1430528075070565,72900.0,0,1,0,
T007098,U0242,2026-07-27 13:40:00,2825.45,D0161,M032,Ahmedabad,0,,13,0,0,0,-0.2683101940819227,0.7834694541397265,20040.0,0,1,0,
T007097,U0242,2026-07-27 15:36:00,2984.25,D0161,M032,Ahmedabad,0,,15,0,0,0,-0.2074152846301755,0.8341930662369137,6960.0,0,1,0,
T007089,U0242,2026-07-27 15:54:00,4607.92,D0534,M040,Ahmedabad,0,,15,0,0,0,0.3742165595974259,1.2957335373055043,1080.0,1,1,0,
T007116,U0242,2026-07-27 18:57:00,4136.54,D0161,M054,Ahmedabad,0,,18,0,0,0,0.19653760388604752,1.1514408117489552,10980.0,0,1,0,
T007107,U0242,2026-07-29 12:53:00,2434.05,D0534,M009,Ahmedabad,0,,12,0,0,0,-0.43202519346571694,0.6741353019530132,150960.0,0,1,0,
T007131,U0243,2026-07-02 16:09:00,581.11,D0862,M029,Pune,0,,16,0,1,1,0.0,1.0,1000000000.0,0,2,0,
T007123,U0243,2026-07-04 15:33:00,971.66,D0857,M047,Pune,0,,15,0,1,1,0.0,1.0,170640.0,0,1,0,
T007119,U0243,2026-07-06 13:41:00,2211.92,D0857,M054,Pune,0,,13,0,0,1,0.0,1.0,166080.0,0,1,0,
T007134,U0243,2026-07-06 13:50:00,1130.84,D0862,M018,Pune,0,,13,0,0,1,-0.17843538744153017,0.9011419259744026,540.0,1,2,0,
T007122,U0243,2026-07-07 07:05:00,1622.49,D0857,M018,Pune,0,,7,0,0,0,0.6594078446168548,1.325690986409487,62100.0,0,1,0,
T007141,U0243,2026-07-08 12:43:00,1945.89,D0857,M018,Pune,0,,12,0,0,0,1.1394219382828468,1.4927002360435377,106680.0,0,1,0,
T007120,U0243,2026-07-09 13:18:00,2001.34,D0862,M018,Pune,0,,13,0,0,0,1.04080754539422,1.4187343664438294,88500.0,0,2,0,
T007130,U0243,2026-07-10 09:37:00,2872.16,D0857,M054,Pune,0,,9,0,0,0,2.439011061840834,1.9211313620364616,73140.0,0,1,0,
T007128,U0243,2026-07-10 14:48:00,1214.29,D0862,M047,Pune,0,,14,0,0,0,-0.6493856704549898,0.7283513061511333,18660.0,0,2,0,
T007125,U0243,2026-07-13 16:40:00,2429.34,D0857,M029,Pune,0,,16,0,0,0,1.2077066577162212,1.5025089842751993,265920.0,0,1,0,
T007132,U0243,2026-07-14 12:04:00,1567.93,D0857,M054,Pune,0,,12,0,0,0,-0.19053925684134698,0.9233415615749438,69840.0,0,1,0,
T007126,U0243,2026-07-15 12:10:00,1731.16,D0857,M032,Pune,0,,12,0,0,1,0.06880035137512022,1.026620884540067,86760.0,0,1,0,
T007135,U0243,2026-07-17 11:03:00,2155.34,D0857,M047,Pune,0,,11,0,0,0,0.744749066701492,1.275340936408983,168780.0,0,1,0,
T007129,U0243,2026-07-17 11:46:00,1968.55,D0862,M032,Pune,0,,11,0,0,0,0.39601155156152523,1.1406558447481363,2580.0,1,2,0,
T007139,U0243,2026-07-18 13:14:00,734.31,D0862,M029,Pune,0,,13,0,0,0,-1.6984450797589306,0.4212560059409234,91680.0,0,2,0,
T007118,U0243,2026-07-18 15:47:00,1961.7,D0857,M047,Pune,0,,15,0,0,0,0.4561391422240893,1.1705431499404237,9180.0,0,1,0,
T007124,U0243,2026-07-19 10:50:00,1016.44,D0862,M054,Pune,0,,10,0,0,0,-1.1092141003216107,0.6001115124373743,68580.0,0,2,0,
T007136,U0243,2026-07-20 18:22:00,1888.83,D0862,M032,Pune,0,,18,0,0,0,0.38294644311508375,1.142039167099758,113520.0,0,2,0,
T007140,U0243,2026-07-20 19:53:00,1904.1,D0857,M029,Pune,0,,19,0,0,0,0.39616003891111257,1.1422582003659139,5460.0,0,1,0,
T007121,U0243,2026-07-21 14:51:00,2002.62,D0857,M018,Pune,0,,14,0,0,0,0.5524128595614046,1.1924316965328023,68280.0,0,1,0,
T007137,U0243,2026-07-24 19:08:00,623.6,D0857,M054,Pune,0,,19,0,0,0,-1.8658095446684184,0.3677752016141916,274620.0,0,1,0,
T007133,U0243,2026-07-26 13:27:00,900.76,D0857,M018,Pune,0,,13,0,0,0,-1.2286040590777765,0.5477231909691448,152340.0,0,1,0,
T007127,U0243,2026-07-26 21:05:00,1521.69,D0857,M029,Pune,0,,21,0,0,0,-0.14564896034696057,0.9447121850261323,27480.0,0,1,0,
T007138,U0243,2026-07-30 17:34:00,1258.89,D0862,M054,Pune,0,,17,0,0,0,-0.5816493209090379,0.7834410720576279,332940.0,0,2,0,
T007144,U0244,2026-07-01 09:42:00,2625.24,D0640,M033,Mumbai,0,,9,0,1,1,0.0,1.0,1000000000.0,0,2,0,
T007147,U0244,2026-07-01 10:51:00,3990.07,D0640,M033,Mumbai,0,,10,0,0,0,0.0,1.0,4140.0,0,2,0,
T007142,U0244,2026-07-01 13:34:00,3100.23,D0640,M002,Mumbai,0,,13,0,0,1,0.0,1.0,9780.0,0,2,0,
T007163,U0244,2026-07-02 19:28:00,4053.31,D0640,M002,Mumbai,0,,19,0,0,0,1.4403226945844734,1.251595896496254,107640.0,0,2,0,
T007160,U0244,2026-07-03 17:20:00,2764.1,D0640,M033,Mumbai,0,,17,0,0,0,-1.1231954937890085,0.8030009766093753,78720.0,0,2,0,
T007156,U0244,2026-07-06 12:46:00,3084.17,D0640,M026,Mumbai,0,,12,0,0,1,-0.3680661619889993,0.9327343272275264,242760.0,0,2,0,
T007148,U0244,2026-07-08 10:41:00,4003.87,D0640,M019,Mumbai,0,,10,0,0,1,1.3164288441893999,1.224604834585932,165300.0,0,2,0,
T007157,U0244,2026-07-10 12:14:00,4439.15,D0640,M019,Mumbai,0,,12,0,0,0,1.8457459655881578,1.3155269948800332,178380.0,0,2,0,
T007150,U0244,2026-07-11 10:26:00,1566.56,D0640,M019,Mumbai,0,,10,0,0,0,-3.0123875588338436,0.4466292754215398,79920.0,0,2,0,
T007164,U0244,2026-07-11 10:44:00,1471.27,D0640,M026,Mumbai,0,,10,0,0,0,-2.1148060121519676,0.4469424537993606,1080.0,1,2,0,
T007145,U0244,2026-07-13 11:01:00,4340.45,D0640,M026,Mumbai,0,,11,0,0,0,1.2525741877876544,1.395734190561077,173820.0,0,2,0,
T007149,U0244,2026-07-13 12:50:00,2342.39,D0640,M033,Mumbai,0,,12,0,0,0,-0.8780931826746939,0.7270721999457709,6540.0,0,2,0,
T007354,U0244,2026-07-13 14:00:00,85.11,D0640,M004,Mumbai,1,velocity_burst,14,0,0,1,-3.0972127454445797,0.027032771390438873,4200.0,0,2,0,
T007355,U0244,2026-07-13 14:02:00,106.29,D0640,M013,Mumbai,1,velocity_burst,14,0,0,1,-2.2403304961509796,0.036491124460348925,120.0,1,2,0,
T007356,U0244,2026-07-13 14:02:00,74.36,D0640,M015,Mumbai,1,velocity_burst,14,0,0,1,-1.8748988374157378,0.027415839099598847,0.0,2,2,0,
T007357,U0244,2026-07-13 14:03:00,126.94,D0640,M046,Mumbai,1,velocity_burst,14,0,0,1,-1.595518635293312,0.05004656133915098,60.0,3,2,0,
T007358,U0244,2026-07-13 14:04:00,66.95,D0640,M002,Mumbai,1,velocity_burst,14,0,0,0,-1.4730220686621545,0.028061344098329406,60.0,4,2,0,
T007359,U0244,2026-07-13 14:05:00,107.23,D0640,M048,Mumbai,1,velocity_burst,14,0,0,1,-1.320901085358444,0.04766966713239369,60.0,5,2,30,5 txns in last 1h (velocity)
T007363,U0244,2026-07-13 14:09:00,139.71,D0640,M014,Mumbai,1,velocity_burst,14,0,0,1,-1.2059796106221197,0.06557839595604295,240.0,6,2,30,6 txns in last 1h (velocity)
T007360,U0244,2026-07-13 14:12:00,110.37,D0640,M060,Mumbai,1,velocity_burst,14,0,0,1,-1.148913620198685,0.05448614349020103,180.0,7,2,30,7 txns in last 1h (velocity)
T007361,U0244,2026-07-13 14:14:00,132.54,D0640,M043,Mumbai,1,velocity_burst,14,0,0,1,-1.071386995568796,0.06867754273437165,120.0,8,2,30,8 txns in last 1h (velocity)
T007362,U0244,2026-07-13 14:16:00,53.08,D0640,M011,Mumbai,1,velocity_burst,14,0,0,1,-1.0653723848372336,0.028780559706225124,120.0,9,2,30,9 txns in last 1h (velocity)
T007364,U0244,2026-07-13 14:20:00,145.94,D0640,M032,Mumbai,1,velocity_burst,14,0,0,1,-0.9598973016120704,0.08278492411774038,240.0,10,2,30,10 txns in last 1h (velocity)
T007152,U0244,2026-07-14 13:07:00,2837.8,D0640,M033,Mumbai,0,,13,0,0,0,0.6816206857546017,1.6766124657536592,82020.0,0,2,0,
T007166,U0244,2026-07-14 13:41:00,1913.74,D0640,M002,Mumbai,0,,13,0,0,0,0.1044451902401316,1.0996628203471988,2040.0,1,2,0,
T007155,U0244,2026-07-15 09:18:00,5181.8,D0640,M002,Mumbai,0,,9,0,0,0,2.1104413812246667,2.9657147379586797,70620.0,0,2,0,
T007159,U0244,2026-07-15 09:23:00,4307.76,D0640,M026,Mumbai,0,,9,0,0,0,1.4060732173703214,2.2921743723870076,300.0,1,2,0,
T007143,U0244,2026-07-16 11:00:00,3017.42,D0640,M019,Mumbai,0,,11,0,0,0,0.5969724948003635,1.5322490331304313,92220.0,0,2,0,
T007162,U0244,2026-07-17 15:18:00,3443.88,D0640,M019,Mumbai,0,,15,0,0,0,0.8283088147919974,1.7161831241442211,101880.0,0,2,0,
T007154,U0244,2026-07-21 11:04:00,2844.3,D0640,M019,Mumbai,0,,11,0,0,0,0.4568471396396247,1.3832350656250658,330360.0,0,2,0,
T007146,U0244,2026-07-22 09:41:00,4780.06,D0640,M026,Mumbai,0,,9,0,0,0,1.5850684251719893,2.2953090958426894,81420.0,0,2,0,
T007158,U0244,2026-07-22 13:33:00,4378.69,D0640,M002,Mumbai,0,,13,0,0,0,1.269122209276924,2.0182468225172525,13920.0,0,2,0,
T007161,U0244,2026-07-23 14:05:00,3837.98,D0640,M026,Mumbai,0,,14,0,0,0,0.9108906039530078,1.7144655144489467,88320.0,0,2,0,
T007151,U0244,2026-07-23 17:32:00,4560.44,D0640,M033,Mumbai,0,,17,0,0,0,1.2985959501913036,1.9940243332057446,12420.0,0,2,0,
T007165,U0244,2026-07-25 10:19:00,3141.25,D0640,M019,Mumbai,0,,10,0,0,0,0.44558412165362843,1.3344774412947098,146820.0,0,2,0,
T007153,U0244,2026-07-25 13:54:00,3762.25,D0640,M019,Mumbai,0,,13,0,0,0,0.7935056701586111,1.5831634587855923,12900.0,0,2,0,
T007172,U0245,2026-07-01 16:34:00,445.02,D0200,M051,Hyderabad,0,,16,0,1,1,0.0,1.0,1000000000.0,0,1,0,
T007180,U0245,2026-07-05 15:54:00,511.71,D0640,M051,Hyderabad,0,,15,0,1,0,0.0,1.0,343200.0,0,2,0,
T007179,U0245,2026-07-12 12:08:00,204.42,D0640,M029,Hyderabad,0,,12,0,0,1,0.0,1.0,591240.0,0,2,0,
T007177,U0245,2026-07-15 12:19:00,454.44,D0640,M038,Hyderabad,0,,12,0,0,1,0.5106164964155361,1.174111868817693,259860.0,0,2,0,
T007167,U0245,2026-07-18 08:39:00,96.52,D0200,M038,Hyderabad,0,,8,0,0,0,-2.605726656495719,0.23897152064825475,246000.0,0,1,0,
T007173,U0245,2026-07-18 09:01:00,460.07,D0200,M029,Hyderabad,0,,9,0,0,0,0.7261526204365379,1.3435760513530788,1320.0,1,1,0,
T007170,U0245,2026-07-20 10:48:00,331.33,D0200,M029,Hyderabad,0,,10,0,0,0,-0.1990129217404431,0.9152003952291234,179220.0,0,1,0,
T007174,U0245,2026-07-25 09:06:00,369.35,D0640,M029,Hyderabad,0,,9,0,0,0,0.08173142173246285,1.0327300441264025,425880.0,0,2,0,
T007175,U0245,2026-07-25 12:27:00,321.57,D0640,M038,Hyderabad,0,,12,0,0,0,-0.2800729781776514,0.8954700169295544,12060.0,0,2,0,
T007171,U0245,2026-07-25 13:54:00,483.35,D0640,M051,Hyderabad,0,,13,0,0,0,1.0118307293380884,1.3617922407890826,5220.0,0,2,0,
T007181,U0245,2026-07-26 15:24:00,571.76,D0200,M029,Hyderabad,0,,15,0,0,0,1.6136251164472788,1.5546334975049254,91800.0,0,1,0,
T007169,U0245,2026-07-27 09:08:00,400.49,D0640,M038,Hyderabad,0,,9,0,0,0,0.10570309645604202,1.0366745550333871,63840.0,0,2,0,
T007168,U0245,2026-07-27 09:13:00,747.26,D0200,M038,Hyderabad,0,,9,0,0,0,2.8020484114793867,1.9284004569560185,300.0,1,1,0,
T007176,U0245,2026-07-27 19:54:00,368.91,D0640,M029,Hyderabad,0,,19,0,0,0,-0.2961512090973576,0.8885625913094695,38460.0,0,2,0,
T007178,U0245,2026-07-30 08:34:00,183.04,D0200,M038,Hyderabad,0,,8,0,0,0,-1.5153118202913012,0.4444105292529313,218400.0,0,1,0,
T007203,U0246,2026-07-01 08:42:00,5381.05,D0518,M011,Delhi,0,,8,0,1,1,0.0,1.0,1000000000.0,0,1,0,
T007194,U0246,2026-07-01 13:46:00,5205.55,D0518,M005,Delhi,0,,13,0,0,1,0.0,1.0,18240.0,0,1,0,
T007215,U0246,2026-07-02 18:51:00,3752.2,D0201,M011,Delhi,0,,18,0,1,0,0.0,1.0,104700.0,0,5,20,device shared by 5 users
T007191,U0246,2026-07-04 06:25:00,5598.06,D0201,M011,Delhi,0,,6,0,0,0,1.1211688708669034,1.171240270907348,128040.0,0,5,20,device shared by 5 users
T007207,U0246,2026-07-04 10:07:00,4936.43,D0518,M011,Delhi,0,,10,0,0,0,-0.06593176869331273,0.990412732799365,13320.0,0,1,0,
T007190,U0246,2026-07-05 10:52:00,3405.74,D0201,M025,Delhi,0,,10,0,0,1,-2.419188349678086,0.6846179173151966,89100.0,0,5,20,device shared by 5 users
T007199,U0246,2026-07-05 14:32:00,3666.19,D0518,M011,Delhi,0,,14,0,0,0,-1.2582597018635935,0.7778604851486363,13200.0,0,1,0,
T007209,U0246,2026-07-05 18:25:00,5448.45,D0518,M011,Delhi,0,,18,0,0,0,1.0372819485867566,1.1938922315026397,13980.0,0,1,0,
T007204,U0246,2026-07-06 14:46:00,2103.58,D0201,M025,Delhi,0,,14,0,0,0,-3.0245638373730186,0.4500398061062121,73260.0,0,5,20,device shared by 5 users
T007196,U0246,2026-07-07 14:39:00,3343.4,D0201,M005,Delhi,0,,14,0,0,0,-0.9185423062383221,0.7618403811187725,85980.0,0,5,20,device shared by 5 users
T007218,U0246,2026-07-10 08:50:00,3492.92,D0518,M025,Delhi,0,,8,0,0,0,-0.7038050426673755,0.8153284320346845,238260.0,0,1,0,
T007186,U0246,2026-07-10 09:48:00,1424.8,D0201,M011,Delhi,0,,9,0,0,0,-2.54400759885149,0.33826014261968457,3480.0,1,5,20,device shared by 5 users
T007217,U0246,2026-07-11 09:42:00,4000.0,D0201,M005,Delhi,0,,9,0,0,0,0.015471267000508482,1.0050594270269124,86040.0,0,5,20,device shared by 5 users
T007213,U0246,2026-07-12 11:57:00,3942.38,D0201,M005,Delhi,0,,11,0,0,0,-0.03121519956102066,0.9901961747854009,94500.0,0,5,20,device shared by 5 users
T007192,U0246,2026-07-13 04:39:00,2368.94,D0201,M011,Delhi,0,,4,1,0,0,-1.33583080488112,0.5954167581525234,60120.0,0,5,20,device shared by 5 users
T007214,U0246,2026-07-13 16:12:00,2850.95,D0201,M025,Delhi,0,,16,0,0,0,-0.8285884583913554,0.7364297964902783,41580.0,0,5,20,device shared by 5 users
T007182,U0246,2026-07-15 14:38:00,5484.38,D0518,M011,Delhi,0,,14,0,0,0,1.3771045265914987,1.440399837837449,167160.0,0,1,0,
T007193,U0246,2026-07-16 07:08:00,4013.98,D0518,M005,Delhi,0,,7,0,0,0,0.08655710448283789,1.027597913268166,59400.0,0,1,0,
T007187,U0246,2026-07-16 08:07:00,5771.61,D0518,M005,Delhi,0,,8,0,0,0,1.5359562843203969,1.4752975755612072,3540.0,1,1,0,
T007185,U0246,2026-07-16 11:33:00,3960.8,D0518,M025,Delhi,0,,11,0,0,0,-0.0394066540650347,0.9877227650655805,12360.0,0,1,0,
T007188,U0246,2026-07-16 17:19:00,5012.46,D0201,M025,Delhi,0,,17,0,0,0,0.825203003597079,1.250747803126421,20760.0,0,5,20,device shared by 5 users
T007205,U0246,2026-07-17 09:59:00,3984.25,D0518,M005,Delhi,0,,9,0,0,0,-0.058941207555956526,0.9824500692531767,60000.0,0,1,0,
T007184,U0246,2026-07-18 07:49:00,4590.99,D0518,M011,Delhi,0,,7,0,0,0,0.45667235855193733,1.1329658996182392,78600.0,0,1,0,
T007206,U0246,2026-07-18 14:06:00,5200.99,D0201,M011,Delhi,0,,14,0,0,0,0.9708793980364709,1.2761244476360947,22620.0,0,5,20,device shared by 5 users
T007208,U0246,2026-07-18 17:52:00,3206.92,D0518,M025,Delhi,0,,17,0,0,0,-0.7914839495251926,0.7779058236380422,13560.0,0,1,0,
T007197,U0246,2026-07-18 20:17:00,2967.99,D0201,M025,Delhi,0,,20,0,0,0,-0.9741669939814595,0.7264015140318333,8700.0,0,5,20,device shared by 5 users
T007183,U0246,2026-07-19 15:30:00,5358.77,D0518,M011,Delhi,0,,15,0,0,0,1.1486400927509224,1.325481679215342,69180.0,0,1,0,
T007202,U0246,2026-07-19 16:27:00,4721.24,D0201,M011,Delhi,0,,16,0,0,0,0.5468633178114195,1.1538799520469492,3420.0,1,5,20,device shared by 5 users
T007189,U0246,2026-07-19 21:13:00,3331.0,D0201,M025,Delhi,0,,21,0,0,0,-0.688990175854745,0.8096530559856641,17160.0,0,5,20,device shared by 5 users
T007195,U0246,2026-07-20 14:10:00,3551.53,D0518,M011,Delhi,0,,14,0,0,0,-0.47566946792514986,0.8689599969255709,61020.0,0,1,0,
T007200,U0246,2026-07-22 12:32:00,1554.62,D0201,M005,Delhi,0,,12,0,0,0,-2.263028885772591,0.3820407600622618,166920.0,0,5,20,device shared by 5 users
T007212,U0246,2026-07-26 07:09:00,2412.76,D0201,M025,Delhi,0,,7,0,0,0,-1.3351157369469502,0.6049846086277179,326220.0,0,5,20,device shared by 5 users
T007198,U0246,2026-07-26 14:27:00,3825.12,D0201,M025,Delhi,0,,14,0,0,0,-0.09535414021492203,0.9711127608934719,26280.0,0,5,20,device shared by 5 users
T007201,U0246,2026-07-26 17:57:00,5072.4,D0518,M011,Delhi,0,,17,0,0,0,0.9674295058470822,1.288897632344535,12600.0,0,1,0,
T007216,U0246,2026-07-28 14:33:00,4471.23,D0518,M005,Delhi,0,,14,0,0,0,0.42801507329764304,1.1265678069554592,160560.0,0,1,0,
T007210,U0246,2026-07-29 06:05:00,2239.34,D0518,M025,Delhi,0,,6,0,0,0,-1.5036634388945531,0.5621894492730081,55920.0,0,1,0,
T007211,U0246,2026-07-29 20:52:00,4976.86,D0201,M005,Delhi,0,,20,0,0,0,0.883908983620728,1.2648297929296963,53220.0,0,5,20,device shared by 5 users
T007221,U0247,2026-07-01 13:52:00,3862.97,D0548,M060,Chennai,0,,13,0,1,1,0.0,1.0,1000000000.0,0,1,0,
T007245,U0247,2026-07-01 14:57:00,3418.69,D0548,M001,Chennai,0,,14,0,0,1,0.0,1.0,3900.0,0,1,0,
T007242,U0247,2026-07-03 09:29:00,2341.27,D0548,M029,Chennai,0,,9,0,0,1,0.0,1.0,153120.0,0,1,0,
T007243,U0247,2026-07-05 16:34:00,4655.74,D0548,M057,Chennai,0,,16,0,0,1,2.266531064075391,1.451451896215149,198300.0,0,1,0,
T007222,U0247,2026-07-05 17:14:00,2808.34,D0548,M018,Chennai,0,,17,0,0,1,-0.9103938496528018,0.7867231329565785,2400.0,1,1,0,
T007224,U0247,2026-07-06 08:50:00,3925.6,D0548,M029,Chennai,0,,8,0,0,0,0.6292751025878184,1.1487088726615395,56160.0,0,1,0,
T007252,U0247,2026-07-06 15:24:00,3479.11,D0548,M053,Chennai,0,,15,0,0,1,-0.030205811560388464,0.9934348942867826,23640.0,0,1,0,
T007247,U0247,2026-07-08 17:59:00,2615.61,D0548,M018,Chennai,0,,17,0,0,0,-1.2532211634164598,0.747569790719762,182100.0,0,1,0,
T007234,U0247,2026-07-09 13:55:00,7490.31,D0548,M053,Chennai,0,,13,0,0,0,5.688814487043337,2.2105637103438625,71760.0,0,1,15,amount z-score 5.7
T007228,U0247,2026-07-10 18:40:00,3376.95,D0548,M053,Chennai,0,,18,0,0,0,-0.32060013245908114,0.8784573165133195,103500.0,0,1,0,
T007230,U0247,2026-07-11 09:18:00,3960.31,D0548,M060,Chennai,0,,9,0,0,0,0.11718702880309143,1.042884202030125,52680.0,0,1,0,
T007254,U0247,2026-07-11 13:23:00,5338.99,D0548,M029,Chennai,0,,13,0,0,0,1.1515312696466846,1.4004776447444671,14700.0,0,1,0,
T007246,U0247,2026-07-11 17:05:00,4296.92,D0548,M018,Chennai,0,,17,0,0,0,0.26720164206408265,1.0907297873500839,13320.0,0,1,0,
T007229,U0247,2026-07-13 06:34:00,3976.28,D0548,M031,Chennai,0,,6,0,0,1,0.007212275182024165,1.0023429918391733,134940.0,0,1,0,
T007238,U0247,2026-07-14 10:40:00,3251.89,D0548,M053,Chennai,0,,10,0,0,0,-0.5763673770548393,0.8196011706198397,101160.0,0,1,0,
T007219,U0247,2026-07-14 12:07:00,4668.06,D0548,M060,Chennai,0,,12,0,0,0,0.6167843167488156,1.1908522899910379,5220.0,0,1,0,
T007232,U0247,2026-07-14 19:44:00,3533.22,D0548,M031,Chennai,0,,19,0,0,0,-0.36477768004520467,0.8907224913238185,27420.0,0,1,0,
T007235,U0247,2026-07-15 08:34:00,4207.81,D0548,M057,Chennai,0,,8,0,0,0,0.2303724218277448,1.0676491401951274,46200.0,0,1,0,
T007244,U0247,2026-07-15 14:46:00,3460.3,D0548,M057,Chennai,0,,14,0,0,0,-0.44008387731708704,0.874695803218027,22320.0,0,1,0,
T007251,U0247,2026-07-16 13:59:00,3824.23,D0548,M031,Chennai,0,,13,0,0,0,-0.09590947928567477,0.973107756088836,83580.0,0,1,0,
T007240,U0247,2026-07-16 14:32:00,4243.19,D0548,M001,Chennai,0,,14,0,0,0,0.29653845175124033,1.0811694348050214,1980.0,1,1,0,
T007220,U0247,2026-07-16 16:20:00,3043.33,D0548,M060,Chennai,0,,16,0,0,0,-0.8533212723208647,0.7724580859598776,6480.0,0,1,0,
T007233,U0247,2026-07-16 20:46:00,2461.31,D0548,M029,Chennai,0,,20,0,0,0,-1.378124944661057,0.6312587490535262,15960.0,0,1,0,
T007231,U0247,2026-07-18 13:25:00,5624.76,D0548,M029,Chennai,0,,13,0,0,0,1.68442763209666,1.4661021027014451,146340.0,0,1,0,
T007239,U0247,2026-07-20 06:58:00,4187.12,D0548,M057,Chennai,0,,6,0,0,0,0.25120560629449923,1.0705872962522731,149580.0,0,1,0,
T007253,U0247,2026-07-21 11:17:00,3479.69,D0548,M001,Chennai,0,,11,0,0,0,-0.4103400326101455,0.8872024532397038,101940.0,0,1,0,
T007237,U0247,2026-07-22 14:23:00,6464.56,D0548,M029,Chennai,0,,14,0,0,0,2.4132016314065767,1.655424496286481,97560.0,0,1,0,
T007241,U0247,2026-07-22 15:18:00,1716.26,D0548,M060,Chennai,0,,15,0,0,0,-1.989977400802664,0.42907866684285945,3300.0,1,1,0,
T007250,U0247,2026-07-24 16:38:00,2692.05,D0548,M018,Chennai,0,,16,0,0,0,-1.0185509158148238,0.6870427720366937,177600.0,0,1,0,
T007225,U0247,2026-07-24 22:31:00,3946.45,D0548,M031,Chennai,0,,22,0,0,0,0.05849003919985558,1.0181680737718315,21180.0,0,1,0,
T007223,U0247,2026-07-25 15:50:00,5046.95,D0548,M060,Chennai,0,,15,0,0,0,0.987139391538045,1.3013045314910126,62340.0,0,1,0,
T007227,U0247,2026-07-26 19:35:00,4994.55,D0548,M031,Chennai,0,,19,0,0,0,0.9118704036418352,1.2753974991609247,99900.0,0,1,0,
T007226,U0247,2026-07-27 18:47:00,2536.97,D0548,M057,Chennai,0,,18,0,0,0,-1.198197632523526,0.6423073714111779,83520.0,0,1,0,
T007249,U0247,2026-07-28 20:05:00,6664.82,D0548,M031,Chennai,0,,20,0,0,0,2.325157451396587,1.7058824026914639,91080.0,0,1,0,
T007248,U0247,2026-07-29 11:34:00,2622.83,D0548,M057,Chennai,0,,11,0,0,0,-1.0852520991631616,0.6576678820613834,55740.0,0,1,0,
T007236,U0247,2026-07-30 11:32:00,3920.28,D0548,M029,Chennai,0,,11,0,0,0,-0.022838338720820472,0.9927097475199597,86280.0,0,1,0,
T007269,U0248,2026-07-02 13:26:00,470.49,D0495,M037,Lucknow,0,,13,0,1,1,0.0,1.0,1000000000.0,0,1,0,
T007264,U0248,2026-07-03 18:19:00,501.77,D0495,M004,Lucknow,0,,18,0,0,1,0.0,1.0,103980.0,0,1,0,
T007279,U0248,2026-07-04 13:38:00,984.18,D0495,M037,Lucknow,0,,13,0,0,0,0.0,1.0,69540.0,0,1,0,
T007256,U0248,2026-07-08 08:54:00,936.37,D0495,M058,Lucknow,0,,8,0,0,1,1.2087920384637025,1.4358273168063003,328560.0,0,1,0,
T007272,U0248,2026-07-08 12:00:00,1114.59,D0495,M057,Lucknow,0,,12,0,0,1,1.6449587184763865,1.5411865949838577,11160.0,0,1,0,
T007257,U0248,2026-07-08 13:16:00,917.33,D0495,M037,Lucknow,0,,13,0,0,0,0.4385031514651141,1.1445450901525367,4560.0,0,1,0,
T007268,U0248,2026-07-08 19:49:00,976.28,D0495,M058,Lucknow,0,,19,0,0,0,0.6346358169430394,1.1894418562770648,23580.0,0,1,0,
T007270,U0248,2026-07-11 10:43:00,641.48,D0495,M005,Lucknow,0,,10,0,0,1,-0.8639014366530432,0.7609477012703532,226440.0,0,1,0,
T007271,U0248,2026-07-11 12:48:00,1251.48,D0495,M057,Lucknow,0,,12,0,0,0,1.9007685402225356,1.5302797540015747,7500.0,0,1,0,
T007281,U0248,2026-07-11 13:07:00,1178.32,D0495,M037,Lucknow,0,,13,0,0,0,1.2264933993570282,1.3606518870042013,1140.0,1,1,0,
T007258,U0248,2026-07-14 12:13:00,856.86,D0495,M004,Lucknow,0,,12,0,0,0,-0.15579649559892123,0.9550070261271014,255960.0,0,1,0,
T007276,U0248,2026-07-16 16:54:00,952.1,D0495,M057,Lucknow,0,,16,0,0,0,0.23669379336199256,1.0655143108284382,189660.0,0,1,0,
T007283,U0248,2026-07-17 19:51:00,663.82,D0495,M049,Lucknow,0,,19,0,0,1,-0.9884863184266357,0.7388605209167466,97020.0,0,1,0,
T007265,U0248,2026-07-20 19:37:00,1087.15,D0495,M005,Lucknow,0,,19,0,0,0,0.874421637189652,1.2348504625962922,258360.0,0,1,0,
T007278,U0248,2026-07-23 14:47:00,1312.05,D0495,M037,Lucknow,0,,14,0,0,0,1.7816511005536104,1.4657179637350723,241800.0,0,1,0,
T007280,U0248,2026-07-23 14:57:00,1027.13,D0495,M037,Lucknow,0,,14,0,0,0,0.418675083153734,1.1128755783661306,600.0,1,1,0,
T007266,U0248,2026-07-23 20:11:00,1097.86,D0495,M037,Lucknow,0,,20,0,0,0,0.6951560249746076,1.1811772920573156,18840.0,0,1,0,
T007263,U0248,2026-07-23 22:07:00,1381.89,D0495,M058,Lucknow,0,,22,0,0,0,1.8567748020391726,1.471084444425826,6960.0,0,1,0,
T007277,U0248,2026-07-24 18:13:00,1286.47,D0495,M037,Lucknow,0,,18,0,0,0,1.2756633374039401,1.3345778219874531,72360.0,0,1,0,
T007282,U0248,2026-07-25 13:17:00,1230.3,D0495,M005,Lucknow,0,,13,0,0,0,0.9725858104490139,1.2542212995097974,68640.0,0,1,0,
T007262,U0248,2026-07-26 16:55:00,843.87,D0495,M004,Lucknow,0,,16,0,0,0,-0.584654502375078,0.8494799648383122,99480.0,0,1,0,
T007275,U0248,2026-07-26 17:35:00,370.12,D0495,M037,Lucknow,0,,17,0,0,0,-2.4488468476101195,0.37527031667081034,2400.0,1,1,0,
T007273,U0248,2026-07-27 11:29:00,1170.13,D0495,M058,Lucknow,0,,11,0,0,0,0.7639788730714095,1.2210876515996925,64440.0,0,1,0,
T007260,U0248,2026-07-29 13:54:00,1295.05,D0495,M058,Lucknow,0,,13,0,0,0,1.1927366520136762,1.3385806411103272,181500.0,0,1,0,
T007259,U0248,2026-07-29 13:56:00,665.76,D0495,M037,Lucknow,0,,13,0,0,0,-1.1397150036872294,0.6785653761766074,120.0,1,1,0,
T007267,U0248,2026-07-29 16:05:00,1054.43,D0495,M058,Lucknow,0,,16,0,0,0,0.3089703741715634,1.0887090934269315,7740.0,0,1,0,
T007255,U0248,2026-07-30 08:39:00,986.97,D0495,M049,Lucknow,0,,8,0,0,0,0.05546517209850645,1.0155909133707561,59640.0,0,1,0,
T007261,U0248,2026-07-30 11:57:00,1044.83,D0495,M049,Lucknow,0,,11,0,0,0,0.2702556050392243,1.074508316595914,11880.0,0,1,0,
T007274,U0248,2026-07-30 17:03:00,1003.97,D0495,M057,Lucknow,0,,17,0,0,0,0.1100287869893522,1.0297475215709493,18360.0,0,1,0,
T007294,U0249,2026-07-03 13:46:00,2055.19,D0637,M028,Kolkata,0,,13,0,1,1,0.0,1.0,1000000000.0,0,2,0,
T007293,U0249,2026-07-04 14:03:00,3048.62,D0068,M031,Kolkata,0,,14,0,1,1,0.0,1.0,87420.0,0,1,0,
T007291,U0249,2026-07-04 14:19:00,880.14,D0637,M031,Kolkata,0,,14,0,0,0,0.0,1.0,960.0,1,2,0,
T007284,U0249,2026-07-07 10:56:00,895.06,D0637,M028,Kolkata,0,,10,0,0,0,-1.240634426959494,0.4487303534711702,247020.0,0,2,0,
T007299,U0249,2026-07-07 14:44:00,2081.34,D0637,M048,Kolkata,0,,14,0,0,1,0.40031634612476563,1.2102555447889998,13680.0,0,2,0,
T007287,U0249,2026-07-10 12:55:00,2282.07,D0637,M030,Kolkata,0,,12,0,0,1,0.5970222256236268,1.2734268185542825,252660.0,0,2,0,
T007288,U0249,2026-07-12 13:19:00,1665.83,D0637,M011,Kolkata,0,,13,0,0,1,-0.2696014720761434,0.8890416827218471,174240.0,0,2,0,
T007292,U0249,2026-07-13 12:27:00,994.03,D0068,M030,Kolkata,0,,12,0,0,0,-1.1844205861999888,0.5390513815758635,83280.0,0,1,0,
T007289,U0249,2026-07-17 11:16:00,796.95,D0068,M011,Kolkata,0,,11,0,0,0,-1.292732689111399,0.4586010349619769,341340.0,0,1,0,
T007298,U0249,2026-07-19 07:51:00,2322.52,D0068,M048,Kolkata,0,,7,0,0,0,0.9225242414642918,1.4220255065878804,160500.0,0,1,0,
T007295,U0249,2026-07-19 12:41:00,1276.31,D0637,M031,Kolkata,0,,12,0,0,0,-0.57676885720377,0.7498112704335269,17400.0,0,2,0,
T007290,U0249,2026-07-20 19:49:00,1214.63,D0637,M048,Kolkata,0,,19,0,0,0,-0.6281139551737641,0.7301828714064763,112080.0,0,2,0,
T007286,U0249,2026-07-25 12:09:00,1693.53,D0068,M028,Kolkata,0,,12,0,0,0,0.09704055883003017,1.0414945344543507,404400.0,0,1,0,
T007297,U0249,2026-07-27 07:09:00,2635.08,D0068,M048,Kolkata,0,,7,0,0,0,1.5021436630635374,1.6153769968905394,154800.0,0,1,0,
T007296,U0249,2026-07-28 16:03:00,1618.77,D0637,M011,Kolkata,0,,16,0,0,0,-0.12131176405737341,0.9505681312131486,118440.0,0,2,0,
T007285,U0249,2026-07-29 14:24:00,1871.43,D0637,M028,Kolkata,0,,14,0,0,0,0.2595622221373458,1.1025676670748148,80460.0,0,2,0,
T007312,U0250,2026-07-01 14:50:00,3024.46,D0157,M006,Jaipur,0,,14,0,1,1,0.0,1.0,1000000000.0,0,1,0,
T007333,U0250,2026-07-01 22:14:00,4095.15,D0339,M031,Jaipur,0,,22,0,1,1,0.0,1.0,26640.0,0,1,0,
T007313,U0250,2026-07-02 10:01:00,3775.1,D0157,M031,Jaipur,0,,10,0,0,0,0.0,1.0,42420.0,0,1,0,
T007307,U0250,2026-07-02 13:07:00,1287.66,D0157,M031,Jaipur,0,,13,0,0,0,-5.223370071493783,0.35457391696853596,11160.0,0,1,0,
T007316,U0250,2026-07-02 14:42:00,6340.68,D0157,M054,Jaipur,0,,14,0,0,1,3.031920803979133,2.0819200198050396,5700.0,0,1,15,amount z-score 3.0
T007309,U0250,2026-07-03 09:02:00,5363.26,D0157,M006,Jaipur,0,,9,0,0,0,1.0127809922644382,1.4477259410713337,66000.0,0,1,0,
T007319,U0250,2026-07-03 12:57:00,5946.01,D0339,M026,Jaipur,0,,12,0,0,1,1.2146042570665825,1.4935777016641971,14100.0,0,1,0,
T007321,U0250,2026-07-04 09:01:00,4694.61,D0339,M006,Jaipur,0,,9,0,0,0,0.2626423073879218,1.1015660194141463,72240.0,0,1,0,
T007301,U0250,2026-07-05 06:11:00,3689.34,D0157,M054,Jaipur,0,,6,0,0,0,-0.4046673412323253,0.8548318658265112,76200.0,0,1,0,
T007330,U0250,2026-07-06 07:10:00,3564.4,D0339,M044,Jaipur,0,,7,0,0,1,-0.46292422715066134,0.8394225808129677,89940.0,0,1,0,
T007326,U0250,2026-07-06 09:41:00,4760.23,D0339,M031,Jaipur,0,,9,0,0,0,0.412229165523908,1.1393378801394665,9060.0,0,1,0,
T007303,U0250,2026-07-06 10:44:00,3133.3,D0339,M026,Jaipur,0,,10,0,0,0,-0.8089870805934597,0.7405593787798225,3780.0,0,1,0,
T007311,U0250,2026-07-07 11:25:00,4405.87,D0157,M031,Jaipur,0,,11,0,0,0,0.19965617557102455,1.0643440656765053,88860.0,0,1,0,
T007331,U0250,2026-07-11 03:07:00,1605.71,D0157,M006,Jaipur,0,,3,1,0,0,-1.9898115716483415,0.3859874810624719,315720.0,0,1,0,
T007320,U0250,2026-07-11 15:25:00,3720.59,D0157,M034,Jaipur,0,,15,0,0,1,-0.18341171260436578,0.9353960739510957,44280.0,0,1,0,
T007323,U0250,2026-07-12 17:02:00,2400.84,D0157,M034,Jaipur,0,,17,0,0,0,-1.1509488189049177,0.6062077179754778,92220.0,0,1,0,
T007325,U0250,2026-07-13 10:11:00,3813.63,D0339,M034,Jaipur,0,,10,0,0,0,-0.03612578797639124,0.9872323954471377,61740.0,0,1,0,
T007314,U0250,2026-07-16 19:13:00,3125.04,D0157,M026,Jaipur,0,,19,0,0,0,-0.5549188241494006,0.8095854912286562,291720.0,0,1,0,
T007306,U0250,2026-07-17 09:54:00,2090.44,D0157,M054,Jaipur,0,,9,0,0,0,-1.3316912152875622,0.5473480009296229,52860.0,0,1,0,
T007329,U0250,2026-07-17 14:41:00,4849.71,D0157,M044,Jaipur,0,,14,0,0,0,0.8488305753907688,1.300808539676887,17220.0,0,1,0,
T007305,U0250,2026-07-17 16:15:00,4993.66,D0339,M026,Jaipur,0,,16,0,0,0,0.9226488905992527,1.3195724491509007,5640.0,0,1,0,
T007328,U0250,2026-07-18 07:01:00,3723.43,D0339,M031,Jaipur,0,,7,0,0,0,-0.09078601992000636,0.9691662174166448,53160.0,0,1,0,
T007318,U0250,2026-07-18 11:26:00,1599.57,D0157,M034,Jaipur,0,,11,0,0,0,-1.7543694562505654,0.4169341132274192,15900.0,0,1,0,
T007308,U0250,2026-07-18 13:18:00,4811.87,D0157,M026,Jaipur,0,,13,0,0,0,0.8077844159977255,1.286855213138128,6720.0,0,1,0,
T007324,U0250,2026-07-19 09:36:00,1158.62,D0339,M044,Jaipur,0,,9,0,0,0,-1.9927254742433531,0.30619407276378746,73080.0,0,1,0,
T007300,U0250,2026-07-20 15:40:00,2164.34,D0157,M006,Jaipur,0,,15,0,0,0,-1.089964846267669,0.5883073737941031,108240.0,0,1,0,
T007317,U0250,2026-07-21 09:11:00,3876.78,D0339,M054,Jaipur,0,,9,0,0,0,0.18380306510698474,1.0707343891379433,63060.0,0,1,0,
T007332,U0250,2026-07-22 17:12:00,632.31,D0339,M031,Jaipur,0,,17,0,0,0,-2.1911201904336814,0.17418244067750396,115260.0,0,1,0,
T007304,U0250,2026-07-23 13:44:00,2020.71,D0157,M044,Jaipur,0,,13,0,0,0,-1.033165006793282,0.5735613214071958,73920.0,0,1,0,
T007327,U0250,2026-07-23 19:32:00,4888.15,D0157,M006,Jaipur,0,,19,0,0,0,0.9738401702782042,1.4081665227520033,20880.0,0,1,0,
T007322,U0250,2026-07-24 19:10:00,5133.56,D0157,M044,Jaipur,0,,19,0,0,0,1.111597714568608,1.4590129716274263,85080.0,0,1,0,
T007310,U0250,2026-07-27 12:57:00,3120.14,D0339,M034,Jaipur,0,,12,0,0,0,-0.30907626574074204,0.8738385364196526,236820.0,0,1,0,
T007315,U0250,2026-07-27 14:13:00,1672.55,D0339,M026,Jaipur,0,,14,0,0,0,-1.311356339230596,0.47027493465553966,4560.0,0,1,0,
T007302,U0250,2026-07-28 03:22:00,2840.42,D0339,M026,Jaipur,0,,3,1,0,0,-0.4541473195368859,0.8116770340207494,47340.0,0,1,0,
