transaction_id,user_id,timestamp,amount,device_id,merchant_id,city,is_fraud,fraud_type
T000745,U0025,2026-07-01 03:49:00,1170.39,D0797,M045,Chennai,0,
T001212,U0042,2026-07-01 03:58:00,2228.52,D0330,M011,Delhi,0,
T002482,U0084,2026-07-01 04:16:00,1226.87,D0549,M025,Mumbai,0,
T001385,U0046,2026-07-01 05:27:00,2502.55,D0715,M043,Hyderabad,0,
T005698,U0195,2026-07-01 05:30:00,2098.03,D0306,M014,Delhi,0,
T005946,U0203,2026-07-01 05:50:00,932.83,D0603,M059,Mumbai,0,
T003563,U0118,2026-07-01 05:50:00,618.21,D0095,M057,Jaipur,0,
T002033,U0068,2026-07-01 06:14:00,356.2,D0439,M027,Mumbai,0,
T005314,U0182,2026-07-01 06:16:00,3106.78,D0821,M048,Pune,0,
T003102,U0102,2026-07-01 06:34:00,540.14,D0134,M007,Lucknow,0,
T005100,U0176,2026-07-01 07:05:00,4714.08,D0510,M018,Hyderabad,0,
T001862,U0063,2026-07-01 07:18:00,1908.82,D0853,M037,Lucknow,0,
T000306,U0010,2026-07-01 07:18:00,2465.22,D0032,M018,Delhi,0,
T005248,U0180,2026-07-01 07:45:00,2586.56,D0032,M050,Lucknow,0,
T001210,U0042,2026-07-01 07:57:00,1341.28,D0330,M018,Delhi,0,
T003568,U0118,2026-07-01 08:06:00,572.67,D0810,M035,Jaipur,0,
T003270,U0108,2026-07-01 08:26:00,3684.6,D0549,M023,Ahmedabad,0,
T004419,U0151,2026-07-01 08:28:00,1943.85,D0683,M010,Lucknow,0,
T007203,U0246,2026-07-01 08:42:00,5381.05,D0518,M011,Delhi,0,
T002602,U0087,2026-07-01 08:45:00,560.47,D0536,M030,Ahmedabad,0,
T000282,U0009,2026-07-01 08:46:00,1528.09,D0072,M047,Ahmedabad,0,
T003984,U0132,2026-07-01 08:55:00,1126.65,D0367,M008,Kolkata,0,
T003574,U0118,2026-07-01 08:56:00,451.8,D0095,M035,Jaipur,0,
T002305,U0077,2026-07-01 08:56:00,2494.52,D0129,M017,Chennai,0,
T002545,U0085,2026-07-01 09:06:00,3338.2,D0357,M032,Jaipur,0,
T000018,U0001,2026-07-01 09:06:00,2038.09,D0588,M045,Mumbai,0,
T005469,U0187,2026-07-01 09:07:00,3209.78,D0829,M043,Hyderabad,0,
T005792,U0198,2026-07-01 09:14:00,332.45,D0897,M053,Kolkata,0,
T000788,U0026,2026-07-01 09:16:00,1326.51,D0111,M010,Lucknow,0,
T000037,U0001,2026-07-01 09:17:00,2270.25,D0588,M005,Mumbai,0,
T006141,U0210,2026-07-01 09:20:00,3304.78,D0721,M058,Jaipur,0,
T000660,U0022,2026-07-01 09:21:00,844.13,D0334,M012,Mumbai,0,
T002012,U0067,2026-07-01 09:21:00,1532.0,D0345,M053,Hyderabad,0,
T003337,U0110,2026-07-01 09:24:00,3840.13,D0355,M011,Mumbai,0,
T002796,U0092,2026-07-01 09:31:00,4280.2,D0167,M007,Lucknow,0,
T004363,U0148,2026-07-01 09:31:00,5363.15,D0393,M006,Mumbai,0,
T001998,U0067,2026-07-01 09:37:00,1133.68,D0445,M005,Hyderabad,0,
T006177,U0211,2026-07-01 09:40:00,602.16,D0230,M048,Kolkata,0,
T007144,U0244,2026-07-01 09:42:00,2625.24,D0640,M033,Mumbai,0,
T005646,U0194,2026-07-01 09:42:00,2948.15,D0063,M035,Hyderabad,0,
T006185,U0211,2026-07-01 09:45:00,1066.15,D0230,M048,Kolkata,0,
T002118,U0070,2026-07-01 09:48:00,491.22,D0635,M041,Bengaluru,0,
T003899,U0129,2026-07-01 09:51:00,1843.46,D0426,M060,Kolkata,0,
T001910,U0064,2026-07-01 09:53:00,4726.75,D0368,M033,Kolkata,0,
T006688,U0229,2026-07-01 09:59:00,513.67,D0886,M014,Pune,0,
T000333,U0011,2026-07-01 10:04:00,669.72,D0151,M006,Chennai,0,
T003351,U0111,2026-07-01 10:14:00,2362.88,D0309,M050,Delhi,0,
T002309,U0077,2026-07-01 10:17:00,3429.97,D0129,M025,Chennai,0,
T002829,U0093,2026-07-01 10:24:00,734.21,D0840,M057,Jaipur,0,
T006980,U0238,2026-07-01 10:25:00,2090.98,D0718,M019,Lucknow,0,
T000193,U0006,2026-07-01 10:31:00,3270.03,D0145,M039,Delhi,0,
T002538,U0085,2026-07-01 10:32:00,4211.77,D0357,M012,Jaipur,0,
T003917,U0129,2026-07-01 10:38:00,4844.05,D0426,M060,Kolkata,0,
T003367,U0112,2026-07-01 10:40:00,1383.43,D0854,M045,Jaipur,0,
T007147,U0244,2026-07-01 10:51:00,3990.07,D0640,M033,Mumbai,0,
T002939,U0096,2026-07-01 11:00:00,2666.86,D0002,M017,Pune,0,
T006397,U0218,2026-07-01 11:01:00,509.16,D0271,M018,Lucknow,0,
T003619,U0120,2026-07-01 11:02:00,670.32,D0763,M022,Hyderabad,0,
T000196,U0006,2026-07-01 11:11:00,4245.17,D0145,M006,Delhi,0,
T000320,U0010,2026-07-01 11:12:00,1093.5,D0032,M016,Delhi,0,
T002705,U0090,2026-07-01 11:14:00,331.29,D0667,M050,Lucknow,0,
T000351,U0012,2026-07-01 11:27:00,1135.96,D0844,M010,Chennai,0,
T003336,U0110,2026-07-01 11:28:00,6006.08,D0355,M056,Mumbai,0,
T006555,U0224,2026-07-01 11:28:00,3279.86,D0191,M012,Bengaluru,0,
T006275,U0214,2026-07-01 11:30:00,1711.09,D0674,M016,Jaipur,0,
T007044,U0240,2026-07-01 11:34:00,302.49,D0683,M007,Chennai,0,
T001782,U0060,2026-07-01 11:40:00,5473.96,D0156,M011,Ahmedabad,0,
T007080,U0241,2026-07-01 11:42:00,387.78,D0020,M041,Lucknow,0,
T002080,U0069,2026-07-01 11:42:00,3266.97,D0108,M029,Delhi,0,
T007043,U0240,2026-07-01 11:44:00,484.62,D0683,M019,Chennai,0,
T006460,U0220,2026-07-01 11:45:00,3143.27,D0850,M015,Mumbai,0,
T001911,U0064,2026-07-01 11:47:00,273.78,D0368,M033,Kolkata,0,
T007054,U0241,2026-07-01 12:01:00,361.61,D0020,M006,Lucknow,0,
T001649,U0055,2026-07-01 12:06:00,453.12,D0612,M047,Kolkata,0,
T005121,U0176,2026-07-01 12:10:00,3357.01,D0510,M010,Hyderabad,0,
T006440,U0220,2026-07-01 12:10:00,1800.34,D0850,M015,Mumbai,0,
T003301,U0109,2026-07-01 12:13:00,4480.73,D0831,M022,Pune,0,
T001220,U0042,2026-07-01 12:16:00,2320.77,D0663,M022,Delhi,0,
T002816,U0092,2026-07-01 12:16:00,3354.56,D0167,M033,Lucknow,0,
T004707,U0162,2026-07-01 12:20:00,2404.98,D0174,M006,Pune,0,
T005771,U0197,2026-07-01 12:20:00,2287.44,D0810,M004,Ahmedabad,0,
T002883,U0095,2026-07-01 12:22:00,1269.03,D0808,M056,Jaipur,0,
T004590,U0158,2026-07-01 12:24:00,3787.3,D0070,M048,Delhi,0,
T002202,U0073,2026-07-01 12:25:00,2104.2,D0175,M034,Pune,0,
T004255,U0144,2026-07-01 12:29:00,1060.31,D0465,M006,Lucknow,0,
T004115,U0139,2026-07-01 12:30:00,1898.09,D0275,M022,Kolkata,0,
T001140,U0038,2026-07-01 12:30:00,5295.59,D0045,M032,Hyderabad,0,
T000096,U0003,2026-07-01 12:32:00,67.02,D0682,M057,Delhi,0,
T004210,U0143,2026-07-01 12:33:00,3542.33,D0517,M018,Jaipur,0,
T005848,U0200,2026-07-01 12:34:00,4672.64,D0713,M060,Pune,0,
T002633,U0088,2026-07-01 12:40:00,4183.43,D0182,M027,Bengaluru,0,
T005400,U0185,2026-07-01 12:43:00,739.66,D0391,M054,Pune,0,
T007019,U0239,2026-07-01 12:46:00,1157.36,D0371,M025,Hyderabad,0,
T000637,U0021,2026-07-01 12:46:00,1758.07,D0692,M059,Jaipur,0,
T002293,U0076,2026-07-01 12:50:00,1839.54,D0095,M023,Chennai,0,
T005186,U0178,2026-07-01 12:54:00,1958.39,D0489,M041,Jaipur,0,
T003904,U0129,2026-07-01 12:55:00,3469.1,D0066,M060,Kolkata,0,
T007114,U0242,2026-07-01 12:56:00,3441.33,D0534,M009,Ahmedabad,0,
T007070,U0241,2026-07-01 12:59:00,313.82,D0724,M030,Lucknow,0,
T006436,U0220,2026-07-01 12:59:00,2558.82,D0850,M059,Mumbai,0,
T006216,U0211,2026-07-01 12:59:00,648.58,D0230,M010,Kolkata,0,
T006316,U0215,2026-07-01 13:01:00,2697.97,D0863,M041,Ahmedabad,0,
T000565,U0019,2026-07-01 13:04:00,2226.14,D0397,M027,Kolkata,0,
T002842,U0093,2026-07-01 13:07:00,864.74,D0390,M055,Jaipur,0,
T002111,U0070,2026-07-01 13:07:00,1099.31,D0635,M052,Bengaluru,0,
T006840,U0234,2026-07-01 13:11:00,4283.22,D0029,M053,Jaipur,0,
T002088,U0069,2026-07-01 13:16:00,2145.91,D0108,M056,Delhi,0,
T000846,U0028,2026-07-01 13:20:00,4178.81,D0207,M008,Pune,0,
T006525,U0223,2026-07-01 13:24:00,1380.68,D0315,M058,Ahmedabad,0,
T002395,U0080,2026-07-01 13:25:00,811.04,D0312,M046,Jaipur,0,
T000297,U0009,2026-07-01 13:27:00,1247.38,D0688,M032,Ahmedabad,0,
T006199,U0211,2026-07-01 13:27:00,1331.99,D0230,M048,Kolkata,0,
T007142,U0244,2026-07-01 13:34:00,3100.23,D0640,M002,Mumbai,0,
T002246,U0074,2026-07-01 13:34:00,1896.09,D0366,M035,Ahmedabad,0,
T004307,U0147,2026-07-01 13:34:00,325.34,D0823,M017,Hyderabad,0,
T000621,U0021,2026-07-01 13:34:00,2378.59,D0844,M055,Jaipur,0,
T003438,U0113,2026-07-01 13:34:00,1958.07,D0021,M021,Chennai,0,
T001455,U0048,2026-07-01 13:34:00,587.4,D0540,M008,Jaipur,0,
T005517,U0189,2026-07-01 13:38:00,1465.2,D0410,M021,Lucknow,0,
T001047,U0035,2026-07-01 13:39:00,581.05,D0823,M059,Lucknow,0,
T005677,U0194,2026-07-01 13:42:00,2165.83,D0063,M035,Hyderabad,0,
T005940,U0203,2026-07-01 13:44:00,969.76,D0603,M048,Mumbai,0,
T002549,U0085,2026-07-01 13:45:00,4601.32,D0404,M052,Jaipur,0,
T007194,U0246,2026-07-01 13:46:00,5205.55,D0518,M005,Delhi,0,
T000751,U0025,2026-07-01 13:48:00,1158.91,D0797,M023,Chennai,0,
T005862,U0201,2026-07-01 13:49:00,1727.5,D0116,M038,Pune,0,
T007221,U0247,2026-07-01 13:52:00,3862.97,D0548,M060,Chennai,0,
T006170,U0210,2026-07-01 13:53:00,1411.39,D0721,M016,Jaipur,0,
T000188,U0006,2026-07-01 13:56:00,2246.58,D0145,M027,Delhi,0,
T000838,U0028,2026-07-01 13:58:00,2477.38,D0207,M059,Pune,0,
T002655,U0088,2026-07-01 14:01:00,3582.05,D0182,M018,Bengaluru,0,
T006077,U0208,2026-07-01 14:09:00,798.85,D0831,M015,Chennai,0,
T007062,U0241,2026-07-01 14:09:00,426.72,D0020,M035,Lucknow,0,
T003034,U0099,2026-07-01 14:18:00,1264.79,D0009,M010,Mumbai,0,
T006897,U0235,2026-07-01 14:19:00,1270.12,D0225,M028,Pune,0,
T006490,U0222,2026-07-01 14:21:00,3780.02,D0093,M004,Kolkata,0,
T002673,U0089,2026-07-01 14:21:00,3480.07,D0487,M015,Lucknow,0,
T005884,U0201,2026-07-01 14:23:00,1867.48,D0116,M042,Pune,0,
T001221,U0042,2026-07-01 14:25:00,2272.54,D0330,M018,Delhi,0,
T006590,U0225,2026-07-01 14:33:00,2830.68,D0028,M049,Mumbai,0,
T002588,U0086,2026-07-01 14:36:00,5615.4,D0726,M037,Bengaluru,0,
T001947,U0065,2026-07-01 14:37:00,1689.24,D0530,M015,Bengaluru,0,
T000313,U0010,2026-07-01 14:37:00,1886.83,D0767,M053,Delhi,0,
T002553,U0085,2026-07-01 14:41:00,2852.77,D0357,M032,Jaipur,0,
T003706,U0122,2026-07-01 14:45:00,3479.7,D0648,M003,Ahmedabad,0,
T006961,U0237,2026-07-01 14:46:00,4890.48,D0290,M018,Chennai,0,
T003535,U0117,2026-07-01 14:48:00,3826.37,D0795,M014,Kolkata,0,
T007312,U0250,2026-07-01 14:50:00,3024.46,D0157,M006,Jaipur,0,
T005639,U0193,2026-07-01 14:51:00,4694.4,D0709,M009,Jaipur,0,
T001647,U0055,2026-07-01 14:56:00,561.76,D0612,M052,Kolkata,0,
T003110,U0102,2026-07-01 14:57:00,596.65,D0134,M018,Lucknow,0,
T007245,U0247,2026-07-01 14:57:00,3418.69,D0548,M001,Chennai,0,
T000384,U0014,2026-07-01 15:01:00,6032.44,D0871,M046,Kolkata,0,
T001182,U0040,2026-07-01 15:02:00,3179.91,D0121,M060,Kolkata,0,
T001492,U0049,2026-07-01 15:03:00,1168.9,D0655,M020,Chennai,0,
T003234,U0107,2026-07-01 15:05:00,1078.58,D0878,M036,Bengaluru,0,
T006893,U0235,2026-07-01 15:05:00,887.35,D0225,M052,Pune,0,
T004506,U0155,2026-07-01 15:09:00,1568.5,D0283,M049,Pune,0,
T006360,U0217,2026-07-01 15:09:00,1723.73,D0593,M024,Bengaluru,0,
T004868,U0167,2026-07-01 15:13:00,3424.96,D0298,M033,Hyderabad,0,
T005804,U0198,2026-07-01 15:15:00,468.42,D0424,M050,Kolkata,0,
T006867,U0234,2026-07-01 15:17:00,5418.67,D0194,M006,Jaipur,0,
T006136,U0210,2026-07-01 15:22:00,4370.05,D0721,M016,Jaipur,0,
T001898,U0064,2026-07-01 15:24:00,1104.6,D0368,M033,Kolkata,0,
T002711,U0090,2026-07-01 15:25:00,2004.08,D0667,M015,Lucknow,0,
T003918,U0129,2026-07-01 15:30:00,3361.74,D0066,M041,Kolkata,0,
T005648,U0194,2026-07-01 15:31:00,4491.84,D0063,M035,Hyderabad,0,
T001941,U0065,2026-07-01 15:34:00,1315.79,D0632,M019,Bengaluru,0,
T003095,U0102,2026-07-01 15:34:00,789.2,D0134,M018,Lucknow,0,
T001185,U0040,2026-07-01 15:39:00,5059.68,D0121,M030,Kolkata,0,
T006090,U0208,2026-07-01 15:42:00,698.36,D0831,M059,Chennai,0,
T005576,U0191,2026-07-01 15:42:00,937.05,D0348,M022,Bengaluru,0,
T000348,U0012,2026-07-01 15:47:00,1154.74,D0450,M026,Chennai,0,
T000051,U0002,2026-07-01 15:47:00,2422.21,D0834,M028,Chennai,0,
T003660,U0121,2026-07-01 15:50:00,885.29,D0160,M034,Bengaluru,0,
T004444,U0152,2026-07-01 15:50:00,336.37,D0768,M053,Ahmedabad,0,
T004839,U0166,2026-07-01 15:54:00,193.82,D0555,M051,Lucknow,0,
T002287,U0076,2026-07-01 16:00:00,2170.06,D0020,M001,Chennai,0,
T002818,U0093,2026-07-01 16:02:00,1185.22,D0390,M055,Jaipur,0,
T000901,U0030,2026-07-01 16:07:00,506.25,D0283,M055,Bengaluru,0,
T002365,U0079,2026-07-01 16:21:00,4684.44,D0585,M058,Ahmedabad,0,
T000071,U0002,2026-07-01 16:22:00,4634.17,D0834,M027,Chennai,0,
T001943,U0065,2026-07-01 16:23:00,1050.22,D0632,M019,Bengaluru,0,
T000362,U0012,2026-07-01 16:31:00,2177.51,D0844,M039,Chennai,0,
T001712,U0057,2026-07-01 16:34:00,2472.58,D0052,M050,Delhi,0,
T007172,U0245,2026-07-01 16:34:00,445.02,D0200,M051,Hyderabad,0,
T001756,U0059,2026-07-01 16:38:00,3711.23,D0090,M029,Mumbai,0,
T001075,U0036,2026-07-01 16:39:00,1658.2,D0532,M039,Pune,0,
T004326,U0147,2026-07-01 16:40:00,220.19,D0087,M017,Hyderabad,0,
T001679,U0057,2026-07-01 16:42:00,2032.58,D0052,M007,Delhi,0,
T005310,U0182,2026-07-01 16:44:00,1687.83,D0821,M031,Pune,0,
T001568,U0052,2026-07-01 16:47:00,1669.68,D0111,M002,Pune,0,
T002884,U0095,2026-07-01 16:50:00,3092.0,D0808,M018,Jaipur,0,
T002552,U0085,2026-07-01 16:56:00,3273.7,D0404,M032,Jaipur,0,
T002161,U0071,2026-07-01 17:02:00,762.04,D0890,M059,Chennai,0,
T004296,U0146,2026-07-01 17:07:00,1191.85,D0375,M043,Ahmedabad,0,
T002747,U0090,2026-07-01 17:09:00,1416.66,D0194,M015,Lucknow,0,
T000107,U0003,2026-07-01 17:11:00,1901.75,D0682,M057,Delhi,0,
T003737,U0123,2026-07-01 17:16:00,1860.75,D0254,M023,Bengaluru,0,
T004356,U0148,2026-07-01 17:18:00,2726.54,D0393,M020,Mumbai,0,
T000781,U0026,2026-07-01 17:22:00,3073.41,D0111,M049,Lucknow,0,
T002954,U0097,2026-07-01 17:29:00,1499.21,D0420,M015,Hyderabad,0,
T003092,U0102,2026-07-01 17:36:00,910.29,D0134,M007,Lucknow,0,
T005512,U0189,2026-07-01 17:39:00,1376.19,D0410,M048,Lucknow,0,
T006126,U0209,2026-07-01 17:45:00,2508.16,D0118,M024,Chennai,0,
T002438,U0082,2026-07-01 17:48:00,1343.48,D0332,M038,Mumbai,0,
T001974,U0066,2026-07-01 17:54:00,1094.21,D0461,M054,Kolkata,0,
T000739,U0024,2026-07-01 18:00:00,2755.83,D0201,M028,Ahmedabad,0,
T004478,U0153,2026-07-01 18:00:00,3405.95,D0851,M001,Chennai,0,
T003571,U0118,2026-07-01 18:02:00,786.65,D0810,M020,Jaipur,0,
T007001,U0238,2026-07-01 18:04:00,2094.24,D0864,M033,Lucknow,0,
T002583,U0086,2026-07-01 18:07:00,3388.58,D0726,M025,Bengaluru,0,
T003483,U0116,2026-07-01 18:13:00,4285.74,D0182,M004,Ahmedabad,0,
T005756,U0197,2026-07-01 18:16:00,3396.15,D0810,M045,Ahmedabad,0,
T006658,U0228,2026-07-01 18:24:00,2416.18,D0620,M036,Pune,0,
T000832,U0028,2026-07-01 18:31:00,3584.72,D0207,M059,Pune,0,
T000127,U0004,2026-07-01 18:44:00,2464.06,D0040,M043,Pune,0,
T005974,U0204,2026-07-01 18:49:00,1219.43,D0610,M017,Lucknow,0,
T004079,U0137,2026-07-01 18:51:00,4569.97,D0399,M019,Jaipur,0,
T002076,U0069,2026-07-01 18:54:00,2805.18,D0601,M060,Delhi,0,
T001907,U0064,2026-07-01 19:01:00,2424.2,D0368,M033,Kolkata,0,
T005351,U0183,2026-07-01 19:02:00,1326.1,D0854,M006,Kolkata,0,
T004544,U0156,2026-07-01 19:14:00,618.49,D0756,M028,Ahmedabad,0,
T001239,U0042,2026-07-01 19:16:00,372.15,D0663,M018,Delhi,0,
T005563,U0190,2026-07-01 19:23:00,2932.81,D0382,M003,Lucknow,0,
T000148,U0005,2026-07-01 19:26:00,2776.12,D0716,M042,Mumbai,0,
T006686,U0229,2026-07-01 19:26:00,986.85,D0886,M033,Pune,0,
T005709,U0195,2026-07-01 19:31:00,955.2,D0306,M058,Delhi,0,
T000596,U0020,2026-07-01 19:36:00,1935.44,D0806,M019,Mumbai,0,
T004121,U0139,2026-07-01 19:38:00,1755.42,D0275,M027,Kolkata,0,
T005995,U0205,2026-07-01 19:44:00,2811.78,D0547,M043,Jaipur,0,
T002167,U0071,2026-07-01 19:45:00,243.54,D0827,M048,Chennai,0,
T006664,U0228,2026-07-01 19:47:00,3177.36,D0620,M046,Pune,0,
T001257,U0043,2026-07-01 19:49:00,1788.56,D0414,M039,Jaipur,0,
T004164,U0142,2026-07-01 19:55:00,871.44,D0261,M035,Chennai,0,
T002333,U0078,2026-07-01 19:55:00,2350.97,D0429,M042,Lucknow,0,
T005492,U0188,2026-07-01 19:55:00,3067.22,D0422,M051,Mumbai,0,
T003547,U0118,2026-07-01 20:15:00,393.14,D0095,M005,Jaipur,0,
T001606,U0054,2026-07-01 20:31:00,1307.65,D0700,M040,Lucknow,0,
T000645,U0022,2026-07-01 20:34:00,1692.95,D0334,M019,Mumbai,0,
T004199,U0143,2026-07-01 20:59:00,2878.74,D0517,M015,Jaipur,0,
T004879,U0167,2026-07-01 21:06:00,4710.87,D0841,M016,Hyderabad,0,
T004649,U0160,2026-07-01 21:06:00,2134.8,D0738,M013,Ahmedabad,0,
T004302,U0147,2026-07-01 21:50:00,299.11,D0087,M017,Hyderabad,0,
T000146,U0004,2026-07-01 21:54:00,1797.85,D0040,M045,Pune,0,
T007333,U0250,2026-07-01 22:14:00,4095.15,D0339,M031,Jaipur,0,
T006907,U0235,2026-07-01 23:22:00,962.68,D0225,M022,Pune,0,
T007440,U0070,2026-07-02 01:00:00,36.4,D0635,M041,Bengaluru,1,velocity_burst
T007441,U0070,2026-07-02 01:01:00,83.63,D0635,M023,Bengaluru,1,velocity_burst
T007442,U0070,2026-07-02 01:02:00,12.25,D0635,M012,Bengaluru,1,velocity_burst
T007443,U0070,2026-07-02 01:03:00,81.29,D0635,M054,Bengaluru,1,velocity_burst
T007444,U0070,2026-07-02 01:08:00,71.38,D0635,M047,Bengaluru,1,velocity_burst
T007445,U0070,2026-07-02 01:10:00,37.92,D0635,M053,Bengaluru,1,velocity_burst
T007446,U0070,2026-07-02 01:12:00,45.45,D0635,M032,Bengaluru,1,velocity_burst
T007447,U0070,2026-07-02 01:14:00,36.29,D0635,M044,Bengaluru,1,velocity_burst
T007448,U0070,2026-07-02 01:16:00,110.32,D0635,M048,Bengaluru,1,velocity_burst
T007449,U0070,2026-07-02 01:18:00,84.53,D0635,M058,Bengaluru,1,velocity_burst
T005958,U0204,2026-07-02 03:35:00,1219.07,D0610,M014,Lucknow,0,
T006666,U0228,2026-07-02 04:07:00,4933.68,D0620,M038,Pune,0,
T001078,U0036,2026-07-02 04:36:00,4288.66,D0532,M023,Pune,0,
T002219,U0074,2026-07-02 04:55:00,1500.04,D0583,M043,Ahmedabad,0,
T005583,U0191,2026-07-02 05:26:00,1485.81,D0348,M022,Bengaluru,0,
T002418,U0081,2026-07-02 05:45:00,1695.38,D0371,M032,Bengaluru,0,
T003733,U0123,2026-07-02 05:53:00,2357.87,D0442,M031,Bengaluru,0,
T005943,U0203,2026-07-02 06:07:00,411.06,D0173,M048,Mumbai,0,
T003693,U0122,2026-07-02 06:09:00,4889.65,D0477,M014,Ahmedabad,0,
T004176,U0142,2026-07-02 06:23:00,914.74,D0838,M004,Chennai,0,
T004789,U0164,2026-07-02 06:33:00,3088.98,D0289,M022,Kolkata,0,
T006406,U0218,2026-07-02 06:34:00,444.91,D0271,M014,Lucknow,0,
T002491,U0084,2026-07-02 07:03:00,282.38,D0805,M051,Mumbai,0,
T003673,U0121,2026-07-02 07:12:00,1324.86,D0160,M012,Bengaluru,0,
T004957,U0171,2026-07-02 07:23:00,1385.1,D0455,M007,Lucknow,0,
T004717,U0162,2026-07-02 07:24:00,4021.71,D0174,M022,Pune,0,
T006792,U0232,2026-07-02 07:26:00,2633.82,D0836,M029,Chennai,0,
T004218,U0143,2026-07-02 07:48:00,3066.4,D0159,M030,Jaipur,0,
T000934,U0031,2026-07-02 07:58:00,3890.23,D0674,M056,Jaipur,0,
T006752,U0231,2026-07-02 08:09:00,3926.72,D0749,M028,Bengaluru,0,
T006754,U0231,2026-07-02 08:10:00,3357.53,D0749,M028,Bengaluru,0,
T000249,U0008,2026-07-02 08:15:00,1482.87,D0702,M026,Kolkata,0,
T004001,U0133,2026-07-02 08:23:00,1405.1,D0798,M010,Bengaluru,0,
T002192,U0072,2026-07-02 08:23:00,1006.54,D0038,M009,Bengaluru,0,
T001181,U0040,2026-07-02 08:36:00,3195.23,D0743,M060,Kolkata,0,
T001129,U0038,2026-07-02 08:39:00,3965.37,D0045,M055,Hyderabad,0,
T003799,U0125,2026-07-02 08:41:00,2469.63,D0002,M060,Pune,0,
T003430,U0113,2026-07-02 08:41:00,1615.92,D0021,M038,Chennai,0,
T001818,U0061,2026-07-02 08:49:00,3043.76,D0784,M056,Delhi,0,
T006766,U0231,2026-07-02 08:51:00,3405.99,D0749,M033,Bengaluru,0,
T006340,U0216,2026-07-02 08:58:00,1667.36,D0864,M056,Pune,0,
T003963,U0131,2026-07-02 09:00:00,257.92,D0804,M031,Bengaluru,0,
T003942,U0130,2026-07-02 09:03:00,3732.96,D0892,M039,Ahmedabad,0,
T000973,U0032,2026-07-02 09:05:00,2431.63,D0017,M015,Chennai,0,
T001241,U0042,2026-07-02 09:07:00,1248.82,D0663,M022,Delhi,0,
T002300,U0077,2026-07-02 09:11:00,3204.03,D0129,M001,Chennai,0,
T002372,U0079,2026-07-02 09:21:00,2664.32,D0585,M058,Ahmedabad,0,
T001489,U0049,2026-07-02 09:29:00,2021.28,D0377,M044,Chennai,0,
T000029,U0001,2026-07-02 09:33:00,3344.08,D0395,M006,Mumbai,0,
T000617,U0020,2026-07-02 09:37:00,2078.81,D0806,M019,Mumbai,0,
T001236,U0042,2026-07-02 09:49:00,1436.76,D0663,M014,Delhi,0,
T002360,U0079,2026-07-02 09:53:00,4861.89,D0585,M054,Ahmedabad,0,
T005865,U0201,2026-07-02 09:57:00,632.98,D0116,M042,Pune,0,
T004274,U0145,2026-07-02 09:57:00,4098.96,D0160,M012,Delhi,0,
T007313,U0250,2026-07-02 10:01:00,3775.1,D0157,M031,Jaipur,0,
T003974,U0131,2026-07-02 10:04:00,1552.27,D0804,M044,Bengaluru,0,
T006999,U0238,2026-07-02 10:06:00,2292.03,D0718,M033,Lucknow,0,
T003470,U0115,2026-07-02 10:12:00,1119.71,D0277,M003,Bengaluru,0,
T004514,U0155,2026-07-02 10:13:00,3615.35,D0146,M022,Pune,0,
T000840,U0028,2026-07-02 10:19:00,2572.29,D0207,M040,Pune,0,
T002969,U0097,2026-07-02 10:22:00,1061.93,D0757,M015,Hyderabad,0,
T002027,U0067,2026-07-02 10:26:00,565.04,D0345,M004,Hyderabad,0,
T002017,U0067,2026-07-02 10:27:00,883.68,D0445,M004,Hyderabad,0,
T003896,U0129,2026-07-02 10:32:00,2252.28,D0066,M041,Kolkata,0,
T000068,U0002,2026-07-02 10:32:00,3565.83,D0834,M027,Chennai,0,
T004821,U0165,2026-07-02 10:35:00,2251.0,D0232,M052,Jaipur,0,
T003883,U0128,2026-07-02 10:36:00,2511.36,D0137,M035,Chennai,0,
T003479,U0115,2026-07-02 10:39:00,1760.93,D0277,M056,Bengaluru,0,
T005479,U0188,2026-07-02 10:41:00,2182.41,D0422,M017,Mumbai,0,
T006151,U0210,2026-07-02 10:41:00,2270.21,D0721,M002,Jaipur,0,
T005263,U0180,2026-07-02 10:46:00,1035.07,D0032,M050,Lucknow,0,
T007115,U0242,2026-07-02 10:48:00,4341.36,D0534,M054,Ahmedabad,0,
T000568,U0019,2026-07-02 11:01:00,4029.52,D0397,M047,Kolkata,0,
T004776,U0163,2026-07-02 11:03:00,2783.03,D0352,M027,Ahmedabad,0,
T005712,U0195,2026-07-02 11:07:00,3213.6,D0306,M011,Delhi,0,
T001086,U0037,2026-07-02 11:07:00,937.14,D0444,M052,Hyderabad,0,
T002566,U0086,2026-07-02 11:07:00,5774.5,D0726,M025,Bengaluru,0,
T001234,U0042,2026-07-02 11:08:00,2369.01,D0330,M022,Delhi,0,
T000895,U0030,2026-07-02 11:15:00,721.68,D0596,M002,Bengaluru,0,
T002252,U0075,2026-07-02 11:15:00,1704.62,D0619,M035,Hyderabad,0,
T005181,U0178,2026-07-02 11:16:00,1263.07,D0489,M046,Jaipur,0,
T005922,U0203,2026-07-02 11:18:00,812.93,D0603,M059,Mumbai,0,
T006971,U0238,2026-07-02 11:22:00,3210.53,D0718,M019,Lucknow,0,
T004248,U0144,2026-07-02 11:24:00,1827.71,D0465,M041,Lucknow,0,
T007035,U0240,2026-07-02 11:25:00,269.93,D0683,M002,Chennai,0,
T003726,U0123,2026-07-02 11:29:00,1957.25,D0442,M026,Bengaluru,0,
T003023,U0099,2026-07-02 11:32:00,2254.96,D0009,M048,Mumbai,0,
T006775,U0231,2026-07-02 11:33:00,3373.21,D0749,M014,Bengaluru,0,
T004323,U0147,2026-07-02 11:34:00,261.09,D0823,M017,Hyderabad,0,
T000774,U0026,2026-07-02 11:37:00,2001.5,D0111,M010,Lucknow,0,
T007590,U0109,2026-07-02 11:40:00,5795.82,D0831,M016,Pune,1,zero_day_drain
T005292,U0182,2026-07-02 11:40:00,3355.19,D0821,M039,Pune,0,
T002311,U0077,2026-07-02 11:42:00,3335.19,D0129,M025,Chennai,0,
T003247,U0107,2026-07-02 11:46:00,1197.15,D0878,M010,Bengaluru,0,
T002233,U0074,2026-07-02 11:47:00,2499.27,D0366,M035,Ahmedabad,0,
T000369,U0013,2026-07-02 11:52:00,1166.33,D0308,M020,Lucknow,0,
T007641,U0108,2026-07-02 11:52:00,7584.58,D0167,M012,Ahmedabad,1,zero_day_drain
T000678,U0023,2026-07-02 11:55:00,3648.44,D0148,M026,Lucknow,0,
T005744,U0196,2026-07-02 11:59:00,2323.56,D0283,M016,Delhi,0,
T004656,U0160,2026-07-02 11:59:00,2342.38,D0738,M013,Ahmedabad,0,
T006086,U0208,2026-07-02 12:01:00,1245.9,D0831,M044,Chennai,0,
T003413,U0113,2026-07-02 12:02:00,1233.12,D0021,M021,Chennai,0,
T006864,U0234,2026-07-02 12:07:00,2712.09,D0029,M009,Jaipur,0,
T001653,U0056,2026-07-02 12:07:00,920.89,D0005,M003,Kolkata,0,
T006979,U0238,2026-07-02 12:08:00,1856.66,D0864,M038,Lucknow,0,
T006153,U0210,2026-07-02 12:09:00,3238.5,D0573,M015,Jaipur,0,
T002941,U0096,2026-07-02 12:10:00,2252.2,D0002,M060,Pune,0,
T002398,U0080,2026-07-02 12:12:00,1472.98,D0312,M058,Jaipur,0,
T004704,U0162,2026-07-02 12:13:00,4652.49,D0174,M049,Pune,0,
T005541,U0190,2026-07-02 12:15:00,4385.05,D0566,M030,Lucknow,0,
T001961,U0066,2026-07-02 12:20:00,2050.56,D0727,M008,Kolkata,0,
T001742,U0059,2026-07-02 12:24:00,2237.59,D0090,M043,Mumbai,0,
T006123,U0209,2026-07-02 12:25:00,4612.48,D0118,M010,Chennai,0,
T002288,U0076,2026-07-02 12:26:00,3097.01,D0095,M023,Chennai,0,
T000218,U0007,2026-07-02 12:28:00,3025.06,D0749,M001,Kolkata,0,
T006095,U0208,2026-07-02 12:39:00,958.82,D0831,M015,Chennai,0,
T005317,U0182,2026-07-02 12:41:00,1864.91,D0821,M039,Pune,0,
T000129,U0004,2026-07-02 12:43:00,2576.99,D0040,M009,Pune,0,
T002716,U0090,2026-07-02 12:47:00,1481.96,D0194,M002,Lucknow,0,
T006579,U0224,2026-07-02 12:55:00,6068.05,D0191,M006,Bengaluru,0,
T002127,U0070,2026-07-02 12:57:00,733.45,D0635,M037,Bengaluru,0,
T007611,U0004,2026-07-02 13:04:00,2986.72,D0040,M017,Pune,1,zero_day_drain
T007307,U0250,2026-07-02 13:07:00,1287.66,D0157,M031,Jaipur,0,
T001578,U0053,2026-07-02 13:12:00,3885.84,D0284,M018,Lucknow,0,
T005812,U0198,2026-07-02 13:14:00,501.48,D0897,M053,Kolkata,0,
T000795,U0026,2026-07-02 13:17:00,3059.34,D0111,M049,Lucknow,0,
T005331,U0182,2026-07-02 13:17:00,3461.39,D0821,M039,Pune,0,
T004045,U0135,2026-07-02 13:21:00,2856.63,D0549,M018,Jaipur,0,
T003145,U0104,2026-07-02 13:21:00,1835.9,D0285,M008,Jaipur,0,
T005579,U0191,2026-07-02 13:23:00,1637.87,D0348,M007,Bengaluru,0,
T005802,U0198,2026-07-02 13:24:00,317.74,D0424,M050,Kolkata,0,
T000564,U0019,2026-07-02 13:25:00,3465.59,D0397,M032,Kolkata,0,
T007269,U0248,2026-07-02 13:26:00,470.49,D0495,M037,Lucknow,0,
T000715,U0024,2026-07-02 13:30:00,3284.28,D0800,M028,Ahmedabad,0,
T005559,U0190,2026-07-02 13:33:00,4325.83,D0566,M030,Lucknow,0,
T006442,U0220,2026-07-02 13:36:00,526.28,D0850,M015,Mumbai,0,
T006585,U0225,2026-07-02 13:40:00,3668.14,D0028,M031,Mumbai,0,
T005130,U0177,2026-07-02 13:42:00,2694.86,D0606,M048,Pune,0,
T006541,U0224,2026-07-02 13:42:00,5109.59,D0191,M006,Bengaluru,0,
T001161,U0039,2026-07-02 13:45:00,2991.79,D0364,M038,Pune,0,
T003877,U0128,2026-07-02 13:46:00,1967.75,D0137,M039,Chennai,0,
T001944,U0065,2026-07-02 13:46:00,1057.07,D0632,M048,Bengaluru,0,
T005580,U0191,2026-07-02 13:48:00,2100.37,D0348,M037,Bengaluru,0,
T004082,U0137,2026-07-02 13:49:00,2323.82,D0399,M045,Jaipur,0,
T004057,U0136,2026-07-02 13:50:00,1910.71,D0021,M049,Bengaluru,0,
T003461,U0114,2026-07-02 13:50:00,723.16,D0541,M053,Hyderabad,0,
T002473,U0083,2026-07-02 13:53:00,1413.05,D0210,M031,Pune,0,
T000083,U0003,2026-07-02 13:57:00,1291.51,D0682,M057,Delhi,0,
T000570,U0019,2026-07-02 14:00:00,4606.95,D0397,M058,Kolkata,0,
T003495,U0116,2026-07-02 14:02:00,2296.3,D0182,M011,Ahmedabad,0,
T001262,U0043,2026-07-02 14:05:00,1894.15,D0414,M049,Jaipur,0,
T000705,U0024,2026-07-02 14:06:00,3365.8,D0201,M031,Ahmedabad,0,
T006818,U0233,2026-07-02 14:12:00,4345.72,D0871,M009,Hyderabad,0,
T003986,U0132,2026-07-02 14:17:00,2196.35,D0418,M008,Kolkata,0,
T000130,U0004,2026-07-02 14:22:00,2902.69,D0040,M040,Pune,0,
T001225,U0042,2026-07-02 14:23:00,1348.9,D0330,M011,Delhi,0,
T006623,U0227,2026-07-02 14:27:00,629.05,D0062,M060,Pune,0,
T000567,U0019,2026-07-02 14:30:00,3240.7,D0397,M016,Kolkata,0,
T000728,U0024,2026-07-02 14:38:00,2667.52,D0800,M028,Ahmedabad,0,
T006225,U0212,2026-07-02 14:40:00,2426.38,D0825,M059,Jaipur,0,
T002958,U0097,2026-07-02 14:41:00,815.98,D0420,M036,Hyderabad,0,
T007316,U0250,2026-07-02 14:42:00,6340.68,D0157,M054,Jaipur,0,
T003427,U0113,2026-07-02 14:56:00,2132.44,D0021,M054,Chennai,0,
T005487,U0188,2026-07-02 14:59:00,4157.27,D0422,M043,Mumbai,0,
T005831,U0199,2026-07-02 15:03:00,1234.77,D0422,M027,Hyderabad,0,
T007051,U0241,2026-07-02 15:04:00,351.08,D0724,M006,Lucknow,0,
T000476,U0016,2026-07-02 15:09:00,461.31,D0647,M024,Ahmedabad,0,
T000625,U0021,2026-07-02 15:14:00,1701.92,D0844,M059,Jaipur,0,
T005444,U0187,2026-07-02 15:14:00,5553.66,D0829,M055,Hyderabad,0,
T000800,U0026,2026-07-02 15:18:00,3572.35,D0111,M049,Lucknow,0,
T003691,U0122,2026-07-02 15:21:00,4323.89,D0648,M014,Ahmedabad,0,
T004946,U0170,2026-07-02 15:24:00,108.42,D0199,M019,Chennai,0,
T005932,U0203,2026-07-02 15:25:00,891.26,D0603,M059,Mumbai,0,
T001850,U0063,2026-07-02 15:29:00,1929.72,D0853,M026,Lucknow,0,
T004767,U0163,2026-07-02 15:31:00,2175.93,D0352,M027,Ahmedabad,0,
T000697,U0023,2026-07-02 15:34:00,3811.82,D0148,M026,Lucknow,0,
T006910,U0235,2026-07-02 15:35:00,983.44,D0225,M029,Pune,0,
T002206,U0073,2026-07-02 15:36:00,3491.64,D0175,M056,Pune,0,
T004087,U0137,2026-07-02 15:37:00,3202.72,D0399,M015,Jaipur,0,
T001900,U0064,2026-07-02 15:37:00,2691.19,D0368,M035,Kolkata,0,
T001939,U0065,2026-07-02 15:37:00,1594.31,D0530,M033,Bengaluru,0,
T000792,U0026,2026-07-02 15:39:00,2716.92,D0111,M010,Lucknow,0,
T006432,U0219,2026-07-02 15:40:00,2240.12,D0826,M032,Chennai,0,
T007047,U0240,2026-07-02 15:45:00,362.92,D0683,M007,Chennai,0,
T002680,U0089,2026-07-02 15:45:00,2303.92,D0487,M023,Lucknow,0,
T005907,U0202,2026-07-02 15:45:00,3898.39,D0153,M038,Hyderabad,0,
T004372,U0149,2026-07-02 15:50:00,5144.12,D0409,M024,Hyderabad,0,
T000604,U0020,2026-07-02 15:56:00,1986.44,D0806,M019,Mumbai,0,
T000294,U0009,2026-07-02 15:57:00,1748.26,D0072,M032,Ahmedabad,0,
T007414,U0238,2026-07-02 16:00:00,95.35,D0718,M026,Lucknow,1,velocity_burst
T007415,U0238,2026-07-02 16:01:00,73.51,D0718,M025,Lucknow,1,velocity_burst
T007417,U0238,2026-07-02 16:03:00,83.33,D0718,M007,Lucknow,1,velocity_burst
T003713,U0123,2026-07-02 16:04:00,1765.38,D0442,M026,Bengaluru,0,
T007416,U0238,2026-07-02 16:04:00,88.94,D0718,M055,Lucknow,1,velocity_burst
T003511,U0116,2026-07-02 16:06:00,3865.15,D0182,M030,Ahmedabad,0,
T007418,U0238,2026-07-02 16:08:00,24.01,D0718,M058,Lucknow,1,velocity_burst
T007422,U0238,2026-07-02 16:08:00,119.63,D0718,M024,Lucknow,1,velocity_burst
T007131,U0243,2026-07-02 16:09:00,581.11,D0862,M029,Pune,0,
T007419,U0238,2026-07-02 16:10:00,148.27,D0718,M059,Lucknow,1,velocity_burst
T000964,U0032,2026-07-02 16:12:00,2503.6,D0017,M048,Chennai,0,
T007420,U0238,2026-07-02 16:12:00,56.54,D0718,M034,Lucknow,1,velocity_burst
T006618,U0226,2026-07-02 16:12:00,1236.74,D0794,M031,Jaipur,0,
T006829,U0233,2026-07-02 16:13:00,2979.17,D0871,M028,Hyderabad,0,
T003887,U0128,2026-07-02 16:13:00,4541.87,D0137,M009,Chennai,0,
T007421,U0238,2026-07-02 16:14:00,12.17,D0718,M001,Lucknow,1,velocity_burst
T004982,U0171,2026-07-02 16:15:00,1518.85,D0417,M032,Lucknow,0,
T003746,U0123,2026-07-02 16:17:00,2370.87,D0254,M031,Bengaluru,0,
T002054,U0068,2026-07-02 16:19:00,1336.85,D0439,M018,Mumbai,0,
T005267,U0181,2026-07-02 16:20:00,3036.97,D0879,M010,Kolkata,0,
T005590,U0191,2026-07-02 16:21:00,1065.26,D0348,M037,Bengaluru,0,
T000519,U0017,2026-07-02 16:23:00,3745.8,D0170,M007,Pune,0,
T003808,U0125,2026-07-02 16:24:00,3022.57,D0002,M056,Pune,0,
T005163,U0178,2026-07-02 16:24:00,2077.47,D0489,M049,Jaipur,0,
T000138,U0004,2026-07-02 16:39:00,1430.64,D0040,M043,Pune,0,
T007629,U0078,2026-07-02 16:39:00,5580.06,D0429,M001,Lucknow,1,zero_day_drain
T000991,U0033,2026-07-02 16:40:00,424.14,D0677,M026,Lucknow,0,
T004617,U0158,2026-07-02 16:42:00,2826.18,D0159,M011,Delhi,0,
T003859,U0128,2026-07-02 16:46:00,3506.69,D0137,M039,Chennai,0,
T001723,U0058,2026-07-02 16:50:00,813.62,D0493,M010,Pune,0,
T002228,U0074,2026-07-02 16:50:00,1937.81,D0366,M043,Ahmedabad,0,
T006056,U0207,2026-07-02 16:52:00,1187.45,D0392,M038,Hyderabad,0,
T005511,U0189,2026-07-02 16:52:00,2509.96,D0410,M044,Lucknow,0,
T006210,U0211,2026-07-02 16:55:00,1062.31,D0230,M005,Kolkata,0,
T005038,U0174,2026-07-02 16:55:00,3092.6,D0862,M003,Hyderabad,0,
T004859,U0167,2026-07-02 16:57:00,2154.1,D0298,M054,Hyderabad,0,
T006938,U0236,2026-07-02 17:06:00,5178.4,D0524,M058,Delhi,0,
T000356,U0012,2026-07-02 17:12:00,1199.19,D0844,M026,Chennai,0,
T001495,U0050,2026-07-02 17:12:00,4067.07,D0142,M026,Bengaluru,0,
T001776,U0060,2026-07-02 17:17:00,976.24,D0156,M006,Ahmedabad,0,
T005560,U0190,2026-07-02 17:18:00,3193.79,D0566,M030,Lucknow,0,
T000978,U0033,2026-07-02 17:40:00,794.23,D0677,M060,Lucknow,0,
T005236,U0179,2026-07-02 17:40:00,3623.48,D0651,M033,Pune,0,
T003267,U0108,2026-07-02 17:43:00,4493.66,D0167,M043,Ahmedabad,0,
T001557,U0052,2026-07-02 17:47:00,1967.76,D0111,M059,Pune,0,
T000117,U0004,2026-07-02 17:49:00,774.37,D0040,M045,Pune,0,
T002840,U0093,2026-07-02 17:50:00,1778.31,D0840,M055,Jaipur,0,
T001672,U0057,2026-07-02 17:55:00,1563.78,D0220,M052,Delhi,0,
T004635,U0159,2026-07-02 17:58:00,2048.16,D0721,M004,Chennai,0,
T000428,U0015,2026-07-02 18:04:00,4114.28,D0633,M018,Pune,0,
T000340,U0011,2026-07-02 18:05:00,1043.06,D0289,M047,Chennai,0,
T005986,U0204,2026-07-02 18:09:00,1097.09,D0610,M044,Lucknow,0,
T004561,U0157,2026-07-02 18:12:00,1384.28,D0427,M041,Bengaluru,0,
T004070,U0137,2026-07-02 18:16:00,4824.3,D0399,M019,Jaipur,0,
T000766,U0025,2026-07-02 18:23:00,824.28,D0797,M045,Chennai,0,
T003849,U0128,2026-07-02 18:34:00,2512.48,D0137,M039,Chennai,0,
T004670,U0160,2026-07-02 18:34:00,1195.42,D0738,M057,Ahmedabad,0,
T007215,U0246,2026-07-02 18:51:00,3752.2,D0201,M011,Delhi,0,
T006709,U0229,2026-07-02 18:52:00,569.55,D0886,M014,Pune,0,
T004207,U0143,2026-07-02 18:55:00,5374.11,D0159,M032,Jaipur,0,
T005755,U0197,2026-07-02 18:58:00,5706.15,D0810,M031,Ahmedabad,0,
T003711,U0122,2026-07-02 18:59:00,2485.33,D0648,M003,Ahmedabad,0,
T000695,U0023,2026-07-02 19:03:00,3381.58,D0148,M059,Lucknow,0,
T000099,U0003,2026-07-02 19:05:00,2378.82,D0682,M027,Delhi,0,
T000509,U0017,2026-07-02 19:12:00,4090.15,D0170,M009,Pune,0,
T005567,U0190,2026-07-02 19:14:00,1896.39,D0382,M029,Lucknow,0,
T001176,U0040,2026-07-02 19:17:00,2762.93,D0121,M051,Kolkata,0,
T003604,U0119,2026-07-02 19:19:00,3482.4,D0555,M030,Ahmedabad,0,
T000875,U0029,2026-07-02 19:24:00,2798.98,D0180,M048,Jaipur,0,
T007163,U0244,2026-07-02 19:28:00,4053.31,D0640,M002,Mumbai,0,
T002396,U0080,2026-07-02 19:30:00,1947.39,D0312,M058,Jaipur,0,
T002900,U0095,2026-07-02 19:30:00,2306.56,D0808,M024,Jaipur,0,
T002850,U0094,2026-07-02 19:36:00,1282.51,D0059,M003,Mumbai,0,
T005599,U0192,2026-07-02 19:43:00,428.02,D0090,M016,Ahmedabad,0,
T001842,U0062,2026-07-02 19:45:00,853.88,D0584,M031,Hyderabad,0,
T005259,U0180,2026-07-02 19:54:00,2398.1,D0032,M009,Lucknow,0,
T001461,U0048,2026-07-02 20:02:00,518.51,D0540,M055,Jaipur,0,
T003297,U0109,2026-07-02 20:06:00,4711.71,D0831,M022,Pune,0,
T003374,U0112,2026-07-02 20:19:00,462.5,D0854,M053,Jaipur,0,
T006483,U0221,2026-07-02 20:27:00,3521.36,D0718,M058,Chennai,0,
T006676,U0229,2026-07-02 20:48:00,868.82,D0886,M017,Pune,0,
T004703,U0162,2026-07-02 20:53:00,3242.67,D0174,M059,Pune,0,
T006670,U0228,2026-07-02 21:06:00,2751.37,D0620,M051,Pune,0,
T003193,U0105,2026-07-02 21:26:00,798.08,D0715,M056,Mumbai,0,
T002918,U0096,2026-07-02 21:30:00,2929.51,D0002,M030,Pune,0,
T003159,U0104,2026-07-02 21:32:00,2068.63,D0285,M014,Jaipur,0,
T006206,U0211,2026-07-02 21:47:00,1583.34,D0230,M005,Kolkata,0,
T000049,U0002,2026-07-02 22:09:00,2745.87,D0834,M047,Chennai,0,
T000908,U0031,2026-07-02 22:34:00,2290.59,D0674,M011,Jaipur,0,
T003031,U0099,2026-07-02 22:52:00,764.33,D0009,M010,Mumbai,0,
T006228,U0212,2026-07-02 23:18:00,3281.16,D0825,M059,Jaipur,0,
T003868,U0128,2026-07-02 23:18:00,2464.43,D0137,M035,Chennai,0,
T007025,U0239,2026-07-02 23:24:00,1512.59,D0368,M032,Hyderabad,0,
T006660,U0228,2026-07-02 23:31:00,4965.57,D0620,M051,Pune,0,
T000095,U0003,2026-07-02 23:42:00,1666.92,D0682,M057,Delhi,0,
T006211,U0211,2026-07-02 23:55:00,807.64,D0230,M005,Kolkata,0,
T006836,U0233,2026-07-03 02:28:00,3080.03,D0871,M013,Hyderabad,0,
T003210,U0106,2026-07-03 03:20:00,2170.4,D0082,M031,Hyderabad,0,
T004944,U0170,2026-07-03 03:26:00,514.02,D0714,M017,Chennai,0,
T006190,U0211,2026-07-03 04:15:00,954.76,D0230,M005,Kolkata,0,
T000583,U0020,2026-07-03 04:48:00,3963.94,D0806,M018,Mumbai,0,
T003175,U0104,2026-07-03 05:44:00,1849.2,D0112,M008,Jaipur,0,
T005944,U0203,2026-07-03 06:28:00,1023.78,D0173,M014,Mumbai,0,
T001252,U0042,2026-07-03 06:31:00,1754.2,D0663,M022,Delhi,0,
T004138,U0140,2026-07-03 06:35:00,1279.94,D0330,M020,Ahmedabad,0,
T001362,U0046,2026-07-03 06:44:00,3085.87,D0838,M015,Hyderabad,0,
T005095,U0176,2026-07-03 06:51:00,4489.9,D0637,M010,Hyderabad,0,
T000041,U0002,2026-07-03 06:55:00,5178.59,D0834,M032,Chennai,0,
T000580,U0020,2026-07-03 06:59:00,3524.01,D0806,M008,Mumbai,0,
T004375,U0149,2026-07-03 07:11:00,1872.59,D0737,M024,Hyderabad,0,
T003758,U0124,2026-07-03 07:14:00,807.42,D0856,M010,Lucknow,0,
T000833,U0028,2026-07-03 07:18:00,1740.06,D0207,M059,Pune,0,
T001138,U0038,2026-07-03 07:20:00,2964.01,D0045,M055,Hyderabad,0,
T003885,U0128,2026-07-03 07:35:00,1334.63,D0137,M055,Chennai,0,
T002977,U0097,2026-07-03 07:35:00,1355.53,D0420,M036,Hyderabad,0,
T004845,U0166,2026-07-03 07:43:00,431.14,D0005,M002,Lucknow,0,
T003820,U0126,2026-07-03 07:55:00,989.12,D0422,M009,Ahmedabad,0,
T002940,U0096,2026-07-03 08:00:00,2209.87,D0002,M017,Pune,0,
T002646,U0088,2026-07-03 08:01:00,2855.82,D0182,M057,Bengaluru,0,
T003962,U0131,2026-07-03 08:06:00,1846.26,D0804,M031,Bengaluru,0,
T001987,U0066,2026-07-03 08:06:00,1052.31,D0727,M050,Kolkata,0,
T006843,U0234,2026-07-03 08:06:00,2849.11,D0029,M056,Jaipur,0,
T002029,U0067,2026-07-03 08:09:00,1156.36,D0345,M004,Hyderabad,0,
T004963,U0171,2026-07-03 08:16:00,2402.46,D0417,M007,Lucknow,0,
T000181,U0006,2026-07-03 08:23:00,3639.75,D0393,M006,Delhi,0,
T004869,U0167,2026-07-03 08:24:00,5248.0,D0841,M054,Hyderabad,0,
T003472,U0115,2026-07-03 08:25:00,1163.82,D0277,M043,Bengaluru,0,
T003704,U0122,2026-07-03 08:26:00,20.0,D0648,M003,Ahmedabad,0,
T005547,U0190,2026-07-03 08:26:00,3576.33,D0566,M029,Lucknow,0,
T001980,U0066,2026-07-03 08:46:00,552.92,D0727,M050,Kolkata,0,
T001823,U0062,2026-07-03 08:48:00,380.98,D0584,M028,Hyderabad,0,
T000534,U0018,2026-07-03 08:53:00,1545.15,D0402,M033,Pune,0,
T003361,U0111,2026-07-03 08:53:00,3221.94,D0309,M050,Delhi,0,
T004120,U0139,2026-07-03 08:58:00,903.15,D0275,M027,Kolkata,0,
T006684,U0229,2026-07-03 09:00:00,1527.82,D0886,M018,Pune,0,
T007309,U0250,2026-07-03 09:02:00,5363.26,D0157,M006,Jaipur,0,
T000950,U0032,2026-07-03 09:03:00,1757.79,D0597,M015,Chennai,0,
T005249,U0180,2026-07-03 09:08:00,2220.83,D0032,M009,Lucknow,0,
T000212,U0007,2026-07-03 09:13:00,4667.95,D0749,M048,Kolkata,0,
T004242,U0144,2026-07-03 09:19:00,1258.65,D0465,M044,Lucknow,0,
T007624,U0065,2026-07-03 09:20:00,2470.04,D0530,M052,Bengaluru,1,zero_day_drain
T001167,U0039,2026-07-03 09:26:00,3196.04,D0364,M058,Pune,0,
T006503,U0222,2026-07-03 09:28:00,4540.42,D0093,M039,Kolkata,0,
T002390,U0080,2026-07-03 09:29:00,20.0,D0005,M003,Jaipur,0,
T007242,U0247,2026-07-03 09:29:00,2341.27,D0548,M029,Chennai,0,
T005999,U0205,2026-07-03 09:32:00,4174.33,D0547,M049,Jaipur,0,
T003526,U0117,2026-07-03 09:35:00,5187.26,D0795,M009,Kolkata,0,
T000464,U0015,2026-07-03 09:48:00,2359.63,D0633,M018,Pune,0,
T001805,U0061,2026-07-03 09:50:00,4305.34,D0515,M033,Delhi,0,
T000390,U0014,2026-07-03 09:50:00,4543.65,D0871,M041,Kolkata,0,
T005079,U0175,2026-07-03 09:51:00,5696.08,D0255,M057,Lucknow,0,
T006609,U0226,2026-07-03 09:51:00,1085.31,D0794,M026,Jaipur,0,
T003510,U0116,2026-07-03 10:02:00,2700.61,D0182,M059,Ahmedabad,0,
T004448,U0152,2026-07-03 10:03:00,310.94,D0768,M023,Ahmedabad,0,
T004055,U0136,2026-07-03 10:08:00,1964.11,D0021,M035,Bengaluru,0,
T005681,U0194,2026-07-03 10:09:00,4172.51,D0063,M014,Hyderabad,0,
T001675,U0057,2026-07-03 10:10:00,2659.21,D0220,M050,Delhi,0,
T004993,U0172,2026-07-03 10:24:00,3016.2,D0403,M029,Chennai,0,
T000904,U0030,2026-07-03 10:28:00,810.93,D0596,M002,Bengaluru,0,
T003652,U0120,2026-07-03 10:30:00,885.42,D0763,M013,Hyderabad,0,
T001584,U0053,2026-07-03 10:31:00,4759.5,D0284,M018,Lucknow,0,
T000310,U0010,2026-07-03 10:32:00,1087.91,D0032,M018,Delhi,0,
T004395,U0150,2026-07-03 10:38:00,2160.97,D0454,M027,Delhi,0,
T004661,U0160,2026-07-03 11:02:00,2753.89,D0738,M057,Ahmedabad,0,
T004161,U0142,2026-07-03 11:03:00,1024.46,D0838,M053,Chennai,0,
T000332,U0011,2026-07-03 11:06:00,1074.0,D0151,M007,Chennai,0,
T006239,U0212,2026-07-03 11:06:00,2468.31,D0825,M059,Jaipur,0,
T002605,U0087,2026-07-03 11:06:00,395.49,D0660,M013,Ahmedabad,0,
T005525,U0189,2026-07-03 11:08:00,2303.92,D0410,M011,Lucknow,0,
T004901,U0169,2026-07-03 11:09:00,723.0,D0220,M043,Hyderabad,0,
T000587,U0020,2026-07-03 11:11:00,3442.43,D0806,M018,Mumbai,0,
T001254,U0043,2026-07-03 11:17:00,1549.39,D0414,M013,Jaipur,0,
T005666,U0194,2026-07-03 11:18:00,1823.84,D0063,M027,Hyderabad,0,
T005286,U0181,2026-07-03 11:19:00,2157.84,D0879,M010,Kolkata,0,
T001611,U0054,2026-07-03 11:20:00,3407.47,D0255,M007,Lucknow,0,
T001000,U0033,2026-07-03 11:30:00,1380.1,D0677,M060,Lucknow,0,
T006539,U0224,2026-07-03 11:32:00,5334.91,D0191,M006,Bengaluru,0,
T004892,U0168,2026-07-03 11:35:00,4478.8,D0867,M058,Hyderabad,0,
T000386,U0014,2026-07-03 11:37:00,2271.87,D0237,M046,Kolkata,0,
T005873,U0201,2026-07-03 11:39:00,578.85,D0116,M042,Pune,0,
T001547,U0052,2026-07-03 11:40:00,1191.45,D0111,M001,Pune,0,
T002277,U0076,2026-07-03 11:40:00,1498.35,D0020,M050,Chennai,0,
T001178,U0040,2026-07-03 11:42:00,4132.07,D0121,M051,Kolkata,0,
T005933,U0203,2026-07-03 11:42:00,946.34,D0173,M048,Mumbai,0,
T003431,U0113,2026-07-03 11:47:00,1422.18,D0021,M055,Chennai,0,
T003870,U0128,2026-07-03 11:48:00,3653.12,D0137,M039,Chennai,0,
T000116,U0004,2026-07-03 11:50:00,1620.0,D0040,M055,Pune,0,
T007630,U0078,2026-07-03 11:52:00,4918.57,D0429,M053,Lucknow,1,zero_day_drain
T007587,U0033,2026-07-03 11:53:00,2750.49,D0677,M023,Lucknow,1,zero_day_drain
T003107,U0102,2026-07-03 11:56:00,400.48,D0731,M018,Lucknow,0,
T000984,U0033,2026-07-03 11:56:00,1835.0,D0677,M022,Lucknow,0,
T006209,U0211,2026-07-03 12:07:00,508.31,D0230,M010,Kolkata,0,
T005892,U0201,2026-07-03 12:07:00,979.23,D0116,M038,Pune,0,
T006144,U0210,2026-07-03 12:09:00,4216.89,D0721,M015,Jaipur,0,
T002882,U0095,2026-07-03 12:17:00,3344.91,D0808,M056,Jaipur,0,
T005204,U0179,2026-07-03 12:19:00,3351.14,D0651,M047,Pune,0,
T000974,U0032,2026-07-03 12:24:00,1150.79,D0017,M028,Chennai,0,
T006156,U0210,2026-07-03 12:26:00,3632.8,D0573,M002,Jaipur,0,
T004182,U0142,2026-07-03 12:32:00,762.17,D0838,M004,Chennai,0,
T007612,U0004,2026-07-03 12:34:00,3853.52,D0040,M016,Pune,1,zero_day_drain
T000288,U0009,2026-07-03 12:36:00,2280.52,D0072,M047,Ahmedabad,0,
T003106,U0102,2026-07-03 12:41:00,566.66,D0731,M013,Lucknow,0,
T001531,U0051,2026-07-03 12:45:00,3392.89,D0126,M044,Kolkata,0,
T002862,U0094,2026-07-03 12:49:00,1602.91,D0886,M046,Mumbai,0,
T007090,U0242,2026-07-03 12:50:00,3239.96,D0534,M054,Ahmedabad,0,
T000287,U0009,2026-07-03 12:52:00,1518.3,D0072,M056,Ahmedabad,0,
T004954,U0171,2026-07-03 12:55:00,3355.92,D0417,M007,Lucknow,0,
T007319,U0250,2026-07-03 12:57:00,5946.01,D0339,M026,Jaipur,0,
T001187,U0040,2026-07-03 13:00:00,1001.75,D0121,M030,Kolkata,0,
T003707,U0122,2026-07-03 13:02:00,3878.51,D0477,M003,Ahmedabad,0,
T001621,U0055,2026-07-03 13:02:00,214.36,D0612,M057,Kolkata,0,
T002257,U0075,2026-07-03 13:04:00,463.98,D0766,M052,Hyderabad,0,
T007040,U0240,2026-07-03 13:06:00,530.45,D0683,M011,Chennai,0,
T002087,U0069,2026-07-03 13:12:00,3384.38,D0601,M029,Delhi,0,
T006794,U0232,2026-07-03 13:14:00,4134.07,D0836,M043,Chennai,0,
T006294,U0215,2026-07-03 13:17:00,2904.18,D0863,M043,Ahmedabad,0,
T005465,U0187,2026-07-03 13:20:00,4194.6,D0829,M015,Hyderabad,0,
T002212,U0073,2026-07-03 13:20:00,3048.84,D0175,M034,Pune,0,
T001215,U0042,2026-07-03 13:23:00,3199.03,D0330,M011,Delhi,0,
T003372,U0112,2026-07-03 13:26:00,1719.77,D0704,M052,Jaipur,0,
T002107,U0070,2026-07-03 13:30:00,1000.95,D0635,M041,Bengaluru,0,
T004915,U0169,2026-07-03 13:31:00,1142.93,D0220,M059,Hyderabad,0,
T000213,U0007,2026-07-03 13:34:00,2499.0,D0749,M001,Kolkata,0,
T002510,U0084,2026-07-03 13:39:00,1455.25,D0805,M014,Mumbai,0,
T000080,U0003,2026-07-03 13:42:00,1386.63,D0682,M057,Delhi,0,
T005757,U0197,2026-07-03 13:43:00,4144.06,D0810,M004,Ahmedabad,0,
T007294,U0249,2026-07-03 13:46:00,2055.19,D0637,M028,Kolkata,0,
T005914,U0202,2026-07-03 13:48:00,2350.96,D0153,M012,Hyderabad,0,
T006570,U0224,2026-07-03 13:51:00,2956.65,D0191,M008,Bengaluru,0,
T005929,U0203,2026-07-03 13:52:00,491.75,D0603,M059,Mumbai,0,
T007034,U0240,2026-07-03 13:57:00,307.02,D0683,M019,Chennai,0,
T003057,U0100,2026-07-03 14:01:00,1690.29,D0512,M051,Kolkata,0,
T001072,U0036,2026-07-03 14:03:00,4087.73,D0532,M039,Pune,0,
T000155,U0005,2026-07-03 14:04:00,2898.64,D0716,M008,Mumbai,0,
T006657,U0228,2026-07-03 14:07:00,3509.09,D0620,M051,Pune,0,
T004938,U0170,2026-07-03 14:08:00,60.57,D0714,M042,Chennai,0,
T005058,U0174,2026-07-03 14:09:00,2429.96,D0862,M003,Hyderabad,0,
T004749,U0163,2026-07-03 14:12:00,2941.77,D0352,M016,Ahmedabad,0,
T001092,U0037,2026-07-03 14:15:00,1985.16,D0444,M014,Hyderabad,0,
T007075,U0241,2026-07-03 14:21:00,540.38,D0020,M027,Lucknow,0,
T003373,U0112,2026-07-03 14:25:00,552.87,D0704,M045,Jaipur,0,
T007036,U0240,2026-07-03 14:27:00,527.53,D0683,M056,Chennai,0,
T006895,U0235,2026-07-03 14:27:00,1004.66,D0225,M009,Pune,0,
T001752,U0059,2026-07-03 14:28:00,3145.02,D0090,M055,Mumbai,0,
T006150,U0210,2026-07-03 14:29:00,2659.18,D0721,M008,Jaipur,0,
T000399,U0014,2026-07-03 14:32:00,3277.72,D0237,M046,Kolkata,0,
T003396,U0112,2026-07-03 14:34:00,1177.41,D0854,M006,Jaipur,0,
T006996,U0238,2026-07-03 14:36:00,2051.5,D0718,M033,Lucknow,0,
T002700,U0089,2026-07-03 14:42:00,3560.9,D0487,M023,Lucknow,0,
T003592,U0119,2026-07-03 14:43:00,3589.96,D0668,M028,Ahmedabad,0,
T003926,U0129,2026-07-03 14:44:00,3029.24,D0426,M041,Kolkata,0,
T000661,U0022,2026-07-03 14:46:00,1044.37,D0279,M055,Mumbai,0,
T004943,U0170,2026-07-03 14:52:00,402.57,D0714,M017,Chennai,0,
T002679,U0089,2026-07-03 14:52:00,2442.79,D0487,M015,Lucknow,0,
T006358,U0217,2026-07-03 14:54:00,6405.42,D0427,M012,Bengaluru,0,
T005669,U0194,2026-07-03 15:02:00,2474.93,D0063,M035,Hyderabad,0,
T005795,U0198,2026-07-03 15:03:00,528.16,D0424,M053,Kolkata,0,
T004257,U0144,2026-07-03 15:04:00,914.14,D0465,M041,Lucknow,0,
T003474,U0115,2026-07-03 15:05:00,1354.91,D0277,M015,Bengaluru,0,
T000821,U0027,2026-07-03 15:07:00,484.15,D0041,M046,Jaipur,0,
T006094,U0208,2026-07-03 15:08:00,719.9,D0831,M059,Chennai,0,
T005108,U0176,2026-07-03 15:09:00,3836.32,D0510,M010,Hyderabad,0,
T001569,U0052,2026-07-03 15:15:00,1282.24,D0573,M001,Pune,0,
T004022,U0134,2026-07-03 15:21:00,2533.61,D0117,M043,Delhi,0,
T006767,U0231,2026-07-03 15:22:00,3242.41,D0749,M049,Bengaluru,0,
T004798,U0165,2026-07-03 15:22:00,2375.96,D0232,M035,Jaipur,0,
T001393,U0046,2026-07-03 15:23:00,3698.69,D0715,M015,Hyderabad,0,
T004918,U0170,2026-07-03 15:27:00,365.06,D0714,M042,Chennai,0,
T004279,U0145,2026-07-03 15:27:00,2471.28,D0160,M003,Delhi,0,
T004137,U0140,2026-07-03 15:28:00,821.06,D0330,M027,Ahmedabad,0,
T005834,U0199,2026-07-03 15:36:00,1609.28,D0422,M028,Hyderabad,0,
T000205,U0007,2026-07-03 15:40:00,20.0,D0749,M047,Kolkata,0,
T003919,U0129,2026-07-03 15:42:00,2687.08,D0426,M032,Kolkata,0,
T003377,U0112,2026-07-03 15:43:00,860.57,D0854,M042,Jaipur,0,
T006789,U0232,2026-07-03 15:46:00,2007.37,D0836,M008,Chennai,0,
T003268,U0108,2026-07-03 15:48:00,3004.4,D0549,M044,Ahmedabad,0,
T006845,U0234,2026-07-03 15:49:00,2765.97,D0029,M056,Jaipur,0,
T007028,U0240,2026-07-03 15:56:00,319.79,D0683,M002,Chennai,0,
T001762,U0059,2026-07-03 16:04:00,2118.24,D0090,M031,Mumbai,0,
T005618,U0192,2026-07-03 16:05:00,882.61,D0100,M012,Ahmedabad,0,
T000064,U0002,2026-07-03 16:06:00,5858.36,D0834,M047,Chennai,0,
T001246,U0042,2026-07-03 16:07:00,1907.42,D0663,M022,Delhi,0,
T007598,U0183,2026-07-03 16:07:00,3136.98,D0854,M049,Kolkata,1,zero_day_drain
T002820,U0093,2026-07-03 16:12:00,844.05,D0840,M055,Jaipur,0,
T005584,U0191,2026-07-03 16:14:00,1194.16,D0348,M022,Bengaluru,0,
T006959,U0237,2026-07-03 16:15:00,3114.57,D0184,M038,Chennai,0,
T003688,U0122,2026-07-03 16:15:00,4409.22,D0648,M003,Ahmedabad,0,
T001300,U0044,2026-07-03 16:16:00,784.51,D0661,M012,Kolkata,0,
T005462,U0187,2026-07-03 16:18:00,4212.53,D0829,M004,Hyderabad,0,
T001813,U0061,2026-07-03 16:23:00,3186.12,D0515,M033,Delhi,0,
T000670,U0023,2026-07-03 16:25:00,3263.96,D0148,M026,Lucknow,0,
T001296,U0044,2026-07-03 16:28:00,1281.61,D0661,M036,Kolkata,0,
T003037,U0099,2026-07-03 16:32:00,1053.81,D0009,M010,Mumbai,0,
T000681,U0023,2026-07-03 16:39:00,2514.76,D0148,M059,Lucknow,0,
T000344,U0011,2026-07-03 16:43:00,440.76,D0151,M007,Chennai,0,
T004531,U0155,2026-07-03 16:44:00,2610.05,D0146,M022,Pune,0,
T000089,U0003,2026-07-03 16:44:00,2116.87,D0149,M057,Delhi,0,
T000039,U0002,2026-07-03 16:45:00,3517.42,D0834,M027,Chennai,0,
T006220,U0212,2026-07-03 16:52:00,2916.88,D0825,M005,Jaipur,0,
T000163,U0005,2026-07-03 16:56:00,3245.3,D0716,M008,Mumbai,0,
T004673,U0160,2026-07-03 17:01:00,1763.75,D0738,M003,Ahmedabad,0,
T001128,U0038,2026-07-03 17:13:00,3070.7,D0045,M055,Hyderabad,0,
T000444,U0015,2026-07-03 17:14:00,3807.94,D0633,M048,Pune,0,
T006286,U0214,2026-07-03 17:15:00,1871.67,D0674,M007,Jaipur,0,
T004709,U0162,2026-07-03 17:16:00,4824.6,D0174,M022,Pune,0,
T007160,U0244,2026-07-03 17:20:00,2764.1,D0640,M033,Mumbai,0,
T006338,U0216,2026-07-03 17:20:00,2098.45,D0864,M056,Pune,0,
T000368,U0013,2026-07-03 17:26:00,1546.67,D0308,M020,Lucknow,0,
T006881,U0235,2026-07-03 17:29:00,1894.59,D0225,M044,Pune,0,
T005309,U0182,2026-07-03 17:30:00,2803.63,D0821,M037,Pune,0,
T006615,U0226,2026-07-03 17:35:00,627.86,D0794,M057,Jaipur,0,
T004294,U0146,2026-07-03 17:44:00,1029.12,D0355,M048,Ahmedabad,0,
T002790,U0092,2026-07-03 17:48:00,3804.33,D0167,M019,Lucknow,0,
T000410,U0014,2026-07-03 17:54:00,4881.34,D0871,M046,Kolkata,0,
T002153,U0071,2026-07-03 17:59:00,20.0,D0827,M048,Chennai,0,
T007110,U0242,2026-07-03 18:11:00,2800.34,D0161,M054,Ahmedabad,0,
T004524,U0155,2026-07-03 18:18:00,2994.21,D0283,M049,Pune,0,
T007264,U0248,2026-07-03 18:19:00,501.77,D0495,M004,Lucknow,0,
T003038,U0100,2026-07-03 18:22:00,3436.51,D0512,M030,Kolkata,0,
T005303,U0182,2026-07-03 18:22:00,1696.23,D0821,M031,Pune,0,
T006421,U0219,2026-07-03 18:24:00,2449.65,D0826,M018,Chennai,0,
T001433,U0048,2026-07-03 18:31:00,716.37,D0540,M050,Jaipur,0,
T004894,U0168,2026-07-03 18:36:00,3478.78,D0867,M011,Hyderabad,0,
T004931,U0170,2026-07-03 18:43:00,225.59,D0199,M042,Chennai,0,
T000523,U0018,2026-07-03 18:54:00,2141.91,D0402,M026,Pune,0,
T000094,U0003,2026-07-03 18:56:00,2853.28,D0149,M004,Delhi,0,
T005065,U0174,2026-07-03 19:10:00,1243.62,D0862,M060,Hyderabad,0,
T005909,U0202,2026-07-03 19:11:00,3012.03,D0153,M004,Hyderabad,0,
T000469,U0016,2026-07-03 19:16:00,342.87,D0647,M009,Ahmedabad,0,
T003662,U0121,2026-07-03 19:17:00,2192.4,D0160,M004,Bengaluru,0,
T005218,U0179,2026-07-03 19:19:00,379.48,D0651,M047,Pune,0,
T000106,U0003,2026-07-03 19:20:00,569.21,D0682,M054,Delhi,0,
T005260,U0180,2026-07-03 19:37:00,2806.19,D0032,M017,Lucknow,0,
T003521,U0117,2026-07-03 19:41:00,3495.84,D0795,M009,Kolkata,0,
T006522,U0223,2026-07-03 19:43:00,622.29,D0053,M008,Ahmedabad,0,
T004738,U0162,2026-07-03 19:54:00,2205.55,D0174,M035,Pune,0,
T006891,U0235,2026-07-03 20:05:00,802.6,D0225,M051,Pune,0,
T000265,U0008,2026-07-03 20:11:00,1313.86,D0702,M003,Kolkata,0,
T002044,U0068,2026-07-03 20:30:00,1063.97,D0301,M043,Mumbai,0,
T002038,U0068,2026-07-03 20:38:00,729.92,D0439,M004,Mumbai,0,
T000992,U0033,2026-07-03 20:51:00,370.27,D0677,M022,Lucknow,0,
T002059,U0069,2026-07-03 20:53:00,2403.32,D0108,M005,Delhi,0,
T005251,U0180,2026-07-03 20:56:00,2899.95,D0032,M009,Lucknow,0,
T004187,U0142,2026-07-03 21:08:00,367.23,D0261,M008,Chennai,0,
T003669,U0121,2026-07-03 21:18:00,2800.04,D0160,M037,Bengaluru,0,
T003029,U0099,2026-07-03 21:26:00,938.47,D0081,M010,Mumbai,0,
T006698,U0229,2026-07-03 21:59:00,1010.84,D0886,M020,Pune,0,
T002023,U0067,2026-07-03 22:24:00,1923.92,D0445,M053,Hyderabad,0,
T004975,U0171,2026-07-03 22:42:00,2354.88,D0455,M032,Lucknow,0,
T003643,U0120,2026-07-03 22:52:00,509.85,D0266,M022,Hyderabad,0,
T005817,U0199,2026-07-03 22:54:00,1279.89,D0422,M024,Hyderabad,0,
T000442,U0015,2026-07-03 23:22:00,4691.97,D0633,M048,Pune,0,
T006669,U0228,2026-07-03 23:26:00,3672.33,D0620,M038,Pune,0,
T001275,U0043,2026-07-03 23:44:00,72.11,D0414,M054,Jaipur,0,
T007541,U0036,2026-07-04 01:45:00,40813.3,D0728,M040,Kolkata,1,account_takeover
T003424,U0113,2026-07-04 04:21:00,1363.17,D0410,M038,Chennai,0,
T007547,U0116,2026-07-04 04:41:00,19869.29,D0722,M028,Pune,1,account_takeover
T005782,U0198,2026-07-04 05:03:00,239.12,D0424,M050,Kolkata,0,
T006489,U0222,2026-07-04 05:05:00,4130.15,D0478,M027,Kolkata,0,
T006591,U0225,2026-07-04 06:09:00,3685.67,D0028,M049,Mumbai,0,
T007191,U0246,2026-07-04 06:25:00,5598.06,D0201,M011,Delhi,0,
T003773,U0124,2026-07-04 06:32:00,859.85,D0856,M010,Lucknow,0,
T000140,U0004,2026-07-04 06:42:00,902.83,D0040,M009,Pune,0,
T002172,U0072,2026-07-04 07:03:00,871.43,D0679,M009,Bengaluru,0,
T007602,U0178,2026-07-04 07:07:00,3362.19,D0489,M057,Jaipur,1,zero_day_drain
T005398,U0185,2026-07-04 07:15:00,728.67,D0146,M042,Pune,0,
T005888,U0201,2026-07-04 07:26:00,1932.57,D0116,M042,Pune,0,
T000785,U0026,2026-07-04 07:54:00,3042.28,D0111,M010,Lucknow,0,
T003035,U0099,2026-07-04 08:02:00,1063.74,D0081,M010,Mumbai,0,
T006699,U0229,2026-07-04 08:05:00,971.07,D0886,M017,Pune,0,
T003348,U0111,2026-07-04 08:12:00,3287.01,D0309,M039,Delhi,0,
T001552,U0052,2026-07-04 08:18:00,1087.57,D0111,M033,Pune,0,
T005242,U0180,2026-07-04 08:27:00,2256.6,D0032,M050,Lucknow,0,
T003091,U0101,2026-07-04 08:30:00,351.88,D0807,M055,Chennai,0,
T004683,U0161,2026-07-04 08:31:00,1336.61,D0831,M060,Lucknow,0,
T000326,U0011,2026-07-04 08:31:00,677.57,D0151,M007,Chennai,0,
T006188,U0211,2026-07-04 08:42:00,1159.12,D0230,M048,Kolkata,0,
T004803,U0165,2026-07-04 08:46:00,2684.25,D0479,M040,Jaipur,0,
T004091,U0138,2026-07-04 08:58:00,2499.83,D0687,M037,Lucknow,0,
T000204,U0006,2026-07-04 09:01:00,3998.13,D0393,M006,Delhi,0,
T007321,U0250,2026-07-04 09:01:00,4694.61,D0339,M006,Jaipur,0,
T000622,U0021,2026-07-04 09:05:00,1489.4,D0692,M059,Jaipur,0,
T001364,U0046,2026-07-04 09:09:00,1597.55,D0715,M036,Hyderabad,0,
T003203,U0106,2026-07-04 09:12:00,1337.98,D0806,M010,Hyderabad,0,
T001932,U0065,2026-07-04 09:14:00,1739.52,D0632,M037,Bengaluru,0,
T000753,U0025,2026-07-04 09:23:00,1552.93,D0797,M045,Chennai,0,
T004599,U0158,2026-07-04 09:28:00,2606.61,D0159,M020,Delhi,0,
T003520,U0117,2026-07-04 09:34:00,3558.33,D0795,M009,Kolkata,0,
T003805,U0125,2026-07-04 09:38:00,1784.52,D0290,M032,Pune,0,
T000655,U0022,2026-07-04 09:39:00,2020.29,D0279,M012,Mumbai,0,
T002505,U0084,2026-07-04 09:47:00,2276.88,D0805,M032,Mumbai,0,
T000603,U0020,2026-07-04 09:48:00,2249.96,D0806,M019,Mumbai,0,
T002856,U0094,2026-07-04 09:49:00,2071.97,D0059,M030,Mumbai,0,
T003256,U0108,2026-07-04 10:00:00,3604.18,D0549,M044,Ahmedabad,0,
T007207,U0246,2026-07-04 10:07:00,4936.43,D0518,M011,Delhi,0,
T005179,U0178,2026-07-04 10:08:00,679.59,D0489,M049,Jaipur,0,
T005941,U0203,2026-07-04 10:12:00,1083.9,D0173,M059,Mumbai,0,
T006064,U0207,2026-07-04 10:15:00,1415.45,D0392,M045,Hyderabad,0,
T003497,U0116,2026-07-04 10:22:00,2806.05,D0182,M027,Ahmedabad,0,
T003936,U0130,2026-07-04 10:31:00,3693.01,D0892,M043,Ahmedabad,0,
T006802,U0232,2026-07-04 10:31:00,2251.4,D0836,M034,Chennai,0,
T005455,U0187,2026-07-04 10:33:00,1682.8,D0829,M055,Hyderabad,0,
T006931,U0236,2026-07-04 10:36:00,3182.69,D0524,M058,Delhi,0,
T000834,U0028,2026-07-04 10:36:00,1053.17,D0207,M059,Pune,0,
T000471,U0016,2026-07-04 10:37:00,329.85,D0647,M006,Ahmedabad,0,
T002787,U0092,2026-07-04 10:38:00,3251.88,D0167,M019,Lucknow,0,
T006827,U0233,2026-07-04 10:42:00,2173.84,D0871,M033,Hyderabad,0,
T000254,U0008,2026-07-04 10:48:00,2326.52,D0702,M026,Kolkata,0,
T003524,U0117,2026-07-04 10:56:00,4655.58,D0795,M014,Kolkata,0,
T001022,U0034,2026-07-04 10:57:00,1569.17,D0213,M041,Chennai,0,
T001704,U0057,2026-07-04 10:59:00,3159.42,D0052,M042,Delhi,0,
T002640,U0088,2026-07-04 11:00:00,4982.61,D0182,M027,Bengaluru,0,
T006771,U0231,2026-07-04 11:05:00,3176.91,D0749,M058,Bengaluru,0,
T000915,U0031,2026-07-04 11:05:00,4315.29,D0674,M036,Jaipur,0,
T005948,U0204,2026-07-04 11:08:00,1032.83,D0610,M017,Lucknow,0,
T003879,U0128,2026-07-04 11:09:00,1795.64,D0137,M009,Chennai,0,
T005081,U0175,2026-07-04 11:14:00,3901.74,D0255,M001,Lucknow,0,
T005964,U0204,2026-07-04 11:16:00,835.57,D0610,M055,Lucknow,0,
T006230,U0212,2026-07-04 11:22:00,2045.68,D0825,M059,Jaipur,0,
T002880,U0095,2026-07-04 11:24:00,3046.03,D0808,M012,Jaipur,0,
T005963,U0204,2026-07-04 11:25:00,1807.07,D0610,M014,Lucknow,0,
T000823,U0027,2026-07-04 11:25:00,404.29,D0041,M019,Jaipur,0,
T005461,U0187,2026-07-04 11:37:00,4194.32,D0829,M043,Hyderabad,0,
T001931,U0065,2026-07-04 11:39:00,1297.15,D0632,M037,Bengaluru,0,
T006978,U0238,2026-07-04 11:43:00,2636.36,D0718,M019,Lucknow,0,
T001344,U0045,2026-07-04 11:45:00,2260.31,D0086,M030,Lucknow,0,
T007619,U0048,2026-07-04 11:47:00,1448.8,D0540,M042,Jaipur,1,zero_day_drain
T004322,U0147,2026-07-04 11:52:00,325.94,D0087,M018,Hyderabad,0,
T004640,U0159,2026-07-04 11:58:00,1718.39,D0721,M040,Chennai,0,
T001163,U0039,2026-07-04 12:00:00,4548.4,D0364,M038,Pune,0,
T002961,U0097,2026-07-04 12:08:00,1486.52,D0420,M015,Hyderabad,0,
T005318,U0182,2026-07-04 12:11:00,2098.55,D0821,M031,Pune,0,
T001894,U0064,2026-07-04 12:12:00,3393.36,D0368,M012,Kolkata,0,
T001779,U0060,2026-07-04 12:13:00,3141.51,D0156,M045,Ahmedabad,0,
T000125,U0004,2026-07-04 12:16:00,283.57,D0040,M045,Pune,0,
T006020,U0206,2026-07-04 12:20:00,240.1,D0035,M041,Hyderabad,0,
T006654,U0228,2026-07-04 12:22:00,3570.79,D0757,M038,Pune,0,
T001424,U0047,2026-07-04 12:29:00,2252.84,D0117,M033,Pune,0,
T005009,U0173,2026-07-04 12:31:00,3316.88,D0221,M049,Chennai,0,
T003215,U0106,2026-07-04 12:32:00,2018.71,D0082,M011,Hyderabad,0,
T004921,U0170,2026-07-04 12:37:00,267.66,D0714,M042,Chennai,0,
T003499,U0116,2026-07-04 12:42:00,2309.99,D0182,M011,Ahmedabad,0,
T006821,U0233,2026-07-04 12:43:00,3933.64,D0871,M033,Hyderabad,0,
T007642,U0108,2026-07-04 12:44:00,9024.15,D0167,M059,Ahmedabad,1,zero_day_drain
T000232,U0007,2026-07-04 12:50:00,3799.29,D0749,M047,Kolkata,0,
T001608,U0054,2026-07-04 12:53:00,2139.93,D0700,M040,Lucknow,0,
T001559,U0052,2026-07-04 12:54:00,1192.93,D0111,M040,Pune,0,
T001849,U0062,2026-07-04 12:58:00,334.88,D0584,M031,Hyderabad,0,
T000843,U0028,2026-07-04 12:58:00,4112.66,D0207,M059,Pune,0,
T000816,U0027,2026-07-04 12:59:00,275.25,D0041,M059,Jaipur,0,
T006260,U0213,2026-07-04 13:01:00,2691.72,D0116,M009,Hyderabad,0,
T004128,U0140,2026-07-04 13:04:00,683.73,D0151,M027,Ahmedabad,0,
T003727,U0123,2026-07-04 13:05:00,3436.39,D0442,M023,Bengaluru,0,
T004562,U0157,2026-07-04 13:10:00,1206.3,D0427,M026,Bengaluru,0,
T003123,U0102,2026-07-04 13:17:00,488.09,D0731,M013,Lucknow,0,
T001469,U0048,2026-07-04 13:18:00,528.21,D0540,M008,Jaipur,0,
T004725,U0162,2026-07-04 13:23:00,6063.45,D0174,M022,Pune,0,
T002651,U0088,2026-07-04 13:24:00,5239.89,D0182,M001,Bengaluru,0,
T000246,U0008,2026-07-04 13:27:00,3066.26,D0702,M033,Kolkata,0,
T005222,U0179,2026-07-04 13:28:00,2526.43,D0651,M033,Pune,0,
T006601,U0225,2026-07-04 13:34:00,2085.42,D0028,M031,Mumbai,0,
T007279,U0248,2026-07-04 13:38:00,984.18,D0495,M037,Lucknow,0,
T001861,U0063,2026-07-04 13:42:00,2737.26,D0853,M006,Lucknow,0,
T005962,U0204,2026-07-04 13:43:00,1255.87,D0610,M014,Lucknow,0,
T004396,U0150,2026-07-04 13:45:00,1398.09,D0454,M043,Delhi,0,
T005347,U0183,2026-07-04 13:45:00,1807.99,D0854,M006,Kolkata,0,
T001397,U0046,2026-07-04 13:49:00,2755.35,D0838,M015,Hyderabad,0,
T002428,U0082,2026-07-04 13:51:00,1646.73,D0332,M037,Mumbai,0,
T000239,U0008,2026-07-04 13:53:00,3419.2,D0702,M029,Kolkata,0,
T005276,U0181,2026-07-04 13:56:00,2301.14,D0783,M021,Kolkata,0,
T005210,U0179,2026-07-04 13:57:00,2979.45,D0651,M044,Pune,0,
T007293,U0249,2026-07-04 14:03:00,3048.62,D0068,M031,Kolkata,0,
T004484,U0153,2026-07-04 14:05:00,824.9,D0851,M050,Chennai,0,
T001466,U0048,2026-07-04 14:07:00,398.45,D0540,M055,Jaipur,0,
T001410,U0047,2026-07-04 14:07:00,2371.64,D0117,M059,Pune,0,
T002788,U0092,2026-07-04 14:08:00,5498.72,D0167,M019,Lucknow,0,
T005261,U0180,2026-07-04 14:09:00,1588.99,D0032,M050,Lucknow,0,
T003591,U0119,2026-07-04 14:11:00,3865.56,D0555,M010,Ahmedabad,0,
T001165,U0039,2026-07-04 14:12:00,2884.2,D0364,M047,Pune,0,
T003768,U0124,2026-07-04 14:12:00,789.73,D0856,M010,Lucknow,0,
T003454,U0114,2026-07-04 14:17:00,1050.21,D0541,M029,Hyderabad,0,
T001338,U0045,2026-07-04 14:18:00,2937.55,D0086,M009,Lucknow,0,
T007291,U0249,2026-07-04 14:19:00,880.14,D0637,M031,Kolkata,0,
T002997,U0098,2026-07-04 14:20:00,782.19,D0298,M003,Kolkata,0,
T006819,U0233,2026-07-04 14:25:00,2404.81,D0871,M028,Hyderabad,0,
T001664,U0056,2026-07-04 14:27:00,645.43,D0005,M037,Kolkata,0,
T004951,U0170,2026-07-04 14:32:00,253.62,D0714,M042,Chennai,0,
T005129,U0177,2026-07-04 14:35:00,1770.86,D0606,M058,Pune,0,
T003683,U0122,2026-07-04 14:36:00,4005.72,D0648,M010,Ahmedabad,0,
T004135,U0140,2026-07-04 14:37:00,828.06,D0151,M020,Ahmedabad,0,
T003056,U0100,2026-07-04 14:38:00,1624.32,D0512,M051,Kolkata,0,
T004165,U0142,2026-07-04 14:39:00,986.96,D0838,M015,Chennai,0,
T000538,U0018,2026-07-04 14:39:00,3010.14,D0402,M009,Pune,0,
T000459,U0015,2026-07-04 14:43:00,3122.71,D0633,M048,Pune,0,
T006441,U0220,2026-07-04 14:48:00,3215.66,D0850,M020,Mumbai,0,
T004347,U0148,2026-07-04 14:51:00,2225.75,D0393,M002,Mumbai,0,
T003146,U0104,2026-07-04 14:55:00,2894.43,D0285,M035,Jaipur,0,
T003964,U0131,2026-07-04 14:56:00,2075.99,D0804,M044,Bengaluru,0,
T001017,U0034,2026-07-04 15:04:00,545.11,D0213,M007,Chennai,0,
T003450,U0114,2026-07-04 15:08:00,505.83,D0541,M028,Hyderabad,0,
T005670,U0194,2026-07-04 15:11:00,2211.71,D0063,M027,Hyderabad,0,
T006181,U0211,2026-07-04 15:11:00,564.65,D0230,M005,Kolkata,0,
T005332,U0182,2026-07-04 15:16:00,2431.67,D0821,M031,Pune,0,
T000550,U0019,2026-07-04 15:18:00,2142.15,D0397,M032,Kolkata,0,
T005243,U0180,2026-07-04 15:19:00,3337.39,D0032,M013,Lucknow,0,
T006157,U0210,2026-07-04 15:21:00,5081.46,D0573,M002,Jaipur,0,
T000054,U0002,2026-07-04 15:22:00,2545.24,D0834,M036,Chennai,0,
T001235,U0042,2026-07-04 15:27:00,1979.15,D0663,M040,Delhi,0,
T000292,U0009,2026-07-04 15:27:00,1328.29,D0072,M019,Ahmedabad,0,
T003330,U0110,2026-07-04 15:28:00,3511.28,D0144,M011,Mumbai,0,
T004903,U0169,2026-07-04 15:30:00,478.09,D0220,M059,Hyderabad,0,
T007123,U0243,2026-07-04 15:33:00,971.66,D0857,M047,Pune,0,
T001887,U0064,2026-07-04 15:35:00,1429.15,D0368,M035,Kolkata,0,
T006513,U0223,2026-07-04 15:37:00,963.98,D0315,M016,Ahmedabad,0,
T001539,U0052,2026-07-04 15:41:00,1395.02,D0573,M033,Pune,0,
T003293,U0109,2026-07-04 15:43:00,5111.46,D0831,M022,Pune,0,
T006930,U0236,2026-07-04 15:44:00,3925.87,D0675,M032,Delhi,0,
T007582,U0048,2026-07-04 16:00:00,4163.83,D0402,M027,Jaipur,1,device_ring
T001604,U0054,2026-07-04 16:01:00,3196.35,D0255,M007,Lucknow,0,
T004669,U0160,2026-07-04 16:02:00,1722.11,D0738,M029,Ahmedabad,0,
T007583,U0179,2026-07-04 16:02:00,2210.81,D0402,M027,Pune,1,device_ring
T007584,U0115,2026-07-04 16:04:00,4091.28,D0402,M027,Bengaluru,1,device_ring
T006456,U0220,2026-07-04 16:06:00,1129.71,D0850,M015,Mumbai,0,
T005271,U0181,2026-07-04 16:08:00,2106.46,D0783,M033,Kolkata,0,
T007586,U0028,2026-07-04 16:12:00,2036.96,D0402,M027,Pune,1,device_ring
T001217,U0042,2026-07-04 16:13:00,2201.38,D0663,M018,Delhi,0,
T003050,U0100,2026-07-04 16:19:00,3708.97,D0512,M030,Kolkata,0,
T000812,U0027,2026-07-04 16:20:00,240.32,D0177,M059,Jaipur,0,
T007585,U0240,2026-07-04 16:21:00,3003.09,D0402,M027,Chennai,1,device_ring
T003227,U0106,2026-07-04 16:21:00,1051.95,D0082,M010,Hyderabad,0,
T000242,U0008,2026-07-04 16:23:00,2208.0,D0702,M009,Kolkata,0,
T002308,U0077,2026-07-04 16:24:00,3313.01,D0129,M001,Chennai,0,
T005002,U0173,2026-07-04 16:25:00,3091.26,D0073,M055,Chennai,0,
T002173,U0072,2026-07-04 16:28:00,1385.55,D0679,M027,Bengaluru,0,
T000275,U0009,2026-07-04 16:34:00,1883.71,D0072,M006,Ahmedabad,0,
T002359,U0079,2026-07-04 16:35:00,1061.19,D0585,M054,Ahmedabad,0,
T001458,U0048,2026-07-04 16:36:00,525.53,D0540,M008,Jaipur,0,
T004741,U0163,2026-07-04 16:45:00,1539.5,D0352,M035,Ahmedabad,0,
T004537,U0156,2026-07-04 16:48:00,403.64,D0756,M028,Ahmedabad,0,
T005772,U0197,2026-07-04 16:50:00,5289.76,D0810,M045,Ahmedabad,0,
T005959,U0204,2026-07-04 16:54:00,916.33,D0610,M017,Lucknow,0,
T004733,U0162,2026-07-04 16:55:00,5536.24,D0174,M006,Pune,0,
T004890,U0168,2026-07-04 16:57:00,2167.23,D0867,M036,Hyderabad,0,
T003539,U0117,2026-07-04 17:01:00,1910.95,D0795,M009,Kolkata,0,
T004880,U0167,2026-07-04 17:15:00,3060.43,D0298,M048,Hyderabad,0,
T001272,U0043,2026-07-04 17:22:00,965.94,D0414,M029,Jaipur,0,
T006759,U0231,2026-07-04 17:34:00,2609.41,D0749,M058,Bengaluru,0,
T005413,U0185,2026-07-04 17:41:00,644.08,D0146,M011,Pune,0,
T005841,U0199,2026-07-04 17:45:00,1292.42,D0422,M028,Hyderabad,0,
T000911,U0031,2026-07-04 17:45:00,3556.79,D0674,M010,Jaipur,0,
T003296,U0109,2026-07-04 17:50:00,1363.81,D0831,M001,Pune,0,
T005083,U0175,2026-07-04 17:50:00,5197.83,D0255,M050,Lucknow,0,
T004792,U0164,2026-07-04 17:56:00,2855.8,D0289,M010,Kolkata,0,
T000750,U0025,2026-07-04 17:56:00,1171.67,D0797,M023,Chennai,0,
T000132,U0004,2026-07-04 18:02:00,1730.62,D0040,M043,Pune,0,
T003570,U0118,2026-07-04 18:04:00,381.3,D0095,M035,Jaipur,0,
T003809,U0125,2026-07-04 18:05:00,4377.11,D0290,M060,Pune,0,
T000329,U0011,2026-07-04 18:06:00,1112.82,D0151,M047,Chennai,0,
T002540,U0085,2026-07-04 18:10:00,2972.63,D0357,M059,Jaipur,0,
T004764,U0163,2026-07-04 18:12:00,2080.78,D0352,M058,Ahmedabad,0,
T005519,U0189,2026-07-04 18:13:00,1056.59,D0410,M037,Lucknow,0,
T001666,U0056,2026-07-04 18:20:00,1116.9,D0005,M037,Kolkata,0,
T002329,U0078,2026-07-04 18:22:00,1474.18,D0886,M029,Lucknow,0,
T004540,U0156,2026-07-04 18:27:00,805.86,D0756,M029,Ahmedabad,0,
T001205,U0041,2026-07-04 18:27:00,923.71,D0055,M010,Delhi,0,
T001899,U0064,2026-07-04 18:29:00,2134.25,D0368,M012,Kolkata,0,
T001662,U0056,2026-07-04 18:30:00,1436.91,D0005,M003,Kolkata,0,
T003141,U0103,2026-07-04 18:33:00,4110.9,D0662,M010,Ahmedabad,0,
T006419,U0219,2026-07-04 18:35:00,1486.26,D0826,M035,Chennai,0,
T003854,U0128,2026-07-04 18:35:00,4827.58,D0137,M028,Chennai,0,
T006021,U0206,2026-07-04 18:42:00,1342.1,D0188,M024,Hyderabad,0,
T004631,U0159,2026-07-04 18:43:00,6216.24,D0721,M004,Chennai,0,
T002661,U0088,2026-07-04 18:48:00,3986.02,D0182,M057,Bengaluru,0,
T003615,U0120,2026-07-04 18:50:00,457.21,D0266,M043,Hyderabad,0,
T002978,U0097,2026-07-04 18:55:00,1688.99,D0757,M014,Hyderabad,0,
T005501,U0188,2026-07-04 18:56:00,4674.66,D0422,M051,Mumbai,0,
T002724,U0090,2026-07-04 18:58:00,1320.95,D0194,M050,Lucknow,0,
T003333,U0110,2026-07-04 18:59:00,5404.71,D0144,M011,Mumbai,0,
T005478,U0188,2026-07-04 19:06:00,3034.06,D0422,M043,Mumbai,0,
T006189,U0211,2026-07-04 19:08:00,1378.0,D0230,M048,Kolkata,0,
T004160,U0141,2026-07-04 19:13:00,4659.18,D0544,M058,Kolkata,0,
T004379,U0149,2026-07-04 19:17:00,2802.41,D0409,M033,Hyderabad,0,
T006350,U0217,2026-07-04 19:22:00,5947.37,D0593,M034,Bengaluru,0,
T001871,U0063,2026-07-04 19:25:00,1491.21,D0853,M018,Lucknow,0,
T006089,U0208,2026-07-04 19:26:00,443.06,D0831,M059,Chennai,0,
T001151,U0039,2026-07-04 19:30:00,2256.31,D0364,M038,Pune,0,
T004080,U0137,2026-07-04 19:47:00,2611.36,D0399,M045,Jaipur,0,
T003399,U0112,2026-07-04 19:48:00,1077.95,D0854,M053,Jaipur,0,
T003610,U0119,2026-07-04 19:54:00,898.35,D0668,M010,Ahmedabad,0,
T005090,U0175,2026-07-04 19:59:00,5610.91,D0255,M050,Lucknow,0,
T004973,U0171,2026-07-04 20:01:00,1741.62,D0417,M023,Lucknow,0,
T004480,U0153,2026-07-04 20:02:00,1635.71,D0851,M058,Chennai,0,
T003484,U0116,2026-07-04 20:15:00,3676.42,D0182,M004,Ahmedabad,0,
T006346,U0216,2026-07-04 20:45:00,2167.4,D0864,M056,Pune,0,
T000759,U0025,2026-07-04 20:50:00,86.3,D0797,M023,Chennai,0,
T000863,U0029,2026-07-04 20:55:00,1546.64,D0180,M002,Jaipur,0,
T006110,U0209,2026-07-04 21:06:00,5318.54,D0118,M011,Chennai,0,
T001195,U0041,2026-07-04 21:20:00,1509.51,D0055,M026,Delhi,0,
T006253,U0213,2026-07-04 21:24:00,1617.05,D0116,M053,Hyderabad,0,
T000495,U0016,2026-07-04 21:34:00,401.64,D0647,M009,Ahmedabad,0,
T002960,U0097,2026-07-04 22:01:00,750.22,D0757,M015,Hyderabad,0,
T001115,U0038,2026-07-04 22:09:00,5813.82,D0045,M055,Hyderabad,0,
T000278,U0009,2026-07-04 22:42:00,1790.97,D0072,M006,Ahmedabad,0,
T005796,U0198,2026-07-04 22:47:00,279.66,D0424,M053,Kolkata,0,
T003943,U0130,2026-07-04 23:06:00,2544.78,D0892,M011,Ahmedabad,0,
T000850,U0028,2026-07-04 23:20:00,1842.52,D0207,M059,Pune,0,
T002635,U0088,2026-07-04 23:30:00,3326.86,D0182,M001,Bengaluru,0,
T003770,U0124,2026-07-04 23:31:00,951.7,D0132,M056,Lucknow,0,
T002203,U0073,2026-07-04 23:38:00,2828.64,D0175,M056,Pune,0,
T004264,U0145,2026-07-04 23:42:00,3605.35,D0160,M003,Delhi,0,
T004451,U0152,2026-07-05 02:38:00,836.36,D0768,M026,Ahmedabad,0,
T000732,U0024,2026-07-05 03:19:00,2319.04,D0800,M028,Ahmedabad,0,
T006652,U0228,2026-07-05 03:32:00,4723.87,D0620,M053,Pune,0,
T005191,U0178,2026-07-05 05:35:00,1920.96,D0489,M049,Jaipur,0,
T002663,U0088,2026-07-05 06:08:00,3525.05,D0182,M001,Bengaluru,0,
T001042,U0035,2026-07-05 06:09:00,665.61,D0823,M034,Lucknow,0,
T005917,U0202,2026-07-05 06:11:00,2542.99,D0153,M044,Hyderabad,0,
T007301,U0250,2026-07-05 06:11:00,3689.34,D0157,M054,Jaipur,0,
T004958,U0171,2026-07-05 06:30:00,2097.1,D0417,M032,Lucknow,0,
T003607,U0119,2026-07-05 07:05:00,1721.78,D0555,M015,Ahmedabad,0,
T005255,U0180,2026-07-05 07:34:00,2516.04,D0032,M050,Lucknow,0,
T002664,U0088,2026-07-05 07:44:00,1064.31,D0182,M001,Bengaluru,0,
T002447,U0082,2026-07-05 07:44:00,1261.94,D0332,M038,Mumbai,0,
T001363,U0046,2026-07-05 07:44:00,4033.2,D0715,M043,Hyderabad,0,
T001282,U0043,2026-07-05 07:47:00,846.74,D0414,M039,Jaipur,0,
T006356,U0217,2026-07-05 07:52:00,4172.3,D0427,M036,Bengaluru,0,
T004904,U0169,2026-07-05 07:55:00,874.26,D0220,M036,Hyderabad,0,
T007092,U0242,2026-07-05 08:06:00,3817.01,D0161,M040,Ahmedabad,0,
T001091,U0037,2026-07-05 08:26:00,1984.37,D0444,M052,Hyderabad,0,
T002254,U0075,2026-07-05 08:36:00,2122.89,D0619,M035,Hyderabad,0,
T003318,U0110,2026-07-05 09:09:00,4042.53,D0144,M011,Mumbai,0,
T004098,U0138,2026-07-05 09:10:00,2100.4,D0687,M060,Lucknow,0,
T006232,U0212,2026-07-05 09:15:00,2248.19,D0825,M059,Jaipur,0,
T007061,U0241,2026-07-05 09:18:00,251.92,D0020,M006,Lucknow,0,
T006242,U0212,2026-07-05 09:21:00,2050.18,D0825,M005,Jaipur,0,
T001109,U0038,2026-07-05 09:23:00,4687.97,D0045,M022,Hyderabad,0,
T004158,U0141,2026-07-05 09:36:00,4270.41,D0544,M012,Kolkata,0,
T005099,U0176,2026-07-05 09:38:00,4191.58,D0637,M004,Hyderabad,0,
T001906,U0064,2026-07-05 09:44:00,118.83,D0368,M053,Kolkata,0,
T006572,U0224,2026-07-05 09:49:00,6434.86,D0191,M008,Bengaluru,0,
T005047,U0174,2026-07-05 09:51:00,1330.88,D0862,M003,Hyderabad,0,
T004835,U0166,2026-07-05 09:58:00,227.12,D0555,M005,Lucknow,0,
T004739,U0163,2026-07-05 09:58:00,3812.29,D0352,M035,Ahmedabad,0,
T003294,U0109,2026-07-05 10:04:00,1506.4,D0831,M022,Pune,0,
T006459,U0220,2026-07-05 10:05:00,2187.42,D0850,M020,Mumbai,0,
T005911,U0202,2026-07-05 10:07:00,3674.09,D0153,M044,Hyderabad,0,
T002745,U0090,2026-07-05 10:19:00,993.17,D0194,M060,Lucknow,0,
T003686,U0122,2026-07-05 10:28:00,20.0,D0648,M014,Ahmedabad,0,
T000897,U0030,2026-07-05 10:30:00,764.08,D0283,M030,Bengaluru,0,
T004591,U0158,2026-07-05 10:30:00,1551.68,D0159,M022,Delhi,0,
T002425,U0082,2026-07-05 10:38:00,981.44,D0044,M052,Mumbai,0,
T002499,U0084,2026-07-05 10:43:00,1963.49,D0805,M014,Mumbai,0,
T001080,U0037,2026-07-05 10:44:00,907.34,D0444,M060,Hyderabad,0,
T005189,U0178,2026-07-05 10:47:00,2351.21,D0489,M055,Jaipur,0,
T007190,U0246,2026-07-05 10:52:00,3405.74,D0201,M025,Delhi,0,
T003316,U0110,2026-07-05 10:53:00,6493.59,D0144,M009,Mumbai,0,
T001716,U0058,2026-07-05 10:54:00,988.39,D0493,M050,Pune,0,
T000343,U0011,2026-07-05 10:56:00,877.01,D0289,M047,Chennai,0,
T003473,U0115,2026-07-05 10:58:00,621.46,D0277,M020,Bengaluru,0,
T004342,U0148,2026-07-05 11:02:00,4898.84,D0393,M020,Mumbai,0,
T000856,U0028,2026-07-05 11:06:00,3040.71,D0207,M002,Pune,0,
T001758,U0059,2026-07-05 11:11:00,1871.2,D0090,M029,Mumbai,0,
T005649,U0194,2026-07-05 11:12:00,4202.58,D0063,M046,Hyderabad,0,
T004534,U0156,2026-07-05 11:13:00,476.13,D0756,M028,Ahmedabad,0,
T003365,U0112,2026-07-05 11:14:00,595.41,D0854,M045,Jaipur,0,
T004560,U0157,2026-07-05 11:17:00,1336.49,D0427,M012,Bengaluru,0,
T000718,U0024,2026-07-05 11:18:00,4343.76,D0201,M019,Ahmedabad,0,
T001279,U0043,2026-07-05 11:20:00,1300.5,D0414,M054,Jaipur,0,
T005634,U0193,2026-07-05 11:22:00,3537.11,D0709,M045,Jaipur,0,
T000886,U0030,2026-07-05 11:28:00,897.36,D0283,M055,Bengaluru,0,
T001057,U0036,2026-07-05 11:30:00,4847.41,D0532,M023,Pune,0,
T001705,U0057,2026-07-05 11:30:00,1767.08,D0220,M050,Delhi,0,
T002748,U0091,2026-07-05 11:34:00,3212.12,D0712,M035,Mumbai,0,
T000924,U0031,2026-07-05 11:35:00,2453.96,D0674,M056,Jaipur,0,
T004371,U0149,2026-07-05 11:36:00,3345.1,D0737,M024,Hyderabad,0,
T004546,U0156,2026-07-05 11:40:00,495.37,D0155,M029,Ahmedabad,0,
T004678,U0161,2026-07-05 11:42:00,1894.52,D0831,M058,Lucknow,0,
T002283,U0076,2026-07-05 11:43:00,2129.64,D0020,M001,Chennai,0,
T000540,U0018,2026-07-05 11:45:00,2051.97,D0402,M009,Pune,0,
T002265,U0076,2026-07-05 11:47:00,2011.85,D0095,M023,Chennai,0,
T000360,U0012,2026-07-05 12:00:00,1304.33,D0450,M029,Chennai,0,
T005254,U0180,2026-07-05 12:06:00,2667.6,D0032,M013,Lucknow,0,
T003406,U0113,2026-07-05 12:07:00,2081.05,D0021,M055,Chennai,0,
T000896,U0030,2026-07-05 12:23:00,322.35,D0283,M030,Bengaluru,0,
T002557,U0086,2026-07-05 12:29:00,4521.95,D0726,M056,Bengaluru,0,
T000636,U0021,2026-07-05 12:40:00,3734.49,D0844,M059,Jaipur,0,
T003011,U0099,2026-07-05 12:41:00,930.62,D0081,M010,Mumbai,0,
T000257,U0008,2026-07-05 12:47:00,1458.44,D0702,M009,Kolkata,0,
T001157,U0039,2026-07-05 12:52:00,3205.13,D0364,M058,Pune,0,
T002638,U0088,2026-07-05 12:53:00,1930.79,D0182,M057,Bengaluru,0,
T005835,U0199,2026-07-05 12:53:00,1228.89,D0422,M034,Hyderabad,0,
T003824,U0126,2026-07-05 12:55:00,3044.38,D0422,M033,Ahmedabad,0,
T000383,U0013,2026-07-05 12:59:00,850.14,D0308,M057,Lucknow,0,
T000872,U0029,2026-07-05 13:00:00,4318.14,D0180,M005,Jaipur,0,
T005200,U0178,2026-07-05 13:04:00,2608.68,D0489,M029,Jaipur,0,
T001333,U0044,2026-07-05 13:10:00,1215.71,D0661,M012,Kolkata,0,
T006138,U0210,2026-07-05 13:10:00,3194.03,D0721,M058,Jaipur,0,
T000007,U0001,2026-07-05 13:11:00,1955.82,D0588,M012,Mumbai,0,
T000206,U0007,2026-07-05 13:13:00,3628.5,D0749,M048,Kolkata,0,
T000284,U0009,2026-07-05 13:14:00,3327.06,D0072,M019,Ahmedabad,0,
T003555,U0118,2026-07-05 13:15:00,984.2,D0095,M020,Jaipur,0,
T004605,U0158,2026-07-05 13:21:00,620.57,D0070,M015,Delhi,0,
T000905,U0030,2026-07-05 13:22:00,875.61,D0283,M030,Bengaluru,0,
T003747,U0123,2026-07-05 13:28:00,2124.55,D0254,M031,Bengaluru,0,
T003471,U0115,2026-07-05 13:30:00,1037.86,D0277,M020,Bengaluru,0,
T000434,U0015,2026-07-05 13:32:00,1042.93,D0633,M018,Pune,0,
T003625,U0120,2026-07-05 13:33:00,291.99,D0763,M045,Hyderabad,0,
T006028,U0206,2026-07-05 13:33:00,313.29,D0188,M024,Hyderabad,0,
T004942,U0170,2026-07-05 13:33:00,564.83,D0714,M019,Chennai,0,
T006119,U0209,2026-07-05 13:36:00,4702.34,D0118,M024,Chennai,0,
T002744,U0090,2026-07-05 13:42:00,380.52,D0194,M015,Lucknow,0,
T002953,U0097,2026-07-05 13:45:00,1461.97,D0757,M036,Hyderabad,0,
T006956,U0237,2026-07-05 13:47:00,4104.82,D0290,M048,Chennai,0,
T006969,U0237,2026-07-05 13:49:00,3489.96,D0290,M048,Chennai,0,
T006768,U0231,2026-07-05 13:50:00,1407.27,D0749,M049,Bengaluru,0,
T002149,U0071,2026-07-05 13:57:00,554.68,D0827,M012,Chennai,0,
T004016,U0134,2026-07-05 13:58:00,4848.09,D0117,M017,Delhi,0,
T003127,U0102,2026-07-05 13:59:00,328.55,D0134,M013,Lucknow,0,
T004699,U0161,2026-07-05 14:02:00,1261.77,D0154,M029,Lucknow,0,
T006010,U0206,2026-07-05 14:05:00,806.99,D0035,M009,Hyderabad,0,
T005581,U0191,2026-07-05 14:06:00,1528.36,D0348,M007,Bengaluru,0,
T004874,U0167,2026-07-05 14:09:00,3723.65,D0298,M054,Hyderabad,0,
T000339,U0011,2026-07-05 14:11:00,877.4,D0151,M006,Chennai,0,
T000852,U0028,2026-07-05 14:21:00,3762.42,D0207,M040,Pune,0,
T002988,U0098,2026-07-05 14:24:00,1122.29,D0298,M029,Kolkata,0,
T001437,U0048,2026-07-05 14:25:00,990.51,D0540,M055,Jaipur,0,
T005748,U0196,2026-07-05 14:26:00,1785.88,D0283,M008,Delhi,0,
T005507,U0188,2026-07-05 14:27:00,5094.45,D0422,M043,Mumbai,0,
T003991,U0133,2026-07-05 14:28:00,3110.52,D0798,M012,Bengaluru,0,
T003589,U0119,2026-07-05 14:29:00,1517.08,D0668,M005,Ahmedabad,0,
T004212,U0143,2026-07-05 14:30:00,2592.23,D0159,M030,Jaipur,0,
T005668,U0194,2026-07-05 14:31:00,2643.96,D0063,M014,Hyderabad,0,
T007199,U0246,2026-07-05 14:32:00,3666.19,D0518,M011,Delhi,0,
T000052,U0002,2026-07-05 14:33:00,3737.74,D0834,M027,Chennai,0,
T003791,U0125,2026-07-05 14:47:00,3178.83,D0290,M004,Pune,0,
T006009,U0206,2026-07-05 14:49:00,769.07,D0188,M046,Hyderabad,0,
T002527,U0085,2026-07-05 14:56:00,1215.95,D0404,M052,Jaipur,0,
T001368,U0046,2026-07-05 15:00:00,1260.87,D0838,M015,Hyderabad,0,
T005064,U0174,2026-07-05 15:02:00,2846.35,D0862,M060,Hyderabad,0,
T003013,U0099,2026-07-05 15:03:00,1436.81,D0081,M048,Mumbai,0,
T004310,U0147,2026-07-05 15:03:00,186.0,D0087,M017,Hyderabad,0,
T000092,U0003,2026-07-05 15:05:00,2521.67,D0682,M027,Delhi,0,
T002975,U0097,2026-07-05 15:06:00,538.08,D0757,M014,Hyderabad,0,
T002544,U0085,2026-07-05 15:09:00,3082.06,D0357,M059,Jaipur,0,
T001951,U0065,2026-07-05 15:20:00,1132.59,D0530,M037,Bengaluru,0,
T004286,U0146,2026-07-05 15:31:00,790.92,D0375,M048,Ahmedabad,0,
T003760,U0124,2026-07-05 15:36:00,765.38,D0132,M010,Lucknow,0,
T000941,U0031,2026-07-05 15:41:00,1712.46,D0674,M036,Jaipur,0,
T003889,U0129,2026-07-05 15:43:00,3633.22,D0066,M032,Kolkata,0,
T002698,U0089,2026-07-05 15:44:00,2214.26,D0487,M053,Lucknow,0,
T007091,U0242,2026-07-05 15:45:00,2858.32,D0161,M032,Ahmedabad,0,
T003067,U0101,2026-07-05 15:51:00,1304.26,D0807,M017,Chennai,0,
T004116,U0139,2026-07-05 15:53:00,3558.42,D0275,M022,Kolkata,0,
T007180,U0245,2026-07-05 15:54:00,511.71,D0640,M051,Hyderabad,0,
T001395,U0046,2026-07-05 15:55:00,3105.64,D0838,M043,Hyderabad,0,
T006898,U0235,2026-07-05 15:57:00,1133.28,D0225,M028,Pune,0,
T002085,U0069,2026-07-05 15:58:00,2408.2,D0601,M056,Delhi,0,
T004383,U0150,2026-07-05 16:02:00,3578.43,D0454,M023,Delhi,0,
T006516,U0223,2026-07-05 16:06:00,1531.72,D0315,M058,Ahmedabad,0,
T003002,U0098,2026-07-05 16:08:00,713.5,D0298,M003,Kolkata,0,
T000786,U0026,2026-07-05 16:11:00,2593.95,D0111,M053,Lucknow,0,
T001407,U0047,2026-07-05 16:16:00,3018.61,D0117,M001,Pune,0,
T006940,U0236,2026-07-05 16:19:00,4996.42,D0524,M032,Delhi,0,
T003894,U0129,2026-07-05 16:20:00,2685.17,D0426,M029,Kolkata,0,
T005028,U0173,2026-07-05 16:21:00,3662.41,D0073,M022,Chennai,0,
T005036,U0174,2026-07-05 16:21:00,4389.89,D0862,M032,Hyderabad,0,
T001810,U0061,2026-07-05 16:23:00,2617.31,D0784,M056,Delhi,0,
T001770,U0060,2026-07-05 16:25:00,2927.35,D0156,M006,Ahmedabad,0,
T006929,U0236,2026-07-05 16:25:00,4197.17,D0524,M058,Delhi,0,
T000318,U0010,2026-07-05 16:32:00,2064.28,D0767,M053,Delhi,0,
T003309,U0109,2026-07-05 16:32:00,3197.69,D0831,M047,Pune,0,
T007243,U0247,2026-07-05 16:34:00,4655.74,D0548,M057,Chennai,0,
T002962,U0097,2026-07-05 16:37:00,1254.48,D0757,M014,Hyderabad,0,
T001265,U0043,2026-07-05 16:37:00,1246.29,D0414,M013,Jaipur,0,
T001745,U0059,2026-07-05 16:42:00,1222.28,D0090,M004,Mumbai,0,
T001031,U0035,2026-07-05 16:44:00,338.69,D0823,M009,Lucknow,0,
T005185,U0178,2026-07-05 16:48:00,1651.87,D0489,M041,Jaipur,0,
T004956,U0171,2026-07-05 16:49:00,2195.75,D0455,M023,Lucknow,0,
T005384,U0185,2026-07-05 16:50:00,587.9,D0146,M054,Pune,0,
T001024,U0034,2026-07-05 16:50:00,1146.29,D0213,M007,Chennai,0,
T006040,U0206,2026-07-05 16:56:00,1249.55,D0035,M041,Hyderabad,0,
T003459,U0114,2026-07-05 16:58:00,649.3,D0541,M012,Hyderabad,0,
T005388,U0185,2026-07-05 17:00:00,844.25,D0391,M044,Pune,0,
T006990,U0238,2026-07-05 17:01:00,2788.99,D0864,M033,Lucknow,0,
T003903,U0129,2026-07-05 17:02:00,4069.96,D0426,M060,Kolkata,0,
T000309,U0010,2026-07-05 17:04:00,1383.8,D0767,M048,Delhi,0,
T003839,U0127,2026-07-05 17:04:00,682.07,D0743,M034,Kolkata,0,
T003446,U0114,2026-07-05 17:11:00,280.79,D0541,M028,Hyderabad,0,
T004501,U0154,2026-07-05 17:12:00,1315.29,D0438,M058,Mumbai,0,
T003639,U0120,2026-07-05 17:14:00,867.57,D0266,M003,Hyderabad,0,
T007222,U0247,2026-07-05 17:14:00,2808.34,D0548,M018,Chennai,0,
T007599,U0183,2026-07-05 17:26:00,3791.24,D0854,M022,Kolkata,1,zero_day_drain
T005474,U0188,2026-07-05 17:28:00,3398.48,D0422,M043,Mumbai,0,
T004076,U0137,2026-07-05 17:30:00,2777.07,D0399,M055,Jaipur,0,
T000505,U0017,2026-07-05 17:30:00,5328.25,D0170,M040,Pune,0,
T006507,U0222,2026-07-05 17:31:00,3977.7,D0478,M039,Kolkata,0,
T005063,U0174,2026-07-05 17:34:00,2595.61,D0862,M012,Hyderabad,0,
T005223,U0179,2026-07-05 17:38:00,4293.96,D0651,M033,Pune,0,
T004301,U0147,2026-07-05 17:40:00,385.05,D0823,M018,Hyderabad,0,
T005833,U0199,2026-07-05 17:45:00,1230.15,D0422,M046,Hyderabad,0,
T003181,U0105,2026-07-05 17:57:00,329.41,D0715,M057,Mumbai,0,
T004636,U0159,2026-07-05 17:58:00,3255.21,D0721,M007,Chennai,0,
T001767,U0060,2026-07-05 18:01:00,3296.09,D0156,M045,Ahmedabad,0,
T001677,U0057,2026-07-05 18:20:00,2909.91,D0052,M052,Delhi,0,
T006741,U0230,2026-07-05 18:21:00,898.38,D0624,M039,Kolkata,0,
T003825,U0126,2026-07-05 18:22:00,3358.17,D0422,M052,Ahmedabad,0,
T007209,U0246,2026-07-05 18:25:00,5448.45,D0518,M011,Delhi,0,
T006163,U0210,2026-07-05 18:27:00,2514.81,D0573,M007,Jaipur,0,
T003415,U0113,2026-07-05 18:34:00,1538.95,D0021,M055,Chennai,0,
T001097,U0037,2026-07-05 18:41:00,866.85,D0444,M060,Hyderabad,0,
T001394,U0046,2026-07-05 18:43:00,2411.53,D0838,M043,Hyderabad,0,
T004854,U0167,2026-07-05 18:55:00,7384.68,D0298,M021,Hyderabad,0,
T003179,U0105,2026-07-05 18:56:00,856.01,D0715,M016,Mumbai,0,
T002102,U0070,2026-07-05 18:57:00,523.73,D0635,M041,Bengaluru,0,
T003803,U0125,2026-07-05 18:58:00,3266.16,D0002,M056,Pune,0,
T005936,U0203,2026-07-05 19:00:00,831.61,D0603,M014,Mumbai,0,
T004472,U0153,2026-07-05 19:10:00,4313.46,D0851,M032,Chennai,0,
T005923,U0203,2026-07-05 19:21:00,1228.93,D0173,M014,Mumbai,0,
T000554,U0019,2026-07-05 19:37:00,2995.92,D0397,M016,Kolkata,0,
T003602,U0119,2026-07-05 19:52:00,3948.26,D0668,M005,Ahmedabad,0,
T004666,U0160,2026-07-05 19:59:00,1617.66,D0738,M057,Ahmedabad,0,
T004204,U0143,2026-07-05 20:05:00,4420.6,D0517,M029,Jaipur,0,
T003709,U0122,2026-07-05 20:20:00,4556.07,D0648,M018,Ahmedabad,0,
T004834,U0166,2026-07-05 20:31:00,291.53,D0005,M037,Lucknow,0,
T003838,U0127,2026-07-05 20:35:00,990.56,D0743,M037,Kolkata,0,
T004504,U0155,2026-07-05 20:39:00,1804.59,D0283,M022,Pune,0,
T003609,U0119,2026-07-05 21:05:00,3834.3,D0668,M015,Ahmedabad,0,
T005776,U0197,2026-07-05 21:14:00,3565.22,D0810,M031,Ahmedabad,0,
T002420,U0081,2026-07-05 21:27:00,2780.46,D0218,M036,Bengaluru,0,
T005604,U0192,2026-07-05 22:18:00,1193.78,D0100,M016,Ahmedabad,0,
T002397,U0080,2026-07-05 22:44:00,2793.97,D0312,M003,Jaipur,0,
T003433,U0113,2026-07-05 23:16:00,2823.12,D0021,M042,Chennai,0,
T007542,U0198,2026-07-05 23:30:00,3921.33,D0718,M010,Jaipur,1,account_takeover
T000888,U0030,2026-07-05 23:35:00,770.49,D0283,M017,Bengaluru,0,
T000322,U0010,2026-07-05 23:36:00,1964.73,D0032,M040,Delhi,0,
T002000,U0067,2026-07-05 23:40:00,1027.9,D0445,M053,Hyderabad,0,
T004044,U0135,2026-07-05 23:48:00,3436.57,D0523,M020,Jaipur,0,
T003153,U0104,2026-07-06 00:59:00,3077.11,D0112,M035,Jaipur,0,
T007549,U0004,2026-07-06 01:04:00,8692.54,D0429,M013,Jaipur,1,account_takeover
T007348,U0051,2026-07-06 02:00:00,136.0,D0126,M053,Kolkata,1,velocity_burst
T007349,U0051,2026-07-06 02:01:00,131.78,D0126,M010,Kolkata,1,velocity_burst
T007351,U0051,2026-07-06 02:03:00,37.19,D0126,M033,Kolkata,1,velocity_burst
T007350,U0051,2026-07-06 02:04:00,33.65,D0126,M004,Kolkata,1,velocity_burst
T007353,U0051,2026-07-06 02:05:00,17.61,D0126,M036,Kolkata,1,velocity_burst
T007352,U0051,2026-07-06 02:08:00,111.51,D0126,M005,Kolkata,1,velocity_burst
T005502,U0188,2026-07-06 05:21:00,5569.43,D0422,M051,Mumbai,0,
T002641,U0088,2026-07-06 05:25:00,4785.84,D0182,M039,Bengaluru,0,
T004513,U0155,2026-07-06 06:00:00,1873.94,D0283,M022,Pune,0,
T005729,U0196,2026-07-06 06:31:00,2072.42,D0283,M008,Delhi,0,
T006388,U0218,2026-07-06 06:42:00,782.53,D0271,M018,Lucknow,0,
T005341,U0183,2026-07-06 06:48:00,1801.64,D0562,M028,Kolkata,0,
T002053,U0068,2026-07-06 06:48:00,723.85,D0439,M001,Mumbai,0,
T006607,U0226,2026-07-06 07:02:00,1804.02,D0794,M057,Jaipur,0,
T004686,U0161,2026-07-06 07:04:00,2170.37,D0154,M058,Lucknow,0,
T004410,U0151,2026-07-06 07:06:00,1743.22,D0683,M020,Lucknow,0,
T001510,U0050,2026-07-06 07:10:00,244.14,D0142,M032,Bengaluru,0,
T007330,U0250,2026-07-06 07:10:00,3564.4,D0339,M044,Jaipur,0,
T002221,U0074,2026-07-06 07:33:00,2350.34,D0366,M004,Ahmedabad,0,
T004557,U0157,2026-07-06 07:48:00,1749.3,D0427,M041,Bengaluru,0,
T002356,U0078,2026-07-06 08:02:00,1748.42,D0886,M029,Lucknow,0,
T000891,U0030,2026-07-06 08:03:00,818.51,D0283,M030,Bengaluru,0,
T003617,U0120,2026-07-06 08:17:00,639.71,D0763,M043,Hyderabad,0,
T005456,U0187,2026-07-06 08:21:00,3511.73,D0829,M004,Hyderabad,0,
T001612,U0054,2026-07-06 08:27:00,303.69,D0700,M060,Lucknow,0,
T001056,U0036,2026-07-06 08:37:00,4789.88,D0532,M020,Pune,0,
T002819,U0093,2026-07-06 08:39:00,1097.3,D0840,M045,Jaipur,0,
T002166,U0071,2026-07-06 08:42:00,769.2,D0827,M059,Chennai,0,
T000079,U0003,2026-07-06 08:42:00,1371.75,D0682,M054,Delhi,0,
T003776,U0124,2026-07-06 08:43:00,531.33,D0132,M056,Lucknow,0,
T006943,U0236,2026-07-06 08:45:00,5057.33,D0675,M058,Delhi,0,
T007224,U0247,2026-07-06 08:50:00,3925.6,D0548,M029,Chennai,0,
T007109,U0242,2026-07-06 08:52:00,2302.34,D0534,M032,Ahmedabad,0,
T001523,U0051,2026-07-06 08:54:00,2660.98,D0126,M058,Kolkata,0,
T006890,U0235,2026-07-06 08:55:00,1798.32,D0225,M044,Pune,0,
T005430,U0186,2026-07-06 08:56:00,2284.59,D0478,M056,Pune,0,
T000307,U0010,2026-07-06 09:02:00,1473.85,D0032,M053,Delhi,0,
T006078,U0208,2026-07-06 09:03:00,818.08,D0831,M044,Chennai,0,
T002714,U0090,2026-07-06 09:03:00,1352.72,D0667,M018,Lucknow,0,
T003714,U0123,2026-07-06 09:08:00,1495.99,D0442,M026,Bengaluru,0,
T003556,U0118,2026-07-06 09:12:00,1093.14,D0095,M005,Jaipur,0,
T002307,U0077,2026-07-06 09:18:00,1419.8,D0129,M032,Chennai,0,
T001773,U0060,2026-07-06 09:21:00,3256.89,D0156,M006,Ahmedabad,0,
T006745,U0231,2026-07-06 09:25:00,3007.99,D0749,M058,Bengaluru,0,
T006182,U0211,2026-07-06 09:39:00,1096.82,D0230,M005,Kolkata,0,
T007326,U0250,2026-07-06 09:41:00,4760.23,D0339,M031,Jaipur,0,
T001591,U0053,2026-07-06 09:42:00,3542.82,D0284,M030,Lucknow,0,
T000939,U0031,2026-07-06 09:45:00,2151.26,D0674,M001,Jaipur,0,
T003784,U0125,2026-07-06 09:45:00,3590.7,D0290,M060,Pune,0,
T002275,U0076,2026-07-06 09:52:00,2036.57,D0020,M050,Chennai,0,
T005396,U0185,2026-07-06 09:55:00,818.3,D0391,M011,Pune,0,
T002577,U0086,2026-07-06 09:56:00,2212.1,D0726,M025,Bengaluru,0,
T006092,U0208,2026-07-06 09:57:00,613.41,D0831,M044,Chennai,0,
T005367,U0183,2026-07-06 10:05:00,3140.73,D0854,M006,Kolkata,0,
T007637,U0072,2026-07-06 10:07:00,2515.05,D0038,M017,Bengaluru,1,zero_day_drain
T005819,U0199,2026-07-06 10:13:00,917.12,D0422,M046,Hyderabad,0,
T006854,U0234,2026-07-06 10:19:00,3437.05,D0029,M053,Jaipur,0,
T003661,U0121,2026-07-06 10:19:00,1014.54,D0160,M004,Bengaluru,0,
T001113,U0038,2026-07-06 10:24:00,1806.1,D0045,M022,Hyderabad,0,
T005866,U0201,2026-07-06 10:32:00,1591.63,D0116,M042,Pune,0,
T004317,U0147,2026-07-06 10:33:00,292.54,D0087,M032,Hyderabad,0,
T004042,U0135,2026-07-06 10:37:00,2136.84,D0523,M018,Jaipur,0,
T006877,U0235,2026-07-06 10:40:00,1044.97,D0225,M022,Pune,0,
T002542,U0085,2026-07-06 10:42:00,2476.69,D0404,M059,Jaipur,0,
T007303,U0250,2026-07-06 10:44:00,3133.3,D0339,M026,Jaipur,0,
T002601,U0087,2026-07-06 10:45:00,728.32,D0536,M030,Ahmedabad,0,
T005624,U0193,2026-07-06 10:54:00,3415.93,D0709,M017,Jaipur,0,
T000680,U0023,2026-07-06 10:55:00,4022.7,D0163,M018,Lucknow,0,
T003236,U0107,2026-07-06 10:55:00,1094.98,D0752,M004,Bengaluru,0,
T001651,U0055,2026-07-06 10:59:00,600.95,D0612,M014,Kolkata,0,
T006289,U0214,2026-07-06 11:01:00,2289.21,D0674,M019,Jaipur,0,
T004564,U0157,2026-07-06 11:03:00,2552.18,D0427,M002,Bengaluru,0,
T003447,U0114,2026-07-06 11:11:00,850.03,D0541,M053,Hyderabad,0,
T000514,U0017,2026-07-06 11:19:00,3269.01,D0170,M009,Pune,0,
T001418,U0047,2026-07-06 11:26:00,1325.14,D0117,M028,Pune,0,
T004586,U0158,2026-07-06 11:28:00,2771.06,D0070,M019,Delhi,0,
T006870,U0234,2026-07-06 11:28:00,2293.4,D0194,M009,Jaipur,0,
T001682,U0057,2026-07-06 11:29:00,1289.97,D0220,M050,Delhi,0,
T005420,U0186,2026-07-06 11:39:00,1888.43,D0478,M056,Pune,0,
T006619,U0226,2026-07-06 11:39:00,1600.11,D0794,M026,Jaipur,0,
T007053,U0241,2026-07-06 11:42:00,433.21,D0724,M027,Lucknow,0,
T002757,U0091,2026-07-06 11:46:00,4692.11,D0226,M028,Mumbai,0,
T007056,U0241,2026-07-06 11:47:00,256.49,D0724,M009,Lucknow,0,
T005019,U0173,2026-07-06 11:48:00,4978.19,D0073,M055,Chennai,0,
T005359,U0183,2026-07-06 11:49:00,1034.75,D0562,M006,Kolkata,0,
T006872,U0234,2026-07-06 11:49:00,3249.72,D0029,M038,Jaipur,0,
T001122,U0038,2026-07-06 11:49:00,2720.65,D0045,M055,Hyderabad,0,
T002204,U0073,2026-07-06 11:51:00,3366.65,D0175,M056,Pune,0,
T001843,U0062,2026-07-06 11:55:00,740.67,D0584,M010,Hyderabad,0,
T001266,U0043,2026-07-06 11:57:00,1194.97,D0414,M054,Jaipur,0,
T006649,U0228,2026-07-06 11:59:00,3263.34,D0620,M036,Pune,0,
T004041,U0135,2026-07-06 12:05:00,1529.22,D0549,M018,Jaipur,0,
T004633,U0159,2026-07-06 12:06:00,3447.0,D0721,M004,Chennai,0,
T002461,U0082,2026-07-06 12:11:00,1606.8,D0332,M037,Mumbai,0,
T003209,U0106,2026-07-06 12:12:00,1113.22,D0806,M010,Hyderabad,0,
T005196,U0178,2026-07-06 12:14:00,1315.8,D0489,M055,Jaipur,0,
T000744,U0025,2026-07-06 12:19:00,1311.45,D0797,M023,Chennai,0,
T004325,U0147,2026-07-06 12:20:00,290.49,D0087,M017,Hyderabad,0,
T000613,U0020,2026-07-06 12:20:00,2772.64,D0806,M018,Mumbai,0,
T004328,U0147,2026-07-06 12:21:00,239.33,D0823,M017,Hyderabad,0,
T000337,U0011,2026-07-06 12:29:00,1243.35,D0289,M007,Chennai,0,
T005362,U0183,2026-07-06 12:29:00,1522.79,D0562,M028,Kolkata,0,
T002213,U0074,2026-07-06 12:34:00,2866.6,D0583,M004,Ahmedabad,0,
T003287,U0109,2026-07-06 12:36:00,1793.14,D0831,M022,Pune,0,
T002639,U0088,2026-07-06 12:36:00,2212.13,D0182,M027,Bengaluru,0,
T006528,U0223,2026-07-06 12:39:00,1459.96,D0053,M011,Ahmedabad,0,
T005722,U0196,2026-07-06 12:41:00,992.85,D0283,M008,Delhi,0,
T003890,U0129,2026-07-06 12:44:00,2044.25,D0426,M060,Kolkata,0,
T002222,U0074,2026-07-06 12:45:00,744.48,D0366,M022,Ahmedabad,0,
T007156,U0244,2026-07-06 12:46:00,3084.17,D0640,M026,Mumbai,0,
T005051,U0174,2026-07-06 12:51:00,1826.24,D0862,M012,Hyderabad,0,
T005279,U0181,2026-07-06 12:52:00,3537.65,D0783,M033,Kolkata,0,
T002966,U0097,2026-07-06 13:03:00,478.15,D0420,M019,Hyderabad,0,
T003354,U0111,2026-07-06 13:05:00,3098.52,D0309,M050,Delhi,0,
T000663,U0023,2026-07-06 13:07:00,2496.9,D0163,M059,Lucknow,0,
T001688,U0057,2026-07-06 13:08:00,3500.02,D0052,M052,Delhi,0,
T002015,U0067,2026-07-06 13:08:00,1689.07,D0345,M053,Hyderabad,0,
T000069,U0002,2026-07-06 13:11:00,3378.8,D0834,M027,Chennai,0,
T006834,U0233,2026-07-06 13:12:00,3556.83,D0871,M013,Hyderabad,0,
T000316,U0010,2026-07-06 13:14:00,1015.34,D0767,M048,Delhi,0,
T001592,U0053,2026-07-06 13:16:00,3015.77,D0284,M055,Lucknow,0,
T004275,U0145,2026-07-06 13:20:00,3736.8,D0160,M022,Delhi,0,
T005390,U0185,2026-07-06 13:24:00,624.41,D0146,M044,Pune,0,
T005177,U0178,2026-07-06 13:28:00,1931.76,D0489,M029,Jaipur,0,
T005039,U0174,2026-07-06 13:30:00,2942.0,D0862,M060,Hyderabad,0,
T001132,U0038,2026-07-06 13:33:00,2130.02,D0045,M055,Hyderabad,0,
T007119,U0243,2026-07-06 13:41:00,2211.92,D0857,M054,Pune,0,
T005391,U0185,2026-07-06 13:42:00,557.81,D0391,M011,Pune,0,
T000577,U0020,2026-07-06 13:43:00,1955.18,D0806,M007,Mumbai,0,
T001797,U0061,2026-07-06 13:44:00,3435.36,D0515,M033,Delhi,0,
T000412,U0014,2026-07-06 13:45:00,2095.23,D0237,M027,Kolkata,0,
T005264,U0180,2026-07-06 13:46:00,2611.03,D0032,M050,Lucknow,0,
T000566,U0019,2026-07-06 13:47:00,2691.98,D0397,M027,Kolkata,0,
T004492,U0154,2026-07-06 13:48:00,1181.87,D0438,M007,Mumbai,0,
T005775,U0197,2026-07-06 13:49:00,4721.2,D0810,M031,Ahmedabad,0,
T007134,U0243,2026-07-06 13:50:00,1130.84,D0862,M018,Pune,0,
T000199,U0006,2026-07-06 13:51:00,2142.83,D0393,M039,Delhi,0,
T002956,U0097,2026-07-06 14:04:00,611.95,D0757,M014,Hyderabad,0,
T003403,U0113,2026-07-06 14:05:00,2670.48,D0410,M042,Chennai,0,
T001335,U0044,2026-07-06 14:05:00,1088.9,D0661,M036,Kolkata,0,
T005410,U0185,2026-07-06 14:13:00,581.17,D0391,M054,Pune,0,
T002179,U0072,2026-07-06 14:18:00,824.03,D0679,M027,Bengaluru,0,
T001807,U0061,2026-07-06 14:21:00,3558.08,D0515,M056,Delhi,0,
T006058,U0207,2026-07-06 14:26:00,1976.02,D0392,M050,Hyderabad,0,
T001571,U0052,2026-07-06 14:30:00,1386.38,D0573,M002,Pune,0,
T001158,U0039,2026-07-06 14:31:00,3148.85,D0364,M054,Pune,0,
T001324,U0044,2026-07-06 14:31:00,1042.88,D0661,M036,Kolkata,0,
T006588,U0225,2026-07-06 14:32:00,3310.97,D0028,M031,Mumbai,0,
T002091,U0069,2026-07-06 14:32:00,4182.42,D0601,M056,Delhi,0,
T005078,U0175,2026-07-06 14:43:00,3362.23,D0255,M001,Lucknow,0,
T006330,U0216,2026-07-06 14:44:00,972.82,D0864,M049,Pune,0,
T007204,U0246,2026-07-06 14:46:00,2103.58,D0201,M025,Delhi,0,
T003118,U0102,2026-07-06 14:47:00,775.21,D0731,M035,Lucknow,0,
T002475,U0083,2026-07-06 14:48:00,1976.57,D0210,M031,Pune,0,
T006325,U0216,2026-07-06 14:49:00,2700.14,D0864,M042,Pune,0,
T006796,U0232,2026-07-06 14:49:00,1697.8,D0836,M034,Chennai,0,
T006805,U0232,2026-07-06 14:54:00,2315.38,D0834,M008,Chennai,0,
T005354,U0183,2026-07-06 14:58:00,1154.31,D0854,M028,Kolkata,0,
T006888,U0235,2026-07-06 15:00:00,1624.43,D0225,M009,Pune,0,
T003982,U0132,2026-07-06 15:00:00,2483.38,D0367,M048,Kolkata,0,
T006312,U0215,2026-07-06 15:06:00,3401.15,D0863,M043,Ahmedabad,0,
T000324,U0011,2026-07-06 15:08:00,611.42,D0151,M007,Chennai,0,
T000087,U0003,2026-07-06 15:08:00,2458.51,D0149,M004,Delhi,0,
T002610,U0087,2026-07-06 15:08:00,444.73,D0660,M013,Ahmedabad,0,
T000553,U0019,2026-07-06 15:12:00,3678.45,D0397,M032,Kolkata,0,
T000892,U0030,2026-07-06 15:17:00,453.4,D0283,M017,Bengaluru,0,
T002454,U0082,2026-07-06 15:21:00,872.1,D0044,M045,Mumbai,0,
T003732,U0123,2026-07-06 15:22:00,2528.33,D0254,M048,Bengaluru,0,
T006726,U0230,2026-07-06 15:23:00,707.44,D0624,M046,Kolkata,0,
T006842,U0234,2026-07-06 15:23:00,3593.05,D0029,M056,Jaipur,0,
T007252,U0247,2026-07-06 15:24:00,3479.11,D0548,M053,Chennai,0,
T003425,U0113,2026-07-06 15:28:00,2325.55,D0021,M038,Chennai,0,
T004428,U0151,2026-07-06 15:34:00,2023.04,D0683,M020,Lucknow,0,
T003026,U0099,2026-07-06 15:35:00,1483.1,D0081,M048,Mumbai,0,
T001597,U0054,2026-07-06 15:35:00,3264.75,D0700,M040,Lucknow,0,
T003068,U0101,2026-07-06 15:37:00,1791.77,D0807,M048,Chennai,0,
T007613,U0004,2026-07-06 15:40:00,2902.23,D0040,M004,Pune,1,zero_day_drain
T001130,U0038,2026-07-06 15:44:00,3134.1,D0045,M032,Hyderabad,0,
T002426,U0082,2026-07-06 15:46:00,1568.13,D0332,M040,Mumbai,0,
T001120,U0038,2026-07-06 15:47:00,4588.28,D0045,M055,Hyderabad,0,
T000458,U0015,2026-07-06 15:48:00,5189.14,D0633,M042,Pune,0,
T003371,U0112,2026-07-06 15:54:00,736.82,D0704,M042,Jaipur,0,
T006973,U0238,2026-07-06 15:55:00,1739.01,D0718,M033,Lucknow,0,
T003678,U0121,2026-07-06 15:55:00,2215.18,D0160,M024,Bengaluru,0,
T004607,U0158,2026-07-06 15:57:00,3620.04,D0159,M019,Delhi,0,
T005750,U0196,2026-07-06 16:01:00,1828.25,D0283,M016,Delhi,0,
T005546,U0190,2026-07-06 16:03:00,1656.12,D0382,M030,Lucknow,0,
T003712,U0122,2026-07-06 16:04:00,796.25,D0477,M010,Ahmedabad,0,
T004769,U0163,2026-07-06 16:06:00,2696.49,D0656,M027,Ahmedabad,0,
T000658,U0022,2026-07-06 16:06:00,1081.02,D0279,M058,Mumbai,0,
T006589,U0225,2026-07-06 16:10:00,2827.95,D0028,M049,Mumbai,0,
T002444,U0082,2026-07-06 16:15:00,665.13,D0332,M045,Mumbai,0,
T006297,U0215,2026-07-06 16:16:00,6559.97,D0821,M018,Ahmedabad,0,
T001670,U0056,2026-07-06 16:18:00,988.79,D0005,M049,Kolkata,0,
T004244,U0144,2026-07-06 16:18:00,1832.34,D0465,M041,Lucknow,0,
T002069,U0069,2026-07-06 16:30:00,2841.18,D0601,M060,Delhi,0,
T004399,U0150,2026-07-06 16:41:00,1207.26,D0454,M027,Delhi,0,
T002150,U0071,2026-07-06 16:44:00,319.86,D0890,M048,Chennai,0,
T006365,U0217,2026-07-06 16:47:00,1921.53,D0593,M034,Bengaluru,0,
T005117,U0176,2026-07-06 16:48:00,1410.87,D0637,M010,Hyderabad,0,
T006839,U0234,2026-07-06 16:55:00,2895.42,D0194,M006,Jaipur,0,
T006617,U0226,2026-07-06 16:58:00,1308.27,D0794,M037,Jaipur,0,
T007030,U0240,2026-07-06 17:00:00,636.66,D0683,M002,Chennai,0,
T001804,U0061,2026-07-06 17:00:00,3665.12,D0515,M033,Delhi,0,
T006720,U0230,2026-07-06 17:01:00,1781.79,D0624,M032,Kolkata,0,
T001104,U0037,2026-07-06 17:01:00,1800.31,D0444,M052,Hyderabad,0,
T007063,U0241,2026-07-06 17:01:00,237.67,D0724,M027,Lucknow,0,
T002090,U0069,2026-07-06 17:02:00,1077.65,D0601,M005,Delhi,0,
T003755,U0123,2026-07-06 17:13:00,1318.82,D0442,M031,Bengaluru,0,
T000825,U0028,2026-07-06 17:17:00,1592.65,D0207,M002,Pune,0,
T000033,U0001,2026-07-06 17:20:00,1982.51,D0395,M006,Mumbai,0,
T002096,U0069,2026-07-06 17:31:00,4650.5,D0108,M056,Delhi,0,
T001748,U0059,2026-07-06 17:36:00,2742.98,D0090,M036,Mumbai,0,
T005532,U0190,2026-07-06 17:37:00,2387.92,D0566,M029,Lucknow,0,
T004092,U0138,2026-07-06 17:38:00,2772.45,D0687,M060,Lucknow,0,
T000174,U0006,2026-07-06 17:49:00,3161.25,D0145,M039,Delhi,0,
T002645,U0088,2026-07-06 17:49:00,3270.58,D0182,M039,Bengaluru,0,
T000389,U0014,2026-07-06 17:55:00,2731.3,D0871,M041,Kolkata,0,
T007100,U0242,2026-07-06 17:55:00,2028.09,D0534,M032,Ahmedabad,0,
T003935,U0130,2026-07-06 17:59:00,20.0,D0892,M019,Ahmedabad,0,
T002380,U0080,2026-07-06 18:06:00,2967.89,D0005,M003,Jaipur,0,
T002062,U0069,2026-07-06 18:13:00,3824.26,D0601,M056,Delhi,0,
T005118,U0176,2026-07-06 18:14:00,3009.68,D0510,M018,Hyderabad,0,
T002761,U0091,2026-07-06 18:17:00,3349.59,D0712,M035,Mumbai,0,
T002509,U0084,2026-07-06 18:20:00,1543.1,D0549,M025,Mumbai,0,
T006603,U0226,2026-07-06 18:21:00,1364.41,D0794,M057,Jaipur,0,
T005774,U0197,2026-07-06 18:33:00,3279.31,D0810,M031,Ahmedabad,0,
T000336,U0011,2026-07-06 18:38:00,765.43,D0289,M047,Chennai,0,
T003682,U0121,2026-07-06 18:38:00,1843.59,D0160,M004,Bengaluru,0,
T004014,U0134,2026-07-06 18:39:00,3623.52,D0117,M008,Delhi,0,
T000119,U0004,2026-07-06 18:39:00,1644.39,D0040,M009,Pune,0,
T004965,U0171,2026-07-06 18:46:00,1826.03,D0417,M023,Lucknow,0,
T006529,U0223,2026-07-06 18:49:00,1113.36,D0053,M009,Ahmedabad,0,
T003133,U0103,2026-07-06 18:53:00,3817.79,D0662,M010,Ahmedabad,0,
T002437,U0082,2026-07-06 18:56:00,1893.13,D0332,M040,Mumbai,0,
T002659,U0088,2026-07-06 18:57:00,2706.8,D0182,M027,Bengaluru,0,
T001866,U0063,2026-07-06 19:01:00,2611.22,D0853,M018,Lucknow,0,
T003994,U0133,2026-07-06 19:02:00,2087.98,D0798,M010,Bengaluru,0,
T000456,U0015,2026-07-06 19:13:00,4660.83,D0633,M035,Pune,0,
T006501,U0222,2026-07-06 19:21:00,4951.27,D0093,M027,Kolkata,0,
T002983,U0097,2026-07-06 19:28:00,1366.42,D0757,M015,Hyderabad,0,
T001003,U0034,2026-07-06 19:29:00,994.03,D0213,M007,Chennai,0,
T000948,U0032,2026-07-06 19:34:00,2873.05,D0597,M028,Chennai,0,
T001032,U0035,2026-07-06 19:43:00,502.41,D0823,M017,Lucknow,0,
T003213,U0106,2026-07-06 19:57:00,700.29,D0806,M017,Hyderabad,0,
T005992,U0205,2026-07-06 20:00:00,4223.04,D0547,M013,Jaipur,0,
T002394,U0080,2026-07-06 20:06:00,1371.08,D0005,M003,Jaipur,0,
T006575,U0224,2026-07-06 20:17:00,5322.4,D0191,M008,Bengaluru,0,
T000108,U0003,2026-07-06 20:23:00,2489.07,D0682,M004,Delhi,0,
T002921,U0096,2026-07-06 20:36:00,1930.3,D0002,M017,Pune,0,
T003345,U0110,2026-07-06 20:59:00,5812.03,D0355,M056,Mumbai,0,
T003587,U0119,2026-07-06 21:04:00,2449.52,D0555,M015,Ahmedabad,0,
T004309,U0147,2026-07-06 21:13:00,316.35,D0087,M017,Hyderabad,0,
T001877,U0064,2026-07-06 21:33:00,1928.86,D0368,M033,Kolkata,0,
T003458,U0114,2026-07-06 21:48:00,308.2,D0541,M028,Hyderabad,0,
T005004,U0173,2026-07-06 22:32:00,2908.86,D0221,M051,Chennai,0,
T004674,U0160,2026-07-06 22:44:00,3449.21,D0738,M057,Ahmedabad,0,
T001198,U0041,2026-07-06 22:56:00,1733.15,D0055,M010,Delhi,0,
T007538,U0227,2026-07-07 02:11:00,11576.81,D0177,M035,Jaipur,1,account_takeover
T006714,U0230,2026-07-07 04:21:00,1429.69,D0624,M032,Kolkata,0,
T005910,U0202,2026-07-07 04:40:00,5866.01,D0153,M004,Hyderabad,0,
T002298,U0076,2026-07-07 05:02:00,2162.65,D0095,M050,Chennai,0,
T002889,U0095,2026-07-07 06:00:00,4913.76,D0808,M056,Jaipur,0,
T006279,U0214,2026-07-07 06:14:00,1160.88,D0674,M019,Jaipur,0,
T005049,U0174,2026-07-07 06:15:00,2549.69,D0862,M041,Hyderabad,0,
T000201,U0006,2026-07-07 06:31:00,1804.73,D0145,M006,Delhi,0,
T004069,U0137,2026-07-07 06:49:00,2832.91,D0399,M019,Jaipur,0,
T005335,U0183,2026-07-07 06:50:00,2223.37,D0562,M007,Kolkata,0,
T000515,U0017,2026-07-07 06:52:00,2225.55,D0170,M038,Pune,0,
T002391,U0080,2026-07-07 06:58:00,1091.91,D0312,M058,Jaipur,0,
T000526,U0018,2026-07-07 07:03:00,3417.34,D0522,M002,Pune,0,
T007122,U0243,2026-07-07 07:05:00,1622.49,D0857,M018,Pune,0,
T004595,U0158,2026-07-07 07:07:00,2786.74,D0159,M015,Delhi,0,
T004908,U0169,2026-07-07 07:14:00,850.63,D0220,M056,Hyderabad,0,
T002497,U0084,2026-07-07 07:16:00,632.23,D0549,M032,Mumbai,0,
T006428,U0219,2026-07-07 07:17:00,2006.44,D0826,M018,Chennai,0,
T002849,U0094,2026-07-07 07:26:00,1776.92,D0886,M019,Mumbai,0,
T005416,U0185,2026-07-07 07:29:00,661.26,D0391,M044,Pune,0,
T003987,U0132,2026-07-07 07:33:00,2577.75,D0418,M020,Kolkata,0,
T005295,U0182,2026-07-07 07:36:00,2890.41,D0821,M048,Pune,0,
T003242,U0107,2026-07-07 07:36:00,1805.05,D0878,M004,Bengaluru,0,
T004366,U0148,2026-07-07 07:56:00,4739.46,D0393,M038,Mumbai,0,
T004319,U0147,2026-07-07 08:00:00,275.91,D0087,M017,Hyderabad,0,
T000696,U0023,2026-07-07 08:07:00,3463.46,D0163,M018,Lucknow,0,
T001607,U0054,2026-07-07 08:18:00,3294.02,D0255,M007,Lucknow,0,
T003725,U0123,2026-07-07 08:39:00,3939.23,D0442,M026,Bengaluru,0,
T006587,U0225,2026-07-07 08:43:00,2706.97,D0028,M045,Mumbai,0,
T000455,U0015,2026-07-07 08:54:00,4653.83,D0633,M048,Pune,0,
T001502,U0050,2026-07-07 08:54:00,1125.83,D0142,M023,Bengaluru,0,
T001754,U0059,2026-07-07 09:03:00,3925.78,D0090,M029,Mumbai,0,
T005647,U0194,2026-07-07 09:08:00,4026.49,D0063,M035,Hyderabad,0,
T003004,U0099,2026-07-07 09:17:00,875.28,D0081,M010,Mumbai,0,
T004565,U0157,2026-07-07 09:27:00,1825.66,D0427,M002,Bengaluru,0,
T006375,U0217,2026-07-07 09:34:00,5185.49,D0427,M034,Bengaluru,0,
T004413,U0151,2026-07-07 09:36:00,1653.12,D0683,M010,Lucknow,0,
T006787,U0232,2026-07-07 09:36:00,1368.25,D0836,M036,Chennai,0,
T003243,U0107,2026-07-07 09:37:00,1407.83,D0752,M004,Bengaluru,0,
T000207,U0007,2026-07-07 09:45:00,2765.14,D0749,M001,Kolkata,0,
T000364,U0012,2026-07-07 09:57:00,1348.39,D0450,M026,Chennai,0,
T000977,U0032,2026-07-07 09:59:00,2051.07,D0017,M048,Chennai,0,
T006152,U0210,2026-07-07 10:00:00,2098.15,D0573,M016,Jaipur,0,
T001425,U0047,2026-07-07 10:00:00,1022.95,D0117,M028,Pune,0,
T001996,U0067,2026-07-07 10:08:00,1341.59,D0345,M005,Hyderabad,0,
T000734,U0024,2026-07-07 10:10:00,1694.54,D0201,M031,Ahmedabad,0,
T000508,U0017,2026-07-07 10:10:00,3491.23,D0170,M040,Pune,0,
T002970,U0097,2026-07-07 10:11:00,1893.89,D0757,M014,Hyderabad,0,
T001919,U0065,2026-07-07 10:14:00,1311.6,D0632,M048,Bengaluru,0,
T001643,U0055,2026-07-07 10:14:00,661.39,D0612,M057,Kolkata,0,
T006782,U0231,2026-07-07 10:25:00,3076.02,D0749,M033,Bengaluru,0,
T002965,U0097,2026-07-07 10:26:00,1742.49,D0420,M019,Hyderabad,0,
T003252,U0107,2026-07-07 10:30:00,1558.91,D0752,M004,Bengaluru,0,
T000475,U0016,2026-07-07 10:30:00,524.67,D0647,M035,Ahmedabad,0,
T001071,U0036,2026-07-07 10:35:00,4530.59,D0532,M039,Pune,0,
T003384,U0112,2026-07-07 10:46:00,1358.75,D0854,M052,Jaipur,0,
T005597,U0192,2026-07-07 10:50:00,968.32,D0100,M016,Ahmedabad,0,
T002803,U0092,2026-07-07 10:51:00,3592.2,D0167,M019,Lucknow,0,
T002707,U0090,2026-07-07 10:53:00,2114.24,D0667,M015,Lucknow,0,
T007284,U0249,2026-07-07 10:56:00,895.06,D0637,M028,Kolkata,0,
T003544,U0118,2026-07-07 10:59:00,459.5,D0810,M055,Jaipur,0,
T002137,U0071,2026-07-07 11:02:00,655.26,D0827,M059,Chennai,0,
T005849,U0200,2026-07-07 11:03:00,4887.93,D0713,M050,Pune,0,
T004386,U0150,2026-07-07 11:04:00,5367.85,D0454,M019,Delhi,0,
T004221,U0143,2026-07-07 11:04:00,1127.59,D0159,M029,Jaipur,0,
T007311,U0250,2026-07-07 11:25:00,4405.87,D0157,M031,Jaipur,0,
T005241,U0180,2026-07-07 11:25:00,3249.48,D0032,M013,Lucknow,0,
T000222,U0007,2026-07-07 11:31:00,4693.64,D0749,M048,Kolkata,0,
T005656,U0194,2026-07-07 11:34:00,5394.81,D0063,M045,Hyderabad,0,
T002860,U0094,2026-07-07 11:41:00,1622.36,D0886,M003,Mumbai,0,
T005605,U0192,2026-07-07 11:42:00,1173.83,D0090,M012,Ahmedabad,0,
T001354,U0045,2026-07-07 11:45:00,3348.11,D0572,M055,Lucknow,0,
T003096,U0102,2026-07-07 11:51:00,795.67,D0134,M018,Lucknow,0,
T002872,U0095,2026-07-07 11:52:00,2624.87,D0808,M056,Jaipur,0,
T004589,U0158,2026-07-07 11:52:00,1665.95,D0159,M022,Delhi,0,
T003380,U0112,2026-07-07 11:53:00,946.22,D0704,M042,Jaipur,0,
T002427,U0082,2026-07-07 11:53:00,1100.55,D0332,M038,Mumbai,0,
T002348,U0078,2026-07-07 11:54:00,2299.09,D0886,M042,Lucknow,0,
T001826,U0062,2026-07-07 11:54:00,592.81,D0584,M010,Hyderabad,0,
T005272,U0181,2026-07-07 11:56:00,1961.38,D0879,M010,Kolkata,0,
T005143,U0177,2026-07-07 11:59:00,2649.24,D0606,M031,Pune,0,
T004064,U0136,2026-07-07 11:59:00,3070.94,D0485,M054,Bengaluru,0,
T005234,U0179,2026-07-07 12:03:00,2293.43,D0651,M033,Pune,0,
T002931,U0096,2026-07-07 12:03:00,1782.46,D0002,M060,Pune,0,
T003505,U0116,2026-07-07 12:03:00,1988.28,D0182,M059,Ahmedabad,0,
T002833,U0093,2026-07-07 12:04:00,1572.48,D0390,M045,Jaipur,0,
T003801,U0125,2026-07-07 12:06:00,2840.85,D0002,M027,Pune,0,
T000235,U0008,2026-07-07 12:08:00,1661.35,D0702,M009,Kolkata,0,
T001930,U0065,2026-07-07 12:09:00,2706.53,D0632,M036,Bengaluru,0,
T006057,U0207,2026-07-07 12:10:00,2489.98,D0392,M050,Hyderabad,0,
T006137,U0210,2026-07-07 12:13:00,1370.35,D0721,M002,Jaipur,0,
T001043,U0035,2026-07-07 12:14:00,403.71,D0823,M034,Lucknow,0,
T001685,U0057,2026-07-07 12:15:00,2534.73,D0052,M060,Delhi,0,
T006295,U0215,2026-07-07 12:20:00,1776.69,D0863,M043,Ahmedabad,0,
T002375,U0080,2026-07-07 12:21:00,1484.53,D0005,M058,Jaipur,0,
T000142,U0004,2026-07-07 12:23:00,2057.77,D0040,M045,Pune,0,
T004930,U0170,2026-07-07 12:31:00,473.97,D0199,M017,Chennai,0,
T004355,U0148,2026-07-07 12:32:00,2184.19,D0393,M050,Mumbai,0,
T004493,U0154,2026-07-07 12:32:00,1040.57,D0438,M015,Mumbai,0,
T003342,U0110,2026-07-07 12:35:00,5140.49,D0355,M021,Mumbai,0,
T003188,U0105,2026-07-07 12:35:00,938.71,D0715,M057,Mumbai,0,
T006914,U0235,2026-07-07 12:36:00,1126.39,D0225,M029,Pune,0,
T001854,U0063,2026-07-07 12:39:00,2047.7,D0853,M026,Lucknow,0,
T004736,U0162,2026-07-07 12:42:00,5170.31,D0174,M022,Pune,0,
T005784,U0198,2026-07-07 12:46:00,462.04,D0424,M030,Kolkata,0,
T001624,U0055,2026-07-07 12:53:00,412.6,D0612,M002,Kolkata,0,
T005174,U0178,2026-07-07 12:53:00,1236.25,D0489,M025,Jaipur,0,
T005342,U0183,2026-07-07 12:57:00,2161.21,D0562,M028,Kolkata,0,
T004147,U0141,2026-07-07 12:57:00,2911.91,D0544,M017,Kolkata,0,
T002030,U0067,2026-07-07 12:58:00,1051.75,D0445,M004,Hyderabad,0,
T002516,U0084,2026-07-07 13:01:00,1367.71,D0805,M014,Mumbai,0,
T006751,U0231,2026-07-07 13:02:00,4314.81,D0749,M033,Bengaluru,0,
T004906,U0169,2026-07-07 13:06:00,457.75,D0220,M036,Hyderabad,0,
T002409,U0081,2026-07-07 13:07:00,1883.39,D0371,M033,Bengaluru,0,
T005979,U0204,2026-07-07 13:07:00,1122.6,D0610,M055,Lucknow,0,
T003046,U0100,2026-07-07 13:08:00,4605.55,D0512,M051,Kolkata,0,
T003622,U0120,2026-07-07 13:09:00,665.29,D0266,M022,Hyderabad,0,
T001302,U0044,2026-07-07 13:10:00,923.76,D0661,M012,Kolkata,0,
T002838,U0093,2026-07-07 13:10:00,1696.98,D0390,M057,Jaipur,0,
T002379,U0080,2026-07-07 13:11:00,2388.41,D0312,M046,Jaipur,0,
T004991,U0172,2026-07-07 13:12:00,3434.39,D0403,M059,Chennai,0,
T002797,U0092,2026-07-07 13:13:00,3596.45,D0167,M033,Lucknow,0,
T006932,U0236,2026-07-07 13:14:00,3227.37,D0524,M007,Delhi,0,
T002832,U0093,2026-07-07 13:14:00,1254.79,D0390,M057,Jaipur,0,
T000634,U0021,2026-07-07 13:15:00,1989.07,D0844,M055,Jaipur,0,
T001648,U0055,2026-07-07 13:18:00,475.81,D0612,M047,Kolkata,0,
T006193,U0211,2026-07-07 13:18:00,1402.29,D0230,M010,Kolkata,0,
T003734,U0123,2026-07-07 13:20:00,1895.48,D0254,M048,Bengaluru,0,
T001046,U0035,2026-07-07 13:21:00,396.11,D0823,M034,Lucknow,0,
T006707,U0229,2026-07-07 13:23:00,546.78,D0886,M020,Pune,0,
T003875,U0128,2026-07-07 13:26:00,4242.37,D0137,M055,Chennai,0,
T002691,U0089,2026-07-07 13:32:00,844.11,D0452,M023,Lucknow,0,
T007643,U0108,2026-07-07 13:32:00,6529.65,D0167,M056,Ahmedabad,1,zero_day_drain
T006804,U0232,2026-07-07 13:34:00,1463.72,D0836,M029,Chennai,0,
T006645,U0228,2026-07-07 13:35:00,2887.58,D0757,M048,Pune,0,
T000738,U0024,2026-07-07 13:40:00,3095.38,D0201,M028,Ahmedabad,0,
T006032,U0206,2026-07-07 13:46:00,1040.63,D0035,M029,Hyderabad,0,
T004357,U0148,2026-07-07 13:48:00,5727.44,D0393,M042,Mumbai,0,
T003629,U0120,2026-07-07 13:48:00,330.87,D0763,M002,Hyderabad,0,
T004292,U0146,2026-07-07 13:49:00,1007.87,D0375,M048,Ahmedabad,0,
T004005,U0134,2026-07-07 13:50:00,4716.88,D0117,M041,Delhi,0,
T001630,U0055,2026-07-07 13:50:00,340.94,D0612,M009,Kolkata,0,
T000943,U0032,2026-07-07 13:51:00,3695.38,D0017,M059,Chennai,0,
T001532,U0051,2026-07-07 13:51:00,2969.89,D0126,M044,Kolkata,0,
T003232,U0107,2026-07-07 13:55:00,1558.6,D0878,M036,Bengaluru,0,
T004272,U0145,2026-07-07 14:03:00,1640.8,D0160,M003,Delhi,0,
T004211,U0143,2026-07-07 14:08:00,5280.53,D0517,M029,Jaipur,0,
T003157,U0104,2026-07-07 14:09:00,3964.99,D0112,M014,Jaipur,0,
T006946,U0236,2026-07-07 14:09:00,3896.56,D0675,M032,Delhi,0,
T001016,U0034,2026-07-07 14:11:00,1277.86,D0213,M047,Chennai,0,
T005112,U0176,2026-07-07 14:13:00,5130.15,D0637,M056,Hyderabad,0,
T000210,U0007,2026-07-07 14:14:00,2531.66,D0749,M048,Kolkata,0,
T006308,U0215,2026-07-07 14:20:00,3977.95,D0821,M045,Ahmedabad,0,
T001067,U0036,2026-07-07 14:21:00,3263.82,D0532,M039,Pune,0,
T002366,U0079,2026-07-07 14:22:00,4078.06,D0585,M007,Ahmedabad,0,
T002051,U0068,2026-07-07 14:23:00,789.92,D0439,M027,Mumbai,0,
T005691,U0195,2026-07-07 14:35:00,3812.82,D0306,M058,Delhi,0,
T005258,U0180,2026-07-07 14:38:00,2213.08,D0032,M050,Lucknow,0,
T004549,U0157,2026-07-07 14:38:00,1091.18,D0427,M012,Bengaluru,0,
T007196,U0246,2026-07-07 14:39:00,3343.4,D0201,M005,Delhi,0,
T004719,U0162,2026-07-07 14:39:00,5224.46,D0174,M006,Pune,0,
T003956,U0131,2026-07-07 14:40:00,867.62,D0804,M009,Bengaluru,0,
T004071,U0137,2026-07-07 14:40:00,888.88,D0399,M024,Jaipur,0,
T002183,U0072,2026-07-07 14:42:00,1307.44,D0038,M009,Bengaluru,0,
T007299,U0249,2026-07-07 14:44:00,2081.34,D0637,M048,Kolkata,0,
T000200,U0006,2026-07-07 14:46:00,2588.14,D0393,M050,Delhi,0,
T004102,U0138,2026-07-07 14:48:00,1888.83,D0687,M060,Lucknow,0,
T005245,U0180,2026-07-07 14:48:00,2462.93,D0032,M050,Lucknow,0,
T003646,U0120,2026-07-07 14:51:00,876.76,D0266,M002,Hyderabad,0,
T005104,U0176,2026-07-07 14:53:00,3530.13,D0637,M058,Hyderabad,0,
T004023,U0135,2026-07-07 14:54:00,2700.22,D0549,M020,Jaipur,0,
T003036,U0099,2026-07-07 14:55:00,1144.83,D0009,M048,Mumbai,0,
T001812,U0061,2026-07-07 14:58:00,1309.35,D0784,M056,Delhi,0,
T002436,U0082,2026-07-07 15:02:00,937.95,D0044,M038,Mumbai,0,
T000166,U0006,2026-07-07 15:03:00,2718.21,D0393,M050,Delhi,0,
T002511,U0084,2026-07-07 15:04:00,1237.76,D0549,M025,Mumbai,0,
T005123,U0177,2026-07-07 15:07:00,2362.48,D0606,M038,Pune,0,
T001721,U0058,2026-07-07 15:09:00,1184.51,D0670,M027,Pune,0,
T006614,U0226,2026-07-07 15:13:00,1817.82,D0794,M031,Jaipur,0,
T003971,U0131,2026-07-07 15:16:00,1455.75,D0804,M035,Bengaluru,0,
T007081,U0241,2026-07-07 15:17:00,397.68,D0724,M030,Lucknow,0,
T003638,U0120,2026-07-07 15:19:00,640.93,D0763,M045,Hyderabad,0,
T005787,U0198,2026-07-07 15:22:00,613.8,D0897,M050,Kolkata,0,
T001399,U0047,2026-07-07 15:27:00,2079.02,D0117,M028,Pune,0,
T001923,U0065,2026-07-07 15:28:00,1369.48,D0530,M036,Bengaluru,0,
T002550,U0085,2026-07-07 15:30:00,2854.1,D0357,M012,Jaipur,0,
T005662,U0194,2026-07-07 15:31:00,3886.35,D0063,M014,Hyderabad,0,
T006227,U0212,2026-07-07 15:33:00,2760.99,D0825,M005,Jaipur,0,
T006922,U0236,2026-07-07 15:33:00,4038.92,D0675,M007,Delhi,0,
T002735,U0090,2026-07-07 15:34:00,746.1,D0667,M002,Lucknow,0,
T004597,U0158,2026-07-07 15:37:00,3092.38,D0159,M048,Delhi,0,
T005358,U0183,2026-07-07 15:37:00,2333.3,D0854,M007,Kolkata,0,
T003953,U0131,2026-07-07 15:39:00,1079.37,D0804,M042,Bengaluru,0,
T001837,U0062,2026-07-07 15:40:00,733.33,D0584,M010,Hyderabad,0,
T002006,U0067,2026-07-07 15:41:00,1013.31,D0345,M053,Hyderabad,0,
T005687,U0195,2026-07-07 15:47:00,4263.28,D0306,M014,Delhi,0,
T002248,U0075,2026-07-07 15:48:00,2238.19,D0766,M035,Hyderabad,0,
T006291,U0214,2026-07-07 15:49:00,850.6,D0674,M007,Jaipur,0,
T001876,U0064,2026-07-07 15:49:00,2282.61,D0368,M053,Kolkata,0,
T000698,U0023,2026-07-07 15:50:00,2031.08,D0163,M018,Lucknow,0,
T005471,U0188,2026-07-07 15:50:00,1406.94,D0422,M004,Mumbai,0,
T000652,U0022,2026-07-07 15:58:00,1395.03,D0279,M046,Mumbai,0,
T001570,U0052,2026-07-07 16:02:00,822.63,D0111,M033,Pune,0,
T005601,U0192,2026-07-07 16:03:00,580.73,D0100,M017,Ahmedabad,0,
T003263,U0108,2026-07-07 16:06:00,2466.25,D0549,M040,Ahmedabad,0,
T003631,U0120,2026-07-07 16:07:00,863.05,D0266,M007,Hyderabad,0,
T004367,U0149,2026-07-07 16:08:00,3258.26,D0737,M024,Hyderabad,0,
T006315,U0215,2026-07-07 16:09:00,2329.72,D0821,M045,Ahmedabad,0,
T006626,U0227,2026-07-07 16:18:00,1130.16,D0062,M060,Pune,0,
T004140,U0140,2026-07-07 16:23:00,807.94,D0330,M027,Ahmedabad,0,
T005440,U0187,2026-07-07 16:28:00,2488.62,D0829,M004,Hyderabad,0,
T005608,U0192,2026-07-07 16:31:00,807.61,D0100,M016,Ahmedabad,0,
T001625,U0055,2026-07-07 16:31:00,403.73,D0612,M057,Kolkata,0,
T000945,U0032,2026-07-07 16:34:00,890.79,D0017,M015,Chennai,0,
T002547,U0085,2026-07-07 16:34:00,3838.71,D0357,M012,Jaipur,0,
T006882,U0235,2026-07-07 16:38:00,1193.89,D0225,M022,Pune,0,
T002320,U0077,2026-07-07 16:40:00,1873.72,D0129,M025,Chennai,0,
T001916,U0065,2026-07-07 16:40:00,1220.85,D0530,M015,Bengaluru,0,
T002154,U0071,2026-07-07 16:40:00,432.94,D0827,M040,Chennai,0,
T004458,U0152,2026-07-07 16:42:00,1172.91,D0768,M011,Ahmedabad,0,
T002627,U0088,2026-07-07 16:42:00,4153.06,D0182,M001,Bengaluru,0,
T001970,U0066,2026-07-07 16:46:00,1861.37,D0727,M008,Kolkata,0,
T005415,U0185,2026-07-07 16:48:00,597.86,D0146,M042,Pune,0,
T003290,U0109,2026-07-07 16:50:00,2049.49,D0831,M003,Pune,0,
T006042,U0206,2026-07-07 16:58:00,1376.29,D0188,M029,Hyderabad,0,
T002001,U0067,2026-07-07 17:03:00,1964.25,D0345,M053,Hyderabad,0,
T000688,U0023,2026-07-07 17:06:00,4790.65,D0148,M018,Lucknow,0,
T007606,U0148,2026-07-07 17:06:00,5086.38,D0393,M028,Mumbai,1,zero_day_drain
T004083,U0137,2026-07-07 17:26:00,1938.57,D0399,M024,Jaipur,0,
T006986,U0238,2026-07-07 17:28:00,1850.5,D0718,M019,Lucknow,0,
T007009,U0239,2026-07-07 17:32:00,978.84,D0371,M019,Hyderabad,0,
T007603,U0178,2026-07-07 17:40:00,3225.96,D0489,M011,Jaipur,1,zero_day_drain
T001605,U0054,2026-07-07 17:47:00,3511.93,D0700,M007,Lucknow,0,
T002945,U0097,2026-07-07 17:51:00,1310.6,D0757,M015,Hyderabad,0,
T003722,U0123,2026-07-07 17:57:00,1998.19,D0254,M023,Bengaluru,0,
T002093,U0069,2026-07-07 18:08:00,1586.76,D0601,M029,Delhi,0,
T006112,U0209,2026-07-07 18:10:00,2970.49,D0118,M028,Chennai,0,
T002082,U0069,2026-07-07 18:15:00,2092.56,D0601,M005,Delhi,0,
T001170,U0040,2026-07-07 18:23:00,2592.47,D0743,M030,Kolkata,0,
T004937,U0170,2026-07-07 18:30:00,595.83,D0199,M019,Chennai,0,
T004035,U0135,2026-07-07 18:37:00,4602.03,D0523,M020,Jaipur,0,
T003392,U0112,2026-07-07 18:39:00,1114.1,D0854,M045,Jaipur,0,
T005725,U0196,2026-07-07 18:40:00,2043.15,D0283,M022,Delhi,0,
T000804,U0026,2026-07-07 18:58:00,3835.73,D0111,M053,Lucknow,0,
T002976,U0097,2026-07-07 19:06:00,825.87,D0420,M036,Hyderabad,0,
T000632,U0021,2026-07-07 19:06:00,3010.02,D0844,M059,Jaipur,0,
T006747,U0231,2026-07-07 19:07:00,1415.02,D0749,M043,Bengaluru,0,
T005679,U0194,2026-07-07 19:11:00,2503.12,D0063,M045,Hyderabad,0,
T004746,U0163,2026-07-07 19:14:00,3417.12,D0656,M027,Ahmedabad,0,
T002431,U0082,2026-07-07 19:16:00,1405.56,D0332,M042,Mumbai,0,
T004781,U0164,2026-07-07 19:38:00,2731.22,D0289,M059,Kolkata,0,
T000179,U0006,2026-07-07 19:41:00,3027.65,D0393,M006,Delhi,0,
T004706,U0162,2026-07-07 19:45:00,2780.65,D0174,M006,Pune,0,
T001667,U0056,2026-07-07 19:45:00,468.0,D0005,M037,Kolkata,0,
T003548,U0118,2026-07-07 19:52:00,602.0,D0810,M035,Jaipur,0,
T002328,U0078,2026-07-07 20:11:00,2849.3,D0429,M057,Lucknow,0,
T006628,U0227,2026-07-07 20:15:00,800.2,D0062,M025,Pune,0,
T000391,U0014,2026-07-07 20:40:00,4268.2,D0237,M027,Kolkata,0,
T000251,U0008,2026-07-07 20:43:00,2452.25,D0702,M029,Kolkata,0,
T001949,U0065,2026-07-07 20:53:00,1277.26,D0530,M036,Bengaluru,0,
T003412,U0113,2026-07-07 20:54:00,1945.91,D0410,M055,Chennai,0,
T000496,U0016,2026-07-07 21:00:00,375.66,D0647,M006,Ahmedabad,0,
T003385,U0112,2026-07-07 21:20:00,1178.45,D0854,M052,Jaipur,0,
T001530,U0051,2026-07-07 21:39:00,4829.68,D0126,M058,Kolkata,0,
T004788,U0164,2026-07-07 21:58:00,1572.88,D0289,M004,Kolkata,0,
T000078,U0003,2026-07-07 22:45:00,2370.99,D0682,M004,Delhi,0,
T007066,U0241,2026-07-07 22:49:00,391.8,D0020,M009,Lucknow,0,
T006953,U0237,2026-07-07 23:12:00,2710.19,D0184,M048,Chennai,0,
T007554,U0014,2026-07-07 23:27:00,29371.1,D0330,M042,Hyderabad,1,account_takeover
T005770,U0197,2026-07-07 23:57:00,3869.57,D0810,M056,Ahmedabad,0,
T006494,U0222,2026-07-07 23:58:00,4069.85,D0093,M027,Kolkata,0,
T007550,U0139,2026-07-08 01:42:00,28900.07,D0466,M051,Hyderabad,1,account_takeover
T005217,U0179,2026-07-08 03:10:00,1314.2,D0651,M047,Pune,0,
T004403,U0150,2026-07-08 03:17:00,3719.02,D0454,M019,Delhi,0,
T000102,U0003,2026-07-08 04:02:00,452.36,D0149,M004,Delhi,0,
T005377,U0184,2026-07-08 04:58:00,3162.21,D0693,M011,Lucknow,0,
T007518,U0164,2026-07-08 05:00:00,15.54,D0289,M050,Kolkata,1,velocity_burst
T007519,U0164,2026-07-08 05:01:00,79.18,D0289,M025,Kolkata,1,velocity_burst
T007520,U0164,2026-07-08 05:02:00,101.09,D0289,M037,Kolkata,1,velocity_burst
T007523,U0164,2026-07-08 05:05:00,86.54,D0289,M057,Kolkata,1,velocity_burst
T007521,U0164,2026-07-08 05:06:00,48.27,D0289,M050,Kolkata,1,velocity_burst
T007522,U0164,2026-07-08 05:08:00,36.11,D0289,M007,Kolkata,1,velocity_burst
T007527,U0164,2026-07-08 05:09:00,46.69,D0289,M044,Kolkata,1,velocity_burst
T007524,U0164,2026-07-08 05:12:00,120.02,D0289,M014,Kolkata,1,velocity_burst
T001968,U0066,2026-07-08 05:12:00,1466.76,D0727,M054,Kolkata,0,
T001904,U0064,2026-07-08 05:13:00,2728.33,D0368,M019,Kolkata,0,
T007525,U0164,2026-07-08 05:14:00,61.43,D0289,M036,Kolkata,1,velocity_burst
T007526,U0164,2026-07-08 05:16:00,119.59,D0289,M002,Kolkata,1,velocity_burst
T002759,U0091,2026-07-08 05:26:00,2396.12,D0226,M035,Mumbai,0,
T001173,U0040,2026-07-08 05:34:00,3192.17,D0743,M057,Kolkata,0,
T004888,U0168,2026-07-08 06:03:00,2501.73,D0867,M056,Hyderabad,0,
T000463,U0015,2026-07-08 06:09:00,1626.71,D0633,M035,Pune,0,
T006196,U0211,2026-07-08 06:13:00,768.05,D0230,M010,Kolkata,0,
T001554,U0052,2026-07-08 06:27:00,652.14,D0573,M001,Pune,0,
T002072,U0069,2026-07-08 07:14:00,1562.44,D0601,M056,Delhi,0,
T006488,U0222,2026-07-08 07:33:00,4228.16,D0093,M039,Kolkata,0,
T003863,U0128,2026-07-08 07:52:00,2566.03,D0137,M035,Chennai,0,
T003813,U0126,2026-07-08 07:55:00,3166.37,D0422,M020,Ahmedabad,0,
T001874,U0064,2026-07-08 08:01:00,1742.32,D0368,M053,Kolkata,0,
T003666,U0121,2026-07-08 08:02:00,1885.77,D0160,M012,Bengaluru,0,
T005875,U0201,2026-07-08 08:02:00,2758.67,D0116,M036,Pune,0,
T005754,U0197,2026-07-08 08:05:00,1926.45,D0810,M004,Ahmedabad,0,
T004814,U0165,2026-07-08 08:07:00,2341.22,D0232,M035,Jaipur,0,
T006249,U0213,2026-07-08 08:19:00,2000.34,D0542,M043,Hyderabad,0,
T002867,U0095,2026-07-08 08:21:00,2782.8,D0808,M029,Jaipur,0,
T002225,U0074,2026-07-08 08:22:00,2277.42,D0366,M022,Ahmedabad,0,
T005627,U0193,2026-07-08 08:26:00,3850.97,D0709,M023,Jaipur,0,
T004831,U0165,2026-07-08 08:29:00,830.1,D0232,M035,Jaipur,0,
T000971,U0032,2026-07-08 08:32:00,3987.98,D0597,M028,Chennai,0,
T007256,U0248,2026-07-08 08:54:00,936.37,D0495,M058,Lucknow,0,
T001331,U0044,2026-07-08 08:59:00,791.93,D0661,M036,Kolkata,0,
T005998,U0205,2026-07-08 09:16:00,3221.99,D0694,M050,Jaipur,0,
T002052,U0068,2026-07-08 09:17:00,793.19,D0439,M027,Mumbai,0,
T001230,U0042,2026-07-08 09:25:00,2047.97,D0663,M022,Delhi,0,
T000673,U0023,2026-07-08 09:27:00,1911.88,D0163,M018,Lucknow,0,
T002999,U0098,2026-07-08 09:37:00,843.69,D0222,M029,Kolkata,0,
T002971,U0097,2026-07-08 09:37:00,955.49,D0420,M036,Hyderabad,0,
T002792,U0092,2026-07-08 09:41:00,3751.97,D0167,M033,Lucknow,0,
T005613,U0192,2026-07-08 09:48:00,1233.56,D0100,M012,Ahmedabad,0,
T003553,U0118,2026-07-08 10:08:00,561.37,D0810,M025,Jaipur,0,
T003349,U0111,2026-07-08 10:10:00,3493.47,D0309,M050,Delhi,0,
T004031,U0135,2026-07-08 10:17:00,4695.89,D0549,M018,Jaipur,0,
T005562,U0190,2026-07-08 10:20:00,3973.07,D0382,M044,Lucknow,0,
T005470,U0188,2026-07-08 10:21:00,3376.7,D0422,M043,Mumbai,0,
T000956,U0032,2026-07-08 10:25:00,2103.57,D0597,M028,Chennai,0,
T000001,U0001,2026-07-08 10:28:00,1727.44,D0588,M045,Mumbai,0,
T007065,U0241,2026-07-08 10:30:00,169.08,D0724,M014,Lucknow,0,
T003575,U0118,2026-07-08 10:31:00,394.32,D0095,M057,Jaipur,0,
T007049,U0241,2026-07-08 10:33:00,304.87,D0724,M027,Lucknow,0,
T000180,U0006,2026-07-08 10:33:00,2630.93,D0145,M006,Delhi,0,
T005397,U0185,2026-07-08 10:36:00,695.47,D0146,M054,Pune,0,
T001298,U0044,2026-07-08 10:36:00,1197.43,D0661,M012,Kolkata,0,
T007148,U0244,2026-07-08 10:41:00,4003.87,D0640,M019,Mumbai,0,
T004400,U0150,2026-07-08 10:45:00,4462.92,D0454,M023,Delhi,0,
T004433,U0151,2026-07-08 10:50:00,2108.05,D0683,M011,Lucknow,0,
T005062,U0174,2026-07-08 11:01:00,4273.22,D0862,M003,Hyderabad,0,
T004489,U0154,2026-07-08 11:05:00,997.36,D0438,M045,Mumbai,0,
T006695,U0229,2026-07-08 11:09:00,1103.68,D0886,M014,Pune,0,
T000642,U0022,2026-07-08 11:13:00,1290.78,D0279,M046,Mumbai,0,
T006207,U0211,2026-07-08 11:15:00,386.85,D0230,M005,Kolkata,0,
T001276,U0043,2026-07-08 11:16:00,1166.12,D0414,M049,Jaipur,0,
T001550,U0052,2026-07-08 11:18:00,2437.4,D0111,M002,Pune,0,
T002264,U0076,2026-07-08 11:19:00,3259.24,D0095,M001,Chennai,0,
T006736,U0230,2026-07-08 11:21:00,163.64,D0624,M039,Kolkata,0,
T002046,U0068,2026-07-08 11:23:00,1167.81,D0301,M001,Mumbai,0,
T001914,U0065,2026-07-08 11:23:00,1306.18,D0632,M033,Bengaluru,0,
T000778,U0026,2026-07-08 11:31:00,1620.66,D0111,M053,Lucknow,0,
T002125,U0070,2026-07-08 11:33:00,1152.82,D0635,M037,Bengaluru,0,
T002194,U0072,2026-07-08 11:33:00,1496.57,D0679,M019,Bengaluru,0,
T005937,U0203,2026-07-08 11:36:00,586.96,D0173,M059,Mumbai,0,
T006005,U0205,2026-07-08 11:37:00,2581.06,D0694,M043,Jaipur,0,
T004795,U0165,2026-07-08 11:38:00,4595.6,D0479,M007,Jaipur,0,
T004029,U0135,2026-07-08 11:40:00,785.4,D0549,M004,Jaipur,0,
T006594,U0225,2026-07-08 11:44:00,3367.79,D0028,M031,Mumbai,0,
T003858,U0128,2026-07-08 11:46:00,2299.55,D0137,M039,Chennai,0,
T004742,U0163,2026-07-08 11:49:00,2642.67,D0352,M027,Ahmedabad,0,
T005324,U0182,2026-07-08 11:50:00,3016.48,D0821,M031,Pune,0,
T004466,U0153,2026-07-08 11:55:00,3775.39,D0851,M050,Chennai,0,
T005587,U0191,2026-07-08 11:58:00,1354.92,D0348,M007,Bengaluru,0,
T006109,U0209,2026-07-08 11:58:00,2939.07,D0118,M010,Chennai,0,
T007272,U0248,2026-07-08 12:00:00,1114.59,D0495,M057,Lucknow,0,
T005308,U0182,2026-07-08 12:02:00,2503.64,D0821,M031,Pune,0,
T003010,U0099,2026-07-08 12:05:00,1809.15,D0081,M002,Mumbai,0,
T006335,U0216,2026-07-08 12:07:00,1775.19,D0864,M056,Pune,0,
T003241,U0107,2026-07-08 12:12:00,1240.36,D0878,M010,Bengaluru,0,
T005825,U0199,2026-07-08 12:12:00,978.1,D0422,M046,Hyderabad,0,
T001512,U0050,2026-07-08 12:14:00,3656.6,D0142,M044,Bengaluru,0,
T005893,U0201,2026-07-08 12:15:00,595.29,D0116,M048,Pune,0,
T000575,U0020,2026-07-08 12:17:00,2250.82,D0806,M007,Mumbai,0,
T005103,U0176,2026-07-08 12:17:00,5165.88,D0510,M010,Hyderabad,0,
T006733,U0230,2026-07-08 12:19:00,1652.18,D0624,M032,Kolkata,0,
T005493,U0188,2026-07-08 12:35:00,1986.25,D0422,M028,Mumbai,0,
T000289,U0009,2026-07-08 12:39:00,1886.79,D0688,M006,Ahmedabad,0,
T004660,U0160,2026-07-08 12:39:00,1729.03,D0738,M013,Ahmedabad,0,
T007141,U0243,2026-07-08 12:43:00,1945.89,D0857,M018,Pune,0,
T006450,U0220,2026-07-08 12:45:00,2455.79,D0850,M042,Mumbai,0,
T001334,U0044,2026-07-08 12:53:00,921.62,D0661,M012,Kolkata,0,
T006395,U0218,2026-07-08 12:53:00,223.03,D0225,M018,Lucknow,0,
T006918,U0236,2026-07-08 12:55:00,2595.67,D0675,M007,Delhi,0,
T000034,U0001,2026-07-08 12:56:00,514.61,D0395,M005,Mumbai,0,
T006812,U0232,2026-07-08 13:03:00,2117.96,D0834,M008,Chennai,0,
T001924,U0065,2026-07-08 13:03:00,2000.07,D0530,M033,Bengaluru,0,
T001277,U0043,2026-07-08 13:03:00,930.61,D0414,M013,Jaipur,0,
T007591,U0109,2026-07-08 13:04:00,8751.42,D0831,M026,Pune,1,zero_day_drain
T006245,U0212,2026-07-08 13:07:00,1993.95,D0825,M032,Jaipur,0,
T004314,U0147,2026-07-08 13:10:00,572.39,D0823,M017,Hyderabad,0,
T004968,U0171,2026-07-08 13:14:00,2059.86,D0417,M039,Lucknow,0,
T001247,U0042,2026-07-08 13:16:00,812.8,D0330,M014,Delhi,0,
T007257,U0248,2026-07-08 13:16:00,917.33,D0495,M037,Lucknow,0,
T000272,U0009,2026-07-08 13:17:00,1955.59,D0072,M032,Ahmedabad,0,
T004303,U0147,2026-07-08 13:18:00,234.17,D0823,M018,Hyderabad,0,
T002036,U0068,2026-07-08 13:21:00,781.74,D0301,M053,Mumbai,0,
T001526,U0051,2026-07-08 13:28:00,3419.92,D0126,M001,Kolkata,0,
T000528,U0018,2026-07-08 13:40:00,3899.22,D0402,M026,Pune,0,
T000370,U0013,2026-07-08 13:43:00,1105.13,D0308,M057,Lucknow,0,
T000022,U0001,2026-07-08 13:43:00,810.67,D0588,M045,Mumbai,0,
T005916,U0202,2026-07-08 13:46:00,4933.57,D0153,M012,Hyderabad,0,
T005745,U0196,2026-07-08 13:46:00,2391.45,D0283,M016,Delhi,0,
T001349,U0045,2026-07-08 13:50:00,3161.95,D0572,M043,Lucknow,0,
T005408,U0185,2026-07-08 13:53:00,1094.31,D0391,M044,Pune,0,
T006223,U0212,2026-07-08 13:54:00,3681.36,D0825,M014,Jaipur,0,
T000573,U0019,2026-07-08 13:59:00,3168.93,D0397,M032,Kolkata,0,
T003979,U0132,2026-07-08 14:02:00,3823.62,D0367,M020,Kolkata,0,
T004006,U0134,2026-07-08 14:03:00,4766.28,D0117,M016,Delhi,0,
T000541,U0018,2026-07-08 14:04:00,1541.96,D0522,M057,Pune,0,
T006285,U0214,2026-07-08 14:09:00,2129.12,D0674,M058,Jaipur,0,
T000253,U0008,2026-07-08 14:09:00,1097.59,D0702,M029,Kolkata,0,
T004040,U0135,2026-07-08 14:09:00,4374.31,D0549,M020,Jaipur,0,
T002794,U0092,2026-07-08 14:15:00,975.76,D0167,M019,Lucknow,0,
T001233,U0042,2026-07-08 14:19:00,2788.04,D0330,M018,Delhi,0,
T000650,U0022,2026-07-08 14:20:00,607.84,D0334,M046,Mumbai,0,
T001766,U0060,2026-07-08 14:24:00,3308.53,D0156,M023,Ahmedabad,0,
T004439,U0151,2026-07-08 14:32:00,1893.95,D0683,M020,Lucknow,0,
T003843,U0127,2026-07-08 14:35:00,935.46,D0743,M025,Kolkata,0,
T002743,U0090,2026-07-08 14:40:00,1851.66,D0667,M018,Lucknow,0,
T000110,U0004,2026-07-08 14:44:00,2377.81,D0040,M009,Pune,0,
T005531,U0190,2026-07-08 14:53:00,3446.82,D0382,M030,Lucknow,0,
T005828,U0199,2026-07-08 14:57:00,1524.35,D0422,M034,Hyderabad,0,
T006800,U0232,2026-07-08 14:59:00,3661.17,D0834,M034,Chennai,0,
T001144,U0039,2026-07-08 15:04:00,3220.33,D0364,M015,Pune,0,
T003231,U0107,2026-07-08 15:07:00,1280.94,D0752,M004,Bengaluru,0,
T003670,U0121,2026-07-08 15:07:00,2249.67,D0160,M024,Bengaluru,0,
T007069,U0241,2026-07-08 15:08:00,358.34,D0724,M035,Lucknow,0,
T002408,U0081,2026-07-08 15:10:00,2844.07,D0218,M032,Bengaluru,0,
T001500,U0050,2026-07-08 15:10:00,3706.14,D0142,M032,Bengaluru,0,
T000532,U0018,2026-07-08 15:11:00,1868.21,D0522,M033,Pune,0,
T000490,U0016,2026-07-08 15:13:00,601.35,D0647,M006,Ahmedabad,0,
T006426,U0219,2026-07-08 15:17:00,1549.55,D0826,M032,Chennai,0,
T000011,U0001,2026-07-08 15:19:00,1343.99,D0395,M045,Mumbai,0,
T006540,U0224,2026-07-08 15:23:00,2758.67,D0191,M012,Bengaluru,0,
T003811,U0126,2026-07-08 15:29:00,1861.56,D0422,M020,Ahmedabad,0,
T005906,U0202,2026-07-08 15:30:00,3145.01,D0153,M044,Hyderabad,0,
T000104,U0003,2026-07-08 15:34:00,1678.17,D0149,M057,Delhi,0,
T007638,U0072,2026-07-08 15:34:00,1776.05,D0038,M005,Bengaluru,1,zero_day_drain
T001508,U0050,2026-07-08 15:34:00,3363.69,D0142,M008,Bengaluru,0,
T001631,U0055,2026-07-08 15:35:00,271.56,D0612,M009,Kolkata,0,
T002341,U0078,2026-07-08 15:36:00,2932.65,D0886,M057,Lucknow,0,
T002455,U0082,2026-07-08 15:41:00,1068.62,D0044,M038,Mumbai,0,
T001999,U0067,2026-07-08 15:43:00,1101.44,D0345,M004,Hyderabad,0,
T004482,U0153,2026-07-08 15:44:00,4468.65,D0851,M032,Chennai,0,
T006743,U0230,2026-07-08 15:44:00,2569.86,D0624,M032,Kolkata,0,
T001021,U0034,2026-07-08 15:44:00,2014.48,D0213,M004,Chennai,0,
T004112,U0139,2026-07-08 15:47:00,4014.17,D0275,M025,Kolkata,0,
T003644,U0120,2026-07-08 15:48:00,362.28,D0266,M002,Hyderabad,0,
T003608,U0119,2026-07-08 15:52:00,1999.67,D0668,M028,Ahmedabad,0,
T003482,U0115,2026-07-08 15:53:00,675.74,D0277,M003,Bengaluru,0,
T001519,U0051,2026-07-08 16:05:00,3608.56,D0126,M044,Kolkata,0,
T005555,U0190,2026-07-08 16:09:00,2947.73,D0566,M003,Lucknow,0,
T000436,U0015,2026-07-08 16:20:00,3191.82,D0633,M018,Pune,0,
T005685,U0195,2026-07-08 16:20:00,3974.28,D0306,M029,Delhi,0,
T001722,U0058,2026-07-08 16:21:00,1261.65,D0670,M050,Pune,0,
T000849,U0028,2026-07-08 16:22:00,2614.98,D0207,M040,Pune,0,
T002876,U0095,2026-07-08 16:24:00,5776.47,D0808,M024,Jaipur,0,
T004780,U0164,2026-07-08 16:24:00,2359.06,D0289,M019,Kolkata,0,
T005278,U0181,2026-07-08 16:26:00,2664.83,D0879,M021,Kolkata,0,
T002994,U0098,2026-07-08 16:26:00,1123.95,D0298,M043,Kolkata,0,
T002807,U0092,2026-07-08 16:31:00,2942.28,D0167,M007,Lucknow,0,
T006763,U0231,2026-07-08 16:32:00,3721.73,D0749,M014,Bengaluru,0,
T006687,U0229,2026-07-08 16:35:00,683.12,D0886,M017,Pune,0,
T001428,U0047,2026-07-08 16:44:00,1536.66,D0117,M059,Pune,0,
T006059,U0207,2026-07-08 16:48:00,1527.04,D0392,M031,Hyderabad,0,
T004980,U0171,2026-07-08 16:49:00,1920.17,D0455,M039,Lucknow,0,
T006155,U0210,2026-07-08 16:53:00,4606.41,D0573,M008,Jaipur,0,
T005126,U0177,2026-07-08 16:57:00,2096.27,D0606,M058,Pune,0,
T003051,U0100,2026-07-08 17:03:00,1993.46,D0512,M034,Kolkata,0,
T006257,U0213,2026-07-08 17:06:00,2544.81,D0542,M009,Hyderabad,0,
T000712,U0024,2026-07-08 17:08:00,4235.07,D0201,M028,Ahmedabad,0,
T004344,U0148,2026-07-08 17:09:00,3874.1,D0393,M020,Mumbai,0,
T002399,U0080,2026-07-08 17:10:00,2020.46,D0312,M030,Jaipur,0,
T004254,U0144,2026-07-08 17:13:00,1938.09,D0465,M006,Lucknow,0,
T005678,U0194,2026-07-08 17:22:00,3694.01,D0063,M046,Hyderabad,0,
T001039,U0035,2026-07-08 17:27:00,425.58,D0823,M009,Lucknow,0,
T005307,U0182,2026-07-08 17:28:00,1200.4,D0821,M039,Pune,0,
T002467,U0083,2026-07-08 17:30:00,858.37,D0772,M056,Pune,0,
T006471,U0221,2026-07-08 17:35:00,4194.48,D0221,M024,Chennai,0,
T001090,U0037,2026-07-08 17:39:00,1637.97,D0444,M060,Hyderabad,0,
T001945,U0065,2026-07-08 17:41:00,609.22,D0530,M033,Bengaluru,0,
T004034,U0135,2026-07-08 17:44:00,2162.0,D0523,M037,Jaipur,0,
T006965,U0237,2026-07-08 17:52:00,3059.23,D0290,M018,Chennai,0,
T007247,U0247,2026-07-08 17:59:00,2615.61,D0548,M018,Chennai,0,
T001033,U0035,2026-07-08 18:02:00,324.55,D0823,M017,Lucknow,0,
T000418,U0014,2026-07-08 18:02:00,4094.09,D0871,M027,Kolkata,0,
T000262,U0008,2026-07-08 18:07:00,2057.38,D0702,M009,Kolkata,0,
T000152,U0005,2026-07-08 18:15:00,3249.4,D0716,M008,Mumbai,0,
T003583,U0119,2026-07-08 18:17:00,3141.96,D0555,M005,Ahmedabad,0,
T006841,U0234,2026-07-08 18:19:00,4123.43,D0194,M056,Jaipur,0,
T002291,U0076,2026-07-08 18:23:00,1676.76,D0020,M023,Chennai,0,
T001750,U0059,2026-07-08 18:24:00,2869.93,D0090,M043,Mumbai,0,
T003073,U0101,2026-07-08 18:26:00,1565.54,D0807,M059,Chennai,0,
T001984,U0066,2026-07-08 18:27:00,1757.82,D0461,M051,Kolkata,0,
T000666,U0023,2026-07-08 18:32:00,3464.23,D0163,M059,Lucknow,0,
T001367,U0046,2026-07-08 18:32:00,2299.82,D0838,M036,Hyderabad,0,
T000216,U0007,2026-07-08 18:34:00,3974.19,D0749,M048,Kolkata,0,
T004011,U0134,2026-07-08 18:38:00,2691.21,D0117,M008,Delhi,0,
T003397,U0112,2026-07-08 18:39:00,1579.24,D0704,M052,Jaipur,0,
T004032,U0135,2026-07-08 18:41:00,1408.99,D0549,M004,Jaipur,0,
T006552,U0224,2026-07-08 18:42:00,2425.14,D0191,M008,Bengaluru,0,
T003961,U0131,2026-07-08 18:50:00,1449.33,D0804,M042,Bengaluru,0,
T006162,U0210,2026-07-08 18:53:00,3458.43,D0721,M016,Jaipur,0,
T004961,U0171,2026-07-08 18:55:00,2412.98,D0417,M039,Lucknow,0,
T006879,U0235,2026-07-08 19:00:00,1117.9,D0225,M022,Pune,0,
T006049,U0207,2026-07-08 19:02:00,2123.19,D0392,M042,Hyderabad,0,
T003274,U0108,2026-07-08 19:08:00,7297.27,D0549,M043,Ahmedabad,0,
T005549,U0190,2026-07-08 19:17:00,4829.63,D0566,M030,Lucknow,0,
T006468,U0221,2026-07-08 19:35:00,3769.04,D0718,M058,Chennai,0,
T005086,U0175,2026-07-08 19:38:00,2229.49,D0255,M057,Lucknow,0,
T005951,U0204,2026-07-08 19:47:00,51.58,D0610,M014,Lucknow,0,
T007268,U0248,2026-07-08 19:49:00,976.28,D0495,M058,Lucknow,0,
T004382,U0149,2026-07-08 19:55:00,3308.46,D0737,M025,Hyderabad,0,
T001726,U0058,2026-07-08 19:56:00,984.24,D0670,M050,Pune,0,
T000454,U0015,2026-07-08 20:06:00,2402.6,D0633,M048,Pune,0,
T005162,U0178,2026-07-08 20:19:00,1861.04,D0489,M025,Jaipur,0,
T005437,U0186,2026-07-08 20:19:00,1750.27,D0447,M056,Pune,0,
T003460,U0114,2026-07-08 20:37:00,740.48,D0541,M012,Hyderabad,0,
T001211,U0042,2026-07-08 21:10:00,2009.98,D0330,M022,Delhi,0,
T006270,U0214,2026-07-08 21:16:00,1781.13,D0674,M015,Jaipur,0,
T003740,U0123,2026-07-08 21:19:00,469.89,D0442,M022,Bengaluru,0,
T002573,U0086,2026-07-08 21:47:00,4883.81,D0726,M037,Bengaluru,0,
T005717,U0196,2026-07-08 21:53:00,916.94,D0283,M022,Delhi,0,
T007528,U0102,2026-07-08 22:00:00,51.18,D0134,M046,Lucknow,1,velocity_burst
T007529,U0102,2026-07-08 22:01:00,62.73,D0134,M051,Lucknow,1,velocity_burst
T007531,U0102,2026-07-08 22:03:00,75.8,D0134,M030,Lucknow,1,velocity_burst
T007530,U0102,2026-07-08 22:04:00,74.41,D0134,M026,Lucknow,1,velocity_burst
T007534,U0102,2026-07-08 22:06:00,56.24,D0134,M023,Lucknow,1,velocity_burst
T007532,U0102,2026-07-08 22:08:00,133.72,D0134,M037,Lucknow,1,velocity_burst
T007536,U0102,2026-07-08 22:08:00,82.6,D0134,M006,Lucknow,1,velocity_burst
T007533,U0102,2026-07-08 22:10:00,78.05,D0134,M025,Lucknow,1,velocity_burst
T001379,U0046,2026-07-08 22:12:00,2195.81,D0838,M043,Hyderabad,0,
T007535,U0102,2026-07-08 22:14:00,101.78,D0134,M020,Lucknow,1,velocity_burst
T005751,U0196,2026-07-08 22:23:00,1317.89,D0283,M008,Delhi,0,
T001610,U0054,2026-07-08 22:26:00,3506.54,D0255,M040,Lucknow,0,
T005781,U0198,2026-07-08 22:32:00,262.1,D0897,M050,Kolkata,0,
T003173,U0104,2026-07-08 22:32:00,4360.03,D0112,M014,Jaipur,0,
T001593,U0054,2026-07-08 22:43:00,3228.73,D0255,M060,Lucknow,0,
T004801,U0165,2026-07-08 22:48:00,1699.12,D0232,M052,Jaipur,0,
T006672,U0228,2026-07-08 23:44:00,3441.51,D0620,M036,Pune,0,
T000938,U0031,2026-07-08 23:55:00,1513.33,D0674,M001,Jaipur,0,
T007552,U0161,2026-07-09 01:54:00,7428.49,D0269,M021,Jaipur,1,account_takeover
T006323,U0216,2026-07-09 03:44:00,1876.41,D0864,M042,Pune,0,
T000023,U0001,2026-07-09 03:51:00,1392.19,D0395,M058,Mumbai,0,
T001387,U0046,2026-07-09 04:51:00,3111.96,D0838,M043,Hyderabad,0,
T002083,U0069,2026-07-09 05:24:00,2544.6,D0601,M060,Delhi,0,
T004529,U0155,2026-07-09 06:16:00,1219.27,D0146,M022,Pune,0,
T006998,U0238,2026-07-09 06:26:00,3459.87,D0718,M019,Lucknow,0,
T003443,U0113,2026-07-09 06:50:00,889.13,D0410,M053,Chennai,0,
T000482,U0016,2026-07-09 07:16:00,333.6,D0647,M024,Ahmedabad,0,
T005395,U0185,2026-07-09 07:19:00,964.35,D0146,M042,Pune,0,
T004573,U0157,2026-07-09 07:35:00,1138.65,D0427,M002,Bengaluru,0,
T001014,U0034,2026-07-09 07:38:00,1172.77,D0213,M047,Chennai,0,
T004402,U0150,2026-07-09 07:40:00,698.14,D0454,M023,Delhi,0,
T003782,U0125,2026-07-09 07:45:00,1587.45,D0002,M027,Pune,0,
T005985,U0204,2026-07-09 07:47:00,1066.02,D0610,M058,Lucknow,0,
T004365,U0148,2026-07-09 07:51:00,2199.43,D0393,M045,Mumbai,0,
T003796,U0125,2026-07-09 08:01:00,4772.25,D0002,M056,Pune,0,
T004352,U0148,2026-07-09 08:21:00,4986.87,D0393,M020,Mumbai,0,
T001697,U0057,2026-07-09 08:31:00,1481.4,D0052,M060,Delhi,0,
T004499,U0154,2026-07-09 08:52:00,1475.31,D0438,M015,Mumbai,0,
T006633,U0227,2026-07-09 08:56:00,1122.25,D0062,M047,Pune,0,
T007111,U0242,2026-07-09 09:03:00,3835.76,D0534,M040,Ahmedabad,0,
T001270,U0043,2026-07-09 09:06:00,1375.57,D0414,M054,Jaipur,0,
T001311,U0044,2026-07-09 09:08:00,610.45,D0661,M042,Kolkata,0,
T004847,U0166,2026-07-09 09:08:00,293.24,D0555,M020,Lucknow,0,
T001462,U0048,2026-07-09 09:11:00,770.33,D0540,M008,Jaipur,0,
T004588,U0158,2026-07-09 09:15:00,20.0,D0159,M019,Delhi,0,
T001340,U0045,2026-07-09 09:23:00,4307.58,D0572,M009,Lucknow,0,
T000372,U0013,2026-07-09 09:26:00,1127.29,D0308,M020,Lucknow,0,
T001743,U0059,2026-07-09 09:27:00,2435.67,D0090,M004,Mumbai,0,
T006851,U0234,2026-07-09 09:31:00,2196.9,D0029,M006,Jaipur,0,
T003468,U0115,2026-07-09 09:33:00,1297.62,D0277,M056,Bengaluru,0,
T002987,U0097,2026-07-09 09:56:00,1165.4,D0420,M036,Hyderabad,0,
T002608,U0087,2026-07-09 10:06:00,421.29,D0660,M029,Ahmedabad,0,
T005871,U0201,2026-07-09 10:06:00,2164.16,D0116,M048,Pune,0,
T005734,U0196,2026-07-09 10:08:00,1489.54,D0283,M022,Delhi,0,
T006310,U0215,2026-07-09 10:10:00,3415.39,D0863,M043,Ahmedabad,0,
T004645,U0159,2026-07-09 10:16:00,3086.04,D0721,M052,Chennai,0,
T003871,U0128,2026-07-09 10:21:00,4734.06,D0137,M039,Chennai,0,
T005015,U0173,2026-07-09 10:21:00,4879.95,D0221,M037,Chennai,0,
T002456,U0082,2026-07-09 10:24:00,539.75,D0332,M045,Mumbai,0,
T005821,U0199,2026-07-09 10:27:00,1043.64,D0422,M027,Hyderabad,0,
T001481,U0049,2026-07-09 10:30:00,1936.52,D0655,M054,Chennai,0,
T003207,U0106,2026-07-09 10:32:00,1304.06,D0806,M037,Hyderabad,0,
T003695,U0122,2026-07-09 10:34:00,3642.59,D0477,M014,Ahmedabad,0,
T006343,U0216,2026-07-09 10:35:00,1190.66,D0864,M042,Pune,0,
T003347,U0111,2026-07-09 10:36:00,5545.82,D0309,M039,Delhi,0,
T003752,U0123,2026-07-09 10:45:00,2731.41,D0254,M023,Bengaluru,0,
T003565,U0118,2026-07-09 10:49:00,635.5,D0810,M035,Jaipur,0,
T003951,U0131,2026-07-09 10:52:00,433.43,D0804,M044,Bengaluru,0,
T002846,U0094,2026-07-09 10:54:00,1511.87,D0059,M046,Mumbai,0,
T004777,U0164,2026-07-09 10:54:00,3495.13,D0289,M010,Kolkata,0,
T005630,U0193,2026-07-09 10:56:00,4209.53,D0709,M015,Jaipur,0,
T004267,U0145,2026-07-09 11:01:00,3171.75,D0160,M012,Delhi,0,
T002009,U0067,2026-07-09 11:03:00,1330.06,D0445,M005,Hyderabad,0,
T005231,U0179,2026-07-09 11:05:00,363.01,D0651,M047,Pune,0,
T002274,U0076,2026-07-09 11:06:00,2663.07,D0020,M035,Chennai,0,
T003160,U0104,2026-07-09 11:08:00,2534.96,D0285,M035,Jaipur,0,
T000597,U0020,2026-07-09 11:08:00,3086.24,D0806,M018,Mumbai,0,
T001905,U0064,2026-07-09 11:14:00,520.56,D0368,M053,Kolkata,0,
T000445,U0015,2026-07-09 11:17:00,2602.63,D0633,M018,Pune,0,
T002885,U0095,2026-07-09 11:18:00,5214.36,D0808,M025,Jaipur,0,
T004059,U0136,2026-07-09 11:20:00,2619.67,D0021,M035,Bengaluru,0,
T001312,U0044,2026-07-09 11:21:00,994.29,D0661,M042,Kolkata,0,
T001522,U0051,2026-07-09 11:26:00,3020.07,D0126,M044,Kolkata,0,
T003327,U0110,2026-07-09 11:27:00,2433.28,D0355,M009,Mumbai,0,
T006790,U0232,2026-07-09 11:35:00,3201.63,D0834,M008,Chennai,0,
T000325,U0011,2026-07-09 11:38:00,653.01,D0151,M007,Chennai,0,
T004600,U0158,2026-07-09 11:38:00,3817.7,D0070,M011,Delhi,0,
T003437,U0113,2026-07-09 11:53:00,1586.62,D0021,M055,Chennai,0,
T004194,U0143,2026-07-09 11:57:00,6874.11,D0517,M029,Jaipur,0,
T000440,U0015,2026-07-09 12:03:00,2641.65,D0633,M042,Pune,0,
T001556,U0052,2026-07-09 12:06:00,1754.51,D0111,M001,Pune,0,
T002123,U0070,2026-07-09 12:06:00,937.47,D0635,M041,Bengaluru,0,
T002133,U0071,2026-07-09 12:10:00,222.1,D0890,M059,Chennai,0,
T005785,U0198,2026-07-09 12:19:00,300.17,D0424,M048,Kolkata,0,
T004585,U0158,2026-07-09 12:19:00,3244.7,D0159,M048,Delhi,0,
T002852,U0094,2026-07-09 12:21:00,1588.04,D0886,M030,Mumbai,0,
T002495,U0084,2026-07-09 12:23:00,924.43,D0805,M032,Mumbai,0,
T004036,U0135,2026-07-09 12:30:00,2452.3,D0523,M037,Jaipur,0,
T001830,U0062,2026-07-09 12:31:00,923.27,D0584,M028,Hyderabad,0,
T004329,U0147,2026-07-09 12:32:00,193.0,D0087,M032,Hyderabad,0,
T004671,U0160,2026-07-09 12:34:00,1238.97,D0738,M026,Ahmedabad,0,
T005421,U0186,2026-07-09 12:43:00,2638.62,D0478,M056,Pune,0,
T002430,U0082,2026-07-09 12:47:00,948.86,D0044,M040,Mumbai,0,
T003778,U0124,2026-07-09 12:50:00,701.69,D0132,M056,Lucknow,0,
T001081,U0037,2026-07-09 12:50:00,936.75,D0444,M060,Hyderabad,0,
T005797,U0198,2026-07-09 12:52:00,49.16,D0897,M053,Kolkata,0,
T004824,U0165,2026-07-09 12:53:00,3634.69,D0232,M040,Jaipur,0,
T000949,U0032,2026-07-09 12:53:00,2963.73,D0597,M015,Chennai,0,
T005072,U0174,2026-07-09 13:01:00,5162.08,D0862,M060,Hyderabad,0,
T001227,U0042,2026-07-09 13:01:00,1597.78,D0330,M018,Delhi,0,
T003985,U0132,2026-07-09 13:11:00,2725.2,D0367,M006,Kolkata,0,
T005305,U0182,2026-07-09 13:11:00,1915.1,D0821,M037,Pune,0,
T000008,U0001,2026-07-09 13:12:00,2138.08,D0395,M012,Mumbai,0,
T001965,U0066,2026-07-09 13:16:00,992.15,D0727,M031,Kolkata,0,
T006801,U0232,2026-07-09 13:17:00,948.87,D0836,M008,Chennai,0,
T007120,U0243,2026-07-09 13:18:00,2001.34,D0862,M018,Pune,0,
T000296,U0009,2026-07-09 13:18:00,1282.22,D0688,M056,Ahmedabad,0,
T000431,U0015,2026-07-09 13:21:00,4608.36,D0633,M035,Pune,0,
T001633,U0055,2026-07-09 13:23:00,423.39,D0612,M009,Kolkata,0,
T006838,U0234,2026-07-09 13:26:00,4017.7,D0029,M038,Jaipur,0,
T000690,U0023,2026-07-09 13:28:00,2265.42,D0148,M018,Lucknow,0,
T003324,U0110,2026-07-09 13:34:00,4565.78,D0355,M016,Mumbai,0,
T000392,U0014,2026-07-09 13:35:00,843.25,D0237,M041,Kolkata,0,
T004025,U0135,2026-07-09 13:36:00,2550.77,D0549,M020,Jaipur,0,
T001736,U0059,2026-07-09 13:37:00,3867.23,D0090,M055,Mumbai,0,
T005069,U0174,2026-07-09 13:45:00,2414.0,D0862,M041,Hyderabad,0,
T002037,U0068,2026-07-09 13:47:00,963.08,D0301,M043,Mumbai,0,
T003816,U0126,2026-07-09 13:47:00,2675.27,D0422,M052,Ahmedabad,0,
T005291,U0181,2026-07-09 13:48:00,304.2,D0879,M003,Kolkata,0,
T002465,U0083,2026-07-09 13:50:00,942.98,D0210,M016,Pune,0,
T005594,U0192,2026-07-09 13:52:00,665.21,D0100,M032,Ahmedabad,0,
T007234,U0247,2026-07-09 13:55:00,7490.31,D0548,M053,Chennai,0,
T003772,U0124,2026-07-09 13:55:00,689.5,D0132,M013,Lucknow,0,
T006097,U0208,2026-07-09 13:56:00,567.34,D0831,M044,Chennai,0,
T006176,U0211,2026-07-09 14:01:00,787.32,D0230,M048,Kolkata,0,
T006234,U0212,2026-07-09 14:01:00,2019.24,D0825,M059,Jaipur,0,
T005442,U0187,2026-07-09 14:03:00,4985.98,D0829,M015,Hyderabad,0,
T004498,U0154,2026-07-09 14:07:00,1387.28,D0438,M024,Mumbai,0,
T004606,U0158,2026-07-09 14:07:00,1204.17,D0070,M048,Delhi,0,
T002665,U0088,2026-07-09 14:08:00,3979.75,D0182,M057,Bengaluru,0,
T001786,U0061,2026-07-09 14:09:00,3842.29,D0515,M015,Delhi,0,
T004496,U0154,2026-07-09 14:13:00,2311.06,D0438,M007,Mumbai,0,
T000035,U0001,2026-07-09 14:16:00,1651.78,D0395,M005,Mumbai,0,
T000413,U0014,2026-07-09 14:19:00,5475.04,D0871,M027,Kolkata,0,
T001622,U0055,2026-07-09 14:20:00,627.81,D0612,M057,Kolkata,0,
T001261,U0043,2026-07-09 14:22:00,2171.28,D0414,M039,Jaipur,0,
T006302,U0215,2026-07-09 14:22:00,1982.63,D0863,M041,Ahmedabad,0,
T006051,U0207,2026-07-09 14:27:00,2864.89,D0392,M038,Hyderabad,0,
T001131,U0038,2026-07-09 14:27:00,1642.58,D0045,M055,Hyderabad,0,
T005221,U0179,2026-07-09 14:29:00,4275.89,D0651,M044,Pune,0,
T006717,U0230,2026-07-09 14:31:00,643.6,D0624,M036,Kolkata,0,
T003878,U0128,2026-07-09 14:32:00,1628.87,D0137,M039,Chennai,0,
T006017,U0206,2026-07-09 14:35:00,1235.65,D0035,M044,Hyderabad,0,
T002165,U0071,2026-07-09 14:40:00,384.31,D0827,M040,Chennai,0,
T004220,U0143,2026-07-09 14:42:00,3079.52,D0159,M018,Jaipur,0,
T006208,U0211,2026-07-09 14:44:00,399.43,D0230,M010,Kolkata,0,
T001777,U0060,2026-07-09 14:45:00,3653.98,D0156,M023,Ahmedabad,0,
T001646,U0055,2026-07-09 14:48:00,479.92,D0612,M047,Kolkata,0,
T006277,U0214,2026-07-09 14:52:00,1609.74,D0674,M016,Jaipur,0,
T007020,U0239,2026-07-09 14:56:00,1333.53,D0371,M020,Hyderabad,0,
T001720,U0058,2026-07-09 14:57:00,1343.31,D0493,M010,Pune,0,
T003514,U0116,2026-07-09 15:04:00,2578.44,D0182,M016,Ahmedabad,0,
T004995,U0172,2026-07-09 15:16:00,5198.0,D0403,M029,Chennai,0,
T000752,U0025,2026-07-09 15:16:00,1505.72,D0797,M043,Chennai,0,
T006498,U0222,2026-07-09 15:23:00,6171.28,D0093,M004,Kolkata,0,
T000555,U0019,2026-07-09 15:26:00,4727.72,D0397,M016,Kolkata,0,
T001114,U0038,2026-07-09 15:33:00,3477.95,D0045,M022,Hyderabad,0,
T000980,U0033,2026-07-09 15:35:00,911.93,D0677,M060,Lucknow,0,
T005876,U0201,2026-07-09 15:40:00,797.68,D0116,M042,Pune,0,
T000701,U0024,2026-07-09 15:41:00,4461.24,D0800,M019,Ahmedabad,0,
T000197,U0006,2026-07-09 15:47:00,3186.64,D0393,M039,Delhi,0,
T000763,U0025,2026-07-09 15:53:00,542.35,D0797,M043,Chennai,0,
T000906,U0031,2026-07-09 15:57:00,3982.56,D0674,M036,Jaipur,0,
T005616,U0192,2026-07-09 15:58:00,714.51,D0100,M012,Ahmedabad,0,
T005097,U0176,2026-07-09 16:02:00,2889.24,D0510,M058,Hyderabad,0,
T003925,U0129,2026-07-09 16:02:00,5468.66,D0426,M041,Kolkata,0,
T002110,U0070,2026-07-09 16:03:00,342.33,D0635,M052,Bengaluru,0,
T003788,U0125,2026-07-09 16:03:00,1206.37,D0002,M027,Pune,0,
T002937,U0096,2026-07-09 16:09:00,865.02,D0002,M030,Pune,0,
T002827,U0093,2026-07-09 16:09:00,1196.81,D0390,M055,Jaipur,0,
T001112,U0038,2026-07-09 16:09:00,4235.66,D0045,M022,Hyderabad,0,
T001019,U0034,2026-07-09 16:12:00,1888.45,D0213,M007,Chennai,0,
T004753,U0163,2026-07-09 16:16:00,2717.31,D0656,M027,Ahmedabad,0,
T000408,U0014,2026-07-09 16:17:00,1972.01,D0237,M046,Kolkata,0,
T003480,U0115,2026-07-09 16:19:00,1533.74,D0277,M056,Bengaluru,0,
T004019,U0134,2026-07-09 16:20:00,2739.03,D0117,M059,Delhi,0,
T005846,U0199,2026-07-09 16:27:00,1147.86,D0422,M046,Hyderabad,0,
T004463,U0152,2026-07-09 16:31:00,1276.93,D0890,M026,Ahmedabad,0,
T003847,U0128,2026-07-09 16:37:00,2511.45,D0137,M035,Chennai,0,
T002562,U0086,2026-07-09 16:38:00,5019.16,D0726,M018,Bengaluru,0,
T007052,U0241,2026-07-09 16:39:00,285.54,D0020,M014,Lucknow,0,
T004710,U0162,2026-07-09 16:40:00,4615.14,D0174,M059,Pune,0,
T002468,U0083,2026-07-09 16:45:00,2672.94,D0772,M056,Pune,0,
T007631,U0078,2026-07-09 16:46:00,6301.02,D0429,M039,Lucknow,1,zero_day_drain
T003771,U0124,2026-07-09 16:48:00,174.68,D0856,M056,Lucknow,0,
T000489,U0016,2026-07-09 16:50:00,639.83,D0647,M036,Ahmedabad,0,
T004099,U0138,2026-07-09 16:52:00,3460.43,D0210,M028,Lucknow,0,
T005610,U0192,2026-07-09 16:53:00,918.41,D0090,M016,Ahmedabad,0,
T005214,U0179,2026-07-09 16:53:00,2036.89,D0651,M047,Pune,0,
T004994,U0172,2026-07-09 16:57:00,2655.31,D0403,M011,Chennai,0,
T005815,U0198,2026-07-09 17:11:00,320.32,D0897,M050,Kolkata,0,
T002392,U0080,2026-07-09 17:14:00,1766.2,D0312,M003,Jaipur,0,
T002811,U0092,2026-07-09 17:14:00,4425.0,D0167,M033,Lucknow,0,
T006288,U0214,2026-07-09 17:18:00,2795.56,D0674,M007,Jaipur,0,
T001921,U0065,2026-07-09 17:23:00,3599.96,D0530,M019,Bengaluru,0,
T006135,U0210,2026-07-09 17:26:00,3723.47,D0573,M016,Jaipur,0,
T006970,U0238,2026-07-09 17:29:00,1763.78,D0864,M038,Lucknow,0,
T005325,U0182,2026-07-09 17:33:00,1690.26,D0821,M048,Pune,0,
T000220,U0007,2026-07-09 17:36:00,2202.01,D0749,M047,Kolkata,0,
T003653,U0120,2026-07-09 17:49:00,602.65,D0266,M007,Hyderabad,0,
T006203,U0211,2026-07-09 17:54:00,930.59,D0230,M010,Kolkata,0,
T000081,U0003,2026-07-09 18:09:00,1038.19,D0682,M004,Delhi,0,
T000629,U0021,2026-07-09 18:24:00,1306.04,D0844,M036,Jaipur,0,
T006024,U0206,2026-07-09 18:24:00,941.25,D0188,M029,Hyderabad,0,
T006084,U0208,2026-07-09 18:56:00,842.26,D0831,M044,Chennai,0,
T005208,U0179,2026-07-09 19:04:00,2865.2,D0651,M033,Pune,0,
T001486,U0049,2026-07-09 19:10:00,1849.0,D0377,M042,Chennai,0,
T004445,U0152,2026-07-09 19:17:00,1675.84,D0890,M053,Ahmedabad,0,
T001891,U0064,2026-07-09 19:27:00,3560.15,D0368,M035,Kolkata,0,
T006558,U0224,2026-07-09 19:29:00,4603.74,D0191,M006,Bengaluru,0,
T006305,U0215,2026-07-09 19:43:00,3063.58,D0863,M043,Ahmedabad,0,
T006465,U0221,2026-07-09 19:46:00,3814.74,D0221,M002,Chennai,0,
T003273,U0108,2026-07-09 20:04:00,5147.03,D0167,M032,Ahmedabad,0,
T004280,U0145,2026-07-09 20:34:00,3012.0,D0160,M003,Delhi,0,
T002220,U0074,2026-07-09 20:41:00,1966.29,D0366,M045,Ahmedabad,0,
T001063,U0036,2026-07-09 20:49:00,3997.9,D0532,M049,Pune,0,
T004896,U0168,2026-07-09 21:22:00,3559.43,D0867,M011,Hyderabad,0,
T003137,U0103,2026-07-09 21:31:00,1215.48,D0662,M022,Ahmedabad,0,
T002004,U0067,2026-07-09 21:38:00,1455.93,D0345,M005,Hyderabad,0,
T002331,U0078,2026-07-09 21:44:00,4492.63,D0886,M038,Lucknow,0,
T001202,U0041,2026-07-09 22:21:00,785.42,D0055,M026,Delhi,0,
T003807,U0125,2026-07-09 22:48:00,4664.41,D0290,M004,Pune,0,
T000870,U0029,2026-07-09 22:59:00,1968.52,D0180,M008,Jaipur,0,
T005845,U0199,2026-07-09 23:09:00,1742.86,D0422,M028,Hyderabad,0,
T000363,U0012,2026-07-09 23:28:00,1916.67,D0450,M026,Chennai,0,
T005900,U0201,2026-07-10 00:30:00,1347.12,D0116,M036,Pune,0,
T002936,U0096,2026-07-10 05:18:00,1790.26,D0002,M030,Pune,0,
T007093,U0242,2026-07-10 05:20:00,1714.81,D0161,M040,Ahmedabad,0,
T001487,U0049,2026-07-10 05:27:00,1520.48,D0655,M044,Chennai,0,
T006573,U0224,2026-07-10 05:52:00,2977.52,D0191,M012,Bengaluru,0,
T001639,U0055,2026-07-10 06:01:00,448.85,D0612,M047,Kolkata,0,
T001860,U0063,2026-07-10 06:33:00,2260.89,D0853,M026,Lucknow,0,
T005904,U0202,2026-07-10 06:53:00,1127.66,D0153,M004,Hyderabad,0,
T006600,U0225,2026-07-10 07:01:00,2491.84,D0028,M049,Mumbai,0,
T005803,U0198,2026-07-10 07:26:00,450.9,D0897,M060,Kolkata,0,
T007014,U0239,2026-07-10 07:32:00,1134.4,D0371,M045,Hyderabad,0,
T000626,U0021,2026-07-10 07:37:00,3597.43,D0844,M036,Jaipur,0,
T002116,U0070,2026-07-10 07:42:00,1093.07,D0635,M037,Bengaluru,0,
T002934,U0096,2026-07-10 07:44:00,2685.59,D0002,M060,Pune,0,
T005743,U0196,2026-07-10 07:49:00,1613.56,D0283,M022,Delhi,0,
T003618,U0120,2026-07-10 08:01:00,492.51,D0266,M022,Hyderabad,0,
T006192,U0211,2026-07-10 08:01:00,871.64,D0230,M005,Kolkata,0,
T002453,U0082,2026-07-10 08:03:00,1267.22,D0332,M038,Mumbai,0,
T004056,U0136,2026-07-10 08:10:00,1149.99,D0021,M022,Bengaluru,0,
T003400,U0112,2026-07-10 08:17:00,1259.59,D0854,M053,Jaipur,0,
T000736,U0024,2026-07-10 08:27:00,1304.97,D0800,M028,Ahmedabad,0,
T005273,U0181,2026-07-10 08:28:00,3482.08,D0783,M003,Kolkata,0,
T001015,U0034,2026-07-10 08:28:00,1464.62,D0213,M004,Chennai,0,
T005122,U0176,2026-07-10 08:34:00,4478.47,D0510,M018,Hyderabad,0,
T001267,U0043,2026-07-10 08:39:00,1403.3,D0414,M054,Jaipur,0,
T001836,U0062,2026-07-10 08:40:00,186.28,D0584,M009,Hyderabad,0,
T007218,U0246,2026-07-10 08:50:00,3492.92,D0518,M025,Delhi,0,
T004432,U0151,2026-07-10 09:07:00,1511.26,D0683,M010,Lucknow,0,
T002373,U0079,2026-07-10 09:09:00,3103.62,D0585,M038,Ahmedabad,0,
T002170,U0071,2026-07-10 09:10:00,545.22,D0827,M059,Chennai,0,
T003082,U0101,2026-07-10 09:22:00,2179.01,D0807,M015,Chennai,0,
T003018,U0099,2026-07-10 09:22:00,1392.49,D0009,M002,Mumbai,0,
T003044,U0100,2026-07-10 09:33:00,1035.35,D0512,M030,Kolkata,0,
T007130,U0243,2026-07-10 09:37:00,2872.16,D0857,M054,Pune,0,
T001303,U0044,2026-07-10 09:42:00,1215.76,D0661,M012,Kolkata,0,
T000689,U0023,2026-07-10 09:43:00,3720.45,D0163,M018,Lucknow,0,
T006944,U0236,2026-07-10 09:45:00,2544.69,D0675,M058,Delhi,0,
T006942,U0236,2026-07-10 09:47:00,2497.22,D0524,M007,Delhi,0,
T007186,U0246,2026-07-10 09:48:00,1424.8,D0201,M011,Delhi,0,
T001794,U0061,2026-07-10 09:48:00,4131.23,D0784,M056,Delhi,0,
T001920,U0065,2026-07-10 09:49:00,1341.23,D0530,M036,Bengaluru,0,
T004652,U0160,2026-07-10 09:52:00,2839.48,D0738,M013,Ahmedabad,0,
T004434,U0151,2026-07-10 09:54:00,1671.3,D0683,M010,Lucknow,0,
T001589,U0053,2026-07-10 09:57:00,4133.95,D0284,M018,Lucknow,0,
T001821,U0061,2026-07-10 10:05:00,2726.33,D0515,M056,Delhi,0,
T000379,U0013,2026-07-10 10:15:00,1501.94,D0308,M022,Lucknow,0,
T002572,U0086,2026-07-10 10:15:00,4603.7,D0726,M025,Bengaluru,0,
T002211,U0073,2026-07-10 10:18:00,3665.58,D0175,M034,Pune,0,
T004592,U0158,2026-07-10 10:20:00,3092.45,D0159,M048,Delhi,0,
T000058,U0002,2026-07-10 10:20:00,2486.87,D0834,M036,Chennai,0,
T006550,U0224,2026-07-10 10:21:00,2260.16,D0191,M006,Bengaluru,0,
T006620,U0226,2026-07-10 10:30:00,1969.75,D0794,M037,Jaipur,0,
T003445,U0114,2026-07-10 10:34:00,770.22,D0541,M029,Hyderabad,0,
T005293,U0182,2026-07-10 10:41:00,3375.34,D0821,M039,Pune,0,
T001197,U0041,2026-07-10 10:42:00,2595.61,D0055,M010,Delhi,0,
T003126,U0102,2026-07-10 10:42:00,584.32,D0134,M013,Lucknow,0,
T006921,U0236,2026-07-10 10:46:00,3068.94,D0675,M058,Delhi,0,
T003045,U0100,2026-07-10 10:49:00,1494.7,D0512,M051,Kolkata,0,
T005711,U0195,2026-07-10 10:54:00,2209.0,D0306,M029,Delhi,0,
T004067,U0137,2026-07-10 10:55:00,3515.02,D0399,M024,Jaipur,0,
T003898,U0129,2026-07-10 11:01:00,3508.92,D0426,M041,Kolkata,0,
T003343,U0110,2026-07-10 11:08:00,2513.12,D0355,M056,Mumbai,0,
T006803,U0232,2026-07-10 11:10:00,1202.18,D0836,M036,Chennai,0,
T000358,U0012,2026-07-10 11:16:00,859.33,D0450,M039,Chennai,0,
T005403,U0185,2026-07-10 11:17:00,558.11,D0146,M044,Pune,0,
T001403,U0047,2026-07-10 11:18:00,4566.12,D0117,M001,Pune,0,
T004404,U0150,2026-07-10 11:18:00,3254.3,D0454,M027,Delhi,0,
T006912,U0235,2026-07-10 11:19:00,420.12,D0225,M052,Pune,0,
T000937,U0031,2026-07-10 11:20:00,3314.54,D0674,M010,Jaipur,0,
T006957,U0237,2026-07-10 11:24:00,4086.75,D0184,M057,Chennai,0,
T003463,U0114,2026-07-10 11:24:00,836.54,D0541,M012,Hyderabad,0,
T006476,U0221,2026-07-10 11:24:00,4171.38,D0718,M058,Chennai,0,
T002924,U0096,2026-07-10 11:24:00,1897.07,D0002,M060,Pune,0,
T002762,U0091,2026-07-10 11:25:00,3282.34,D0226,M060,Mumbai,0,
T005740,U0196,2026-07-10 11:32:00,1619.91,D0283,M008,Delhi,0,
T003940,U0130,2026-07-10 11:32:00,4055.57,D0892,M019,Ahmedabad,0,
T005453,U0187,2026-07-10 11:34:00,1992.48,D0829,M043,Hyderabad,0,
T001795,U0061,2026-07-10 11:34:00,620.31,D0784,M033,Delhi,0,
T004568,U0157,2026-07-10 11:35:00,3256.99,D0427,M041,Bengaluru,0,
T003522,U0117,2026-07-10 11:38:00,4456.41,D0795,M015,Kolkata,0,
T003749,U0123,2026-07-10 11:40:00,2136.07,D0442,M023,Bengaluru,0,
T006523,U0223,2026-07-10 11:41:00,1267.96,D0053,M058,Ahmedabad,0,
T002071,U0069,2026-07-10 11:47:00,3347.16,D0601,M005,Delhi,0,
T005320,U0182,2026-07-10 11:50:00,3675.02,D0821,M037,Pune,0,
T005887,U0201,2026-07-10 11:50:00,671.91,D0116,M048,Pune,0,
T005232,U0179,2026-07-10 11:50:00,1923.62,D0651,M044,Pune,0,
T005989,U0204,2026-07-10 11:54:00,1689.16,D0610,M044,Lucknow,0,
T006853,U0234,2026-07-10 11:56:00,3841.75,D0029,M010,Jaipur,0,
T005945,U0203,2026-07-10 12:07:00,1115.16,D0603,M014,Mumbai,0,
T006264,U0213,2026-07-10 12:07:00,4889.56,D0116,M007,Hyderabad,0,
T001413,U0047,2026-07-10 12:07:00,1758.4,D0117,M059,Pune,0,
T006832,U0233,2026-07-10 12:08:00,2729.16,D0871,M013,Hyderabad,0,
T006093,U0208,2026-07-10 12:11:00,815.68,D0831,M059,Chennai,0,
T004647,U0160,2026-07-10 12:12:00,3706.04,D0738,M013,Ahmedabad,0,
T007157,U0244,2026-07-10 12:14:00,4439.15,D0640,M019,Mumbai,0,
T003080,U0101,2026-07-10 12:21:00,1161.83,D0807,M055,Chennai,0,
T001285,U0043,2026-07-10 12:21:00,1143.47,D0414,M049,Jaipur,0,
T006655,U0228,2026-07-10 12:23:00,2654.82,D0757,M048,Pune,0,
T007082,U0241,2026-07-10 12:24:00,289.59,D0724,M014,Lucknow,0,
T003597,U0119,2026-07-10 12:25:00,3779.09,D0555,M028,Ahmedabad,0,
T003024,U0099,2026-07-10 12:26:00,20.0,D0081,M048,Mumbai,0,
T000359,U0012,2026-07-10 12:35:00,1514.16,D0450,M010,Chennai,0,
T002726,U0090,2026-07-10 12:38:00,472.02,D0667,M060,Lucknow,0,
T006300,U0215,2026-07-10 12:42:00,1558.84,D0863,M045,Ahmedabad,0,
T006139,U0210,2026-07-10 12:44:00,3161.71,D0573,M058,Jaipur,0,
T003475,U0115,2026-07-10 12:46:00,1967.47,D0277,M056,Bengaluru,0,
T003466,U0114,2026-07-10 12:49:00,1007.37,D0541,M028,Hyderabad,0,
T000633,U0021,2026-07-10 12:49:00,1764.84,D0844,M059,Jaipur,0,
T000829,U0028,2026-07-10 12:50:00,233.92,D0207,M059,Pune,0,
T000460,U0015,2026-07-10 12:51:00,2922.94,D0633,M018,Pune,0,
T002258,U0075,2026-07-10 12:52:00,3081.39,D0619,M025,Hyderabad,0,
T007287,U0249,2026-07-10 12:55:00,2282.07,D0637,M030,Kolkata,0,
T004208,U0143,2026-07-10 12:58:00,3776.92,D0159,M030,Jaipur,0,
T002295,U0076,2026-07-10 12:59:00,2454.98,D0095,M035,Chennai,0,
T004203,U0143,2026-07-10 13:00:00,4196.31,D0517,M032,Jaipur,0,
T003152,U0104,2026-07-10 13:03:00,4116.91,D0285,M014,Jaipur,0,
T001833,U0062,2026-07-10 13:04:00,676.0,D0584,M009,Hyderabad,0,
T005443,U0187,2026-07-10 13:08:00,1985.61,D0829,M015,Hyderabad,0,
T006993,U0238,2026-07-10 13:11:00,1891.41,D0864,M038,Lucknow,0,
T002857,U0094,2026-07-10 13:22:00,1131.82,D0886,M019,Mumbai,0,
T006030,U0206,2026-07-10 13:28:00,977.94,D0035,M044,Hyderabad,0,
T002124,U0070,2026-07-10 13:31:00,363.45,D0635,M022,Bengaluru,0,
T001542,U0052,2026-07-10 13:34:00,1715.65,D0573,M033,Pune,0,
T006202,U0211,2026-07-10 13:35:00,1057.8,D0230,M005,Kolkata,0,
T000053,U0002,2026-07-10 13:35:00,2971.35,D0834,M023,Chennai,0,
T002057,U0068,2026-07-10 13:40:00,1023.15,D0301,M004,Mumbai,0,
T001768,U0060,2026-07-10 13:40:00,2451.36,D0156,M011,Ahmedabad,0,
T002681,U0089,2026-07-10 13:41:00,846.6,D0452,M020,Lucknow,0,
T003561,U0118,2026-07-10 13:48:00,633.17,D0810,M035,Jaipur,0,
T003407,U0113,2026-07-10 13:48:00,2050.71,D0021,M055,Chennai,0,
T000669,U0023,2026-07-10 13:51:00,3012.74,D0163,M026,Lucknow,0,
T003729,U0123,2026-07-10 13:53:00,275.44,D0442,M022,Bengaluru,0,
T002178,U0072,2026-07-10 13:53:00,681.51,D0679,M011,Bengaluru,0,
T005965,U0204,2026-07-10 13:55:00,864.09,D0610,M024,Lucknow,0,
T005373,U0184,2026-07-10 13:58:00,4370.37,D0693,M011,Lucknow,0,
T003802,U0125,2026-07-10 14:01:00,4024.98,D0002,M056,Pune,0,
T003717,U0123,2026-07-10 14:02:00,2196.84,D0254,M048,Bengaluru,0,
T005966,U0204,2026-07-10 14:05:00,1298.03,D0610,M014,Lucknow,0,
T002138,U0071,2026-07-10 14:07:00,1005.47,D0890,M059,Chennai,0,
T007106,U0242,2026-07-10 14:08:00,3149.08,D0161,M009,Ahmedabad,0,
T002598,U0086,2026-07-10 14:11:00,3567.33,D0726,M018,Bengaluru,0,
T006758,U0231,2026-07-10 14:13:00,1942.35,D0749,M058,Bengaluru,0,
T006304,U0215,2026-07-10 14:14:00,4973.74,D0821,M018,Ahmedabad,0,
T003697,U0122,2026-07-10 14:25:00,1159.86,D0648,M003,Ahmedabad,0,
T001484,U0049,2026-07-10 14:25:00,722.63,D0377,M054,Chennai,0,
T000378,U0013,2026-07-10 14:26:00,268.65,D0308,M057,Lucknow,0,
T003924,U0129,2026-07-10 14:30:00,4375.63,D0426,M006,Kolkata,0,
T005270,U0181,2026-07-10 14:31:00,2644.11,D0879,M033,Kolkata,0,
T003551,U0118,2026-07-10 14:34:00,678.51,D0095,M025,Jaipur,0,
T005132,U0177,2026-07-10 14:37:00,1313.75,D0606,M058,Pune,0,
T003405,U0113,2026-07-10 14:38:00,2360.35,D0021,M042,Chennai,0,
T006353,U0217,2026-07-10 14:38:00,3598.85,D0593,M012,Bengaluru,0,
T001089,U0037,2026-07-10 14:43:00,1520.83,D0444,M052,Hyderabad,0,
T004756,U0163,2026-07-10 14:46:00,1606.36,D0656,M058,Ahmedabad,0,
T000912,U0031,2026-07-10 14:48:00,3428.4,D0674,M011,Jaipur,0,
T007128,U0243,2026-07-10 14:48:00,1214.29,D0862,M047,Pune,0,
T005980,U0204,2026-07-10 14:49:00,1116.5,D0610,M014,Lucknow,0,
T006913,U0235,2026-07-10 14:50:00,2003.64,D0225,M028,Pune,0,
T006514,U0223,2026-07-10 14:50:00,354.4,D0315,M008,Ahmedabad,0,
T003381,U0112,2026-07-10 14:55:00,1419.92,D0854,M052,Jaipur,0,
T006702,U0229,2026-07-10 14:56:00,953.48,D0886,M033,Pune,0,
T001575,U0053,2026-07-10 14:56:00,3478.54,D0284,M045,Lucknow,0,
T001373,U0046,2026-07-10 14:57:00,2691.79,D0715,M015,Hyderabad,0,
T003047,U0100,2026-07-10 14:59:00,1656.27,D0512,M030,Kolkata,0,
T000493,U0016,2026-07-10 15:00:00,154.34,D0647,M035,Ahmedabad,0,
T005699,U0195,2026-07-10 15:00:00,4519.34,D0306,M029,Delhi,0,
T005636,U0193,2026-07-10 15:09:00,1781.37,D0709,M045,Jaipur,0,
T000693,U0023,2026-07-10 15:10:00,3150.35,D0163,M026,Lucknow,0,
T003448,U0114,2026-07-10 15:12:00,820.05,D0541,M004,Hyderabad,0,
T002989,U0098,2026-07-10 15:12:00,847.25,D0298,M043,Kolkata,0,
T003440,U0113,2026-07-10 15:21:00,1694.53,D0410,M042,Chennai,0,
T001388,U0046,2026-07-10 15:26:00,3688.12,D0715,M043,Hyderabad,0,
T004522,U0155,2026-07-10 15:28:00,664.95,D0283,M049,Pune,0,
T004354,U0148,2026-07-10 15:29:00,3219.26,D0393,M045,Mumbai,0,
T001273,U0043,2026-07-10 15:29:00,2023.6,D0414,M039,Jaipur,0,
T002501,U0084,2026-07-10 15:31:00,1131.07,D0549,M051,Mumbai,0,
T000085,U0003,2026-07-10 15:33:00,2796.28,D0149,M054,Delhi,0,
T003744,U0123,2026-07-10 15:34:00,1133.44,D0254,M023,Bengaluru,0,
T003261,U0108,2026-07-10 15:34:00,4640.28,D0549,M044,Ahmedabad,0,
T003654,U0120,2026-07-10 15:36:00,883.49,D0266,M002,Hyderabad,0,
T000082,U0003,2026-07-10 15:41:00,904.47,D0149,M054,Delhi,0,
T000448,U0015,2026-07-10 15:48:00,2145.99,D0633,M035,Pune,0,
T006469,U0221,2026-07-10 15:53:00,2137.39,D0718,M058,Chennai,0,
T000556,U0019,2026-07-10 15:54:00,4164.48,D0397,M047,Kolkata,0,
T002014,U0067,2026-07-10 16:01:00,1554.82,D0345,M053,Hyderabad,0,
T005457,U0187,2026-07-10 16:03:00,4789.02,D0829,M043,Hyderabad,0,
T002781,U0091,2026-07-10 16:06:00,2169.71,D0712,M060,Mumbai,0,
T004075,U0137,2026-07-10 16:10:00,2888.05,D0399,M019,Jaipur,0,
T000118,U0004,2026-07-10 16:11:00,729.96,D0040,M043,Pune,0,
T002985,U0097,2026-07-10 16:18:00,63.79,D0420,M014,Hyderabad,0,
T003557,U0118,2026-07-10 16:20:00,113.36,D0095,M035,Jaipur,0,
T006896,U0235,2026-07-10 16:20:00,998.26,D0225,M029,Pune,0,
T005506,U0188,2026-07-10 16:21:00,5864.84,D0422,M017,Mumbai,0,
T005528,U0190,2026-07-10 16:22:00,3627.93,D0566,M044,Lucknow,0,
T004572,U0157,2026-07-10 16:24:00,1632.91,D0427,M026,Bengaluru,0,
T002955,U0097,2026-07-10 16:25:00,1430.28,D0757,M014,Hyderabad,0,
T002515,U0084,2026-07-10 16:35:00,1453.8,D0549,M014,Mumbai,0,
T005741,U0196,2026-07-10 16:36:00,1963.52,D0283,M022,Delhi,0,
T003360,U0111,2026-07-10 16:36:00,2779.33,D0309,M050,Delhi,0,
T006290,U0214,2026-07-10 16:45:00,1935.45,D0674,M016,Jaipur,0,
T006850,U0234,2026-07-10 16:45:00,2817.37,D0194,M056,Jaipur,0,
T005247,U0180,2026-07-10 16:51:00,3368.05,D0032,M009,Lucknow,0,
T000665,U0023,2026-07-10 16:51:00,2892.73,D0163,M059,Lucknow,0,
T007031,U0240,2026-07-10 16:55:00,703.1,D0683,M002,Chennai,0,
T006238,U0212,2026-07-10 16:59:00,3041.77,D0825,M047,Jaipur,0,
T006668,U0228,2026-07-10 17:09:00,6540.91,D0620,M048,Pune,0,
T007634,U0118,2026-07-10 17:12:00,1206.7,D0095,M031,Jaipur,1,zero_day_drain
T005901,U0201,2026-07-10 17:19:00,1919.84,D0116,M042,Pune,0,
T003048,U0100,2026-07-10 17:23:00,2678.24,D0512,M030,Kolkata,0,
T002706,U0090,2026-07-10 17:31:00,2422.1,D0194,M002,Lucknow,0,
T003176,U0104,2026-07-10 17:32:00,2314.54,D0285,M014,Jaipur,0,
T003421,U0113,2026-07-10 17:33:00,3218.0,D0021,M038,Chennai,0,
T001396,U0046,2026-07-10 17:34:00,3633.34,D0715,M043,Hyderabad,0,
T005673,U0194,2026-07-10 17:34:00,5798.23,D0063,M046,Hyderabad,0,
T004349,U0148,2026-07-10 17:42:00,3522.56,D0393,M006,Mumbai,0,
T000535,U0018,2026-07-10 17:43:00,2908.78,D0522,M033,Pune,0,
T005432,U0186,2026-07-10 17:46:00,1583.75,D0447,M030,Pune,0,
T006266,U0214,2026-07-10 17:54:00,1253.42,D0674,M007,Jaipur,0,
T006653,U0228,2026-07-10 17:54:00,5103.59,D0620,M036,Pune,0,
T005005,U0173,2026-07-10 17:55:00,2905.31,D0221,M051,Chennai,0,
T000286,U0009,2026-07-10 18:00:00,2247.58,D0688,M032,Ahmedabad,0,
T001661,U0056,2026-07-10 18:03:00,1101.2,D0005,M049,Kolkata,0,
T003423,U0113,2026-07-10 18:14:00,1727.23,D0410,M042,Chennai,0,
T006142,U0210,2026-07-10 18:21:00,3782.32,D0721,M058,Jaipur,0,
T003958,U0131,2026-07-10 18:26:00,276.38,D0804,M009,Bengaluru,0,
T002755,U0091,2026-07-10 18:28:00,2957.49,D0226,M050,Mumbai,0,
T007228,U0247,2026-07-10 18:40:00,3376.95,D0548,M053,Chennai,0,
T006425,U0219,2026-07-10 18:42:00,1609.21,D0826,M035,Chennai,0,
T000929,U0031,2026-07-10 18:43:00,4536.07,D0674,M001,Jaipur,0,
T002693,U0089,2026-07-10 18:55:00,2939.67,D0487,M053,Lucknow,0,
T002315,U0077,2026-07-10 19:31:00,3070.08,D0129,M032,Chennai,0,
T004861,U0167,2026-07-10 19:39:00,4224.06,D0841,M041,Hyderabad,0,
T003789,U0125,2026-07-10 19:46:00,2877.42,D0002,M004,Pune,0,
T004227,U0144,2026-07-10 19:47:00,1552.75,D0465,M044,Lucknow,0,
T000229,U0007,2026-07-10 19:48:00,2798.6,D0749,M047,Kolkata,0,
T003125,U0102,2026-07-10 19:54:00,551.24,D0134,M035,Lucknow,0,
T001912,U0064,2026-07-10 20:00:00,2104.24,D0368,M055,Kolkata,0,
T005166,U0178,2026-07-10 20:01:00,1261.74,D0489,M055,Jaipur,0,
T001287,U0043,2026-07-10 20:26:00,880.12,D0414,M049,Jaipur,0,
T005463,U0187,2026-07-10 20:46:00,4456.15,D0829,M055,Hyderabad,0,
T004237,U0144,2026-07-10 21:08:00,1855.66,D0465,M044,Lucknow,0,
T005013,U0173,2026-07-10 21:15:00,3161.25,D0221,M049,Chennai,0,
T004475,U0153,2026-07-10 21:43:00,1209.61,D0851,M050,Chennai,0,
T006263,U0213,2026-07-10 22:18:00,3495.36,D0542,M053,Hyderabad,0,
T001034,U0035,2026-07-10 23:13:00,362.46,D0823,M009,Lucknow,0,
T005609,U0192,2026-07-10 23:22:00,481.4,D0100,M023,Ahmedabad,0,
T007551,U0108,2026-07-11 02:20:00,39841.35,D0798,M056,Chennai,1,account_takeover
T007543,U0101,2026-07-11 02:43:00,19246.82,D0884,M059,Mumbai,1,account_takeover
T007331,U0250,2026-07-11 03:07:00,1605.71,D0157,M006,Jaipur,0,
T001892,U0064,2026-07-11 03:41:00,3368.04,D0368,M053,Kolkata,0,
T004701,U0161,2026-07-11 05:02:00,1007.63,D0154,M018,Lucknow,0,
T002134,U0071,2026-07-11 05:26:00,910.86,D0827,M048,Chennai,0,
T005091,U0175,2026-07-11 05:37:00,4084.41,D0255,M057,Lucknow,0,
T000653,U0022,2026-07-11 05:39:00,1669.9,D0334,M012,Mumbai,0,
T000917,U0031,2026-07-11 06:01:00,2722.27,D0674,M011,Jaipur,0,
T006039,U0206,2026-07-11 06:05:00,689.45,D0188,M024,Hyderabad,0,
T002756,U0091,2026-07-11 06:10:00,2223.93,D0712,M025,Mumbai,0,
T004243,U0144,2026-07-11 06:26:00,2113.45,D0465,M044,Lucknow,0,
T003905,U0129,2026-07-11 06:44:00,3358.21,D0066,M019,Kolkata,0,
T001446,U0048,2026-07-11 07:00:00,743.43,D0540,M008,Jaipur,0,
T003420,U0113,2026-07-11 07:08:00,1387.69,D0410,M053,Chennai,0,
T000820,U0027,2026-07-11 07:10:00,343.46,D0177,M046,Jaipur,0,
T002079,U0069,2026-07-11 07:12:00,2840.19,D0108,M005,Delhi,0,
T004842,U0166,2026-07-11 07:21:00,372.15,D0555,M051,Lucknow,0,
T003543,U0117,2026-07-11 07:33:00,3247.03,D0795,M009,Kolkata,0,
T003119,U0102,2026-07-11 07:37:00,541.23,D0134,M007,Lucknow,0,
T004864,U0167,2026-07-11 07:39:00,2896.74,D0841,M033,Hyderabad,0,
T001391,U0046,2026-07-11 07:54:00,3330.9,D0838,M015,Hyderabad,0,
T005499,U0188,2026-07-11 08:02:00,2139.51,D0422,M043,Mumbai,0,
T006586,U0225,2026-07-11 08:04:00,1132.73,D0028,M031,Mumbai,0,
T005931,U0203,2026-07-11 08:05:00,883.0,D0173,M014,Mumbai,0,
T001585,U0053,2026-07-11 08:08:00,1856.63,D0284,M030,Lucknow,0,
T005569,U0191,2026-07-11 08:18:00,1151.13,D0348,M037,Bengaluru,0,
T001684,U0057,2026-07-11 08:19:00,1645.77,D0220,M060,Delhi,0,
T003286,U0109,2026-07-11 08:32:00,4080.46,D0831,M047,Pune,0,
T006311,U0215,2026-07-11 08:35:00,4044.96,D0863,M018,Ahmedabad,0,
T004285,U0146,2026-07-11 08:38:00,1054.58,D0355,M048,Ahmedabad,0,
T005805,U0198,2026-07-11 09:06:00,314.73,D0897,M053,Kolkata,0,
T005175,U0178,2026-07-11 09:07:00,1755.2,D0489,M029,Jaipur,0,
T000141,U0004,2026-07-11 09:08:00,1259.77,D0040,M043,Pune,0,
T007230,U0247,2026-07-11 09:18:00,3960.31,D0548,M060,Chennai,0,
T005516,U0189,2026-07-11 09:20:00,1800.74,D0410,M037,Lucknow,0,
T007018,U0239,2026-07-11 09:21:00,1080.56,D0371,M025,Hyderabad,0,
T004141,U0140,2026-07-11 09:24:00,1210.38,D0330,M048,Ahmedabad,0,
T000121,U0004,2026-07-11 09:28:00,1412.3,D0040,M045,Pune,0,
T000470,U0016,2026-07-11 09:31:00,259.05,D0647,M024,Ahmedabad,0,
T000529,U0018,2026-07-11 09:38:00,1000.26,D0522,M002,Pune,0,
T000965,U0032,2026-07-11 09:39:00,1746.53,D0017,M048,Chennai,0,
T007217,U0246,2026-07-11 09:42:00,4000.0,D0201,M005,Delhi,0,
T000062,U0002,2026-07-11 09:44:00,1930.56,D0834,M032,Chennai,0,
T006646,U0228,2026-07-11 09:51:00,3513.67,D0757,M046,Pune,0,
T001760,U0059,2026-07-11 09:55:00,3320.48,D0090,M031,Mumbai,0,
T004209,U0143,2026-07-11 09:58:00,4842.41,D0517,M029,Jaipur,0,
T003848,U0128,2026-07-11 10:03:00,4873.2,D0137,M028,Chennai,0,
T004694,U0161,2026-07-11 10:06:00,2378.89,D0154,M058,Lucknow,0,
T006107,U0209,2026-07-11 10:10:00,4639.42,D0118,M028,Chennai,0,
T000758,U0025,2026-07-11 10:20:00,1633.57,D0797,M043,Chennai,0,
T001448,U0048,2026-07-11 10:21:00,582.29,D0540,M055,Jaipur,0,
T007078,U0241,2026-07-11 10:24:00,390.76,D0724,M006,Lucknow,0,
T007150,U0244,2026-07-11 10:26:00,1566.56,D0640,M019,Mumbai,0,
T006003,U0205,2026-07-11 10:29:00,3683.95,D0694,M049,Jaipur,0,
T000375,U0013,2026-07-11 10:31:00,1312.9,D0308,M022,Lucknow,0,
T000635,U0021,2026-07-11 10:36:00,2414.54,D0692,M059,Jaipur,0,
T002667,U0088,2026-07-11 10:37:00,4209.71,D0182,M027,Bengaluru,0,
T004722,U0162,2026-07-11 10:38:00,3139.06,D0174,M035,Pune,0,
T007270,U0248,2026-07-11 10:43:00,641.48,D0495,M005,Lucknow,0,
T007164,U0244,2026-07-11 10:44:00,1471.27,D0640,M026,Mumbai,0,
T002098,U0069,2026-07-11 10:50:00,2841.17,D0601,M029,Delhi,0,
T002529,U0085,2026-07-11 10:50:00,3079.52,D0357,M032,Jaipur,0,
T002182,U0072,2026-07-11 10:52:00,1223.82,D0038,M011,Bengaluru,0,
T006113,U0209,2026-07-11 11:04:00,754.66,D0118,M011,Chennai,0,
T002412,U0081,2026-07-11 11:04:00,2616.37,D0371,M005,Bengaluru,0,
T001537,U0052,2026-07-11 11:06:00,1798.48,D0111,M040,Pune,0,
T005385,U0185,2026-07-11 11:16:00,1019.41,D0391,M054,Pune,0,
T006567,U0224,2026-07-11 11:19:00,5026.14,D0191,M008,Bengaluru,0,
T005056,U0174,2026-07-11 11:22:00,1716.43,D0862,M041,Hyderabad,0,
T006455,U0220,2026-07-11 11:23:00,2046.42,D0850,M052,Mumbai,0,
T003364,U0111,2026-07-11 11:24:00,4973.06,D0309,M039,Delhi,0,
T000885,U0030,2026-07-11 11:24:00,478.11,D0283,M054,Bengaluru,0,
T000194,U0006,2026-07-11 11:25:00,1412.38,D0393,M050,Delhi,0,
T005458,U0187,2026-07-11 11:33:00,3056.99,D0829,M015,Hyderabad,0,
T003265,U0108,2026-07-11 11:34:00,3624.6,D0167,M040,Ahmedabad,0,
T000184,U0006,2026-07-11 11:34:00,3034.33,D0145,M045,Delhi,0,
T005105,U0176,2026-07-11 11:35:00,5810.11,D0510,M018,Hyderabad,0,
T001734,U0058,2026-07-11 11:37:00,827.46,D0493,M027,Pune,0,
T003224,U0106,2026-07-11 11:38:00,1761.99,D0806,M010,Hyderabad,0,
T000907,U0031,2026-07-11 11:39:00,3227.95,D0674,M036,Jaipur,0,
T001417,U0047,2026-07-11 11:49:00,2648.13,D0117,M028,Pune,0,
T005522,U0189,2026-07-11 11:50:00,2399.31,D0410,M021,Lucknow,0,
T002630,U0088,2026-07-11 12:01:00,2063.92,D0182,M057,Bengaluru,0,
T002742,U0090,2026-07-11 12:02:00,1325.29,D0667,M002,Lucknow,0,
T002853,U0094,2026-07-11 12:03:00,1074.87,D0886,M046,Mumbai,0,
T006648,U0228,2026-07-11 12:11:00,4094.77,D0757,M005,Pune,0,
T000612,U0020,2026-07-11 12:12:00,3591.13,D0806,M018,Mumbai,0,
T007594,U0065,2026-07-11 12:15:00,3022.03,D0632,M006,Bengaluru,1,zero_day_drain
T005518,U0189,2026-07-11 12:16:00,192.05,D0410,M044,Lucknow,0,
T001737,U0059,2026-07-11 12:18:00,4894.75,D0090,M055,Mumbai,0,
T002353,U0078,2026-07-11 12:20:00,2881.16,D0429,M050,Lucknow,0,
T004846,U0166,2026-07-11 12:21:00,233.31,D0555,M045,Lucknow,0,
T000353,U0012,2026-07-11 12:22:00,61.78,D0844,M023,Chennai,0,
T005092,U0175,2026-07-11 12:24:00,4479.32,D0255,M050,Lucknow,0,
T005348,U0183,2026-07-11 12:26:00,1507.41,D0854,M006,Kolkata,0,
T001245,U0042,2026-07-11 12:26:00,1987.61,D0663,M040,Delhi,0,
T002586,U0086,2026-07-11 12:27:00,3676.63,D0726,M046,Bengaluru,0,
T005508,U0188,2026-07-11 12:27:00,4089.35,D0422,M017,Mumbai,0,
T006359,U0217,2026-07-11 12:29:00,3641.18,D0427,M052,Bengaluru,0,
T006783,U0231,2026-07-11 12:30:00,1353.94,D0749,M033,Bengaluru,0,
T002522,U0084,2026-07-11 12:39:00,723.94,D0805,M025,Mumbai,0,
T004452,U0152,2026-07-11 12:40:00,857.91,D0890,M010,Ahmedabad,0,
T007271,U0248,2026-07-11 12:48:00,1251.48,D0495,M057,Lucknow,0,
T004240,U0144,2026-07-11 12:49:00,498.32,D0465,M041,Lucknow,0,
T003642,U0120,2026-07-11 12:54:00,511.23,D0763,M045,Hyderabad,0,
T005450,U0187,2026-07-11 12:54:00,2787.19,D0829,M043,Hyderabad,0,
T004376,U0149,2026-07-11 13:03:00,3731.66,D0409,M024,Hyderabad,0,
T002600,U0087,2026-07-11 13:04:00,539.01,D0536,M030,Ahmedabad,0,
T000374,U0013,2026-07-11 13:06:00,1363.51,D0308,M020,Lucknow,0,
T007281,U0248,2026-07-11 13:07:00,1178.32,D0495,M037,Lucknow,0,
T006509,U0222,2026-07-11 13:09:00,3870.15,D0093,M004,Kolkata,0,
T002187,U0072,2026-07-11 13:13:00,447.36,D0038,M011,Bengaluru,0,
T002415,U0081,2026-07-11 13:14:00,1086.64,D0371,M032,Bengaluru,0,
T005077,U0175,2026-07-11 13:17:00,3133.54,D0255,M057,Lucknow,0,
T003323,U0110,2026-07-11 13:20:00,4181.11,D0144,M011,Mumbai,0,
T006868,U0234,2026-07-11 13:22:00,2939.46,D0029,M024,Jaipur,0,
T007254,U0247,2026-07-11 13:23:00,5338.99,D0548,M029,Chennai,0,
T007058,U0241,2026-07-11 13:29:00,281.35,D0020,M041,Lucknow,0,
T002159,U0071,2026-07-11 13:29:00,591.85,D0827,M040,Chennai,0,
T002439,U0082,2026-07-11 13:30:00,1291.85,D0044,M037,Mumbai,0,
T005953,U0204,2026-07-11 13:30:00,1569.21,D0610,M024,Lucknow,0,
T001133,U0038,2026-07-11 13:30:00,5367.17,D0045,M032,Hyderabad,0,
T005950,U0204,2026-07-11 13:36:00,1488.94,D0610,M055,Lucknow,0,
T003798,U0125,2026-07-11 13:37:00,1678.54,D0002,M004,Pune,0,
T005404,U0185,2026-07-11 13:40:00,576.03,D0391,M042,Pune,0,
T000486,U0016,2026-07-11 13:40:00,375.05,D0647,M018,Ahmedabad,0,
T004392,U0150,2026-07-11 13:42:00,2691.71,D0454,M027,Delhi,0,
T001295,U0044,2026-07-11 13:43:00,410.6,D0661,M036,Kolkata,0,
T003500,U0116,2026-07-11 13:44:00,3671.43,D0182,M027,Ahmedabad,0,
T002020,U0067,2026-07-11 13:45:00,667.04,D0345,M004,Hyderabad,0,
T004820,U0165,2026-07-11 13:50:00,2684.48,D0479,M053,Jaipur,0,
T002512,U0084,2026-07-11 13:53:00,2342.85,D0805,M025,Mumbai,0,
T002164,U0071,2026-07-11 13:54:00,830.88,D0890,M047,Chennai,0,
T000335,U0011,2026-07-11 13:57:00,1228.93,D0151,M006,Chennai,0,
T004096,U0138,2026-07-11 13:59:00,2287.87,D0687,M028,Lucknow,0,
T002346,U0078,2026-07-11 14:00:00,4948.26,D0886,M029,Lucknow,0,
T004239,U0144,2026-07-11 14:02:00,1188.45,D0465,M006,Lucknow,0,
T005284,U0181,2026-07-11 14:03:00,3799.86,D0879,M033,Kolkata,0,
T006512,U0223,2026-07-11 14:04:00,719.58,D0315,M011,Ahmedabad,0,
T006195,U0211,2026-07-11 14:05:00,1158.59,D0230,M010,Kolkata,0,
T004771,U0163,2026-07-11 14:06:00,2313.86,D0352,M058,Ahmedabad,0,
T000720,U0024,2026-07-11 14:07:00,3561.99,D0800,M019,Ahmedabad,0,
T000380,U0013,2026-07-11 14:08:00,1419.9,D0308,M020,Lucknow,0,
T005424,U0186,2026-07-11 14:09:00,2311.48,D0447,M027,Pune,0,
T001995,U0066,2026-07-11 14:10:00,1125.11,D0727,M054,Kolkata,0,
T004873,U0167,2026-07-11 14:10:00,3228.88,D0841,M021,Hyderabad,0,
T003595,U0119,2026-07-11 14:11:00,4657.7,D0668,M015,Ahmedabad,0,
T006133,U0209,2026-07-11 14:13:00,4516.96,D0118,M010,Chennai,0,
T000462,U0015,2026-07-11 14:16:00,3679.19,D0633,M035,Pune,0,
T000646,U0022,2026-07-11 14:18:00,1041.53,D0334,M012,Mumbai,0,
T002185,U0072,2026-07-11 14:20:00,530.76,D0038,M009,Bengaluru,0,
T004024,U0135,2026-07-11 14:20:00,2375.04,D0523,M037,Jaipur,0,
T005411,U0185,2026-07-11 14:22:00,710.43,D0146,M044,Pune,0,
T005003,U0173,2026-07-11 14:29:00,6056.31,D0221,M022,Chennai,0,
T003298,U0109,2026-07-11 14:32:00,2023.48,D0831,M001,Pune,0,
T006718,U0230,2026-07-11 14:34:00,964.79,D0624,M032,Kolkata,0,
T001590,U0053,2026-07-11 14:35:00,3744.3,D0284,M045,Lucknow,0,
T004431,U0151,2026-07-11 14:35:00,1412.55,D0683,M010,Lucknow,0,
T001422,U0047,2026-07-11 14:37:00,1515.98,D0117,M028,Pune,0,
T006236,U0212,2026-07-11 14:41:00,3231.16,D0825,M059,Jaipur,0,
T006052,U0207,2026-07-11 14:43:00,1924.81,D0392,M050,Hyderabad,0,
T006880,U0235,2026-07-11 14:44:00,1504.91,D0225,M022,Pune,0,
T002764,U0091,2026-07-11 14:45:00,1836.07,D0712,M028,Mumbai,0,
T004230,U0144,2026-07-11 14:49:00,1747.51,D0465,M041,Lucknow,0,
T004760,U0163,2026-07-11 14:49:00,2327.14,D0656,M058,Ahmedabad,0,
T001450,U0048,2026-07-11 14:54:00,640.1,D0540,M050,Jaipur,0,
T006121,U0209,2026-07-11 14:54:00,3874.17,D0118,M024,Chennai,0,
T006499,U0222,2026-07-11 14:57:00,3083.49,D0093,M004,Kolkata,0,
T000900,U0030,2026-07-11 14:59:00,512.56,D0596,M030,Bengaluru,0,
T000385,U0014,2026-07-11 15:00:00,3609.79,D0871,M046,Kolkata,0,
T006798,U0232,2026-07-11 15:04:00,1567.09,D0836,M005,Chennai,0,
T004390,U0150,2026-07-11 15:06:00,2768.13,D0454,M019,Delhi,0,
T000032,U0001,2026-07-11 15:06:00,1491.12,D0588,M031,Mumbai,0,
T002058,U0069,2026-07-11 15:10:00,2815.2,D0108,M029,Delhi,0,
T004641,U0159,2026-07-11 15:13:00,4953.63,D0721,M006,Chennai,0,
T001718,U0058,2026-07-11 15:16:00,518.34,D0670,M010,Pune,0,
T000879,U0030,2026-07-11 15:19:00,558.78,D0283,M055,Bengaluru,0,
T001858,U0063,2026-07-11 15:20:00,1646.85,D0853,M037,Lucknow,0,
T007320,U0250,2026-07-11 15:25:00,3720.59,D0157,M034,Jaipur,0,
T006276,U0214,2026-07-11 15:25:00,2109.48,D0674,M007,Jaipur,0,
T002440,U0082,2026-07-11 15:29:00,775.1,D0332,M001,Mumbai,0,
T005718,U0196,2026-07-11 15:30:00,560.62,D0283,M022,Delhi,0,
T004013,U0134,2026-07-11 15:34:00,2587.2,D0117,M059,Delhi,0,
T001123,U0038,2026-07-11 15:34:00,3073.21,D0045,M032,Hyderabad,0,
T000171,U0006,2026-07-11 15:40:00,3458.02,D0393,M006,Delhi,0,
T006233,U0212,2026-07-11 15:41:00,3816.57,D0825,M032,Jaipur,0,
T000955,U0032,2026-07-11 15:44:00,2007.76,D0017,M059,Chennai,0,
T006296,U0215,2026-07-11 15:44:00,4905.79,D0863,M045,Ahmedabad,0,
T004566,U0157,2026-07-11 15:48:00,1407.44,D0427,M041,Bengaluru,0,
T002471,U0083,2026-07-11 15:50:00,20.0,D0772,M056,Pune,0,
T001749,U0059,2026-07-11 15:51:00,2542.49,D0090,M043,Mumbai,0,
T002271,U0076,2026-07-11 15:51:00,2050.02,D0095,M035,Chennai,0,
T002815,U0092,2026-07-11 15:51:00,3043.55,D0167,M019,Lucknow,0,
T005588,U0191,2026-07-11 15:53:00,2408.55,D0348,M022,Bengaluru,0,
T003295,U0109,2026-07-11 15:53:00,2464.57,D0831,M001,Pune,0,
T000757,U0025,2026-07-11 15:55:00,1694.43,D0797,M023,Chennai,0,
T005406,U0185,2026-07-11 15:56:00,560.62,D0391,M042,Pune,0,
T002697,U0089,2026-07-11 15:59:00,2711.71,D0452,M023,Lucknow,0,
T003976,U0132,2026-07-11 15:59:00,2232.79,D0367,M008,Kolkata,0,
T004233,U0144,2026-07-11 16:05:00,2127.46,D0465,M044,Lucknow,0,
T007071,U0241,2026-07-11 16:06:00,444.02,D0724,M006,Lucknow,0,
T002805,U0092,2026-07-11 16:10:00,2631.9,D0167,M033,Lucknow,0,
T004715,U0162,2026-07-11 16:13:00,3801.35,D0174,M059,Pune,0,
T007046,U0240,2026-07-11 16:14:00,583.29,D0683,M056,Chennai,0,
T004726,U0162,2026-07-11 16:22:00,4200.83,D0174,M006,Pune,0,
T004808,U0165,2026-07-11 16:29:00,3137.45,D0232,M052,Jaipur,0,
T005266,U0180,2026-07-11 16:33:00,1783.39,D0032,M013,Lucknow,0,
T002520,U0084,2026-07-11 16:34:00,1627.65,D0805,M025,Mumbai,0,
T006526,U0223,2026-07-11 16:36:00,1256.62,D0053,M011,Ahmedabad,0,
T005723,U0196,2026-07-11 16:47:00,1314.37,D0283,M016,Delhi,0,
T006627,U0227,2026-07-11 16:50:00,1869.31,D0062,M025,Pune,0,
T006060,U0207,2026-07-11 16:51:00,1849.94,D0392,M050,Hyderabad,0,
T002002,U0067,2026-07-11 16:51:00,1249.51,D0345,M053,Hyderabad,0,
T003515,U0117,2026-07-11 16:52:00,2004.01,D0795,M009,Kolkata,0,
T005491,U0188,2026-07-11 16:52:00,3124.96,D0422,M051,Mumbai,0,
T003785,U0125,2026-07-11 16:58:00,2590.34,D0002,M060,Pune,0,
T002502,U0084,2026-07-11 17:02:00,1652.74,D0549,M032,Mumbai,0,
T007246,U0247,2026-07-11 17:05:00,4296.92,D0548,M018,Chennai,0,
T005287,U0181,2026-07-11 17:06:00,3454.44,D0783,M021,Kolkata,0,
T004620,U0159,2026-07-11 17:10:00,2812.53,D0721,M007,Chennai,0,
T000671,U0023,2026-07-11 17:11:00,3948.82,D0163,M059,Lucknow,0,
T002620,U0087,2026-07-11 17:19:00,531.39,D0536,M029,Ahmedabad,0,
T007644,U0062,2026-07-11 17:19:00,1848.86,D0584,M003,Hyderabad,1,zero_day_drain
T005548,U0190,2026-07-11 17:20:00,2747.58,D0566,M044,Lucknow,0,
T000443,U0015,2026-07-11 17:22:00,1314.92,D0633,M042,Pune,0,
T000394,U0014,2026-07-11 17:23:00,3813.64,D0237,M041,Kolkata,0,
T006036,U0206,2026-07-11 17:26:00,1264.19,D0035,M046,Hyderabad,0,
T001698,U0057,2026-07-11 17:31:00,2603.73,D0052,M052,Delhi,0,
T000055,U0002,2026-07-11 17:35:00,2933.44,D0834,M047,Chennai,0,
T006605,U0226,2026-07-11 17:38:00,1442.29,D0794,M037,Jaipur,0,
T001077,U0036,2026-07-11 17:41:00,4715.44,D0532,M039,Pune,0,
T005368,U0183,2026-07-11 17:42:00,2284.69,D0562,M007,Kolkata,0,
T002494,U0084,2026-07-11 17:47:00,2063.28,D0549,M032,Mumbai,0,
T004967,U0171,2026-07-11 17:48:00,2723.82,D0417,M007,Lucknow,0,
T006422,U0219,2026-07-11 17:55:00,1789.01,D0826,M004,Chennai,0,
T004039,U0135,2026-07-11 18:00:00,1916.44,D0549,M020,Jaipur,0,
T001392,U0046,2026-07-11 18:01:00,1397.94,D0715,M015,Hyderabad,0,
T004929,U0170,2026-07-11 18:05:00,572.9,D0199,M019,Chennai,0,
T000586,U0020,2026-07-11 18:15:00,2062.48,D0806,M018,Mumbai,0,
T005380,U0184,2026-07-11 18:31:00,1901.3,D0693,M032,Lucknow,0,
T006451,U0220,2026-07-11 18:31:00,1485.92,D0850,M020,Mumbai,0,
T002984,U0097,2026-07-11 18:35:00,802.57,D0757,M019,Hyderabad,0,
T005096,U0176,2026-07-11 18:35:00,5071.88,D0510,M018,Hyderabad,0,
T005066,U0174,2026-07-11 18:42:00,3112.32,D0862,M003,Hyderabad,0,
T004872,U0167,2026-07-11 18:46:00,5674.91,D0298,M021,Hyderabad,0,
T001561,U0052,2026-07-11 18:47:00,1051.2,D0573,M040,Pune,0,
T000321,U0010,2026-07-11 18:58:00,3048.62,D0767,M016,Delhi,0,
T004578,U0157,2026-07-11 18:59:00,2117.27,D0427,M041,Bengaluru,0,
T003800,U0125,2026-07-11 19:00:00,2724.41,D0290,M060,Pune,0,
T005294,U0182,2026-07-11 19:24:00,1428.58,D0821,M039,Pune,0,
T002923,U0096,2026-07-11 19:28:00,1972.08,D0002,M030,Pune,0,
T001872,U0064,2026-07-11 19:34:00,829.6,D0368,M012,Kolkata,0,
T001465,U0048,2026-07-11 19:36:00,160.33,D0540,M055,Jaipur,0,
T004191,U0143,2026-07-11 19:39:00,4495.69,D0159,M029,Jaipur,0,
T003212,U0106,2026-07-11 19:44:00,528.15,D0082,M037,Hyderabad,0,
T001361,U0046,2026-07-11 19:45:00,1524.61,D0715,M036,Hyderabad,0,
T001102,U0037,2026-07-11 19:59:00,1645.87,D0444,M014,Hyderabad,0,
T001959,U0066,2026-07-11 20:03:00,921.44,D0461,M051,Kolkata,0,
T006284,U0214,2026-07-11 20:26:00,2293.7,D0674,M015,Jaipur,0,
T006704,U0229,2026-07-11 20:43:00,1037.5,D0886,M018,Pune,0,
T001315,U0044,2026-07-11 20:50:00,1078.8,D0661,M036,Kolkata,0,
T002145,U0071,2026-07-11 21:05:00,400.02,D0827,M040,Chennai,0,
T001209,U0041,2026-07-11 21:25:00,1702.16,D0055,M010,Delhi,0,
T007099,U0242,2026-07-11 21:29:00,829.11,D0534,M054,Ahmedabad,0,
T006635,U0227,2026-07-11 21:42:00,925.7,D0062,M060,Pune,0,
T003481,U0115,2026-07-11 21:50:00,1458.13,D0277,M056,Bengaluru,0,
T007365,U0147,2026-07-11 22:00:00,79.54,D0087,M036,Hyderabad,1,velocity_burst
T007366,U0147,2026-07-11 22:01:00,37.01,D0087,M001,Hyderabad,1,velocity_burst
T007367,U0147,2026-07-11 22:02:00,18.51,D0087,M010,Hyderabad,1,velocity_burst
T006096,U0208,2026-07-11 22:03:00,774.26,D0831,M015,Chennai,0,
T007368,U0147,2026-07-11 22:03:00,145.15,D0087,M057,Hyderabad,1,velocity_burst
T002423,U0082,2026-07-11 22:03:00,1442.92,D0332,M042,Mumbai,0,
T007369,U0147,2026-07-11 22:08:00,148.44,D0087,M054,Hyderabad,1,velocity_burst
T004196,U0143,2026-07-11 22:45:00,3188.48,D0159,M029,Jaipur,0,
T004953,U0171,2026-07-11 22:46:00,1561.61,D0417,M036,Lucknow,0,
T006661,U0228,2026-07-11 23:09:00,2405.93,D0620,M036,Pune,0,
T007468,U0074,2026-07-12 00:00:00,65.82,D0366,M042,Ahmedabad,1,velocity_burst
T007469,U0074,2026-07-12 00:01:00,33.81,D0366,M060,Ahmedabad,1,velocity_burst
T007470,U0074,2026-07-12 00:02:00,101.56,D0366,M036,Ahmedabad,1,velocity_burst
T007471,U0074,2026-07-12 00:03:00,77.99,D0366,M009,Ahmedabad,1,velocity_burst
T007473,U0074,2026-07-12 00:05:00,40.19,D0366,M046,Ahmedabad,1,velocity_burst
T007475,U0074,2026-07-12 00:07:00,69.49,D0366,M048,Ahmedabad,1,velocity_burst
T007472,U0074,2026-07-12 00:08:00,48.53,D0366,M038,Ahmedabad,1,velocity_burst
T007474,U0074,2026-07-12 00:12:00,48.93,D0366,M004,Ahmedabad,1,velocity_burst
T007476,U0074,2026-07-12 00:16:00,115.34,D0366,M015,Ahmedabad,1,velocity_burst
T007556,U0058,2026-07-12 02:13:00,11828.39,D0060,M014,Ahmedabad,1,account_takeover
T001244,U0042,2026-07-12 02:50:00,1382.92,D0330,M018,Delhi,0,
T006029,U0206,2026-07-12 04:21:00,988.69,D0035,M029,Hyderabad,0,
T000036,U0001,2026-07-12 05:20:00,1910.28,D0395,M006,Mumbai,0,
T006644,U0228,2026-07-12 05:46:00,2513.25,D0620,M038,Pune,0,
T005885,U0201,2026-07-12 05:53:00,869.32,D0116,M038,Pune,0,
T003305,U0109,2026-07-12 05:55:00,2818.22,D0831,M053,Pune,0,
T005947,U0203,2026-07-12 06:04:00,567.49,D0173,M048,Mumbai,0,
T005535,U0190,2026-07-12 06:24:00,3185.31,D0566,M003,Lucknow,0,
T001940,U0065,2026-07-12 06:39:00,1264.21,D0632,M033,Bengaluru,0,
T002256,U0075,2026-07-12 06:48:00,900.88,D0766,M035,Hyderabad,0,
T002611,U0087,2026-07-12 06:49:00,602.01,D0660,M013,Ahmedabad,0,
T000893,U0030,2026-07-12 07:00:00,871.16,D0596,M002,Bengaluru,0,
T002047,U0068,2026-07-12 07:04:00,727.34,D0301,M004,Mumbai,0,
T003147,U0104,2026-07-12 07:17:00,4119.56,D0112,M035,Jaipur,0,
T001370,U0046,2026-07-12 07:21:00,2278.33,D0838,M043,Hyderabad,0,
T005068,U0174,2026-07-12 07:30:00,3473.69,D0862,M032,Hyderabad,0,
T000342,U0011,2026-07-12 07:45:00,317.93,D0151,M007,Chennai,0,
T000801,U0026,2026-07-12 07:53:00,2472.47,D0111,M010,Lucknow,0,
T005556,U0190,2026-07-12 08:10:00,2667.0,D0382,M003,Lucknow,0,
T004648,U0160,2026-07-12 08:10:00,1413.99,D0738,M029,Ahmedabad,0,
T002800,U0092,2026-07-12 08:14:00,4486.24,D0167,M019,Lucknow,0,
T000686,U0023,2026-07-12 08:20:00,757.25,D0148,M018,Lucknow,0,
T006160,U0210,2026-07-12 08:24:00,2091.93,D0573,M058,Jaipur,0,
T007635,U0118,2026-07-12 08:25:00,1236.52,D0095,M050,Jaipur,1,zero_day_drain
T006194,U0211,2026-07-12 08:25:00,644.89,D0230,M005,Kolkata,0,
T002585,U0086,2026-07-12 08:30:00,5480.71,D0726,M025,Bengaluru,0,
T001820,U0061,2026-07-12 08:34:00,2512.25,D0515,M015,Delhi,0,
T006765,U0231,2026-07-12 08:38:00,3132.37,D0749,M028,Bengaluru,0,
T002414,U0081,2026-07-12 08:38:00,2634.71,D0371,M033,Bengaluru,0,
T004905,U0169,2026-07-12 09:06:00,1030.88,D0220,M043,Hyderabad,0,
T005048,U0174,2026-07-12 09:09:00,3348.85,D0862,M032,Hyderabad,0,
T002579,U0086,2026-07-12 09:10:00,3124.39,D0726,M025,Bengaluru,0,
T005215,U0179,2026-07-12 09:15:00,2471.49,D0651,M044,Pune,0,
T002593,U0086,2026-07-12 09:32:00,3416.34,D0726,M056,Bengaluru,0,
T000747,U0025,2026-07-12 09:35:00,1055.37,D0797,M045,Chennai,0,
T001868,U0063,2026-07-12 09:36:00,2425.33,D0853,M018,Lucknow,0,
T004387,U0150,2026-07-12 09:45:00,2247.43,D0454,M019,Delhi,0,
T003590,U0119,2026-07-12 09:47:00,3225.4,D0668,M030,Ahmedabad,0,
T002967,U0097,2026-07-12 09:53:00,909.62,D0420,M014,Hyderabad,0,
T003062,U0101,2026-07-12 10:01:00,1192.61,D0807,M056,Chennai,0,
T004885,U0168,2026-07-12 10:06:00,2991.39,D0867,M056,Hyderabad,0,
T001755,U0059,2026-07-12 10:07:00,4423.7,D0090,M043,Mumbai,0,
T001516,U0050,2026-07-12 10:15:00,2745.53,D0142,M026,Bengaluru,0,
T000859,U0029,2026-07-12 10:15:00,2116.56,D0180,M002,Jaipur,0,
T002218,U0074,2026-07-12 10:18:00,2842.31,D0366,M022,Ahmedabad,0,
T004311,U0147,2026-07-12 10:19:00,269.89,D0823,M017,Hyderabad,0,
T002740,U0090,2026-07-12 10:23:00,908.01,D0194,M036,Lucknow,0,
T006659,U0228,2026-07-12 10:23:00,4960.05,D0620,M038,Pune,0,
T006697,U0229,2026-07-12 10:25:00,367.27,D0886,M017,Pune,0,
T004284,U0146,2026-07-12 10:29:00,723.26,D0375,M048,Ahmedabad,0,
T007015,U0239,2026-07-12 10:32:00,1458.05,D0368,M020,Hyderabad,0,
T005728,U0196,2026-07-12 10:34:00,1319.26,D0283,M016,Delhi,0,
T002861,U0094,2026-07-12 10:35:00,1914.78,D0059,M030,Mumbai,0,
T002574,U0086,2026-07-12 10:37:00,5931.78,D0726,M018,Bengaluru,0,
T000070,U0002,2026-07-12 10:41:00,3154.11,D0834,M047,Chennai,0,
T001290,U0043,2026-07-12 10:43:00,818.06,D0414,M013,Jaipur,0,
T004851,U0166,2026-07-12 10:45:00,305.61,D0005,M032,Lucknow,0,
T007085,U0241,2026-07-12 10:48:00,432.96,D0020,M035,Lucknow,0,
T001617,U0054,2026-07-12 10:55:00,4349.33,D0700,M007,Lucknow,0,
T002868,U0095,2026-07-12 10:55:00,1187.26,D0808,M056,Jaipur,0,
T006785,U0232,2026-07-12 10:59:00,2159.22,D0836,M057,Chennai,0,
T001505,U0050,2026-07-12 11:02:00,2506.79,D0142,M044,Bengaluru,0,
T003731,U0123,2026-07-12 11:02:00,1742.12,D0254,M023,Bengaluru,0,
T003109,U0102,2026-07-12 11:06:00,822.96,D0731,M045,Lucknow,0,
T004229,U0144,2026-07-12 11:08:00,665.01,D0465,M041,Lucknow,0,
T004474,U0153,2026-07-12 11:10:00,3017.22,D0260,M058,Chennai,0,
T002907,U0095,2026-07-12 11:12:00,4337.2,D0808,M029,Jaipur,0,
T001260,U0043,2026-07-12 11:12:00,848.95,D0414,M039,Jaipur,0,
T006825,U0233,2026-07-12 11:13:00,2605.93,D0871,M025,Hyderabad,0,
T001441,U0048,2026-07-12 11:20:00,1031.63,D0540,M055,Jaipur,0,
T005383,U0184,2026-07-12 11:23:00,3314.41,D0693,M011,Lucknow,0,
T001864,U0063,2026-07-12 11:34:00,2335.75,D0853,M006,Lucknow,0,
T002507,U0084,2026-07-12 11:44:00,615.59,D0549,M014,Mumbai,0,
T004429,U0151,2026-07-12 11:45:00,2290.48,D0683,M011,Lucknow,0,
T000291,U0009,2026-07-12 11:52:00,515.11,D0072,M033,Ahmedabad,0,
T007213,U0246,2026-07-12 11:57:00,3942.38,D0201,M005,Delhi,0,
T000046,U0002,2026-07-12 12:02:00,3488.78,D0834,M023,Chennai,0,
T003912,U0129,2026-07-12 12:03:00,3524.22,D0426,M011,Kolkata,0,
T004206,U0143,2026-07-12 12:06:00,3362.24,D0159,M032,Jaipur,0,
T001788,U0061,2026-07-12 12:06:00,4004.99,D0784,M056,Delhi,0,
T000393,U0014,2026-07-12 12:07:00,2230.94,D0237,M046,Kolkata,0,
T003797,U0125,2026-07-12 12:07:00,2055.56,D0002,M004,Pune,0,
T001402,U0047,2026-07-12 12:07:00,3982.55,D0117,M059,Pune,0,
T006511,U0222,2026-07-12 12:08:00,5748.78,D0093,M004,Kolkata,0,
T005788,U0198,2026-07-12 12:08:00,407.33,D0897,M048,Kolkata,0,
T007179,U0245,2026-07-12 12:08:00,204.42,D0640,M029,Hyderabad,0,
T001775,U0060,2026-07-12 12:11:00,2841.51,D0156,M023,Ahmedabad,0,
T000012,U0001,2026-07-12 12:12:00,1502.32,D0588,M006,Mumbai,0,
T000113,U0004,2026-07-12 12:14:00,1154.25,D0040,M043,Pune,0,
T001467,U0048,2026-07-12 12:15:00,771.3,D0540,M008,Jaipur,0,
T005350,U0183,2026-07-12 12:16:00,2458.4,D0562,M028,Kolkata,0,
T005988,U0204,2026-07-12 12:22:00,1759.36,D0610,M017,Lucknow,0,
T006118,U0209,2026-07-12 12:25:00,2174.18,D0118,M024,Chennai,0,
T001456,U0048,2026-07-12 12:26:00,64.97,D0540,M055,Jaipur,0,
T003121,U0102,2026-07-12 12:29:00,986.57,D0731,M018,Lucknow,0,
T000388,U0014,2026-07-12 12:33:00,1272.47,D0871,M046,Kolkata,0,
T003762,U0124,2026-07-12 12:35:00,391.74,D0132,M056,Lucknow,0,
T001802,U0061,2026-07-12 12:45:00,20.0,D0784,M015,Delhi,0,
T002914,U0096,2026-07-12 12:49:00,1470.39,D0002,M017,Pune,0,
T000703,U0024,2026-07-12 12:52:00,3367.72,D0800,M019,Ahmedabad,0,
T001536,U0052,2026-07-12 12:58:00,1136.96,D0111,M033,Pune,0,
T007477,U0126,2026-07-12 13:00:00,134.49,D0422,M054,Ahmedabad,1,velocity_burst
T000395,U0014,2026-07-12 13:00:00,4995.42,D0871,M041,Kolkata,0,
T007478,U0126,2026-07-12 13:02:00,106.72,D0422,M058,Ahmedabad,1,velocity_burst
T007479,U0126,2026-07-12 13:02:00,68.86,D0422,M038,Ahmedabad,1,velocity_burst
T007481,U0126,2026-07-12 13:04:00,104.91,D0422,M053,Ahmedabad,1,velocity_burst
T007480,U0126,2026-07-12 13:06:00,32.5,D0422,M052,Ahmedabad,1,velocity_burst
T000506,U0017,2026-07-12 13:10:00,3389.6,D0170,M040,Pune,0,
T007482,U0126,2026-07-12 13:10:00,18.27,D0422,M009,Ahmedabad,1,velocity_burst
T003892,U0129,2026-07-12 13:11:00,3171.92,D0426,M019,Kolkata,0,
T005034,U0173,2026-07-12 13:12:00,5547.35,D0073,M055,Chennai,0,
T007288,U0249,2026-07-12 13:19:00,1665.83,D0637,M011,Kolkata,0,
T003325,U0110,2026-07-12 13:21:00,5221.42,D0355,M016,Mumbai,0,
T004162,U0142,2026-07-12 13:23:00,802.68,D0838,M053,Chennai,0,
T006412,U0219,2026-07-12 13:27:00,295.12,D0826,M028,Chennai,0,
T002624,U0087,2026-07-12 13:30:00,751.08,D0536,M013,Ahmedabad,0,
T003150,U0104,2026-07-12 13:31:00,2410.09,D0285,M035,Jaipur,0,
T006183,U0211,2026-07-12 13:34:00,859.27,D0230,M010,Kolkata,0,
T005365,U0183,2026-07-12 13:37:00,1235.49,D0562,M007,Kolkata,0,
T001499,U0050,2026-07-12 13:38:00,20.0,D0142,M053,Bengaluru,0,
T006665,U0228,2026-07-12 13:38:00,1333.98,D0757,M005,Pune,0,
T007004,U0238,2026-07-12 13:43:00,2508.19,D0864,M038,Lucknow,0,
T002139,U0071,2026-07-12 13:46:00,481.59,D0827,M047,Chennai,0,
T000147,U0005,2026-07-12 13:48:00,2882.46,D0716,M027,Mumbai,0,
T002324,U0078,2026-07-12 13:50:00,1182.41,D0429,M050,Lucknow,0,
T006140,U0210,2026-07-12 14:00:00,2824.21,D0573,M007,Jaipur,0,
T007607,U0148,2026-07-12 14:00:00,6195.18,D0393,M010,Mumbai,1,zero_day_drain
T002626,U0088,2026-07-12 14:03:00,5643.62,D0182,M027,Bengaluru,0,
T000277,U0009,2026-07-12 14:03:00,797.12,D0072,M033,Ahmedabad,0,
T000479,U0016,2026-07-12 14:04:00,565.41,D0647,M035,Ahmedabad,0,
T006531,U0223,2026-07-12 14:10:00,685.1,D0315,M011,Ahmedabad,0,
T001271,U0043,2026-07-12 14:11:00,904.53,D0414,M054,Jaipur,0,
T004791,U0164,2026-07-12 14:13:00,1666.44,D0289,M010,Kolkata,0,
T000187,U0006,2026-07-12 14:14:00,4019.17,D0145,M006,Delhi,0,
T001824,U0062,2026-07-12 14:16:00,584.92,D0584,M010,Hyderabad,0,
T005374,U0184,2026-07-12 14:27:00,1716.08,D0693,M011,Lucknow,0,
T005417,U0186,2026-07-12 14:28:00,1710.87,D0478,M056,Pune,0,
T006349,U0216,2026-07-12 14:28:00,866.01,D0864,M049,Pune,0,
T003992,U0133,2026-07-12 14:32:00,4292.7,D0798,M047,Bengaluru,0,
T007006,U0239,2026-07-12 14:33:00,1219.12,D0368,M020,Hyderabad,0,
T001477,U0049,2026-07-12 14:34:00,1928.3,D0655,M012,Chennai,0,
T001765,U0060,2026-07-12 14:36:00,5491.12,D0156,M006,Ahmedabad,0,
T005515,U0189,2026-07-12 14:41:00,2730.92,D0410,M048,Lucknow,0,
T000057,U0002,2026-07-12 14:56:00,4069.43,D0834,M027,Chennai,0,
T004332,U0147,2026-07-12 14:57:00,302.84,D0823,M017,Hyderabad,0,
T003952,U0131,2026-07-12 15:02:00,746.4,D0804,M044,Bengaluru,0,
T006161,U0210,2026-07-12 15:05:00,2673.43,D0573,M002,Jaipur,0,
T005692,U0195,2026-07-12 15:05:00,3578.88,D0306,M011,Delhi,0,
T004802,U0165,2026-07-12 15:09:00,2731.34,D0479,M035,Jaipur,0,
T005035,U0174,2026-07-12 15:10:00,3863.51,D0862,M032,Hyderabad,0,
T006073,U0207,2026-07-12 15:11:00,1662.69,D0392,M038,Hyderabad,0,
T002632,U0088,2026-07-12 15:16:00,2391.19,D0182,M039,Bengaluru,0,
T003792,U0125,2026-07-12 15:17:00,3135.3,D0002,M056,Pune,0,
T005533,U0190,2026-07-12 15:18:00,4371.89,D0382,M029,Lucknow,0,
T004107,U0139,2026-07-12 15:34:00,4153.02,D0275,M027,Kolkata,0,
T006370,U0217,2026-07-12 15:37:00,2680.01,D0593,M036,Bengaluru,0,
T005364,U0183,2026-07-12 15:38:00,1678.62,D0562,M028,Kolkata,0,
T004626,U0159,2026-07-12 15:39:00,2719.9,D0721,M044,Chennai,0,
T002564,U0086,2026-07-12 15:39:00,3083.56,D0726,M018,Bengaluru,0,
T003826,U0126,2026-07-12 15:40:00,2632.95,D0422,M052,Ahmedabad,0,
T001948,U0065,2026-07-12 15:42:00,1903.79,D0530,M048,Bengaluru,0,
T000639,U0021,2026-07-12 15:42:00,2621.67,D0844,M059,Jaipur,0,
T000767,U0026,2026-07-12 15:44:00,2123.41,D0111,M053,Lucknow,0,
T000997,U0033,2026-07-12 15:47:00,1176.33,D0677,M060,Lucknow,0,
T006546,U0224,2026-07-12 15:49:00,3377.73,D0191,M006,Bengaluru,0,
T001740,U0059,2026-07-12 15:52:00,4284.95,D0090,M043,Mumbai,0,
T006495,U0222,2026-07-12 15:54:00,3626.71,D0478,M027,Kolkata,0,
T003217,U0106,2026-07-12 15:54:00,1438.37,D0806,M037,Hyderabad,0,
T001313,U0044,2026-07-12 15:55:00,806.77,D0661,M042,Kolkata,0,
T003748,U0123,2026-07-12 15:56:00,1677.36,D0442,M022,Bengaluru,0,
T003715,U0123,2026-07-12 15:59:00,1813.32,D0254,M022,Bengaluru,0,
T004762,U0163,2026-07-12 15:59:00,1836.15,D0352,M035,Ahmedabad,0,
T003154,U0104,2026-07-12 16:02:00,3543.99,D0285,M035,Jaipur,0,
T002753,U0091,2026-07-12 16:04:00,3241.15,D0226,M025,Mumbai,0,
T005199,U0178,2026-07-12 16:04:00,1521.12,D0489,M055,Jaipur,0,
T001258,U0043,2026-07-12 16:05:00,1710.37,D0414,M049,Jaipur,0,
T000855,U0028,2026-07-12 16:06:00,3675.35,D0207,M002,Pune,0,
T001763,U0060,2026-07-12 16:07:00,3655.05,D0156,M011,Ahmedabad,0,
T002981,U0097,2026-07-12 16:07:00,1218.91,D0757,M036,Hyderabad,0,
T006621,U0226,2026-07-12 16:14:00,1904.83,D0794,M037,Jaipur,0,
T006111,U0209,2026-07-12 16:20:00,3994.24,D0118,M011,Chennai,0,
T005938,U0203,2026-07-12 16:22:00,453.78,D0173,M014,Mumbai,0,
T006814,U0232,2026-07-12 16:29:00,2496.82,D0836,M057,Chennai,0,
T003580,U0119,2026-07-12 16:31:00,2606.55,D0555,M015,Ahmedabad,0,
T006901,U0235,2026-07-12 16:37:00,1106.56,D0225,M051,Pune,0,
T006844,U0234,2026-07-12 16:39:00,6756.43,D0029,M010,Jaipur,0,
T000025,U0001,2026-07-12 16:42:00,2255.12,D0588,M012,Mumbai,0,
T004061,U0136,2026-07-12 16:48:00,3812.44,D0485,M027,Bengaluru,0,
T004999,U0173,2026-07-12 16:52:00,4506.38,D0073,M055,Chennai,0,
T007323,U0250,2026-07-12 17:02:00,2400.84,D0157,M034,Jaipur,0,
T003581,U0119,2026-07-12 17:03:00,3810.64,D0668,M015,Ahmedabad,0,
T001216,U0042,2026-07-12 17:09:00,2874.74,D0330,M014,Delhi,0,
T006828,U0233,2026-07-12 17:09:00,3750.79,D0871,M013,Hyderabad,0,
T005211,U0179,2026-07-12 17:10:00,1869.67,D0651,M047,Pune,0,
T002866,U0094,2026-07-12 17:10:00,1737.37,D0059,M030,Mumbai,0,
T004619,U0159,2026-07-12 17:24:00,3255.95,D0721,M040,Chennai,0,
T006055,U0207,2026-07-12 17:25:00,679.53,D0392,M045,Hyderabad,0,
T000093,U0003,2026-07-12 17:39:00,2343.73,D0149,M054,Delhi,0,
T002695,U0089,2026-07-12 17:45:00,2793.32,D0487,M020,Lucknow,0,
T000010,U0001,2026-07-12 17:45:00,1799.1,D0395,M012,Mumbai,0,
T001093,U0037,2026-07-12 17:46:00,2230.94,D0444,M052,Hyderabad,0,
T005686,U0195,2026-07-12 17:47:00,3117.34,D0306,M058,Delhi,0,
T003061,U0101,2026-07-12 17:50:00,1493.11,D0807,M048,Chennai,0,
T004486,U0154,2026-07-12 17:51:00,980.44,D0438,M007,Mumbai,0,
T005705,U0195,2026-07-12 17:52:00,3528.97,D0306,M029,Delhi,0,
T003027,U0099,2026-07-12 17:53:00,1540.44,D0009,M010,Mumbai,0,
T004927,U0170,2026-07-12 18:06:00,192.34,D0714,M019,Chennai,0,
T005490,U0188,2026-07-12 18:12:00,4460.41,D0422,M043,Mumbai,0,
T000810,U0027,2026-07-12 18:17:00,249.46,D0041,M059,Jaipur,0,
T001336,U0045,2026-07-12 18:24:00,3043.37,D0086,M009,Lucknow,0,
T005402,U0185,2026-07-12 18:28:00,604.48,D0391,M054,Pune,0,
T000227,U0007,2026-07-12 18:35:00,3300.88,D0749,M047,Kolkata,0,
T004628,U0159,2026-07-12 18:36:00,2756.03,D0721,M004,Chennai,0,
T004689,U0161,2026-07-12 18:51:00,1282.91,D0831,M017,Lucknow,0,
T002864,U0094,2026-07-12 19:08:00,1973.58,D0059,M046,Mumbai,0,
T005854,U0200,2026-07-12 19:17:00,3334.98,D0713,M050,Pune,0,
T001250,U0042,2026-07-12 19:19:00,1243.78,D0663,M022,Delhi,0,
T000539,U0018,2026-07-12 19:53:00,2059.87,D0402,M026,Pune,0,
T006519,U0223,2026-07-12 19:59:00,1247.22,D0053,M009,Ahmedabad,0,
T005982,U0204,2026-07-12 20:10:00,982.4,D0610,M058,Lucknow,0,
T003501,U0116,2026-07-12 20:15:00,2945.15,D0182,M030,Ahmedabad,0,
T001061,U0036,2026-07-12 20:15:00,3145.92,D0532,M039,Pune,0,
T001065,U0036,2026-07-12 20:19:00,3512.7,D0532,M046,Pune,0,
T004940,U0170,2026-07-12 20:21:00,338.65,D0714,M019,Chennai,0,
T004136,U0140,2026-07-12 20:45:00,824.46,D0330,M020,Ahmedabad,0,
T007645,U0062,2026-07-12 21:02:00,1405.73,D0584,M021,Hyderabad,1,zero_day_drain
T007592,U0109,2026-07-12 21:27:00,5855.37,D0831,M050,Pune,1,zero_day_drain
T003779,U0124,2026-07-12 21:49:00,254.86,D0856,M032,Lucknow,0,
T004775,U0163,2026-07-12 21:50:00,908.46,D0352,M058,Ahmedabad,0,
T002342,U0078,2026-07-12 21:56:00,3767.97,D0429,M029,Lucknow,0,
T005644,U0194,2026-07-12 21:58:00,4356.58,D0063,M035,Hyderabad,0,
T006551,U0224,2026-07-12 22:02:00,3912.32,D0191,M012,Bengaluru,0,
T006580,U0225,2026-07-12 22:21:00,4605.89,D0028,M031,Mumbai,0,
T001264,U0043,2026-07-12 23:04:00,1027.87,D0414,M029,Jaipur,0,
T002636,U0088,2026-07-12 23:12:00,3757.96,D0182,M001,Bengaluru,0,
T004643,U0159,2026-07-12 23:37:00,4503.53,D0721,M007,Chennai,0,
T001515,U0050,2026-07-12 23:57:00,1734.39,D0142,M032,Bengaluru,0,
T002067,U0069,2026-07-13 03:41:00,3033.5,D0601,M060,Delhi,0,
T007381,U0195,2026-07-13 04:00:00,14.78,D0306,M021,Delhi,1,velocity_burst
T007382,U0195,2026-07-13 04:02:00,27.48,D0306,M027,Delhi,1,velocity_burst
T007384,U0195,2026-07-13 04:03:00,84.7,D0306,M049,Delhi,1,velocity_burst
T007383,U0195,2026-07-13 04:04:00,29.31,D0306,M015,Delhi,1,velocity_burst
T004877,U0167,2026-07-13 04:05:00,3430.84,D0841,M004,Hyderabad,0,
T007387,U0195,2026-07-13 04:06:00,30.55,D0306,M033,Delhi,1,velocity_burst
T007388,U0195,2026-07-13 04:07:00,13.32,D0306,M032,Delhi,1,velocity_burst
T007385,U0195,2026-07-13 04:08:00,59.84,D0306,M057,Delhi,1,velocity_burst
T007386,U0195,2026-07-13 04:10:00,11.44,D0306,M027,Delhi,1,velocity_burst
T004692,U0161,2026-07-13 04:16:00,698.86,D0831,M058,Lucknow,0,
T004018,U0134,2026-07-13 04:21:00,4018.52,D0117,M008,Delhi,0,
T007192,U0246,2026-07-13 04:39:00,2368.94,D0201,M011,Delhi,0,
T005269,U0181,2026-07-13 05:06:00,1632.5,D0783,M010,Kolkata,0,
T004945,U0170,2026-07-13 05:40:00,527.85,D0199,M042,Chennai,0,
T001564,U0052,2026-07-13 05:55:00,2181.73,D0573,M002,Pune,0,
T006797,U0232,2026-07-13 06:21:00,2826.5,D0836,M036,Chennai,0,
T001146,U0039,2026-07-13 06:27:00,4306.87,D0364,M054,Pune,0,
T007229,U0247,2026-07-13 06:34:00,3976.28,D0548,M031,Chennai,0,
T002319,U0077,2026-07-13 06:38:00,3044.68,D0129,M032,Chennai,0,
T004123,U0139,2026-07-13 07:04:00,3603.3,D0275,M027,Kolkata,0,
T006047,U0207,2026-07-13 07:07:00,2203.14,D0392,M038,Hyderabad,0,
T003753,U0123,2026-07-13 07:10:00,2483.6,D0442,M023,Bengaluru,0,
T001908,U0064,2026-07-13 07:14:00,3634.48,D0368,M003,Kolkata,0,
T005025,U0173,2026-07-13 07:16:00,7129.5,D0221,M055,Chennai,0,
T003947,U0131,2026-07-13 07:18:00,2309.22,D0804,M031,Bengaluru,0,
T003554,U0118,2026-07-13 07:24:00,769.34,D0810,M057,Jaipur,0,
T001863,U0063,2026-07-13 07:39:00,552.54,D0853,M006,Lucknow,0,
T002334,U0078,2026-07-13 07:58:00,3885.73,D0429,M042,Lucknow,0,
T000656,U0022,2026-07-13 07:58:00,1189.31,D0279,M055,Mumbai,0,
T002063,U0069,2026-07-13 08:00:00,3505.11,D0601,M056,Delhi,0,
T006413,U0219,2026-07-13 08:11:00,1260.88,D0826,M004,Chennai,0,
T003204,U0106,2026-07-13 08:16:00,1162.4,D0082,M017,Hyderabad,0,
T002253,U0075,2026-07-13 08:30:00,2938.17,D0766,M052,Hyderabad,0,
T002457,U0082,2026-07-13 08:31:00,1848.28,D0044,M037,Mumbai,0,
T001041,U0035,2026-07-13 08:40:00,522.98,D0823,M010,Lucknow,0,
T003186,U0105,2026-07-13 08:45:00,1064.39,D0715,M056,Mumbai,0,
T004553,U0157,2026-07-13 08:47:00,1869.88,D0427,M018,Bengaluru,0,
T005760,U0197,2026-07-13 08:48:00,2486.14,D0810,M045,Ahmedabad,0,
T006037,U0206,2026-07-13 08:52:00,1494.96,D0035,M046,Hyderabad,0,
T005572,U0191,2026-07-13 08:54:00,1383.68,D0348,M022,Bengaluru,0,
T001360,U0046,2026-07-13 09:05:00,4744.49,D0715,M036,Hyderabad,0,
T006948,U0236,2026-07-13 09:11:00,2593.07,D0524,M058,Delhi,0,
T004558,U0157,2026-07-13 09:15:00,1295.78,D0427,M002,Bengaluru,0,
T000591,U0020,2026-07-13 09:15:00,2155.76,D0806,M008,Mumbai,0,
T003353,U0111,2026-07-13 09:16:00,5272.18,D0309,M042,Delhi,0,
T004825,U0165,2026-07-13 09:36:00,3569.7,D0232,M053,Jaipur,0,
T006366,U0217,2026-07-13 09:42:00,4349.96,D0427,M006,Bengaluru,0,
T003216,U0106,2026-07-13 09:43:00,1637.82,D0806,M017,Hyderabad,0,
T000226,U0007,2026-07-13 09:45:00,2236.02,D0749,M047,Kolkata,0,
T005212,U0179,2026-07-13 09:46:00,3361.57,D0651,M044,Pune,0,
T002070,U0069,2026-07-13 09:55:00,3370.37,D0108,M060,Delhi,0,
T004981,U0171,2026-07-13 09:56:00,2189.81,D0417,M032,Lucknow,0,
T003378,U0112,2026-07-13 09:57:00,707.16,D0854,M045,Jaipur,0,
T004058,U0136,2026-07-13 10:02:00,2263.92,D0485,M022,Bengaluru,0,
T002741,U0090,2026-07-13 10:04:00,1403.7,D0667,M015,Lucknow,0,
T004667,U0160,2026-07-13 10:05:00,2480.41,D0738,M026,Ahmedabad,0,
T007325,U0250,2026-07-13 10:11:00,3813.63,D0339,M034,Jaipur,0,
T003344,U0110,2026-07-13 10:16:00,4378.75,D0144,M011,Mumbai,0,
T006243,U0212,2026-07-13 10:22:00,2206.27,D0825,M047,Jaipur,0,
T002460,U0082,2026-07-13 10:34:00,1209.92,D0332,M040,Mumbai,0,
T003005,U0099,2026-07-13 10:34:00,814.15,D0009,M010,Mumbai,0,
T005822,U0199,2026-07-13 10:34:00,2098.86,D0422,M034,Hyderabad,0,
T000173,U0006,2026-07-13 10:36:00,4182.25,D0393,M018,Delhi,0,
T001960,U0066,2026-07-13 10:38:00,2387.23,D0727,M031,Kolkata,0,
T002530,U0085,2026-07-13 10:39:00,4537.14,D0357,M012,Jaipur,0,
T006502,U0222,2026-07-13 10:43:00,2800.16,D0093,M039,Kolkata,0,
T006171,U0210,2026-07-13 10:45:00,4842.82,D0721,M016,Jaipur,0,
T002594,U0086,2026-07-13 10:47:00,4358.59,D0726,M046,Bengaluru,0,
T000700,U0024,2026-07-13 10:52:00,3705.15,D0800,M019,Ahmedabad,0,
T001596,U0054,2026-07-13 10:56:00,3647.67,D0255,M040,Lucknow,0,
T007145,U0244,2026-07-13 11:01:00,4340.45,D0640,M026,Mumbai,0,
T005498,U0188,2026-07-13 11:05:00,4140.33,D0422,M043,Mumbai,0,
T004622,U0159,2026-07-13 11:17:00,2348.91,D0721,M004,Chennai,0,
T002721,U0090,2026-07-13 11:17:00,1279.36,D0194,M018,Lucknow,0,
T002891,U0095,2026-07-13 11:25:00,3495.52,D0808,M024,Jaipur,0,
T003269,U0108,2026-07-13 11:32:00,4870.46,D0167,M040,Ahmedabad,0,
T004508,U0155,2026-07-13 11:34:00,2983.21,D0283,M036,Pune,0,
T001107,U0038,2026-07-13 11:36:00,1966.09,D0045,M055,Hyderabad,0,
T002729,U0090,2026-07-13 11:42:00,1352.17,D0667,M018,Lucknow,0,
T000122,U0004,2026-07-13 11:45:00,1409.86,D0040,M045,Pune,0,
T001169,U0039,2026-07-13 11:46:00,3239.71,D0364,M054,Pune,0,
T004744,U0163,2026-07-13 11:46:00,1799.83,D0656,M016,Ahmedabad,0,
T005382,U0184,2026-07-13 11:52:00,3125.05,D0693,M025,Lucknow,0,
T005323,U0182,2026-07-13 11:55:00,2920.85,D0821,M031,Pune,0,
T005954,U0204,2026-07-13 11:58:00,1945.21,D0610,M014,Lucknow,0,
T001663,U0056,2026-07-13 12:04:00,2849.04,D0005,M049,Kolkata,0,
T000748,U0025,2026-07-13 12:08:00,2126.57,D0797,M023,Chennai,0,
T002314,U0077,2026-07-13 12:11:00,1249.6,D0129,M025,Chennai,0,
T006246,U0212,2026-07-13 12:11:00,4212.45,D0825,M047,Jaipur,0,
T006537,U0224,2026-07-13 12:13:00,2713.67,D0191,M012,Bengaluru,0,
T005780,U0198,2026-07-13 12:14:00,456.81,D0424,M050,Kolkata,0,
T003017,U0099,2026-07-13 12:16:00,1703.8,D0081,M010,Mumbai,0,
T003739,U0123,2026-07-13 12:18:00,1304.13,D0442,M023,Bengaluru,0,
T003613,U0120,2026-07-13 12:21:00,919.73,D0266,M002,Hyderabad,0,
T001759,U0059,2026-07-13 12:22:00,3686.62,D0090,M043,Mumbai,0,
T001701,U0057,2026-07-13 12:24:00,2478.31,D0052,M007,Delhi,0,
T007292,U0249,2026-07-13 12:27:00,994.03,D0068,M030,Kolkata,0,
T002236,U0074,2026-07-13 12:27:00,2911.05,D0583,M004,Ahmedabad,0,
T000301,U0010,2026-07-13 12:32:00,1604.28,D0032,M048,Delhi,0,
T002991,U0098,2026-07-13 12:33:00,545.71,D0298,M027,Kolkata,0,
T007033,U0240,2026-07-13 12:38:00,788.41,D0683,M010,Chennai,0,
T004077,U0137,2026-07-13 12:38:00,3732.89,D0399,M019,Jaipur,0,
T001629,U0055,2026-07-13 12:40:00,533.82,D0612,M009,Kolkata,0,
T003426,U0113,2026-07-13 12:42:00,1058.22,D0021,M046,Chennai,0,
T005137,U0177,2026-07-13 12:44:00,3980.44,D0606,M007,Pune,0,
T004038,U0135,2026-07-13 12:47:00,2413.52,D0549,M018,Jaipur,0,
T001040,U0035,2026-07-13 12:48:00,557.01,D0823,M009,Lucknow,0,
T002912,U0096,2026-07-13 12:48:00,2582.32,D0002,M060,Pune,0,
T007149,U0244,2026-07-13 12:50:00,2342.39,D0640,M033,Mumbai,0,
T002765,U0091,2026-07-13 12:51:00,4589.17,D0226,M028,Mumbai,0,
T007620,U0048,2026-07-13 12:57:00,1431.23,D0540,M009,Jaipur,1,zero_day_drain
T003790,U0125,2026-07-13 12:58:00,2142.27,D0002,M024,Pune,0,
T005798,U0198,2026-07-13 13:02:00,261.06,D0424,M030,Kolkata,0,
T001665,U0056,2026-07-13 13:02:00,1175.99,D0005,M003,Kolkata,0,
T005119,U0176,2026-07-13 13:09:00,4478.89,D0637,M025,Hyderabad,0,
T002543,U0085,2026-07-13 13:17:00,3482.01,D0404,M052,Jaipur,0,
T001183,U0040,2026-07-13 13:20:00,2169.55,D0743,M057,Kolkata,0,
T002909,U0096,2026-07-13 13:26:00,2221.5,D0002,M030,Pune,0,
T004269,U0145,2026-07-13 13:31:00,3523.43,D0160,M012,Delhi,0,
T003041,U0100,2026-07-13 13:33:00,1243.91,D0512,M040,Kolkata,0,
T003549,U0118,2026-07-13 13:35:00,788.75,D0095,M020,Jaipur,0,
T000854,U0028,2026-07-13 13:35:00,3667.36,D0207,M059,Pune,0,
T005629,U0193,2026-07-13 13:35:00,3925.64,D0709,M017,Jaipur,0,
T003530,U0117,2026-07-13 13:35:00,2823.65,D0795,M009,Kolkata,0,
T006045,U0207,2026-07-13 13:36:00,1194.22,D0392,M031,Hyderabad,0,
T006968,U0237,2026-07-13 13:39:00,5197.98,D0290,M057,Chennai,0,
T001357,U0046,2026-07-13 13:39:00,2274.77,D0715,M043,Hyderabad,0,
T001149,U0039,2026-07-13 13:43:00,2674.7,D0364,M038,Pune,0,
T006368,U0217,2026-07-13 13:46:00,4101.0,D0427,M034,Bengaluru,0,
T002526,U0085,2026-07-13 13:46:00,1240.27,D0357,M052,Jaipur,0,
T002470,U0083,2026-07-13 13:47:00,2129.65,D0772,M031,Pune,0,
T005213,U0179,2026-07-13 13:49:00,3932.51,D0651,M033,Pune,0,
T001715,U0057,2026-07-13 13:53:00,1849.71,D0052,M045,Delhi,0,
T003088,U0101,2026-07-13 13:58:00,1228.85,D0807,M059,Chennai,0,
T007354,U0244,2026-07-13 14:00:00,85.11,D0640,M004,Mumbai,1,velocity_burst
T007355,U0244,2026-07-13 14:02:00,106.29,D0640,M013,Mumbai,1,velocity_burst
T007356,U0244,2026-07-13 14:02:00,74.36,D0640,M015,Mumbai,1,velocity_burst
T007357,U0244,2026-07-13 14:03:00,126.94,D0640,M046,Mumbai,1,velocity_burst
T007358,U0244,2026-07-13 14:04:00,66.95,D0640,M002,Mumbai,1,velocity_burst
T007359,U0244,2026-07-13 14:05:00,107.23,D0640,M048,Mumbai,1,velocity_burst
T000446,U0015,2026-07-13 14:05:00,4043.5,D0633,M018,Pune,0,
T002410,U0081,2026-07-13 14:09:00,1642.88,D0218,M032,Bengaluru,0,
T007363,U0244,2026-07-13 14:09:00,139.71,D0640,M014,Mumbai,1,velocity_burst
T005660,U0194,2026-07-13 14:10:00,3004.53,D0063,M035,Hyderabad,0,
T007095,U0242,2026-07-13 14:11:00,4211.15,D0161,M032,Ahmedabad,0,
T007360,U0244,2026-07-13 14:12:00,110.37,D0640,M060,Mumbai,1,velocity_burst
T007361,U0244,2026-07-13 14:14:00,132.54,D0640,M043,Mumbai,1,velocity_burst
T006125,U0209,2026-07-13 14:15:00,5838.91,D0118,M011,Chennai,0,
T001218,U0042,2026-07-13 14:15:00,3332.3,D0663,M014,Delhi,0,
T007362,U0244,2026-07-13 14:16:00,53.08,D0640,M011,Mumbai,1,velocity_burst
T004295,U0146,2026-07-13 14:17:00,819.26,D0355,M011,Ahmedabad,0,
T007364,U0244,2026-07-13 14:20:00,145.94,D0640,M032,Mumbai,1,velocity_burst
T004485,U0154,2026-07-13 14:25:00,1760.82,D0438,M024,Mumbai,0,
T006329,U0216,2026-07-13 14:27:00,2165.65,D0864,M056,Pune,0,
T005545,U0190,2026-07-13 14:27:00,2836.27,D0566,M044,Lucknow,0,
T004408,U0151,2026-07-13 14:33:00,2271.69,D0683,M020,Lucknow,0,
T001772,U0060,2026-07-13 14:33:00,2356.88,D0156,M011,Ahmedabad,0,
T002205,U0073,2026-07-13 14:34:00,3621.58,D0175,M042,Pune,0,
T004497,U0154,2026-07-13 14:35:00,1180.76,D0438,M045,Mumbai,0,
T002870,U0095,2026-07-13 14:36:00,2479.86,D0808,M018,Jaipur,0,
T005282,U0181,2026-07-13 14:37:00,2691.26,D0879,M033,Kolkata,0,
T002778,U0091,2026-07-13 14:39:00,481.75,D0712,M050,Mumbai,0,
T000768,U0026,2026-07-13 14:43:00,2505.09,D0111,M053,Lucknow,0,
T006556,U0224,2026-07-13 14:45:00,5284.56,D0191,M012,Bengaluru,0,
T004857,U0167,2026-07-13 14:54:00,1692.12,D0298,M041,Hyderabad,0,
T005313,U0182,2026-07-13 14:59:00,1644.59,D0821,M031,Pune,0,
T003564,U0118,2026-07-13 15:00:00,657.03,D0095,M020,Jaipur,0,
T001587,U0053,2026-07-13 15:01:00,2391.96,D0284,M001,Lucknow,0,
T001079,U0037,2026-07-13 15:03:00,1707.0,D0444,M014,Hyderabad,0,
T005030,U0173,2026-07-13 15:03:00,4824.41,D0073,M049,Chennai,0,
T003369,U0112,2026-07-13 15:05:00,836.54,D0704,M045,Jaipur,0,
T001848,U0062,2026-07-13 15:07:00,1178.55,D0584,M028,Hyderabad,0,
T001710,U0057,2026-07-13 15:09:00,4254.99,D0220,M052,Delhi,0,
T006584,U0225,2026-07-13 15:09:00,3396.96,D0028,M045,Mumbai,0,
T006964,U0237,2026-07-13 15:09:00,4598.72,D0184,M018,Chennai,0,
T005136,U0177,2026-07-13 15:15:00,2778.04,D0606,M007,Pune,0,
T003978,U0132,2026-07-13 15:15:00,2297.85,D0418,M020,Kolkata,0,
T004876,U0167,2026-07-13 15:19:00,3376.8,D0841,M004,Hyderabad,0,
T005460,U0187,2026-07-13 15:25:00,4627.75,D0829,M055,Hyderabad,0,
T006534,U0223,2026-07-13 15:37:00,889.11,D0315,M008,Ahmedabad,0,
T005645,U0194,2026-07-13 15:39:00,3934.01,D0063,M045,Hyderabad,0,
T005087,U0175,2026-07-13 15:40:00,3466.83,D0255,M057,Lucknow,0,
T000425,U0014,2026-07-13 15:40:00,3443.41,D0871,M041,Kolkata,0,
T000021,U0001,2026-07-13 15:43:00,1209.67,D0588,M058,Mumbai,0,
T004923,U0170,2026-07-13 15:48:00,288.76,D0714,M042,Chennai,0,
T005675,U0194,2026-07-13 15:48:00,2414.18,D0063,M014,Hyderabad,0,
T000708,U0024,2026-07-13 15:51:00,1884.39,D0201,M019,Ahmedabad,0,
T006098,U0208,2026-07-13 15:54:00,389.93,D0831,M044,Chennai,0,
T000112,U0004,2026-07-13 15:55:00,2536.18,D0040,M045,Pune,0,
T002488,U0084,2026-07-13 15:58:00,1249.83,D0549,M051,Mumbai,0,
T000238,U0008,2026-07-13 16:01:00,1305.67,D0702,M026,Kolkata,0,
T001689,U0057,2026-07-13 16:04:00,2622.4,D0052,M050,Delhi,0,
T006543,U0224,2026-07-13 16:11:00,2732.24,D0191,M012,Bengaluru,0,
T007214,U0246,2026-07-13 16:12:00,2850.95,D0201,M025,Delhi,0,
T005703,U0195,2026-07-13 16:16:00,2729.46,D0306,M029,Delhi,0,
T000331,U0011,2026-07-13 16:16:00,1015.97,D0151,M047,Chennai,0,
T000177,U0006,2026-07-13 16:23:00,2011.72,D0145,M050,Delhi,0,
T001280,U0043,2026-07-13 16:23:00,1643.48,D0414,M013,Jaipur,0,
T005683,U0195,2026-07-13 16:33:00,3557.1,D0306,M014,Delhi,0,
T007125,U0243,2026-07-13 16:40:00,2429.34,D0857,M029,Pune,0,
T003356,U0111,2026-07-13 16:41:00,3945.48,D0309,M052,Delhi,0,
T003929,U0130,2026-07-13 16:41:00,3734.39,D0892,M043,Ahmedabad,0,
T001814,U0061,2026-07-13 16:45:00,254.17,D0784,M056,Delhi,0,
T001365,U0046,2026-07-13 16:47:00,1981.2,D0715,M015,Hyderabad,0,
T004655,U0160,2026-07-13 16:49:00,2746.88,D0738,M009,Ahmedabad,0,
T000887,U0030,2026-07-13 17:02:00,947.26,D0283,M017,Bengaluru,0,
T000725,U0024,2026-07-13 17:03:00,2729.89,D0201,M028,Ahmedabad,0,
T005139,U0177,2026-07-13 17:03:00,3518.22,D0606,M038,Pune,0,
T003376,U0112,2026-07-13 17:08:00,811.36,D0704,M045,Jaipur,0,
T006467,U0221,2026-07-13 17:11:00,3277.77,D0718,M002,Chennai,0,
T000894,U0030,2026-07-13 17:17:00,541.86,D0596,M030,Bengaluru,0,
T001926,U0065,2026-07-13 17:18:00,2499.88,D0530,M036,Bengaluru,0,
T000946,U0032,2026-07-13 17:25:00,3038.87,D0017,M028,Chennai,0,
T005747,U0196,2026-07-13 17:27:00,1726.57,D0283,M008,Delhi,0,
T005619,U0192,2026-07-13 17:28:00,1255.72,D0100,M016,Ahmedabad,0,
T000569,U0019,2026-07-13 17:28:00,4049.07,D0397,M016,Kolkata,0,
T000513,U0017,2026-07-13 17:29:00,2666.33,D0170,M038,Pune,0,
T000255,U0008,2026-07-13 17:32:00,2858.82,D0702,M026,Kolkata,0,
T006564,U0224,2026-07-13 17:35:00,1518.49,D0191,M006,Bengaluru,0,
T004900,U0169,2026-07-13 17:37:00,1112.0,D0220,M059,Hyderabad,0,
T005789,U0198,2026-07-13 17:39:00,292.46,D0424,M050,Kolkata,0,
T000709,U0024,2026-07-13 17:43:00,2408.52,D0800,M031,Ahmedabad,0,
T004638,U0159,2026-07-13 17:45:00,4594.22,D0721,M004,Chennai,0,
T003451,U0114,2026-07-13 17:45:00,468.83,D0541,M029,Hyderabad,0,
T000134,U0004,2026-07-13 17:57:00,1711.7,D0040,M043,Pune,0,
T004811,U0165,2026-07-13 18:10:00,1024.83,D0479,M053,Jaipur,0,
T001488,U0049,2026-07-13 18:10:00,1246.18,D0377,M044,Chennai,0,
T005239,U0180,2026-07-13 18:11:00,2681.98,D0032,M009,Lucknow,0,
T003003,U0098,2026-07-13 18:22:00,808.82,D0298,M029,Kolkata,0,
T005710,U0195,2026-07-13 18:23:00,3780.4,D0306,M029,Delhi,0,
T005720,U0196,2026-07-13 18:26:00,1312.4,D0283,M022,Delhi,0,
T006342,U0216,2026-07-13 18:39:00,1277.55,D0864,M049,Pune,0,
T001642,U0055,2026-07-13 18:45:00,608.29,D0612,M047,Kolkata,0,
T000451,U0015,2026-07-13 18:48:00,2396.75,D0633,M018,Pune,0,
T003668,U0121,2026-07-13 18:53:00,1187.83,D0160,M024,Bengaluru,0,
T001497,U0050,2026-07-13 18:54:00,2046.01,D0142,M023,Bengaluru,0,
T000050,U0002,2026-07-13 18:57:00,6113.37,D0834,M027,Chennai,0,
T006085,U0208,2026-07-13 19:03:00,555.95,D0831,M015,Chennai,0,
T004624,U0159,2026-07-13 19:04:00,3426.43,D0721,M040,Chennai,0,
T007604,U0178,2026-07-13 19:10:00,3975.29,D0489,M027,Jaipur,1,zero_day_drain
T005752,U0196,2026-07-13 19:11:00,948.51,D0283,M008,Delhi,0,
T000710,U0024,2026-07-13 19:24:00,2464.19,D0201,M031,Ahmedabad,0,
T005109,U0176,2026-07-13 19:27:00,3033.53,D0510,M025,Hyderabad,0,
T004471,U0153,2026-07-13 19:30:00,3476.44,D0851,M058,Chennai,0,
T002384,U0080,2026-07-13 19:32:00,1511.43,D0005,M030,Jaipur,0,
T003620,U0120,2026-07-13 19:40:00,724.47,D0266,M022,Hyderabad,0,
T003720,U0123,2026-07-13 19:42:00,2587.53,D0254,M023,Bengaluru,0,
T000910,U0031,2026-07-13 20:11:00,4439.79,D0674,M010,Jaipur,0,
T001514,U0050,2026-07-13 20:11:00,3657.2,D0142,M053,Bengaluru,0,
T005371,U0184,2026-07-13 20:12:00,3803.06,D0693,M032,Lucknow,0,
T004541,U0156,2026-07-13 20:14:00,363.11,D0155,M028,Ahmedabad,0,
T002843,U0093,2026-07-13 20:21:00,600.62,D0390,M055,Jaipur,0,
T004226,U0144,2026-07-13 20:22:00,1327.76,D0465,M044,Lucknow,0,
T006691,U0229,2026-07-13 20:26:00,701.95,D0886,M014,Pune,0,
T002061,U0069,2026-07-13 20:29:00,2952.09,D0601,M056,Delhi,0,
T000497,U0016,2026-07-13 20:31:00,568.72,D0647,M009,Ahmedabad,0,
T002442,U0082,2026-07-13 20:34:00,20.0,D0332,M038,Mumbai,0,
T007608,U0148,2026-07-13 20:38:00,5765.59,D0393,M054,Mumbai,1,zero_day_drain
T006481,U0221,2026-07-13 20:39:00,2782.67,D0221,M002,Chennai,0,
T003545,U0118,2026-07-13 20:51:00,323.66,D0095,M035,Jaipur,0,
T005810,U0198,2026-07-13 21:28:00,641.88,D0897,M053,Kolkata,0,
T002176,U0072,2026-07-13 22:02:00,1016.67,D0038,M053,Bengaluru,0,
T000406,U0014,2026-07-13 22:28:00,5375.22,D0871,M046,Kolkata,0,
T006317,U0215,2026-07-13 22:45:00,2240.56,D0863,M041,Ahmedabad,0,
T004836,U0166,2026-07-13 23:04:00,647.86,D0005,M020,Lucknow,0,
T002570,U0086,2026-07-13 23:27:00,3594.53,D0726,M037,Bengaluru,0,
T004784,U0164,2026-07-13 23:51:00,1555.21,D0289,M019,Kolkata,0,
T007539,U0235,2026-07-14 02:15:00,11227.96,D0800,M054,Chennai,1,account_takeover
T002591,U0086,2026-07-14 02:59:00,4669.99,D0726,M056,Bengaluru,0,
T000841,U0028,2026-07-14 05:53:00,3763.31,D0207,M040,Pune,0,
T000610,U0020,2026-07-14 05:59:00,1963.98,D0806,M008,Mumbai,0,
T002982,U0097,2026-07-14 06:01:00,796.39,D0757,M014,Hyderabad,0,
T006449,U0220,2026-07-14 06:07:00,1966.66,D0850,M031,Mumbai,0,
T002774,U0091,2026-07-14 06:34:00,3392.63,D0712,M060,Mumbai,0,
T004992,U0172,2026-07-14 06:43:00,2925.87,D0193,M059,Chennai,0,
T006099,U0208,2026-07-14 06:47:00,928.04,D0831,M015,Chennai,0,
T006200,U0211,2026-07-14 06:58:00,930.4,D0230,M010,Kolkata,0,
T006855,U0234,2026-07-14 07:07:00,4347.25,D0029,M056,Jaipur,0,
T001242,U0042,2026-07-14 07:31:00,2552.34,D0663,M022,Delhi,0,
T002371,U0079,2026-07-14 07:42:00,3144.05,D0585,M038,Ahmedabad,0,
T004755,U0163,2026-07-14 07:45:00,2369.6,D0656,M058,Ahmedabad,0,
T000824,U0028,2026-07-14 07:46:00,2050.17,D0207,M008,Pune,0,
T006479,U0221,2026-07-14 07:46:00,3252.21,D0221,M002,Chennai,0,
T002191,U0072,2026-07-14 07:46:00,1281.31,D0679,M053,Bengaluru,0,
T003846,U0127,2026-07-14 07:50:00,811.69,D0743,M034,Kolkata,0,
T006046,U0207,2026-07-14 07:51:00,1617.55,D0392,M045,Hyderabad,0,
T006430,U0219,2026-07-14 08:32:00,1409.18,D0826,M032,Chennai,0,
T003599,U0119,2026-07-14 08:36:00,2960.33,D0555,M028,Ahmedabad,0,
T000548,U0019,2026-07-14 08:38:00,2410.29,D0397,M031,Kolkata,0,
T000784,U0026,2026-07-14 08:46:00,2051.53,D0111,M010,Lucknow,0,
T003997,U0133,2026-07-14 08:52:00,1906.39,D0798,M012,Bengaluru,0,
T005523,U0189,2026-07-14 09:04:00,2204.84,D0410,M018,Lucknow,0,
T003000,U0098,2026-07-14 09:05:00,588.47,D0222,M051,Kolkata,0,
T003177,U0104,2026-07-14 09:09:00,3237.92,D0112,M035,Jaipur,0,
T006574,U0224,2026-07-14 09:16:00,7240.24,D0191,M012,Bengaluru,0,
T000549,U0019,2026-07-14 09:20:00,4763.38,D0397,M009,Kolkata,0,
T001145,U0039,2026-07-14 09:28:00,3222.88,D0364,M054,Pune,0,
T006367,U0217,2026-07-14 09:30:00,2416.85,D0593,M060,Bengaluru,0,
T000694,U0023,2026-07-14 09:32:00,3272.61,D0163,M059,Lucknow,0,
T000417,U0014,2026-07-14 09:48:00,4290.2,D0871,M045,Kolkata,0,
T003464,U0114,2026-07-14 09:55:00,478.54,D0541,M012,Hyderabad,0,
T003130,U0103,2026-07-14 09:57:00,3602.55,D0662,M010,Ahmedabad,0,
T002019,U0067,2026-07-14 10:02:00,1154.2,D0345,M005,Hyderabad,0,
T003244,U0107,2026-07-14 10:04:00,482.46,D0878,M010,Bengaluru,0,
T004505,U0155,2026-07-14 10:05:00,3897.75,D0283,M004,Pune,0,
T003636,U0120,2026-07-14 10:05:00,332.16,D0266,M013,Hyderabad,0,
T005690,U0195,2026-07-14 10:05:00,2468.09,D0306,M011,Delhi,0,
T002959,U0097,2026-07-14 10:08:00,1100.68,D0420,M015,Hyderabad,0,
T003645,U0120,2026-07-14 10:11:00,727.58,D0763,M043,Hyderabad,0,
T006689,U0229,2026-07-14 10:11:00,869.05,D0886,M020,Pune,0,
T003277,U0109,2026-07-14 10:18:00,3178.16,D0831,M022,Pune,0,
T003897,U0129,2026-07-14 10:22:00,2335.19,D0426,M011,Kolkata,0,
T006952,U0237,2026-07-14 10:23:00,2105.94,D0290,M018,Chennai,0,
T000280,U0009,2026-07-14 10:26:00,1732.27,D0688,M033,Ahmedabad,0,
T004555,U0157,2026-07-14 10:32:00,2003.82,D0427,M012,Bengaluru,0,
T002874,U0095,2026-07-14 10:35:00,4711.21,D0808,M024,Jaipur,0,
T005761,U0197,2026-07-14 10:38:00,2039.59,D0810,M045,Ahmedabad,0,
T005700,U0195,2026-07-14 10:40:00,3432.89,D0306,M058,Delhi,0,
T007238,U0247,2026-07-14 10:40:00,3251.89,D0548,M053,Chennai,0,
T006491,U0222,2026-07-14 10:42:00,4184.92,D0093,M027,Kolkata,0,
T003640,U0120,2026-07-14 10:43:00,543.22,D0266,M002,Hyderabad,0,
T002227,U0074,2026-07-14 10:53:00,2966.6,D0366,M045,Ahmedabad,0,
T006168,U0210,2026-07-14 10:53:00,4168.22,D0573,M007,Jaipur,0,
T005407,U0185,2026-07-14 10:53:00,1122.73,D0146,M054,Pune,0,
T003168,U0104,2026-07-14 10:55:00,3169.86,D0285,M008,Jaipur,0,
T003677,U0121,2026-07-14 11:01:00,1399.06,D0160,M024,Bengaluru,0,
T001609,U0054,2026-07-14 11:08:00,3459.25,D0255,M060,Lucknow,0,
T003493,U0116,2026-07-14 11:12:00,2898.05,D0182,M027,Ahmedabad,0,
T001828,U0062,2026-07-14 11:15:00,1105.18,D0584,M010,Hyderabad,0,
T003465,U0114,2026-07-14 11:19:00,974.45,D0541,M029,Hyderabad,0,
T002171,U0072,2026-07-14 11:22:00,1669.15,D0038,M053,Bengaluru,0,
T004837,U0166,2026-07-14 11:29:00,585.33,D0005,M002,Lucknow,0,
T001525,U0051,2026-07-14 11:33:00,3993.59,D0126,M001,Kolkata,0,
T006487,U0221,2026-07-14 11:36:00,3818.6,D0221,M024,Chennai,0,
T004050,U0136,2026-07-14 11:37:00,3258.77,D0485,M011,Bengaluru,0,
T003910,U0129,2026-07-14 11:37:00,2542.28,D0066,M006,Kolkata,0,
T000571,U0019,2026-07-14 11:39:00,3845.25,D0397,M016,Kolkata,0,
T002537,U0085,2026-07-14 11:43:00,5104.64,D0357,M012,Jaipur,0,
T006033,U0206,2026-07-14 11:43:00,998.0,D0035,M006,Hyderabad,0,
T002416,U0081,2026-07-14 11:44:00,294.73,D0218,M033,Bengaluru,0,
T000721,U0024,2026-07-14 11:46:00,3505.2,D0800,M019,Ahmedabad,0,
T005043,U0174,2026-07-14 11:47:00,4367.22,D0862,M018,Hyderabad,0,
T002239,U0074,2026-07-14 11:53:00,3032.38,D0366,M022,Ahmedabad,0,
T005475,U0188,2026-07-14 11:59:00,2358.25,D0422,M017,Mumbai,0,
T007132,U0243,2026-07-14 12:04:00,1567.93,D0857,M054,Pune,0,
T007219,U0247,2026-07-14 12:07:00,4668.06,D0548,M060,Chennai,0,
T007258,U0248,2026-07-14 12:13:00,856.86,D0495,M004,Lucknow,0,
T006905,U0235,2026-07-14 12:14:00,1286.52,D0225,M009,Pune,0,
T003414,U0113,2026-07-14 12:19:00,2552.57,D0021,M038,Chennai,0,
T005488,U0188,2026-07-14 12:21:00,3773.41,D0422,M017,Mumbai,0,
T000164,U0005,2026-07-14 12:24:00,3544.07,D0716,M008,Mumbai,0,
T002024,U0067,2026-07-14 12:24:00,1618.26,D0445,M004,Hyderabad,0,
T004412,U0151,2026-07-14 12:26:00,575.15,D0683,M011,Lucknow,0,
T005098,U0176,2026-07-14 12:27:00,3627.89,D0637,M018,Hyderabad,0,
T000182,U0006,2026-07-14 12:29:00,2153.84,D0393,M039,Delhi,0,
T003767,U0124,2026-07-14 12:30:00,629.59,D0856,M032,Lucknow,0,
T002007,U0067,2026-07-14 12:30:00,2592.98,D0445,M005,Hyderabad,0,
T002895,U0095,2026-07-14 12:32:00,2530.18,D0808,M025,Jaipur,0,
T002250,U0075,2026-07-14 12:34:00,1667.35,D0766,M035,Hyderabad,0,
T004966,U0171,2026-07-14 12:44:00,1518.83,D0417,M010,Lucknow,0,
T002231,U0074,2026-07-14 12:46:00,2822.73,D0366,M045,Ahmedabad,0,
T002196,U0072,2026-07-14 12:49:00,835.57,D0679,M019,Bengaluru,0,
T002950,U0097,2026-07-14 12:49:00,995.2,D0757,M015,Hyderabad,0,
T004490,U0154,2026-07-14 12:51:00,1872.9,D0438,M007,Mumbai,0,
T006248,U0212,2026-07-14 12:55:00,3278.13,D0825,M047,Jaipur,0,
T001058,U0036,2026-07-14 12:58:00,3387.65,D0532,M023,Pune,0,
T001473,U0049,2026-07-14 12:58:00,1057.23,D0377,M042,Chennai,0,
T000935,U0031,2026-07-14 12:58:00,4260.93,D0674,M056,Jaipur,0,
T004415,U0151,2026-07-14 13:01:00,2233.68,D0683,M020,Lucknow,0,
T002449,U0082,2026-07-14 13:07:00,1175.09,D0332,M042,Mumbai,0,
T007152,U0244,2026-07-14 13:07:00,2837.8,D0640,M033,Mumbai,0,
T001253,U0042,2026-07-14 13:16:00,1813.18,D0663,M040,Delhi,0,
T004608,U0158,2026-07-14 13:19:00,833.28,D0159,M011,Delhi,0,
T002188,U0072,2026-07-14 13:22:00,1245.85,D0038,M053,Bengaluru,0,
T005509,U0189,2026-07-14 13:22:00,1590.89,D0410,M037,Lucknow,0,
T005209,U0179,2026-07-14 13:22:00,2212.38,D0651,M044,Pune,0,
T004074,U0137,2026-07-14 13:23:00,5899.39,D0399,M019,Jaipur,0,
T000662,U0023,2026-07-14 13:27:00,2333.2,D0163,M059,Lucknow,0,
T004093,U0138,2026-07-14 13:30:00,3368.64,D0210,M028,Lucknow,0,
T002623,U0087,2026-07-14 13:36:00,670.07,D0660,M029,Ahmedabad,0,
T002567,U0086,2026-07-14 13:36:00,3506.43,D0726,M018,Bengaluru,0,
T001358,U0046,2026-07-14 13:40:00,453.25,D0715,M015,Hyderabad,0,
T007166,U0244,2026-07-14 13:41:00,1913.74,D0640,M002,Mumbai,0,
T002758,U0091,2026-07-14 13:42:00,3278.19,D0712,M035,Mumbai,0,
T004840,U0166,2026-07-14 13:51:00,440.43,D0555,M045,Lucknow,0,
T000365,U0012,2026-07-14 13:52:00,2262.41,D0844,M010,Chennai,0,
T001148,U0039,2026-07-14 13:52:00,4134.54,D0364,M058,Pune,0,
T006772,U0231,2026-07-14 13:59:00,3774.53,D0749,M043,Bengaluru,0,
T004494,U0154,2026-07-14 14:00:00,622.67,D0438,M058,Mumbai,0,
T005141,U0177,2026-07-14 14:01:00,2173.75,D0606,M038,Pune,0,
T003949,U0131,2026-07-14 14:06:00,1642.86,D0804,M009,Bengaluru,0,
T003225,U0106,2026-07-14 14:09:00,1220.55,D0082,M017,Hyderabad,0,
T002119,U0070,2026-07-14 14:10:00,876.18,D0635,M020,Bengaluru,0,
T006229,U0212,2026-07-14 14:11:00,2754.62,D0825,M047,Jaipur,0,
T002175,U0072,2026-07-14 14:11:00,1670.81,D0038,M009,Bengaluru,0,
T001432,U0048,2026-07-14 14:12:00,1026.22,D0540,M050,Jaipur,0,
T001761,U0059,2026-07-14 14:17:00,2667.23,D0090,M004,Mumbai,0,
T005617,U0192,2026-07-14 14:19:00,1108.32,D0090,M009,Ahmedabad,0,
T000903,U0030,2026-07-14 14:19:00,1018.95,D0596,M055,Bengaluru,0,
T002799,U0092,2026-07-14 14:19:00,3073.76,D0167,M019,Lucknow,0,
T006378,U0218,2026-07-14 14:24:00,234.96,D0225,M020,Lucknow,0,
T000746,U0025,2026-07-14 14:25:00,1662.65,D0797,M045,Chennai,0,
T006231,U0212,2026-07-14 14:36:00,3856.69,D0825,M005,Jaipur,0,
T006117,U0209,2026-07-14 14:37:00,4113.54,D0118,M010,Chennai,0,
T005816,U0198,2026-07-14 14:38:00,383.58,D0897,M053,Kolkata,0,
T006858,U0234,2026-07-14 14:39:00,1357.57,D0194,M024,Jaipur,0,
T000040,U0002,2026-07-14 14:42:00,4387.0,D0834,M036,Chennai,0,
T001009,U0034,2026-07-14 14:42:00,1887.8,D0213,M055,Chennai,0,
T004601,U0158,2026-07-14 14:46:00,1638.35,D0159,M022,Delhi,0,
T006781,U0231,2026-07-14 14:49:00,2807.24,D0749,M049,Bengaluru,0,
T005635,U0193,2026-07-14 14:53:00,3883.12,D0709,M015,Jaipur,0,
T004677,U0160,2026-07-14 14:54:00,1878.25,D0738,M029,Ahmedabad,0,
T000398,U0014,2026-07-14 14:55:00,2010.03,D0237,M045,Kolkata,0,
T000420,U0014,2026-07-14 14:56:00,3241.84,D0871,M045,Kolkata,0,
T004523,U0155,2026-07-14 15:00:00,2955.57,D0146,M049,Pune,0,
T004615,U0158,2026-07-14 15:01:00,4442.69,D0070,M048,Delhi,0,
T007012,U0239,2026-07-14 15:08:00,1086.99,D0371,M025,Hyderabad,0,
T005500,U0188,2026-07-14 15:08:00,3196.1,D0422,M043,Mumbai,0,
T001835,U0062,2026-07-14 15:09:00,743.21,D0584,M009,Hyderabad,0,
T004078,U0137,2026-07-14 15:15:00,2982.07,D0399,M047,Jaipur,0,
T005694,U0195,2026-07-14 15:17:00,2348.04,D0306,M058,Delhi,0,
T005568,U0190,2026-07-14 15:17:00,1160.15,D0566,M030,Lucknow,0,
T001791,U0061,2026-07-14 15:18:00,1866.25,D0784,M056,Delhi,0,
T000423,U0014,2026-07-14 15:21:00,4239.94,D0871,M046,Kolkata,0,
T004936,U0170,2026-07-14 15:22:00,621.21,D0199,M017,Chennai,0,
T004542,U0156,2026-07-14 15:23:00,389.17,D0155,M028,Ahmedabad,0,
T000813,U0027,2026-07-14 15:25:00,291.5,D0177,M057,Jaipur,0,
T001053,U0036,2026-07-14 15:30:00,1458.41,D0532,M039,Pune,0,
T002701,U0089,2026-07-14 15:32:00,2309.39,D0452,M020,Lucknow,0,
T000702,U0024,2026-07-14 15:34:00,3509.45,D0201,M028,Ahmedabad,0,
T004681,U0161,2026-07-14 15:34:00,1775.01,D0831,M060,Lucknow,0,
T000928,U0031,2026-07-14 15:40:00,3899.66,D0674,M011,Jaipur,0,
T002628,U0088,2026-07-14 15:40:00,5819.51,D0182,M039,Bengaluru,0,
T002839,U0093,2026-07-14 15:41:00,2210.33,D0840,M055,Jaipur,0,
T003840,U0127,2026-07-14 15:45:00,1143.54,D0191,M044,Kolkata,0,
T005665,U0194,2026-07-14 15:49:00,2759.99,D0063,M035,Hyderabad,0,
T004450,U0152,2026-07-14 15:50:00,242.16,D0768,M010,Ahmedabad,0,
T007639,U0072,2026-07-14 15:52:00,2643.13,D0038,M032,Bengaluru,1,zero_day_drain
T005124,U0177,2026-07-14 15:53:00,2806.29,D0606,M008,Pune,0,
T003221,U0106,2026-07-14 15:56:00,1858.04,D0806,M037,Hyderabad,0,
T002709,U0090,2026-07-14 16:00:00,1164.91,D0667,M050,Lucknow,0,
T002563,U0086,2026-07-14 16:02:00,3702.77,D0726,M037,Bengaluru,0,
T004169,U0142,2026-07-14 16:07:00,818.89,D0838,M035,Chennai,0,
T001937,U0065,2026-07-14 16:08:00,2110.01,D0632,M033,Bengaluru,0,
T003845,U0127,2026-07-14 16:08:00,580.1,D0191,M025,Kolkata,0,
T004511,U0155,2026-07-14 16:11:00,3411.89,D0283,M022,Pune,0,
T001690,U0057,2026-07-14 16:25:00,3005.51,D0220,M053,Delhi,0,
T002368,U0079,2026-07-14 16:27:00,4615.17,D0585,M058,Ahmedabad,0,
T006482,U0221,2026-07-14 16:30:00,3163.31,D0718,M024,Chennai,0,
T004487,U0154,2026-07-14 16:30:00,1771.96,D0438,M024,Mumbai,0,
T001832,U0062,2026-07-14 16:39:00,988.96,D0584,M031,Hyderabad,0,
T004238,U0144,2026-07-14 16:41:00,957.06,D0465,M006,Lucknow,0,
T002808,U0092,2026-07-14 16:49:00,4746.61,D0167,M019,Lucknow,0,
T000161,U0005,2026-07-14 16:51:00,2919.81,D0716,M008,Mumbai,0,
T006568,U0224,2026-07-14 16:51:00,2613.47,D0191,M008,Bengaluru,0,
T000327,U0011,2026-07-14 16:57:00,1109.06,D0289,M007,Chennai,0,
T003659,U0121,2026-07-14 17:09:00,1275.27,D0160,M034,Bengaluru,0,
T000713,U0024,2026-07-14 17:10:00,3583.71,D0800,M031,Ahmedabad,0,
T005867,U0201,2026-07-14 17:11:00,1946.22,D0116,M042,Pune,0,
T004752,U0163,2026-07-14 17:11:00,1530.72,D0656,M058,Ahmedabad,0,
T001096,U0037,2026-07-14 17:16:00,1281.37,D0444,M060,Hyderabad,0,
T002682,U0089,2026-07-14 17:23:00,1258.84,D0487,M015,Lucknow,0,
T004249,U0144,2026-07-14 17:24:00,1684.98,D0465,M044,Lucknow,0,
T003114,U0102,2026-07-14 17:24:00,785.81,D0731,M007,Lucknow,0,
T006788,U0232,2026-07-14 17:25:00,1479.22,D0834,M043,Chennai,0,
T006313,U0215,2026-07-14 17:27:00,3886.58,D0821,M041,Ahmedabad,0,
T001927,U0065,2026-07-14 17:28:00,117.72,D0530,M019,Bengaluru,0,
T005093,U0176,2026-07-14 17:28:00,4565.29,D0510,M018,Hyderabad,0,
T001938,U0065,2026-07-14 17:31:00,1135.0,D0632,M033,Bengaluru,0,
T005897,U0201,2026-07-14 17:31:00,2207.18,D0116,M042,Pune,0,
T002782,U0091,2026-07-14 17:35:00,4168.82,D0712,M050,Mumbai,0,
T001520,U0051,2026-07-14 17:39:00,3181.08,D0126,M044,Kolkata,0,
T006675,U0229,2026-07-14 17:39:00,1229.54,D0886,M020,Pune,0,
T005510,U0189,2026-07-14 17:43:00,1789.6,D0410,M044,Lucknow,0,
T000407,U0014,2026-07-14 17:51:00,1671.12,D0871,M041,Kolkata,0,
T004202,U0143,2026-07-14 18:02:00,3377.28,D0517,M030,Jaipur,0,
T002386,U0080,2026-07-14 18:03:00,1968.16,D0005,M046,Jaipur,0,
T005439,U0186,2026-07-14 18:06:00,838.95,D0447,M027,Pune,0,
T004175,U0142,2026-07-14 18:15:00,816.23,D0838,M004,Chennai,0,
T002704,U0089,2026-07-14 18:23:00,1820.27,D0452,M053,Lucknow,0,
T004688,U0161,2026-07-14 18:23:00,1867.6,D0154,M030,Lucknow,0,
T002352,U0078,2026-07-14 18:26:00,1993.06,D0886,M029,Lucknow,0,
T002525,U0084,2026-07-14 18:28:00,1492.05,D0805,M014,Mumbai,0,
T004556,U0157,2026-07-14 18:29:00,1567.04,D0427,M002,Bengaluru,0,
T001166,U0039,2026-07-14 18:31:00,3426.7,D0364,M047,Pune,0,
T000714,U0024,2026-07-14 18:34:00,4566.49,D0800,M028,Ahmedabad,0,
T002272,U0076,2026-07-14 18:36:00,829.12,D0020,M050,Chennai,0,
T000615,U0020,2026-07-14 18:37:00,3197.68,D0806,M018,Mumbai,0,
T004614,U0158,2026-07-14 18:38:00,3137.44,D0159,M019,Delhi,0,
T001668,U0056,2026-07-14 18:41:00,178.5,D0005,M003,Kolkata,0,
T002933,U0096,2026-07-14 18:44:00,1587.65,D0002,M030,Pune,0,
T005952,U0204,2026-07-14 18:45:00,1404.41,D0610,M058,Lucknow,0,
T003927,U0129,2026-07-14 18:54:00,4298.47,D0426,M029,Kolkata,0,
T002500,U0084,2026-07-14 19:13:00,105.83,D0549,M051,Mumbai,0,
T006146,U0210,2026-07-14 19:21:00,3046.13,D0721,M008,Jaipur,0,
T005859,U0200,2026-07-14 19:23:00,4274.28,D0713,M050,Pune,0,
T004783,U0164,2026-07-14 19:34:00,2513.29,D0289,M006,Kolkata,0,
T000952,U0032,2026-07-14 19:37:00,3260.75,D0597,M048,Chennai,0,
T002881,U0095,2026-07-14 19:37:00,5205.7,D0808,M018,Jaipur,0,
T006608,U0226,2026-07-14 19:41:00,1822.91,D0794,M026,Jaipur,0,
T007232,U0247,2026-07-14 19:44:00,3533.22,D0548,M031,Chennai,0,
T004442,U0151,2026-07-14 19:49:00,2655.44,D0683,M011,Lucknow,0,
T001136,U0038,2026-07-14 19:57:00,2623.89,D0045,M022,Hyderabad,0,
T002345,U0078,2026-07-14 20:02:00,4056.84,D0429,M042,Lucknow,0,
T000851,U0028,2026-07-14 20:06:00,3915.37,D0207,M008,Pune,0,
T002086,U0069,2026-07-14 20:30:00,2315.92,D0601,M029,Delhi,0,
T002653,U0088,2026-07-14 20:31:00,6566.82,D0182,M001,Bengaluru,0,
T004979,U0171,2026-07-14 20:56:00,2881.2,D0417,M032,Lucknow,0,
T000074,U0002,2026-07-14 21:26:00,3378.59,D0834,M047,Chennai,0,
T001856,U0063,2026-07-14 21:29:00,1537.07,D0853,M037,Lucknow,0,
T007013,U0239,2026-07-14 21:38:00,507.51,D0368,M045,Hyderabad,0,
T006105,U0208,2026-07-14 21:46:00,246.27,D0831,M044,Chennai,0,
T003411,U0113,2026-07-14 21:53:00,3261.16,D0021,M042,Chennai,0,
T007096,U0242,2026-07-14 22:34:00,2877.97,D0161,M032,Ahmedabad,0,
T001224,U0042,2026-07-14 23:15:00,3139.94,D0663,M018,Delhi,0,
T003158,U0104,2026-07-14 23:27:00,3503.44,D0285,M014,Jaipur,0,
T007558,U0151,2026-07-15 02:09:00,20284.52,D0079,M014,Kolkata,1,account_takeover
T001498,U0050,2026-07-15 04:08:00,2546.89,D0142,M053,Bengaluru,0,
T002035,U0068,2026-07-15 05:18:00,497.19,D0301,M043,Mumbai,0,
T003973,U0131,2026-07-15 05:22:00,1810.15,D0804,M035,Bengaluru,0,
T006061,U0207,2026-07-15 06:05:00,1943.8,D0392,M031,Hyderabad,0,
T000270,U0009,2026-07-15 06:14:00,2712.93,D0072,M032,Ahmedabad,0,
T003164,U0104,2026-07-15 06:28:00,2857.04,D0112,M008,Jaipur,0,
T002294,U0076,2026-07-15 06:46:00,1784.72,D0020,M023,Chennai,0,
T000987,U0033,2026-07-15 07:01:00,1740.42,D0543,M007,Lucknow,0,
T000780,U0026,2026-07-15 07:12:00,2479.64,D0111,M053,Lucknow,0,
T004231,U0144,2026-07-15 07:14:00,2179.2,D0465,M006,Lucknow,0,
T001347,U0045,2026-07-15 07:32:00,2930.74,D0086,M009,Lucknow,0,
T001845,U0062,2026-07-15 07:35:00,901.4,D0584,M028,Hyderabad,0,
T004037,U0135,2026-07-15 07:36:00,3916.17,D0523,M020,Jaipur,0,
T006889,U0235,2026-07-15 07:54:00,818.32,D0225,M044,Pune,0,
T005919,U0203,2026-07-15 08:16:00,805.34,D0173,M048,Mumbai,0,
T004320,U0147,2026-07-15 08:25:00,230.08,D0823,M018,Hyderabad,0,
T006974,U0238,2026-07-15 08:32:00,1743.49,D0864,M019,Lucknow,0,
T007235,U0247,2026-07-15 08:34:00,4207.81,D0548,M057,Chennai,0,
T006438,U0220,2026-07-15 08:47:00,1679.73,D0850,M031,Mumbai,0,
T002026,U0067,2026-07-15 08:51:00,2199.3,D0445,M004,Hyderabad,0,
T004914,U0169,2026-07-15 08:52:00,815.58,D0220,M059,Hyderabad,0,
T000684,U0023,2026-07-15 09:02:00,2725.77,D0163,M026,Lucknow,0,
T000958,U0032,2026-07-15 09:02:00,2694.51,D0597,M048,Chennai,0,
T007155,U0244,2026-07-15 09:18:00,5181.8,D0640,M002,Mumbai,0,
T002269,U0076,2026-07-15 09:19:00,969.11,D0020,M050,Chennai,0,
T000250,U0008,2026-07-15 09:21:00,1143.94,D0702,M009,Kolkata,0,
T007159,U0244,2026-07-15 09:23:00,4307.76,D0640,M026,Mumbai,0,
T001491,U0049,2026-07-15 09:33:00,669.39,D0377,M054,Chennai,0,
T000345,U0011,2026-07-15 09:35:00,1169.68,D0289,M047,Chennai,0,
T002214,U0074,2026-07-15 09:36:00,2732.27,D0366,M043,Ahmedabad,0,
T003122,U0102,2026-07-15 09:41:00,447.0,D0731,M035,Lucknow,0,
T002973,U0097,2026-07-15 09:43:00,1705.36,D0757,M019,Hyderabad,0,
T003226,U0106,2026-07-15 09:48:00,536.61,D0806,M010,Hyderabad,0,
T006595,U0225,2026-07-15 09:57:00,2661.36,D0028,M031,Mumbai,0,
T006863,U0234,2026-07-15 09:59:00,3012.35,D0194,M053,Jaipur,0,
T000314,U0010,2026-07-15 10:01:00,2570.93,D0032,M004,Delhi,0,
T003402,U0112,2026-07-15 10:02:00,935.81,D0854,M052,Jaipur,0,
T003331,U0110,2026-07-15 10:02:00,3610.95,D0144,M016,Mumbai,0,
T006116,U0209,2026-07-15 10:03:00,3337.94,D0118,M028,Chennai,0,
T005858,U0200,2026-07-15 10:06:00,2688.84,D0713,M060,Pune,0,
T000059,U0002,2026-07-15 10:09:00,4893.42,D0834,M027,Chennai,0,
T001419,U0047,2026-07-15 10:17:00,1602.13,D0117,M001,Pune,0,
T001796,U0061,2026-07-15 10:19:00,2684.07,D0515,M056,Delhi,0,
T002259,U0075,2026-07-15 10:22:00,1588.66,D0619,M052,Hyderabad,0,
T003516,U0117,2026-07-15 10:24:00,2980.83,D0795,M014,Kolkata,0,
T001116,U0038,2026-07-15 10:26:00,774.9,D0045,M032,Hyderabad,0,
T000672,U0023,2026-07-15 10:31:00,750.92,D0163,M026,Lucknow,0,
T004598,U0158,2026-07-15 10:34:00,2015.02,D0159,M022,Delhi,0,
T006582,U0225,2026-07-15 10:38:00,3579.13,D0028,M031,Mumbai,0,
T006115,U0209,2026-07-15 10:44:00,3772.12,D0118,M010,Chennai,0,
T006293,U0215,2026-07-15 10:46:00,1038.86,D0863,M018,Ahmedabad,0,
T006070,U0207,2026-07-15 10:52:00,1161.53,D0392,M031,Hyderabad,0,
T002243,U0074,2026-07-15 10:55:00,2568.88,D0366,M022,Ahmedabad,0,
T000266,U0008,2026-07-15 11:03:00,2203.44,D0702,M033,Kolkata,0,
T005878,U0201,2026-07-15 11:08:00,918.53,D0116,M036,Pune,0,
T003504,U0116,2026-07-15 11:11:00,3083.96,D0182,M027,Ahmedabad,0,
T001372,U0046,2026-07-15 11:16:00,3914.2,D0715,M015,Hyderabad,0,
T006830,U0233,2026-07-15 11:19:00,3069.48,D0871,M058,Hyderabad,0,
T002647,U0088,2026-07-15 11:19:00,2635.71,D0182,M027,Bengaluru,0,
T000770,U0026,2026-07-15 11:21:00,2459.73,D0111,M053,Lucknow,0,
T000628,U0021,2026-07-15 11:26:00,1694.67,D0692,M055,Jaipur,0,
T000648,U0022,2026-07-15 11:29:00,1403.53,D0334,M012,Mumbai,0,
T002830,U0093,2026-07-15 11:32:00,921.46,D0840,M057,Jaipur,0,
T003774,U0124,2026-07-15 11:34:00,667.59,D0856,M010,Lucknow,0,
T005971,U0204,2026-07-15 11:36:00,1101.09,D0610,M014,Lucknow,0,
T005225,U0179,2026-07-15 11:39:00,1696.86,D0651,M033,Pune,0,
T002670,U0089,2026-07-15 11:45:00,1480.45,D0452,M053,Lucknow,0,
T006337,U0216,2026-07-15 11:55:00,1187.48,D0864,M056,Pune,0,
T003605,U0119,2026-07-15 11:56:00,2838.49,D0555,M030,Ahmedabad,0,
T001831,U0062,2026-07-15 11:57:00,823.71,D0584,M009,Hyderabad,0,
T002262,U0075,2026-07-15 11:57:00,4000.88,D0619,M035,Hyderabad,0,
T006409,U0219,2026-07-15 12:01:00,1630.34,D0826,M032,Chennai,0,
T007126,U0243,2026-07-15 12:10:00,1731.16,D0857,M032,Pune,0,
T000521,U0018,2026-07-15 12:11:00,2335.58,D0402,M009,Pune,0,
T006963,U0237,2026-07-15 12:15:00,5746.98,D0184,M018,Chennai,0,
T007177,U0245,2026-07-15 12:19:00,454.44,D0640,M038,Hyderabad,0,
T006885,U0235,2026-07-15 12:19:00,1510.14,D0225,M044,Pune,0,
T004659,U0160,2026-07-15 12:20:00,1693.69,D0738,M029,Ahmedabad,0,
T005935,U0203,2026-07-15 12:21:00,1253.18,D0603,M048,Mumbai,0,
T000524,U0018,2026-07-15 12:22:00,1566.97,D0402,M017,Pune,0,
T006470,U0221,2026-07-15 12:26:00,1482.75,D0221,M024,Chennai,0,
T007614,U0004,2026-07-15 12:27:00,3888.17,D0040,M004,Pune,1,zero_day_drain
T005131,U0177,2026-07-15 12:30:00,2841.4,D0606,M038,Pune,0,
T002216,U0074,2026-07-15 12:31:00,614.02,D0366,M045,Ahmedabad,0,
T004897,U0168,2026-07-15 12:34:00,2572.68,D0867,M011,Hyderabad,0,
T004663,U0160,2026-07-15 12:35:00,3888.88,D0738,M026,Ahmedabad,0,
T002492,U0084,2026-07-15 12:38:00,1847.45,D0549,M025,Mumbai,0,
T006448,U0220,2026-07-15 12:40:00,1669.32,D0850,M020,Mumbai,0,
T002209,U0073,2026-07-15 12:40:00,2460.58,D0175,M034,Pune,0,
T003174,U0104,2026-07-15 12:43:00,4406.09,D0112,M035,Jaipur,0,
T001400,U0047,2026-07-15 12:48:00,1548.74,D0117,M059,Pune,0,
T004594,U0158,2026-07-15 12:56:00,1516.35,D0159,M022,Delhi,0,
T004232,U0144,2026-07-15 12:58:00,1389.54,D0465,M041,Lucknow,0,
T000578,U0020,2026-07-15 12:58:00,4922.96,D0806,M019,Mumbai,0,
T004584,U0158,2026-07-15 13:00:00,1289.07,D0159,M048,Delhi,0,
T001739,U0059,2026-07-15 13:01:00,3114.36,D0090,M004,Mumbai,0,
T006376,U0217,2026-07-15 13:01:00,3313.99,D0427,M012,Bengaluru,0,
T000402,U0014,2026-07-15 13:02:00,1625.24,D0871,M045,Kolkata,0,
T001780,U0060,2026-07-15 13:04:00,3925.21,D0156,M006,Ahmedabad,0,
T000552,U0019,2026-07-15 13:06:00,2593.96,D0397,M016,Kolkata,0,
T005135,U0177,2026-07-15 13:10:00,1739.99,D0606,M007,Pune,0,
T003449,U0114,2026-07-15 13:10:00,381.43,D0541,M053,Hyderabad,0,
T005000,U0173,2026-07-15 13:12:00,5715.33,D0073,M051,Chennai,0,
T005327,U0182,2026-07-15 13:14:00,3176.33,D0821,M031,Pune,0,
T001501,U0050,2026-07-15 13:16:00,1701.15,D0142,M005,Bengaluru,0,
T000190,U0006,2026-07-15 13:18:00,2317.33,D0393,M006,Delhi,0,
T005011,U0173,2026-07-15 13:24:00,4168.23,D0221,M026,Chennai,0,
T000531,U0018,2026-07-15 13:24:00,1621.79,D0402,M057,Pune,0,
T005623,U0193,2026-07-15 13:27:00,1993.41,D0709,M015,Jaipur,0,
T003902,U0129,2026-07-15 13:29:00,2318.6,D0066,M041,Kolkata,0,
T002813,U0092,2026-07-15 13:31:00,2144.95,D0167,M033,Lucknow,0,
T005133,U0177,2026-07-15 13:32:00,2506.74,D0606,M048,Pune,0,
T002749,U0091,2026-07-15 13:32:00,2735.83,D0712,M035,Mumbai,0,
T005149,U0177,2026-07-15 13:39:00,2998.86,D0606,M007,Pune,0,
T001888,U0064,2026-07-15 13:45:00,2168.73,D0368,M012,Kolkata,0,
T004369,U0149,2026-07-15 13:45:00,3546.97,D0737,M025,Hyderabad,0,
T003388,U0112,2026-07-15 13:48:00,771.78,D0854,M052,Jaipur,0,
T005738,U0196,2026-07-15 13:49:00,2341.59,D0283,M008,Delhi,0,
T006354,U0217,2026-07-15 13:51:00,2471.08,D0427,M052,Bengaluru,0,
T000726,U0024,2026-07-15 13:55:00,2012.24,D0201,M019,Ahmedabad,0,
T003300,U0109,2026-07-15 13:56:00,1595.35,D0831,M003,Pune,0,
T006517,U0223,2026-07-15 13:58:00,1201.34,D0315,M011,Ahmedabad,0,
T007375,U0160,2026-07-15 14:00:00,76.51,D0738,M056,Ahmedabad,1,velocity_burst
T007376,U0160,2026-07-15 14:02:00,74.12,D0738,M022,Ahmedabad,1,velocity_burst
T006578,U0224,2026-07-15 14:04:00,3423.99,D0191,M008,Bengaluru,0,
T006856,U0234,2026-07-15 14:04:00,5130.24,D0194,M024,Jaipur,0,
T007377,U0160,2026-07-15 14:04:00,77.93,D0738,M042,Ahmedabad,1,velocity_burst
T007378,U0160,2026-07-15 14:06:00,128.68,D0738,M008,Ahmedabad,1,velocity_burst
T007379,U0160,2026-07-15 14:08:00,116.86,D0738,M033,Ahmedabad,1,velocity_burst
T007380,U0160,2026-07-15 14:10:00,84.57,D0738,M006,Ahmedabad,1,velocity_burst
T004950,U0170,2026-07-15 14:10:00,346.26,D0199,M042,Chennai,0,
T003491,U0116,2026-07-15 14:14:00,3529.84,D0182,M016,Ahmedabad,0,
T001687,U0057,2026-07-15 14:16:00,2483.9,D0220,M053,Delhi,0,
T003105,U0102,2026-07-15 14:20:00,482.95,D0731,M045,Lucknow,0,
T006462,U0221,2026-07-15 14:20:00,2972.79,D0718,M002,Chennai,0,
T002155,U0071,2026-07-15 14:21:00,732.58,D0890,M048,Chennai,0,
T002066,U0069,2026-07-15 14:23:00,3313.98,D0108,M029,Delhi,0,
T001958,U0066,2026-07-15 14:23:00,1311.26,D0727,M054,Kolkata,0,
T000512,U0017,2026-07-15 14:26:00,3600.48,D0170,M040,Pune,0,
T000172,U0006,2026-07-15 14:32:00,3202.25,D0145,M039,Delhi,0,
T005762,U0197,2026-07-15 14:32:00,3115.29,D0810,M056,Ahmedabad,0,
T003829,U0127,2026-07-15 14:36:00,700.89,D0743,M029,Kolkata,0,
T007182,U0246,2026-07-15 14:38:00,5484.38,D0518,M011,Delhi,0,
T007244,U0247,2026-07-15 14:46:00,3460.3,D0548,M057,Chennai,0,
T003239,U0107,2026-07-15 14:48:00,1109.13,D0878,M004,Bengaluru,0,
T001841,U0062,2026-07-15 14:51:00,1024.15,D0584,M028,Hyderabad,0,
T003254,U0107,2026-07-15 14:53:00,1091.35,D0752,M036,Bengaluru,0,
T002388,U0080,2026-07-15 14:57:00,2269.04,D0005,M030,Jaipur,0,
T005349,U0183,2026-07-15 14:58:00,1385.95,D0854,M014,Kolkata,0,
T002443,U0082,2026-07-15 14:59:00,1611.94,D0332,M037,Mumbai,0,
T002503,U0084,2026-07-15 14:59:00,1342.2,D0805,M025,Mumbai,0,
T000899,U0030,2026-07-15 15:07:00,773.89,D0283,M030,Bengaluru,0,
T002836,U0093,2026-07-15 15:10:00,701.41,D0840,M057,Jaipur,0,
T004728,U0162,2026-07-15 15:10:00,3496.89,D0174,M059,Pune,0,
T004193,U0143,2026-07-15 15:18:00,3004.33,D0159,M029,Jaipur,0,
T005915,U0202,2026-07-15 15:20:00,3055.41,D0153,M012,Hyderabad,0,
T005198,U0178,2026-07-15 15:30:00,1524.96,D0489,M025,Jaipur,0,
T002770,U0091,2026-07-15 15:30:00,3993.96,D0712,M060,Mumbai,0,
T003857,U0128,2026-07-15 15:39:00,2907.66,D0137,M023,Chennai,0,
T004337,U0148,2026-07-15 15:42:00,2992.0,D0393,M045,Mumbai,0,
T006724,U0230,2026-07-15 15:44:00,1164.02,D0624,M046,Kolkata,0,
T006172,U0210,2026-07-15 15:46:00,2448.96,D0573,M008,Jaipur,0,
T004378,U0149,2026-07-15 15:51:00,4380.29,D0737,M025,Hyderabad,0,
T006708,U0229,2026-07-15 16:05:00,575.78,D0886,M017,Pune,0,
T006597,U0225,2026-07-15 16:05:00,2769.48,D0028,M049,Mumbai,0,
T005661,U0194,2026-07-15 16:09:00,3894.7,D0063,M027,Hyderabad,0,
T001050,U0035,2026-07-15 16:28:00,350.99,D0823,M028,Lucknow,0,
T000790,U0026,2026-07-15 16:33:00,1549.34,D0111,M049,Lucknow,0,
T004581,U0157,2026-07-15 16:40:00,1979.95,D0427,M018,Bengaluru,0,
T004416,U0151,2026-07-15 16:48:00,1716.19,D0683,M010,Lucknow,0,
T003022,U0099,2026-07-15 16:55:00,1238.17,D0009,M048,Mumbai,0,
T000060,U0002,2026-07-15 16:55:00,6672.11,D0834,M028,Chennai,0,
T001896,U0064,2026-07-15 16:56:00,668.71,D0368,M055,Kolkata,0,
T003667,U0121,2026-07-15 16:56:00,1572.76,D0160,M034,Bengaluru,0,
T001952,U0066,2026-07-15 17:02:00,1392.14,D0461,M051,Kolkata,0,
T004312,U0147,2026-07-15 17:03:00,338.66,D0087,M017,Hyderabad,0,
T005235,U0179,2026-07-15 17:06:00,1626.2,D0651,M044,Pune,0,
T001652,U0056,2026-07-15 17:09:00,1271.68,D0005,M003,Kolkata,0,
T005148,U0177,2026-07-15 17:13:00,3944.36,D0606,M007,Pune,0,
T005843,U0199,2026-07-15 17:17:00,700.11,D0422,M024,Hyderabad,0,
T000168,U0006,2026-07-15 17:22:00,4298.72,D0145,M050,Delhi,0,
T007016,U0239,2026-07-15 17:27:00,1068.65,D0371,M008,Hyderabad,0,
T001918,U0065,2026-07-15 17:28:00,2643.16,D0530,M048,Bengaluru,0,
T004358,U0148,2026-07-15 17:28:00,4873.6,D0393,M002,Mumbai,0,
T001839,U0062,2026-07-15 17:33:00,616.62,D0584,M028,Hyderabad,0,
T007024,U0239,2026-07-15 17:39:00,826.75,D0368,M032,Hyderabad,0,
T000091,U0003,2026-07-15 18:09:00,2810.72,D0149,M057,Delhi,0,
T002302,U0077,2026-07-15 18:12:00,4161.89,D0129,M001,Chennai,0,
T004438,U0151,2026-07-15 18:13:00,2226.49,D0683,M010,Lucknow,0,
T002109,U0070,2026-07-15 18:15:00,1098.09,D0635,M052,Bengaluru,0,
T002892,U0095,2026-07-15 18:26:00,3583.89,D0808,M018,Jaipur,0,
T000620,U0021,2026-07-15 18:40:00,2521.24,D0692,M036,Jaipur,0,
T004457,U0152,2026-07-15 18:51:00,1205.77,D0890,M023,Ahmedabad,0,
T002565,U0086,2026-07-15 18:55:00,3421.4,D0726,M037,Bengaluru,0,
T004348,U0148,2026-07-15 19:00:00,1808.97,D0393,M045,Mumbai,0,
T004245,U0144,2026-07-15 19:01:00,887.95,D0465,M006,Lucknow,0,
T006429,U0219,2026-07-15 19:18:00,1263.68,D0826,M018,Chennai,0,
T001438,U0048,2026-07-15 19:21:00,396.93,D0540,M055,Jaipur,0,
T004103,U0138,2026-07-15 19:25:00,2282.05,D0687,M028,Lucknow,0,
T003189,U0105,2026-07-15 19:26:00,428.17,D0715,M057,Mumbai,0,
T005157,U0177,2026-07-15 19:32:00,3571.17,D0606,M058,Pune,0,
T005441,U0187,2026-07-15 19:33:00,4581.02,D0829,M043,Hyderabad,0,
T002198,U0073,2026-07-15 19:38:00,2581.93,D0175,M030,Pune,0,
T003968,U0131,2026-07-15 19:54:00,2051.73,D0804,M009,Bengaluru,0,
T003972,U0131,2026-07-15 19:57:00,1237.73,D0804,M042,Bengaluru,0,
T005961,U0204,2026-07-15 20:19:00,1932.59,D0610,M014,Lucknow,0,
T000925,U0031,2026-07-15 20:21:00,1799.96,D0674,M056,Jaipur,0,
T007632,U0078,2026-07-15 20:23:00,4621.95,D0429,M024,Lucknow,1,zero_day_drain
T000826,U0028,2026-07-15 20:31:00,2447.82,D0207,M040,Pune,0,
T006379,U0218,2026-07-15 20:45:00,398.65,D0225,M018,Lucknow,0,
T000711,U0024,2026-07-15 20:58:00,1106.62,D0201,M028,Ahmedabad,0,
T007588,U0033,2026-07-15 21:02:00,2621.09,D0677,M035,Lucknow,1,zero_day_drain
T004118,U0139,2026-07-15 21:11:00,3049.99,D0275,M022,Kolkata,0,
T000019,U0001,2026-07-15 21:17:00,1665.99,D0395,M031,Mumbai,0,
T006019,U0206,2026-07-15 21:25:00,1037.19,D0188,M024,Hyderabad,0,
T001460,U0048,2026-07-15 21:40:00,590.25,D0540,M008,Jaipur,0,
T001771,U0060,2026-07-15 22:12:00,4868.17,D0156,M011,Ahmedabad,0,
T002480,U0083,2026-07-15 22:13:00,1980.17,D0210,M056,Pune,0,
T000593,U0020,2026-07-15 23:23:00,3013.28,D0806,M033,Mumbai,0,
T007553,U0172,2026-07-16 02:40:00,20203.96,D0657,M032,Pune,1,account_takeover
T006382,U0218,2026-07-16 03:12:00,404.46,D0225,M014,Lucknow,0,
T007537,U0164,2026-07-16 04:24:00,10825.56,D0227,M021,Lucknow,1,account_takeover
T000913,U0031,2026-07-16 05:22:00,2454.34,D0674,M010,Jaipur,0,
T006613,U0226,2026-07-16 06:18:00,1697.88,D0794,M026,Jaipur,0,
T000722,U0024,2026-07-16 06:26:00,1242.73,D0201,M019,Ahmedabad,0,
T006080,U0208,2026-07-16 06:42:00,797.57,D0831,M059,Chennai,0,
T006363,U0217,2026-07-16 06:47:00,5233.14,D0593,M036,Bengaluru,0,
T007193,U0246,2026-07-16 07:08:00,4013.98,D0518,M005,Delhi,0,
T005169,U0178,2026-07-16 07:43:00,894.72,D0489,M029,Jaipur,0,
T005582,U0191,2026-07-16 08:00:00,1547.88,D0348,M037,Bengaluru,0,
T002197,U0072,2026-07-16 08:04:00,921.06,D0038,M009,Bengaluru,0,
T000350,U0012,2026-07-16 08:04:00,1426.28,D0450,M023,Chennai,0,
T004563,U0157,2026-07-16 08:07:00,2877.01,D0427,M002,Bengaluru,0,
T007187,U0246,2026-07-16 08:07:00,5771.61,D0518,M005,Delhi,0,
T002367,U0079,2026-07-16 08:15:00,2853.21,D0585,M007,Ahmedabad,0,
T007105,U0242,2026-07-16 08:27:00,4688.99,D0534,M040,Ahmedabad,0,
T002776,U0091,2026-07-16 08:36:00,2693.85,D0226,M060,Mumbai,0,
T002713,U0090,2026-07-16 08:45:00,1427.51,D0667,M036,Lucknow,0,
T002387,U0080,2026-07-16 08:45:00,2104.22,D0005,M003,Jaipur,0,
T006748,U0231,2026-07-16 08:48:00,3355.84,D0749,M049,Bengaluru,0,
T006983,U0238,2026-07-16 08:53:00,2711.27,D0718,M033,Lucknow,0,
T003314,U0109,2026-07-16 08:54:00,4276.89,D0831,M053,Pune,0,
T001563,U0052,2026-07-16 08:56:00,1476.01,D0573,M002,Pune,0,
T003874,U0128,2026-07-16 08:58:00,4093.31,D0137,M035,Chennai,0,
T000794,U0026,2026-07-16 08:58:00,1783.15,D0111,M010,Lucknow,0,
T003075,U0101,2026-07-16 09:00:00,2480.85,D0807,M017,Chennai,0,
T005173,U0178,2026-07-16 09:02:00,1986.55,D0489,M029,Jaipur,0,
T000005,U0001,2026-07-16 09:02:00,968.15,D0395,M039,Mumbai,0,
T003578,U0119,2026-07-16 09:07:00,4000.58,D0668,M005,Ahmedabad,0,
T005001,U0173,2026-07-16 09:09:00,5972.94,D0221,M037,Chennai,0,
T003116,U0102,2026-07-16 09:12:00,756.83,D0731,M035,Lucknow,0,
T003518,U0117,2026-07-16 09:19:00,5262.85,D0795,M014,Kolkata,0,
T002463,U0082,2026-07-16 09:22:00,2071.55,D0044,M001,Mumbai,0,
T003698,U0122,2026-07-16 09:27:00,4587.5,D0648,M003,Ahmedabad,0,
T001728,U0058,2026-07-16 09:30:00,806.16,D0493,M010,Pune,0,
T002018,U0067,2026-07-16 09:40:00,879.72,D0445,M005,Hyderabad,0,
T003271,U0108,2026-07-16 09:41:00,4655.1,D0167,M023,Ahmedabad,0,
T006884,U0235,2026-07-16 09:52:00,1836.05,D0225,M029,Pune,0,
T005586,U0191,2026-07-16 09:57:00,1167.79,D0348,M037,Bengaluru,0,
T005459,U0187,2026-07-16 10:01:00,3347.62,D0829,M035,Hyderabad,0,
T004409,U0151,2026-07-16 10:09:00,1907.25,D0683,M010,Lucknow,0,
T004848,U0166,2026-07-16 10:10:00,540.07,D0005,M037,Lucknow,0,
T004551,U0157,2026-07-16 10:13:00,2672.9,D0427,M041,Bengaluru,0,
T006924,U0236,2026-07-16 10:13:00,3811.56,D0675,M032,Delhi,0,
T004258,U0144,2026-07-16 10:16:00,1022.43,D0465,M041,Lucknow,0,
T002290,U0076,2026-07-16 10:18:00,3143.11,D0095,M050,Chennai,0,
T001449,U0048,2026-07-16 10:26:00,575.36,D0540,M050,Jaipur,0,
T001175,U0040,2026-07-16 10:28:00,2735.67,D0121,M030,Kolkata,0,
T002678,U0089,2026-07-16 10:28:00,2773.08,D0487,M020,Lucknow,0,
T000048,U0002,2026-07-16 10:28:00,3329.26,D0834,M027,Chennai,0,
T005022,U0173,2026-07-16 10:33:00,4733.1,D0073,M055,Chennai,0,
T001002,U0034,2026-07-16 10:41:00,569.34,D0213,M046,Chennai,0,
T006681,U0229,2026-07-16 10:41:00,599.79,D0886,M020,Pune,0,
T004440,U0151,2026-07-16 10:42:00,1338.8,D0683,M020,Lucknow,0,
T005040,U0174,2026-07-16 10:49:00,2322.67,D0862,M032,Hyderabad,0,
T000013,U0001,2026-07-16 10:51:00,875.96,D0395,M045,Mumbai,0,
T004488,U0154,2026-07-16 10:52:00,1519.32,D0438,M024,Mumbai,0,
T005970,U0204,2026-07-16 10:55:00,1737.88,D0610,M044,Lucknow,0,
T002754,U0091,2026-07-16 10:55:00,2889.27,D0226,M057,Mumbai,0,
T006807,U0232,2026-07-16 10:59:00,2811.7,D0836,M008,Chennai,0,
T007143,U0244,2026-07-16 11:00:00,3017.42,D0640,M019,Mumbai,0,
T005688,U0195,2026-07-16 11:06:00,2787.18,D0306,M029,Delhi,0,
T006859,U0234,2026-07-16 11:09:00,2385.01,D0029,M009,Jaipur,0,
T002245,U0074,2026-07-16 11:11:00,1054.86,D0583,M042,Ahmedabad,0,
T007017,U0239,2026-07-16 11:13:00,628.34,D0371,M032,Hyderabad,0,
T002677,U0089,2026-07-16 11:16:00,3291.56,D0487,M053,Lucknow,0,
T001196,U0041,2026-07-16 11:17:00,2654.01,D0055,M026,Delhi,0,
T005203,U0179,2026-07-16 11:17:00,577.81,D0651,M033,Pune,0,
T005870,U0201,2026-07-16 11:18:00,2189.93,D0116,M036,Pune,0,
T003815,U0126,2026-07-16 11:21:00,4003.81,D0422,M020,Ahmedabad,0,
T003527,U0117,2026-07-16 11:23:00,2301.79,D0795,M009,Kolkata,0,
T001506,U0050,2026-07-16 11:24:00,1136.89,D0142,M032,Bengaluru,0,
T002648,U0088,2026-07-16 11:25:00,5177.38,D0182,M018,Bengaluru,0,
T004073,U0137,2026-07-16 11:26:00,4206.42,D0399,M019,Jaipur,0,
T007185,U0246,2026-07-16 11:33:00,3960.8,D0518,M025,Delhi,0,
T002674,U0089,2026-07-16 11:36:00,1613.84,D0452,M053,Lucknow,0,
T002190,U0072,2026-07-16 11:36:00,794.31,D0038,M019,Bengaluru,0,
T007112,U0242,2026-07-16 11:43:00,2286.95,D0534,M009,Ahmedabad,0,
T002483,U0084,2026-07-16 11:59:00,509.41,D0805,M025,Mumbai,0,
T006887,U0235,2026-07-16 12:01:00,961.99,D0225,M022,Pune,0,
T002210,U0073,2026-07-16 12:09:00,2603.58,D0175,M042,Pune,0,
T004816,U0165,2026-07-16 12:11:00,3445.4,D0232,M052,Jaipur,0,
T006994,U0238,2026-07-16 12:13:00,1740.96,D0718,M038,Lucknow,0,
T002613,U0087,2026-07-16 12:14:00,531.18,D0536,M013,Ahmedabad,0,
T000488,U0016,2026-07-16 12:14:00,574.63,D0647,M024,Ahmedabad,0,
T002708,U0090,2026-07-16 12:14:00,757.18,D0194,M050,Lucknow,0,
T004977,U0171,2026-07-16 12:15:00,2834.56,D0417,M023,Lucknow,0,
T005513,U0189,2026-07-16 12:16:00,2004.94,D0410,M011,Lucknow,0,
T002683,U0089,2026-07-16 12:19:00,2500.91,D0452,M020,Lucknow,0,
T005823,U0199,2026-07-16 12:24:00,1320.02,D0422,M027,Hyderabad,0,
T004510,U0155,2026-07-16 12:24:00,2612.81,D0146,M039,Pune,0,
T000009,U0001,2026-07-16 12:25:00,2664.77,D0395,M005,Mumbai,0,
T001634,U0055,2026-07-16 12:32:00,336.04,D0612,M014,Kolkata,0,
T001314,U0044,2026-07-16 12:35:00,894.91,D0661,M036,Kolkata,0,
T006434,U0219,2026-07-16 12:37:00,1515.86,D0826,M035,Chennai,0,
T000424,U0014,2026-07-16 12:37:00,4739.1,D0871,M046,Kolkata,0,
T004675,U0160,2026-07-16 12:38:00,2386.77,D0738,M057,Ahmedabad,0,
T000814,U0027,2026-07-16 12:47:00,215.08,D0041,M057,Jaipur,0,
T003928,U0130,2026-07-16 12:47:00,3558.49,D0892,M039,Ahmedabad,0,
T003066,U0101,2026-07-16 12:47:00,2000.36,D0807,M055,Chennai,0,
T006369,U0217,2026-07-16 12:48:00,2646.92,D0593,M052,Bengaluru,0,
T000354,U0012,2026-07-16 12:49:00,2258.97,D0450,M029,Chennai,0,
T002938,U0096,2026-07-16 12:52:00,1838.03,D0002,M060,Pune,0,
T001288,U0043,2026-07-16 12:53:00,1749.35,D0414,M039,Jaipur,0,
T000072,U0002,2026-07-16 12:54:00,4081.07,D0834,M036,Chennai,0,
T003211,U0106,2026-07-16 12:55:00,439.86,D0082,M037,Hyderabad,0,
T004969,U0171,2026-07-16 12:57:00,3263.49,D0455,M023,Lucknow,0,
T001993,U0066,2026-07-16 12:57:00,471.85,D0727,M031,Kolkata,0,
T000799,U0026,2026-07-16 13:01:00,1834.43,D0111,M053,Lucknow,0,
T000056,U0002,2026-07-16 13:04:00,2365.8,D0834,M047,Chennai,0,
T003494,U0116,2026-07-16 13:05:00,1902.34,D0182,M011,Ahmedabad,0,
T004252,U0144,2026-07-16 13:08:00,2328.02,D0465,M041,Lucknow,0,
T005301,U0182,2026-07-16 13:16:00,1829.65,D0821,M048,Pune,0,
T003598,U0119,2026-07-16 13:19:00,3930.21,D0668,M015,Ahmedabad,0,
T005696,U0195,2026-07-16 13:21:00,3327.04,D0306,M011,Delhi,0,
T003763,U0124,2026-07-16 13:23:00,1080.72,D0856,M010,Lucknow,0,
T004282,U0145,2026-07-16 13:26:00,3724.74,D0160,M040,Delhi,0,
T005387,U0185,2026-07-16 13:27:00,1013.01,D0146,M042,Pune,0,
T000429,U0015,2026-07-16 13:32:00,3552.04,D0633,M018,Pune,0,
T004920,U0170,2026-07-16 13:35:00,530.93,D0199,M042,Chennai,0,
T002261,U0075,2026-07-16 13:35:00,2583.73,D0766,M052,Hyderabad,0,
T000422,U0014,2026-07-16 13:36:00,5628.38,D0237,M041,Kolkata,0,
T000409,U0014,2026-07-16 13:37:00,5089.24,D0237,M041,Kolkata,0,
T006795,U0232,2026-07-16 13:40:00,1446.64,D0836,M057,Chennai,0,
T000595,U0020,2026-07-16 13:43:00,1077.71,D0806,M007,Mumbai,0,
T000189,U0006,2026-07-16 13:43:00,1879.08,D0145,M045,Delhi,0,
T003534,U0117,2026-07-16 13:43:00,1923.23,D0795,M009,Kolkata,0,
T003457,U0114,2026-07-16 13:43:00,882.95,D0541,M012,Hyderabad,0,
T003541,U0117,2026-07-16 13:43:00,6563.48,D0795,M009,Kolkata,0,
T002943,U0096,2026-07-16 13:45:00,1452.92,D0002,M060,Pune,0,
T002686,U0089,2026-07-16 13:48:00,1521.2,D0452,M020,Lucknow,0,
T004427,U0151,2026-07-16 13:50:00,2216.65,D0683,M020,Lucknow,0,
T000572,U0019,2026-07-16 13:51:00,3246.83,D0397,M047,Kolkata,0,
T005042,U0174,2026-07-16 13:52:00,2874.06,D0862,M003,Hyderabad,0,
T001189,U0041,2026-07-16 13:52:00,1169.57,D0055,M029,Delhi,0,
T006810,U0232,2026-07-16 13:57:00,2856.37,D0836,M057,Chennai,0,
T000664,U0023,2026-07-16 13:58:00,4604.52,D0163,M026,Lucknow,0,
T007251,U0247,2026-07-16 13:59:00,3824.23,D0548,M031,Chennai,0,
T005180,U0178,2026-07-16 14:00:00,1721.42,D0489,M025,Jaipur,0,
T002406,U0080,2026-07-16 14:00:00,2539.68,D0005,M030,Jaipur,0,
T006023,U0206,2026-07-16 14:12:00,533.54,D0188,M024,Hyderabad,0,
T005494,U0188,2026-07-16 14:23:00,3644.35,D0422,M004,Mumbai,0,
T004685,U0161,2026-07-16 14:24:00,1608.88,D0831,M017,Lucknow,0,
T002299,U0077,2026-07-16 14:25:00,3821.12,D0129,M011,Chennai,0,
T002855,U0094,2026-07-16 14:26:00,1798.43,D0059,M003,Mumbai,0,
T001548,U0052,2026-07-16 14:27:00,1832.27,D0111,M059,Pune,0,
T000208,U0007,2026-07-16 14:31:00,3967.39,D0749,M047,Kolkata,0,
T007240,U0247,2026-07-16 14:32:00,4243.19,D0548,M001,Chennai,0,
T005094,U0176,2026-07-16 14:34:00,5670.66,D0510,M018,Hyderabad,0,
T004528,U0155,2026-07-16 14:35:00,1704.53,D0146,M036,Pune,0,
T006508,U0222,2026-07-16 14:36:00,4878.38,D0478,M027,Kolkata,0,
T005352,U0183,2026-07-16 14:36:00,1922.09,D0854,M007,Kolkata,0,
T005622,U0193,2026-07-16 14:37:00,4319.64,D0709,M017,Jaipur,0,
T005070,U0174,2026-07-16 14:42:00,2503.89,D0862,M018,Hyderabad,0,
T004119,U0139,2026-07-16 14:47:00,4214.15,D0275,M027,Kolkata,0,
T000352,U0012,2026-07-16 14:48:00,1828.28,D0844,M039,Chennai,0,
T001147,U0039,2026-07-16 14:52:00,3255.77,D0364,M049,Pune,0,
T006457,U0220,2026-07-16 14:53:00,1749.71,D0850,M031,Mumbai,0,
T001751,U0059,2026-07-16 14:55:00,4690.05,D0090,M004,Mumbai,0,
T003042,U0100,2026-07-16 14:55:00,3677.71,D0512,M030,Kolkata,0,
T003751,U0123,2026-07-16 15:07:00,3557.17,D0442,M026,Bengaluru,0,
T003249,U0107,2026-07-16 15:08:00,1080.36,D0752,M004,Bengaluru,0,
T006205,U0211,2026-07-16 15:08:00,1108.55,D0230,M010,Kolkata,0,
T003922,U0129,2026-07-16 15:11:00,3562.28,D0066,M032,Kolkata,0,
T005558,U0190,2026-07-16 15:16:00,681.34,D0382,M044,Lucknow,0,
T007640,U0072,2026-07-16 15:22:00,1759.03,D0038,M010,Bengaluru,1,zero_day_drain
T004253,U0144,2026-07-16 15:23:00,1150.3,D0465,M041,Lucknow,0,
T007615,U0004,2026-07-16 15:23:00,2829.98,D0040,M025,Pune,1,zero_day_drain
T000101,U0003,2026-07-16 15:25:00,2835.77,D0149,M027,Delhi,0,
T004278,U0145,2026-07-16 15:34:00,4044.68,D0160,M040,Delhi,0,
T007087,U0241,2026-07-16 15:35:00,335.72,D0020,M041,Lucknow,0,
T006892,U0235,2026-07-16 15:35:00,1346.62,D0225,M022,Pune,0,
T007616,U0207,2026-07-16 15:35:00,2706.72,D0392,M041,Hyderabad,1,zero_day_drain
T000791,U0026,2026-07-16 15:39:00,1964.04,D0111,M010,Lucknow,0,
T001692,U0057,2026-07-16 15:40:00,2543.89,D0052,M053,Delhi,0,
T003084,U0101,2026-07-16 15:45:00,1950.12,D0807,M056,Chennai,0,
T006063,U0207,2026-07-16 15:48:00,1670.03,D0392,M050,Hyderabad,0,
T004959,U0171,2026-07-16 15:48:00,1710.81,D0455,M023,Lucknow,0,
T003950,U0131,2026-07-16 15:52:00,1291.05,D0804,M009,Bengaluru,0,
T005615,U0192,2026-07-16 15:53:00,1194.08,D0100,M023,Ahmedabad,0,
T003835,U0127,2026-07-16 15:54:00,836.67,D0743,M029,Kolkata,0,
T001328,U0044,2026-07-16 16:01:00,706.19,D0661,M042,Kolkata,0,
T004796,U0165,2026-07-16 16:02:00,2446.66,D0479,M053,Jaipur,0,
T002068,U0069,2026-07-16 16:05:00,4521.71,D0601,M005,Delhi,0,
T005447,U0187,2026-07-16 16:05:00,3815.75,D0829,M004,Hyderabad,0,
T000614,U0020,2026-07-16 16:13:00,2624.71,D0806,M007,Mumbai,0,
T004189,U0143,2026-07-16 16:13:00,4510.02,D0159,M015,Jaipur,0,
T004976,U0171,2026-07-16 16:14:00,602.22,D0455,M032,Lucknow,0,
T001878,U0064,2026-07-16 16:15:00,3020.09,D0368,M003,Kolkata,0,
T005552,U0190,2026-07-16 16:15:00,2178.59,D0566,M003,Lucknow,0,
T000273,U0009,2026-07-16 16:16:00,2552.93,D0072,M047,Ahmedabad,0,
T005378,U0184,2026-07-16 16:18:00,3128.24,D0693,M032,Lucknow,0,
T007220,U0247,2026-07-16 16:20:00,3043.33,D0548,M060,Chennai,0,
T000225,U0007,2026-07-16 16:22:00,2436.88,D0749,M001,Kolkata,0,
T002571,U0086,2026-07-16 16:22:00,4001.98,D0726,M025,Bengaluru,0,
T004388,U0150,2026-07-16 16:34:00,2092.24,D0454,M041,Delhi,0,
T000427,U0015,2026-07-16 16:35:00,2299.02,D0633,M035,Pune,0,
T001380,U0046,2026-07-16 16:39:00,2827.11,D0715,M043,Hyderabad,0,
T005302,U0182,2026-07-16 16:41:00,3441.03,D0821,M037,Pune,0,
T006398,U0218,2026-07-16 16:46:00,344.34,D0225,M014,Lucknow,0,
T006861,U0234,2026-07-16 16:47:00,1631.8,D0029,M024,Jaipur,0,
T006399,U0218,2026-07-16 16:50:00,459.13,D0225,M014,Lucknow,0,
T005216,U0179,2026-07-16 16:50:00,3482.91,D0651,M033,Pune,0,
T001719,U0058,2026-07-16 16:51:00,834.21,D0493,M027,Pune,0,
T007276,U0248,2026-07-16 16:54:00,952.1,D0495,M057,Lucknow,0,
T006439,U0220,2026-07-16 16:56:00,2476.0,D0850,M042,Mumbai,0,
T004766,U0163,2026-07-16 16:56:00,2148.77,D0352,M035,Ahmedabad,0,
T000599,U0020,2026-07-16 16:57:00,1449.62,D0806,M033,Mumbai,0,
T001423,U0047,2026-07-16 17:07:00,1606.3,D0117,M041,Pune,0,
T007188,U0246,2026-07-16 17:19:00,5012.46,D0201,M025,Delhi,0,
T001844,U0062,2026-07-16 17:19:00,352.93,D0584,M010,Hyderabad,0,
T005990,U0204,2026-07-16 17:21:00,1212.54,D0610,M021,Lucknow,0,
T002712,U0090,2026-07-16 17:22:00,981.84,D0194,M036,Lucknow,0,
T000691,U0023,2026-07-16 17:38:00,2898.35,D0148,M059,Lucknow,0,
T002905,U0095,2026-07-16 17:39:00,1247.23,D0808,M012,Jaipur,0,
T006198,U0211,2026-07-16 17:45:00,1618.15,D0230,M005,Kolkata,0,
T001957,U0066,2026-07-16 17:46:00,456.75,D0727,M054,Kolkata,0,
T000183,U0006,2026-07-16 17:47:00,4464.1,D0145,M045,Delhi,0,
T000397,U0014,2026-07-16 17:57:00,1595.0,D0871,M046,Kolkata,0,
T001007,U0034,2026-07-16 18:04:00,1458.53,D0213,M007,Chennai,0,
T005151,U0177,2026-07-16 18:05:00,1894.76,D0606,M039,Pune,0,
T002826,U0093,2026-07-16 18:08:00,1392.08,D0390,M057,Jaipur,0,
T004639,U0159,2026-07-16 18:13:00,2245.29,D0721,M007,Chennai,0,
T004222,U0143,2026-07-16 18:13:00,4732.73,D0517,M018,Jaipur,0,
T006899,U0235,2026-07-16 18:19:00,1018.38,D0225,M044,Pune,0,
T000346,U0011,2026-07-16 18:32:00,1129.35,D0151,M007,Chennai,0,
T001840,U0062,2026-07-16 18:43:00,562.1,D0584,M028,Hyderabad,0,
T002995,U0098,2026-07-16 18:45:00,611.08,D0222,M027,Kolkata,0,
T002403,U0080,2026-07-16 18:49:00,2702.95,D0312,M030,Jaipur,0,
T006035,U0206,2026-07-16 19:02:00,378.21,D0188,M009,Hyderabad,0,
T002445,U0082,2026-07-16 19:09:00,870.22,D0332,M052,Mumbai,0,
T007314,U0250,2026-07-16 19:13:00,3125.04,D0157,M026,Jaipur,0,
T001709,U0057,2026-07-16 19:18:00,1907.29,D0220,M007,Delhi,0,
T000835,U0028,2026-07-16 19:21:00,3776.25,D0207,M059,Pune,0,
T002615,U0087,2026-07-16 19:23:00,1023.29,D0536,M054,Ahmedabad,0,
T000098,U0003,2026-07-16 19:24:00,2613.12,D0149,M027,Delhi,0,
T003155,U0104,2026-07-16 19:28:00,3408.37,D0285,M035,Jaipur,0,
T005852,U0200,2026-07-16 19:33:00,6428.53,D0713,M050,Pune,0,
T001222,U0042,2026-07-16 19:34:00,2785.24,D0330,M018,Delhi,0,
T005813,U0198,2026-07-16 19:42:00,138.04,D0424,M048,Kolkata,0,
T000537,U0018,2026-07-16 19:46:00,1876.88,D0522,M026,Pune,0,
T002240,U0074,2026-07-16 19:56:00,1859.8,D0583,M004,Ahmedabad,0,
T002064,U0069,2026-07-16 19:57:00,4781.13,D0108,M060,Delhi,0,
T006303,U0215,2026-07-16 20:15:00,3203.26,D0821,M041,Ahmedabad,0,
T006604,U0226,2026-07-16 20:16:00,1654.37,D0794,M031,Jaipur,0,
T002906,U0095,2026-07-16 20:35:00,1206.01,D0808,M012,Jaipur,0,
T002616,U0087,2026-07-16 20:35:00,596.3,D0536,M013,Ahmedabad,0,
T007233,U0247,2026-07-16 20:46:00,2461.31,D0548,M029,Chennai,0,
T002658,U0088,2026-07-16 22:03:00,3236.17,D0182,M001,Bengaluru,0,
T006734,U0230,2026-07-16 22:10:00,1231.25,D0624,M038,Kolkata,0,
T002330,U0078,2026-07-16 23:08:00,2228.28,D0429,M042,Lucknow,0,
T003993,U0133,2026-07-16 23:54:00,3701.06,D0798,M047,Bengaluru,0,
T004577,U0157,2026-07-17 00:49:00,1033.65,D0427,M026,Bengaluru,0,
T007548,U0154,2026-07-17 03:54:00,14033.61,D0479,M028,Chennai,1,account_takeover
T001088,U0037,2026-07-17 04:06:00,1736.25,D0444,M060,Hyderabad,0,
T000954,U0032,2026-07-17 04:38:00,2357.69,D0017,M015,Chennai,0,
T004088,U0137,2026-07-17 04:41:00,2152.81,D0399,M019,Jaipur,0,
T005652,U0194,2026-07-17 04:55:00,3932.34,D0063,M045,Hyderabad,0,
T002382,U0080,2026-07-17 04:56:00,1661.19,D0312,M030,Jaipur,0,
T003329,U0110,2026-07-17 05:41:00,2720.92,D0144,M056,Mumbai,0,
T004145,U0141,2026-07-17 06:44:00,2125.7,D0544,M012,Kolkata,0,
T001540,U0052,2026-07-17 07:00:00,1245.09,D0573,M059,Pune,0,
T003842,U0127,2026-07-17 07:00:00,954.97,D0191,M017,Kolkata,0,
T006616,U0226,2026-07-17 07:11:00,2252.65,D0794,M037,Jaipur,0,
T000157,U0005,2026-07-17 07:15:00,4511.43,D0716,M008,Mumbai,0,
T003428,U0113,2026-07-17 07:17:00,2251.04,D0021,M021,Chennai,0,
T002136,U0071,2026-07-17 07:26:00,895.59,D0827,M048,Chennai,0,
T004447,U0152,2026-07-17 07:28:00,1338.57,D0890,M036,Ahmedabad,0,
T005433,U0186,2026-07-17 07:48:00,2827.19,D0447,M027,Pune,0,
T002095,U0069,2026-07-17 08:00:00,5657.55,D0108,M060,Delhi,0,
T006038,U0206,2026-07-17 08:09:00,1222.75,D0188,M046,Hyderabad,0,
T002160,U0071,2026-07-17 08:16:00,393.85,D0890,M048,Chennai,0,
T004385,U0150,2026-07-17 08:18:00,3895.34,D0454,M041,Delhi,0,
T005732,U0196,2026-07-17 08:20:00,1884.46,D0283,M022,Delhi,0,
T000803,U0026,2026-07-17 08:23:00,1270.67,D0111,M049,Lucknow,0,
T001412,U0047,2026-07-17 08:44:00,2015.64,D0117,M059,Pune,0,
T004806,U0165,2026-07-17 08:44:00,2089.0,D0232,M053,Jaipur,0,
T000405,U0014,2026-07-17 08:53:00,1964.45,D0237,M027,Kolkata,0,
T002199,U0073,2026-07-17 09:06:00,942.3,D0175,M056,Pune,0,
T005355,U0183,2026-07-17 09:07:00,1406.73,D0854,M028,Kolkata,0,
T002541,U0085,2026-07-17 09:07:00,1673.21,D0404,M052,Jaipur,0,
T006072,U0207,2026-07-17 09:10:00,1796.58,D0392,M038,Hyderabad,0,
T006184,U0211,2026-07-17 09:15:00,1188.09,D0230,M010,Kolkata,0,
T003292,U0109,2026-07-17 09:25:00,3924.03,D0831,M003,Pune,0,
T003386,U0112,2026-07-17 09:29:00,1181.21,D0704,M052,Jaipur,0,
T003833,U0127,2026-07-17 09:33:00,1081.21,D0743,M025,Kolkata,0,
T004610,U0158,2026-07-17 09:36:00,2871.21,D0070,M048,Delhi,0,
T006989,U0238,2026-07-17 09:40:00,2186.74,D0864,M019,Lucknow,0,
T003019,U0099,2026-07-17 09:49:00,821.75,D0081,M048,Mumbai,0,
T005860,U0200,2026-07-17 09:49:00,2283.45,D0713,M046,Pune,0,
T006424,U0219,2026-07-17 09:51:00,2607.53,D0826,M032,Chennai,0,
T001162,U0039,2026-07-17 09:52:00,4447.37,D0364,M054,Pune,0,
T003199,U0105,2026-07-17 09:52:00,902.65,D0715,M007,Mumbai,0,
T007306,U0250,2026-07-17 09:54:00,2090.44,D0157,M054,Jaipur,0,
T003282,U0109,2026-07-17 09:58:00,1799.27,D0831,M003,Pune,0,
T007205,U0246,2026-07-17 09:59:00,3984.25,D0518,M005,Delhi,0,
T005381,U0184,2026-07-17 09:59:00,3141.6,D0693,M032,Lucknow,0,
T007429,U0176,2026-07-17 10:00:00,77.03,D0510,M039,Hyderabad,1,velocity_burst
T007562,U0019,2026-07-17 10:00:00,2154.73,D0238,M027,Kolkata,1,device_ring
T007430,U0176,2026-07-17 10:02:00,42.27,D0510,M053,Hyderabad,1,velocity_burst
T007432,U0176,2026-07-17 10:03:00,129.13,D0510,M008,Hyderabad,1,velocity_burst
T007563,U0080,2026-07-17 10:03:00,1918.78,D0238,M027,Jaipur,1,device_ring
T007431,U0176,2026-07-17 10:04:00,26.1,D0510,M027,Hyderabad,1,velocity_burst
T007434,U0176,2026-07-17 10:05:00,129.1,D0510,M011,Hyderabad,1,velocity_burst
T007435,U0176,2026-07-17 10:06:00,84.9,D0510,M013,Hyderabad,1,velocity_burst
T005115,U0176,2026-07-17 10:06:00,3447.33,D0637,M010,Hyderabad,0,
T007436,U0176,2026-07-17 10:07:00,82.9,D0510,M056,Hyderabad,1,velocity_burst
T007433,U0176,2026-07-17 10:08:00,95.68,D0510,M051,Hyderabad,1,velocity_burst
T002806,U0092,2026-07-17 10:08:00,4231.93,D0167,M033,Lucknow,0,
T001549,U0052,2026-07-17 10:11:00,1916.8,D0573,M001,Pune,0,
T000233,U0008,2026-07-17 10:13:00,3277.36,D0702,M003,Kolkata,0,
T004190,U0143,2026-07-17 10:13:00,5036.01,D0159,M015,Jaipur,0,
T007564,U0107,2026-07-17 10:14:00,1090.66,D0238,M027,Bengaluru,1,device_ring
T002022,U0067,2026-07-17 10:16:00,923.33,D0345,M005,Hyderabad,0,
T007437,U0176,2026-07-17 10:16:00,57.67,D0510,M002,Hyderabad,1,velocity_burst
T007438,U0176,2026-07-17 10:18:00,66.85,D0510,M052,Hyderabad,1,velocity_burst
T001628,U0055,2026-07-17 10:18:00,445.3,D0612,M057,Kolkata,0,
T007439,U0176,2026-07-17 10:20:00,86.14,D0510,M014,Hyderabad,1,velocity_burst
T006637,U0227,2026-07-17 10:29:00,967.73,D0062,M025,Pune,0,
T004737,U0162,2026-07-17 10:29:00,3403.38,D0174,M022,Pune,0,
T001966,U0066,2026-07-17 10:31:00,1044.83,D0727,M050,Kolkata,0,
T006622,U0227,2026-07-17 10:36:00,1002.15,D0062,M025,Pune,0,
T000727,U0024,2026-07-17 10:39:00,3702.2,D0201,M031,Ahmedabad,0,
T000828,U0028,2026-07-17 10:44:00,2466.51,D0207,M008,Pune,0,
T002521,U0084,2026-07-17 10:46:00,1010.12,D0805,M025,Mumbai,0,
T005869,U0201,2026-07-17 10:58:00,1692.34,D0116,M016,Pune,0,
T005682,U0194,2026-07-17 11:00:00,3000.5,D0063,M027,Hyderabad,0,
T007499,U0029,2026-07-17 11:00:00,43.5,D0375,M040,Jaipur,1,velocity_burst
T005650,U0194,2026-07-17 11:00:00,3310.86,D0063,M045,Hyderabad,0,
T000236,U0008,2026-07-17 11:00:00,997.3,D0702,M033,Kolkata,0,
T007500,U0029,2026-07-17 11:01:00,128.58,D0375,M024,Jaipur,1,velocity_burst
T007502,U0029,2026-07-17 11:03:00,41.57,D0375,M016,Jaipur,1,velocity_burst
T007135,U0243,2026-07-17 11:03:00,2155.34,D0857,M047,Pune,0,
T007501,U0029,2026-07-17 11:04:00,32.41,D0375,M045,Jaipur,1,velocity_burst
T003562,U0118,2026-07-17 11:07:00,436.93,D0810,M025,Jaipur,0,
T007503,U0029,2026-07-17 11:08:00,82.22,D0375,M047,Jaipur,1,velocity_burst
T000551,U0019,2026-07-17 11:09:00,2559.67,D0397,M047,Kolkata,0,
T007504,U0029,2026-07-17 11:10:00,61.74,D0375,M034,Jaipur,1,velocity_burst
T007505,U0029,2026-07-17 11:12:00,93.26,D0375,M001,Jaipur,1,velocity_burst
T004144,U0140,2026-07-17 11:12:00,1277.79,D0330,M027,Ahmedabad,0,
T004359,U0148,2026-07-17 11:13:00,3190.08,D0393,M020,Mumbai,0,
T007506,U0029,2026-07-17 11:14:00,75.82,D0375,M015,Jaipur,1,velocity_burst
T007289,U0249,2026-07-17 11:16:00,796.95,D0068,M011,Kolkata,0,
T002750,U0091,2026-07-17 11:17:00,3956.08,D0712,M057,Mumbai,0,
T006299,U0215,2026-07-17 11:17:00,3943.2,D0863,M045,Ahmedabad,0,
T001154,U0039,2026-07-17 11:18:00,4289.28,D0364,M015,Pune,0,
T003908,U0129,2026-07-17 11:23:00,3027.96,D0066,M006,Kolkata,0,
T005067,U0174,2026-07-17 11:24:00,3187.29,D0862,M003,Hyderabad,0,
T006235,U0212,2026-07-17 11:31:00,1857.18,D0825,M049,Jaipur,0,
T005449,U0187,2026-07-17 11:31:00,5662.15,D0829,M043,Hyderabad,0,
T005521,U0189,2026-07-17 11:34:00,1504.24,D0410,M037,Lucknow,0,
T001029,U0035,2026-07-17 11:35:00,449.05,D0823,M017,Lucknow,0,
T003418,U0113,2026-07-17 11:40:00,1562.58,D0021,M021,Chennai,0,
T006761,U0231,2026-07-17 11:41:00,3342.92,D0749,M058,Bengaluru,0,
T002267,U0076,2026-07-17 11:43:00,1610.7,D0095,M036,Chennai,0,
T003206,U0106,2026-07-17 11:45:00,1395.12,D0082,M010,Hyderabad,0,
T000735,U0024,2026-07-17 11:45:00,2150.46,D0800,M019,Ahmedabad,0,
T007129,U0243,2026-07-17 11:46:00,1968.55,D0862,M032,Pune,0,
T000775,U0026,2026-07-17 11:48:00,2118.87,D0111,M010,Lucknow,0,
T006292,U0214,2026-07-17 11:49:00,459.94,D0674,M019,Jaipur,0,
T001933,U0065,2026-07-17 11:50:00,852.5,D0632,M033,Bengaluru,0,
T004865,U0167,2026-07-17 11:52:00,2415.22,D0298,M033,Hyderabad,0,
T007060,U0241,2026-07-17 11:53:00,303.76,D0020,M035,Lucknow,0,
T001599,U0054,2026-07-17 11:54:00,2718.15,D0255,M007,Lucknow,0,
T002622,U0087,2026-07-17 11:55:00,358.71,D0536,M029,Ahmedabad,0,
T003588,U0119,2026-07-17 12:01:00,917.86,D0668,M015,Ahmedabad,0,
T005574,U0191,2026-07-17 12:06:00,1281.55,D0348,M022,Bengaluru,0,
T000787,U0026,2026-07-17 12:11:00,4415.35,D0111,M049,Lucknow,0,
T006271,U0214,2026-07-17 12:12:00,1028.09,D0674,M024,Jaipur,0,
T002325,U0078,2026-07-17 12:12:00,3725.24,D0429,M038,Lucknow,0,
T004003,U0133,2026-07-17 12:13:00,3002.73,D0798,M010,Bengaluru,0,
T006167,U0210,2026-07-17 12:16:00,4576.21,D0721,M015,Jaipur,0,
T002597,U0086,2026-07-17 12:22:00,2106.9,D0726,M037,Bengaluru,0,
T006361,U0217,2026-07-17 12:22:00,6231.86,D0427,M012,Bengaluru,0,
T005392,U0185,2026-07-17 12:30:00,740.9,D0146,M044,Pune,0,
T000481,U0016,2026-07-17 12:32:00,347.04,D0647,M006,Ahmedabad,0,
T003302,U0109,2026-07-17 12:35:00,4686.67,D0831,M003,Pune,0,
T006166,U0210,2026-07-17 12:35:00,3410.4,D0573,M058,Jaipur,0,
T006780,U0231,2026-07-17 12:36:00,4086.9,D0749,M028,Bengaluru,0,
T005625,U0193,2026-07-17 12:37:00,3320.41,D0709,M009,Jaipur,0,
T003546,U0118,2026-07-17 12:39:00,693.87,D0810,M005,Jaipur,0,
T004804,U0165,2026-07-17 12:42:00,2810.33,D0232,M007,Jaipur,0,
T003948,U0131,2026-07-17 12:48:00,1760.59,D0804,M009,Bengaluru,0,
T000806,U0027,2026-07-17 12:49:00,269.34,D0041,M059,Jaipur,0,
T004778,U0164,2026-07-17 12:54:00,2833.24,D0289,M059,Kolkata,0,
T002844,U0093,2026-07-17 12:57:00,1285.99,D0390,M055,Jaipur,0,
T003006,U0099,2026-07-17 12:58:00,1625.61,D0081,M002,Mumbai,0,
T001509,U0050,2026-07-17 13:01:00,2995.01,D0142,M032,Bengaluru,0,
T004748,U0163,2026-07-17 13:06:00,3477.79,D0352,M058,Ahmedabad,0,
T001753,U0059,2026-07-17 13:07:00,3796.39,D0090,M043,Mumbai,0,
T003064,U0101,2026-07-17 13:12:00,2350.39,D0807,M015,Chennai,0,
T000998,U0033,2026-07-17 13:20:00,1439.73,D0677,M060,Lucknow,0,
T005482,U0188,2026-07-17 13:22:00,5994.41,D0422,M028,Mumbai,0,
T005010,U0173,2026-07-17 13:24:00,4040.37,D0073,M022,Chennai,0,
T006391,U0218,2026-07-17 13:25:00,347.79,D0225,M018,Lucknow,0,
T005182,U0178,2026-07-17 13:26:00,1221.23,D0489,M049,Jaipur,0,
T001595,U0054,2026-07-17 13:27:00,446.09,D0255,M007,Lucknow,0,
T002349,U0078,2026-07-17 13:30:00,2458.6,D0886,M042,Lucknow,0,
T005987,U0204,2026-07-17 13:32:00,1687.49,D0610,M058,Lucknow,0,
T000473,U0016,2026-07-17 13:32:00,528.72,D0647,M024,Ahmedabad,0,
T002666,U0088,2026-07-17 13:33:00,3863.65,D0182,M039,Bengaluru,0,
T006784,U0232,2026-07-17 13:36:00,1943.93,D0836,M036,Chennai,0,
T000300,U0010,2026-07-17 13:37:00,1085.04,D0767,M040,Delhi,0,
T001274,U0043,2026-07-17 13:38:00,500.49,D0414,M013,Jaipur,0,
T002578,U0086,2026-07-17 13:41:00,4131.93,D0726,M046,Bengaluru,0,
T005807,U0198,2026-07-17 13:44:00,289.43,D0897,M053,Kolkata,0,
T002925,U0096,2026-07-17 13:48:00,1626.96,D0002,M060,Pune,0,
T006011,U0206,2026-07-17 13:50:00,699.88,D0188,M044,Hyderabad,0,
T006982,U0238,2026-07-17 13:52:00,2762.52,D0718,M019,Lucknow,0,
T000248,U0008,2026-07-17 14:00:00,1800.21,D0702,M026,Kolkata,0,
T001119,U0038,2026-07-17 14:01:00,2987.0,D0045,M055,Hyderabad,0,
T001478,U0049,2026-07-17 14:01:00,2255.87,D0655,M020,Chennai,0,
T002688,U0089,2026-07-17 14:06:00,1110.72,D0487,M053,Lucknow,0,
T003540,U0117,2026-07-17 14:17:00,3275.86,D0795,M015,Kolkata,0,
T000839,U0028,2026-07-17 14:23:00,1816.08,D0207,M002,Pune,0,
T006226,U0212,2026-07-17 14:25:00,2616.5,D0825,M047,Jaipur,0,
T002652,U0088,2026-07-17 14:26:00,4471.14,D0182,M039,Bengaluru,0,
T005927,U0203,2026-07-17 14:28:00,846.98,D0603,M048,Mumbai,0,
T001013,U0034,2026-07-17 14:28:00,1524.95,D0213,M047,Chennai,0,
T002147,U0071,2026-07-17 14:30:00,275.29,D0890,M047,Chennai,0,
T005071,U0174,2026-07-17 14:32:00,3866.04,D0862,M041,Hyderabad,0,
T000145,U0004,2026-07-17 14:37:00,2116.36,D0040,M045,Pune,0,
T001975,U0066,2026-07-17 14:38:00,740.55,D0461,M051,Kolkata,0,
T003419,U0113,2026-07-17 14:39:00,2141.44,D0021,M055,Chennai,0,
T004898,U0169,2026-07-17 14:41:00,823.18,D0220,M043,Hyderabad,0,
T007329,U0250,2026-07-17 14:41:00,4849.71,D0157,M044,Jaipur,0,
T007593,U0109,2026-07-17 14:41:00,6074.46,D0831,M018,Pune,1,zero_day_drain
T004333,U0147,2026-07-17 14:48:00,388.53,D0823,M018,Hyderabad,0,
T006592,U0225,2026-07-17 14:48:00,1961.07,D0028,M031,Mumbai,0,
T001691,U0057,2026-07-17 14:52:00,1383.16,D0052,M052,Delhi,0,
T002710,U0090,2026-07-17 14:52:00,1382.28,D0667,M036,Lucknow,0,
T000797,U0026,2026-07-17 14:52:00,2678.91,D0111,M053,Lucknow,0,
T000063,U0002,2026-07-17 14:53:00,3928.3,D0834,M047,Chennai,0,
T001789,U0061,2026-07-17 14:57:00,1983.65,D0515,M033,Delhi,0,
T006402,U0218,2026-07-17 14:59:00,431.36,D0225,M014,Lucknow,0,
T000618,U0020,2026-07-17 15:01:00,2098.92,D0806,M033,Mumbai,0,
T005153,U0177,2026-07-17 15:05:00,2134.41,D0606,M007,Pune,0,
T000858,U0029,2026-07-17 15:06:00,3120.77,D0180,M008,Jaipur,0,
T004114,U0139,2026-07-17 15:12:00,2325.23,D0275,M022,Kolkata,0,
T002462,U0082,2026-07-17 15:14:00,1194.62,D0044,M042,Mumbai,0,
T006860,U0234,2026-07-17 15:14:00,3960.42,D0029,M038,Jaipur,0,
T004849,U0166,2026-07-17 15:16:00,472.43,D0555,M002,Lucknow,0,
T000097,U0003,2026-07-17 15:17:00,3399.83,D0682,M004,Delhi,0,
T004094,U0138,2026-07-17 15:17:00,1184.49,D0687,M028,Lucknow,0,
T007162,U0244,2026-07-17 15:18:00,3443.88,D0640,M019,Mumbai,0,
T002715,U0090,2026-07-17 15:22:00,1951.98,D0194,M036,Lucknow,0,
T003584,U0119,2026-07-17 15:23:00,2960.06,D0555,M030,Ahmedabad,0,
T005184,U0178,2026-07-17 15:24:00,2048.71,D0489,M046,Jaipur,0,
T004150,U0141,2026-07-17 15:27:00,1818.7,D0105,M058,Kolkata,0,
T003161,U0104,2026-07-17 15:29:00,1865.6,D0112,M014,Jaipur,0,
T003852,U0128,2026-07-17 15:30:00,2569.81,D0137,M039,Chennai,0,
T004009,U0134,2026-07-17 15:39:00,4568.84,D0117,M043,Delhi,0,
T006154,U0210,2026-07-17 15:40:00,1140.55,D0573,M015,Jaipur,0,
T003787,U0125,2026-07-17 15:42:00,3588.74,D0002,M032,Pune,0,
T002590,U0086,2026-07-17 15:47:00,6695.52,D0726,M046,Bengaluru,0,
T000017,U0001,2026-07-17 15:47:00,2328.93,D0395,M039,Mumbai,0,
T000627,U0021,2026-07-17 15:53:00,1968.54,D0844,M059,Jaipur,0,
T004909,U0169,2026-07-17 15:55:00,982.56,D0220,M043,Hyderabad,0,
T004698,U0161,2026-07-17 15:58:00,2708.2,D0154,M017,Lucknow,0,
T000433,U0015,2026-07-17 16:12:00,3959.99,D0633,M042,Pune,0,
T007305,U0250,2026-07-17 16:15:00,4993.66,D0339,M026,Jaipur,0,
T006933,U0236,2026-07-17 16:17:00,1674.29,D0675,M032,Delhi,0,
T002340,U0078,2026-07-17 16:17:00,938.31,D0886,M029,Lucknow,0,
T002101,U0069,2026-07-17 16:20:00,3871.76,D0108,M029,Delhi,0,
T001588,U0053,2026-07-17 16:24:00,133.05,D0284,M055,Lucknow,0,
T000585,U0020,2026-07-17 16:26:00,1964.43,D0806,M007,Mumbai,0,
T001973,U0066,2026-07-17 16:34:00,817.67,D0727,M031,Kolkata,0,
T006955,U0237,2026-07-17 16:38:00,2487.87,D0290,M014,Chennai,0,
T000533,U0018,2026-07-17 16:38:00,2753.78,D0402,M002,Pune,0,
T007042,U0240,2026-07-17 16:42:00,769.26,D0683,M002,Chennai,0,
T005626,U0193,2026-07-17 16:47:00,2641.0,D0709,M017,Jaipur,0,
T006477,U0221,2026-07-17 16:49:00,3462.27,D0718,M024,Chennai,0,
T000869,U0029,2026-07-17 16:51:00,2039.86,D0180,M048,Jaipur,0,
T005127,U0177,2026-07-17 16:57:00,3476.79,D0606,M058,Pune,0,
T004818,U0165,2026-07-17 16:57:00,1706.09,D0232,M060,Jaipur,0,
T002201,U0073,2026-07-17 17:00:00,3433.47,D0175,M056,Pune,0,
T003900,U0129,2026-07-17 17:05:00,3365.82,D0066,M032,Kolkata,0,
T006835,U0233,2026-07-17 17:28:00,2595.77,D0871,M033,Hyderabad,0,
T000237,U0008,2026-07-17 17:28:00,941.32,D0702,M009,Kolkata,0,
T000484,U0016,2026-07-17 17:28:00,338.47,D0647,M006,Ahmedabad,0,
T002751,U0091,2026-07-17 17:30:00,2231.35,D0712,M050,Mumbai,0,
T006606,U0226,2026-07-17 17:32:00,2666.97,D0794,M026,Jaipur,0,
T001018,U0034,2026-07-17 17:36:00,2022.19,D0213,M055,Chennai,0,
T004053,U0136,2026-07-17 17:42:00,317.96,D0021,M022,Bengaluru,0,
T006878,U0235,2026-07-17 17:48:00,1229.82,D0225,M051,Pune,0,
T003680,U0121,2026-07-17 17:57:00,754.94,D0160,M012,Bengaluru,0,
T005147,U0177,2026-07-17 18:06:00,1690.85,D0606,M031,Pune,0,
T003765,U0124,2026-07-17 18:13:00,1002.88,D0856,M032,Lucknow,0,
T003112,U0102,2026-07-17 18:19:00,931.97,D0731,M035,Lucknow,0,
T004170,U0142,2026-07-17 18:30:00,764.57,D0838,M053,Chennai,0,
T001950,U0065,2026-07-17 18:34:00,2339.98,D0530,M015,Bengaluru,0,
T005448,U0187,2026-07-17 18:55:00,4759.2,D0829,M043,Hyderabad,0,
T006132,U0209,2026-07-17 18:59:00,4867.43,D0118,M011,Chennai,0,
T001326,U0044,2026-07-17 19:04:00,760.2,D0661,M042,Kolkata,0,
T004436,U0151,2026-07-17 19:05:00,2490.71,D0683,M011,Lucknow,0,
T003185,U0105,2026-07-17 19:19:00,925.73,D0715,M056,Mumbai,0,
T001248,U0042,2026-07-17 19:32:00,2509.52,D0663,M022,Delhi,0,
T005730,U0196,2026-07-17 19:35:00,860.07,D0283,M022,Delhi,0,
T006542,U0224,2026-07-17 19:44:00,6972.89,D0191,M006,Bengaluru,0,
T003550,U0118,2026-07-17 19:46:00,532.25,D0095,M025,Jaipur,0,
T007283,U0248,2026-07-17 19:51:00,663.82,D0495,M049,Lucknow,0,
T003054,U0100,2026-07-17 20:09:00,3442.6,D0512,M040,Kolkata,0,
T003076,U0101,2026-07-17 20:14:00,1617.2,D0807,M055,Chennai,0,
T003582,U0119,2026-07-17 20:16:00,3642.9,D0668,M015,Ahmedabad,0,
T000357,U0012,2026-07-17 20:33:00,1319.14,D0450,M029,Chennai,0,
T001513,U0050,2026-07-17 20:45:00,2458.49,D0142,M026,Bengaluru,0,
T007068,U0241,2026-07-17 20:48:00,193.43,D0020,M027,Lucknow,0,
T000111,U0004,2026-07-17 20:55:00,1087.11,D0040,M045,Pune,0,
T003606,U0119,2026-07-17 21:25:00,3443.66,D0668,M028,Ahmedabad,0,
T005431,U0186,2026-07-17 21:27:00,2190.54,D0478,M030,Pune,0,
T005680,U0194,2026-07-17 21:30:00,3702.89,D0063,M014,Hyderabad,0,
T004829,U0165,2026-07-17 21:32:00,1578.95,D0232,M011,Jaipur,0,
T002478,U0083,2026-07-17 21:37:00,2890.08,D0210,M016,Pune,0,
T003128,U0103,2026-07-17 21:59:00,4114.61,D0662,M002,Ahmedabad,0,
T000150,U0005,2026-07-17 22:32:00,2659.6,D0716,M008,Mumbai,0,
T001683,U0057,2026-07-17 22:51:00,2142.85,D0220,M052,Delhi,0,
T001307,U0044,2026-07-17 22:57:00,715.9,D0661,M042,Kolkata,0,
T002432,U0082,2026-07-17 23:31:00,1753.29,D0044,M042,Mumbai,0,
T002464,U0083,2026-07-17 23:39:00,1213.26,D0772,M016,Pune,0,
T006480,U0221,2026-07-18 01:52:00,3778.09,D0221,M021,Chennai,0,
T006576,U0224,2026-07-18 02:09:00,5518.64,D0191,M006,Bengaluru,0,
T006130,U0209,2026-07-18 02:30:00,3594.4,D0118,M028,Chennai,0,
T005152,U0177,2026-07-18 04:11:00,2038.04,D0606,M007,Pune,0,
T003531,U0117,2026-07-18 04:15:00,4720.02,D0795,M015,Kolkata,0,
T002075,U0069,2026-07-18 04:51:00,2382.1,D0108,M060,Delhi,0,
T005783,U0198,2026-07-18 05:07:00,508.53,D0424,M060,Kolkata,0,
T001171,U0040,2026-07-18 05:26:00,3167.36,D0743,M051,Kolkata,0,
T006713,U0229,2026-07-18 05:52:00,662.19,D0886,M014,Pune,0,
T006642,U0227,2026-07-18 06:28:00,1584.13,D0062,M025,Pune,0,
T000065,U0002,2026-07-18 06:39:00,2182.66,D0834,M023,Chennai,0,
T001727,U0058,2026-07-18 07:00:00,1547.87,D0493,M027,Pune,0,
T007328,U0250,2026-07-18 07:01:00,3723.43,D0339,M031,Jaipur,0,
T000545,U0018,2026-07-18 07:08:00,2273.12,D0522,M026,Pune,0,
T002789,U0092,2026-07-18 07:11:00,3984.79,D0167,M033,Lucknow,0,
T001616,U0054,2026-07-18 07:14:00,1192.56,D0255,M040,Lucknow,0,
T003633,U0120,2026-07-18 07:37:00,1060.3,D0266,M007,Hyderabad,0,
T006174,U0211,2026-07-18 07:41:00,1060.56,D0230,M005,Kolkata,0,
T007184,U0246,2026-07-18 07:49:00,4590.99,D0518,M011,Delhi,0,
T004955,U0171,2026-07-18 07:55:00,2148.57,D0455,M039,Lucknow,0,
T000525,U0018,2026-07-18 08:00:00,1323.99,D0402,M033,Pune,0,
T003832,U0127,2026-07-18 08:14:00,847.92,D0743,M029,Kolkata,0,
T000927,U0031,2026-07-18 08:17:00,2486.98,D0674,M001,Jaipur,0,
T004007,U0134,2026-07-18 08:19:00,2251.99,D0117,M041,Delhi,0,
T001800,U0061,2026-07-18 08:35:00,1928.33,D0784,M033,Delhi,0,
T007167,U0245,2026-07-18 08:39:00,96.52,D0200,M038,Hyderabad,0,
T000878,U0029,2026-07-18 08:45:00,1369.66,D0375,M005,Jaipur,0,
T001350,U0045,2026-07-18 08:47:00,2348.97,D0572,M009,Lucknow,0,
T000972,U0032,2026-07-18 08:54:00,1854.28,D0597,M048,Chennai,0,
T007037,U0240,2026-07-18 08:57:00,533.21,D0683,M056,Chennai,0,
T004545,U0156,2026-07-18 08:59:00,350.14,D0756,M029,Ahmedabad,0,
T007173,U0245,2026-07-18 09:01:00,460.07,D0200,M029,Hyderabad,0,
T005193,U0178,2026-07-18 09:01:00,1434.32,D0489,M025,Jaipur,0,
T000518,U0017,2026-07-18 09:07:00,5891.49,D0170,M038,Pune,0,
T000967,U0032,2026-07-18 09:09:00,2484.28,D0597,M059,Chennai,0,
T005701,U0195,2026-07-18 09:23:00,3063.68,D0306,M029,Delhi,0,
T002607,U0087,2026-07-18 09:27:00,680.29,D0660,M013,Ahmedabad,0,
T006336,U0216,2026-07-18 09:28:00,2224.54,D0864,M049,Pune,0,
T001560,U0052,2026-07-18 09:45:00,951.71,D0573,M059,Pune,0,
T001787,U0061,2026-07-18 09:48:00,3814.51,D0515,M015,Delhi,0,
T004983,U0172,2026-07-18 09:48:00,3534.4,D0403,M059,Chennai,0,
T006272,U0214,2026-07-18 09:52:00,1307.58,D0674,M007,Jaipur,0,
T005171,U0178,2026-07-18 09:53:00,1554.75,D0489,M025,Jaipur,0,
T002496,U0084,2026-07-18 09:56:00,1673.66,D0549,M051,Mumbai,0,
T002486,U0084,2026-07-18 09:57:00,1008.32,D0805,M032,Mumbai,0,
T004721,U0162,2026-07-18 09:59:00,6054.76,D0174,M006,Pune,0,
T000743,U0025,2026-07-18 10:02:00,1874.07,D0797,M043,Chennai,0,
T000643,U0022,2026-07-18 10:08:00,1053.94,D0279,M019,Mumbai,0,
T002469,U0083,2026-07-18 10:16:00,1991.17,D0772,M056,Pune,0,
T000944,U0032,2026-07-18 10:19:00,4106.3,D0597,M048,Chennai,0,
T003462,U0114,2026-07-18 10:31:00,344.2,D0541,M053,Hyderabad,0,
T005553,U0190,2026-07-18 10:31:00,2256.8,D0382,M029,Lucknow,0,
T004361,U0148,2026-07-18 10:33:00,3992.83,D0393,M045,Mumbai,0,
T001445,U0048,2026-07-18 10:35:00,897.55,D0540,M008,Jaipur,0,
T003864,U0128,2026-07-18 10:36:00,1794.11,D0137,M055,Chennai,0,
T005791,U0198,2026-07-18 10:39:00,371.45,D0897,M060,Kolkata,0,
T004401,U0150,2026-07-18 10:46:00,3348.45,D0454,M043,Delhi,0,
T006634,U0227,2026-07-18 10:50:00,1807.9,D0062,M060,Pune,0,
T002263,U0075,2026-07-18 10:54:00,2989.0,D0766,M052,Hyderabad,0,
T004757,U0163,2026-07-18 11:06:00,1521.73,D0656,M035,Ahmedabad,0,
T005201,U0178,2026-07-18 11:07:00,1866.0,D0489,M041,Jaipur,0,
T004105,U0139,2026-07-18 11:08:00,3126.07,D0275,M022,Kolkata,0,
T004101,U0138,2026-07-18 11:11:00,2115.51,D0687,M028,Lucknow,0,
T007021,U0239,2026-07-18 11:25:00,980.15,D0371,M045,Hyderabad,0,
T007318,U0250,2026-07-18 11:26:00,1599.57,D0157,M034,Jaipur,0,
T004479,U0153,2026-07-18 11:27:00,1578.76,D0260,M032,Chennai,0,
T005763,U0197,2026-07-18 11:32:00,2176.38,D0810,M004,Ahmedabad,0,
T005808,U0198,2026-07-18 11:32:00,107.85,D0897,M050,Kolkata,0,
T006632,U0227,2026-07-18 11:34:00,1071.65,D0062,M060,Pune,0,
T006054,U0207,2026-07-18 11:35:00,2783.38,D0392,M050,Hyderabad,0,
T001507,U0050,2026-07-18 11:40:00,4269.21,D0142,M026,Bengaluru,0,
T000128,U0004,2026-07-18 11:43:00,309.94,D0040,M045,Pune,0,
T002040,U0068,2026-07-18 11:44:00,1009.14,D0301,M018,Mumbai,0,
T001553,U0052,2026-07-18 11:51:00,1652.29,D0111,M033,Pune,0,
T002207,U0073,2026-07-18 11:55:00,2609.47,D0175,M056,Pune,0,
T000061,U0002,2026-07-18 11:55:00,2637.13,D0834,M027,Chennai,0,
T003941,U0130,2026-07-18 12:00:00,3523.49,D0892,M011,Ahmedabad,0,
T005526,U0189,2026-07-18 12:03:00,1970.99,D0410,M044,Lucknow,0,
T001330,U0044,2026-07-18 12:06:00,1309.82,D0661,M012,Kolkata,0,
T005765,U0197,2026-07-18 12:08:00,3494.39,D0810,M056,Ahmedabad,0,
T003559,U0118,2026-07-18 12:14:00,545.65,D0095,M025,Jaipur,0,
T004932,U0170,2026-07-18 12:17:00,462.78,D0714,M042,Chennai,0,
T000274,U0009,2026-07-18 12:19:00,216.24,D0688,M019,Ahmedabad,0,
T005895,U0201,2026-07-18 12:20:00,1335.02,D0116,M048,Pune,0,
T001035,U0035,2026-07-18 12:23:00,254.76,D0823,M059,Lucknow,0,
T004129,U0140,2026-07-18 12:25:00,623.11,D0330,M048,Ahmedabad,0,
T001339,U0045,2026-07-18 12:26:00,3377.36,D0572,M005,Lucknow,0,
T001601,U0054,2026-07-18 12:53:00,2659.47,D0700,M060,Lucknow,0,
T007094,U0242,2026-07-18 12:53:00,1711.67,D0534,M009,Ahmedabad,0,
T003844,U0127,2026-07-18 12:53:00,287.71,D0743,M017,Kolkata,0,
T003641,U0120,2026-07-18 12:55:00,425.74,D0266,M045,Hyderabad,0,
T005663,U0194,2026-07-18 12:59:00,2580.34,D0063,M046,Hyderabad,0,
T002551,U0085,2026-07-18 13:01:00,4860.78,D0404,M052,Jaipur,0,
T001049,U0035,2026-07-18 13:02:00,673.23,D0823,M033,Lucknow,0,
T001320,U0044,2026-07-18 13:03:00,825.78,D0661,M036,Kolkata,0,
T005554,U0190,2026-07-18 13:08:00,3116.62,D0382,M003,Lucknow,0,
T005345,U0183,2026-07-18 13:10:00,1517.86,D0562,M014,Kolkata,0,
T002619,U0087,2026-07-18 13:11:00,575.09,D0536,M030,Ahmedabad,0,
T007139,U0243,2026-07-18 13:14:00,734.31,D0862,M029,Pune,0,
T003074,U0101,2026-07-18 13:15:00,1968.74,D0807,M015,Chennai,0,
T002459,U0082,2026-07-18 13:17:00,1860.88,D0332,M001,Mumbai,0,
T003487,U0116,2026-07-18 13:17:00,2148.58,D0182,M059,Ahmedabad,0,
T007308,U0250,2026-07-18 13:18:00,4811.87,D0157,M026,Jaipur,0,
T006362,U0217,2026-07-18 13:18:00,6987.19,D0427,M024,Bengaluru,0,
T001369,U0046,2026-07-18 13:19:00,1892.65,D0715,M015,Hyderabad,0,
T001738,U0059,2026-07-18 13:21:00,4416.95,D0090,M004,Mumbai,0,
T002158,U0071,2026-07-18 13:25:00,565.26,D0827,M040,Chennai,0,
T007231,U0247,2026-07-18 13:25:00,5624.76,D0548,M029,Chennai,0,
T005731,U0196,2026-07-18 13:25:00,1102.67,D0283,M022,Delhi,0,
T001982,U0066,2026-07-18 13:27:00,1565.82,D0727,M050,Kolkata,0,
T003094,U0102,2026-07-18 13:29:00,941.1,D0731,M013,Lucknow,0,
T003222,U0106,2026-07-18 13:30:00,1391.44,D0082,M017,Hyderabad,0,
T002599,U0087,2026-07-18 13:31:00,704.91,D0660,M013,Ahmedabad,0,
T003310,U0109,2026-07-18 13:36:00,2963.37,D0831,M053,Pune,0,
T000279,U0009,2026-07-18 13:38:00,1441.26,D0688,M032,Ahmedabad,0,
T004642,U0159,2026-07-18 13:43:00,5254.01,D0721,M007,Chennai,0,
T000185,U0006,2026-07-18 13:47:00,4275.06,D0145,M027,Delhi,0,
T001098,U0037,2026-07-18 13:50:00,740.06,D0444,M014,Hyderabad,0,
T006254,U0213,2026-07-18 13:52:00,2891.59,D0116,M043,Hyderabad,0,
T003432,U0113,2026-07-18 13:52:00,2502.21,D0410,M055,Chennai,0,
T000211,U0007,2026-07-18 13:56:00,4783.86,D0749,M048,Kolkata,0,
T001640,U0055,2026-07-18 13:59:00,495.27,D0612,M014,Kolkata,0,
T002435,U0082,2026-07-18 13:59:00,1256.6,D0044,M037,Mumbai,0,
T005564,U0190,2026-07-18 14:00:00,3737.69,D0382,M003,Lucknow,0,
T004265,U0145,2026-07-18 14:00:00,3513.43,D0160,M040,Delhi,0,
T005719,U0196,2026-07-18 14:02:00,506.45,D0283,M016,Delhi,0,
T006390,U0218,2026-07-18 14:03:00,365.97,D0271,M036,Lucknow,0,
T003052,U0100,2026-07-18 14:05:00,602.43,D0512,M051,Kolkata,0,
T007206,U0246,2026-07-18 14:06:00,5200.99,D0201,M011,Delhi,0,
T003350,U0111,2026-07-18 14:09:00,2539.8,D0309,M039,Delhi,0,
T001992,U0066,2026-07-18 14:17:00,1045.16,D0727,M050,Kolkata,0,
T002097,U0069,2026-07-18 14:20:00,971.41,D0108,M005,Delhi,0,
T003339,U0110,2026-07-18 14:22:00,5887.77,D0144,M021,Mumbai,0,
T002723,U0090,2026-07-18 14:26:00,879.4,D0667,M050,Lucknow,0,
T006569,U0224,2026-07-18 14:31:00,3823.03,D0191,M012,Bengaluru,0,
T003230,U0107,2026-07-18 14:39:00,1014.27,D0752,M004,Bengaluru,0,
T000605,U0020,2026-07-18 14:42:00,1381.02,D0806,M018,Mumbai,0,
T001730,U0058,2026-07-18 14:42:00,895.76,D0670,M010,Pune,0,
T004644,U0159,2026-07-18 14:43:00,2562.67,D0721,M002,Chennai,0,
T002772,U0091,2026-07-18 14:46:00,2773.64,D0226,M035,Mumbai,0,
T003989,U0132,2026-07-18 14:53:00,3015.07,D0418,M020,Kolkata,0,
T004364,U0148,2026-07-18 14:55:00,4622.07,D0393,M020,Mumbai,0,
T000028,U0001,2026-07-18 15:02:00,1014.82,D0588,M031,Mumbai,0,
T001188,U0041,2026-07-18 15:04:00,2389.19,D0055,M026,Delhi,0,
T001028,U0034,2026-07-18 15:06:00,1507.42,D0213,M047,Chennai,0,
T005836,U0199,2026-07-18 15:07:00,1258.25,D0422,M024,Hyderabad,0,
T005154,U0177,2026-07-18 15:11:00,2224.29,D0606,M008,Pune,0,
T006281,U0214,2026-07-18 15:12:00,2211.14,D0674,M019,Jaipur,0,
T001318,U0044,2026-07-18 15:16:00,661.24,D0661,M036,Kolkata,0,
T003700,U0122,2026-07-18 15:19:00,3417.88,D0477,M010,Ahmedabad,0,
T000295,U0009,2026-07-18 15:19:00,2503.67,D0072,M033,Ahmedabad,0,
T003162,U0104,2026-07-18 15:24:00,3596.54,D0285,M014,Jaipur,0,
T000630,U0021,2026-07-18 15:25:00,2677.2,D0844,M036,Jaipur,0,
T001769,U0060,2026-07-18 15:29:00,5502.37,D0156,M045,Ahmedabad,0,
T004786,U0164,2026-07-18 15:32:00,2646.01,D0289,M004,Kolkata,0,
T004270,U0145,2026-07-18 15:33:00,4496.36,D0160,M022,Delhi,0,
T001792,U0061,2026-07-18 15:34:00,2921.26,D0784,M033,Delhi,0,
T003151,U0104,2026-07-18 15:36:00,4239.98,D0285,M035,Jaipur,0,
T001783,U0061,2026-07-18 15:41:00,2010.25,D0784,M056,Delhi,0,
T007118,U0243,2026-07-18 15:47:00,1961.7,D0857,M047,Pune,0,
T002404,U0080,2026-07-18 15:50:00,1322.95,D0005,M003,Jaipur,0,
T005890,U0201,2026-07-18 15:54:00,1753.64,D0116,M048,Pune,0,
T003264,U0108,2026-07-18 15:55:00,6132.31,D0167,M043,Ahmedabad,0,
T003777,U0124,2026-07-18 15:55:00,873.18,D0856,M010,Lucknow,0,
T000649,U0022,2026-07-18 15:58:00,1473.65,D0334,M058,Mumbai,0,
T006474,U0221,2026-07-18 15:59:00,1939.84,D0718,M002,Chennai,0,
T000244,U0008,2026-07-18 16:03:00,1567.83,D0702,M026,Kolkata,0,
T004283,U0146,2026-07-18 16:13:00,810.12,D0355,M011,Ahmedabad,0,
T005059,U0174,2026-07-18 16:14:00,3061.85,D0862,M003,Hyderabad,0,
T005939,U0203,2026-07-18 16:20:00,418.04,D0173,M014,Mumbai,0,
T007059,U0241,2026-07-18 16:25:00,117.83,D0020,M006,Lucknow,0,
T004799,U0165,2026-07-18 16:26:00,3635.52,D0479,M052,Jaipur,0,
T003250,U0107,2026-07-18 16:27:00,1018.66,D0878,M036,Bengaluru,0,
T002901,U0095,2026-07-18 16:32:00,2794.34,D0808,M012,Jaipur,0,
T001946,U0065,2026-07-18 16:36:00,1396.08,D0530,M037,Bengaluru,0,
T004680,U0161,2026-07-18 16:38:00,1653.4,D0154,M028,Lucknow,0,
T002581,U0086,2026-07-18 16:45:00,3576.69,D0726,M037,Bengaluru,0,
T001644,U0055,2026-07-18 16:47:00,292.55,D0612,M027,Kolkata,0,
T001228,U0042,2026-07-18 16:59:00,1671.59,D0663,M040,Delhi,0,
T002208,U0073,2026-07-18 17:07:00,2197.22,D0175,M030,Pune,0,
T006553,U0224,2026-07-18 17:17:00,4932.55,D0191,M008,Bengaluru,0,
T002519,U0084,2026-07-18 17:22:00,2143.18,D0549,M032,Mumbai,0,
T005452,U0187,2026-07-18 17:30:00,3414.83,D0829,M015,Hyderabad,0,
T004768,U0163,2026-07-18 17:46:00,2846.68,D0656,M027,Ahmedabad,0,
T001430,U0047,2026-07-18 17:48:00,2909.73,D0117,M041,Pune,0,
T004033,U0135,2026-07-18 17:49:00,2468.27,D0549,M018,Jaipur,0,
T001942,U0065,2026-07-18 17:50:00,1687.34,D0530,M033,Bengaluru,0,
T001355,U0046,2026-07-18 17:52:00,3828.14,D0838,M043,Hyderabad,0,
T007208,U0246,2026-07-18 17:52:00,3206.92,D0518,M025,Delhi,0,
T004468,U0153,2026-07-18 18:02:00,514.86,D0260,M001,Chennai,0,
T003694,U0122,2026-07-18 18:08:00,1213.65,D0648,M014,Ahmedabad,0,
T003009,U0099,2026-07-18 18:09:00,1021.93,D0009,M010,Mumbai,0,
T006515,U0223,2026-07-18 18:10:00,1687.08,D0315,M016,Ahmedabad,0,
T000261,U0008,2026-07-18 18:15:00,1750.66,D0702,M009,Kolkata,0,
T003627,U0120,2026-07-18 18:16:00,803.17,D0763,M045,Hyderabad,0,
T003793,U0125,2026-07-18 18:19:00,3670.66,D0002,M004,Pune,0,
T003741,U0123,2026-07-18 18:21:00,477.36,D0442,M031,Bengaluru,0,
T005913,U0202,2026-07-18 18:31:00,3936.23,D0153,M012,Hyderabad,0,
T001240,U0042,2026-07-18 18:33:00,3223.0,D0663,M014,Delhi,0,
T005654,U0194,2026-07-18 18:34:00,2310.4,D0063,M046,Hyderabad,0,
T003191,U0105,2026-07-18 18:49:00,964.48,D0715,M057,Mumbai,0,
T004163,U0142,2026-07-18 18:49:00,612.79,D0838,M053,Chennai,0,
T004985,U0172,2026-07-18 18:51:00,3187.18,D0193,M020,Chennai,0,
T005128,U0177,2026-07-18 18:52:00,2507.84,D0606,M008,Pune,0,
T003352,U0111,2026-07-18 18:56:00,3815.23,D0309,M050,Delhi,0,
T000811,U0027,2026-07-18 18:59:00,605.66,D0177,M019,Jaipur,0,
T000933,U0031,2026-07-18 19:02:00,4243.29,D0674,M036,Jaipur,0,
T004602,U0158,2026-07-18 19:04:00,1530.84,D0159,M019,Delhi,0,
T002631,U0088,2026-07-18 19:25:00,3812.21,D0182,M057,Bengaluru,0,
T002841,U0093,2026-07-18 19:27:00,749.78,D0390,M057,Jaipur,0,
T004819,U0165,2026-07-18 19:27:00,1318.7,D0232,M035,Jaipur,0,
T004579,U0157,2026-07-18 19:29:00,3042.01,D0427,M012,Bengaluru,0,
T006719,U0230,2026-07-18 19:40:00,962.62,D0624,M005,Kolkata,0,
T003658,U0121,2026-07-18 19:42:00,1961.56,D0160,M037,Bengaluru,0,
T004805,U0165,2026-07-18 19:43:00,3000.95,D0232,M011,Jaipur,0,
T001964,U0066,2026-07-18 19:56:00,1205.46,D0727,M051,Kolkata,0,
T002260,U0075,2026-07-18 20:12:00,2300.74,D0766,M025,Hyderabad,0,
T007197,U0246,2026-07-18 20:17:00,2967.99,D0201,M025,Delhi,0,
T006915,U0235,2026-07-18 20:34:00,799.95,D0225,M009,Pune,0,
T007074,U0241,2026-07-18 20:35:00,262.27,D0724,M035,Lucknow,0,
T003884,U0128,2026-07-18 20:38:00,1428.97,D0137,M039,Chennai,0,
T003970,U0131,2026-07-18 20:48:00,1524.93,D0804,M031,Bengaluru,0,
T000864,U0029,2026-07-18 20:49:00,2046.29,D0180,M043,Jaipur,0,
T003907,U0129,2026-07-18 20:59:00,4074.22,D0426,M041,Kolkata,0,
T001294,U0044,2026-07-18 21:00:00,312.01,D0661,M042,Kolkata,0,
T005759,U0197,2026-07-18 21:00:00,5838.42,D0810,M056,Ahmedabad,0,
T001283,U0043,2026-07-18 21:12:00,1247.47,D0414,M013,Jaipur,0,
T002851,U0094,2026-07-18 21:40:00,2999.94,D0059,M046,Mumbai,0,
T003281,U0109,2026-07-18 21:44:00,5428.12,D0831,M022,Pune,0,
T005075,U0175,2026-07-18 21:50:00,3576.36,D0255,M057,Lucknow,0,
T005612,U0192,2026-07-18 22:43:00,1125.94,D0090,M020,Ahmedabad,0,
T005973,U0204,2026-07-18 23:32:00,1215.43,D0610,M044,Lucknow,0,
T005107,U0176,2026-07-18 23:47:00,3444.31,D0510,M056,Hyderabad,0,
T003408,U0113,2026-07-18 23:57:00,2879.46,D0410,M021,Chennai,0,
T007560,U0223,2026-07-19 01:32:00,5837.04,D0150,M035,Kolkata,1,account_takeover
T006773,U0231,2026-07-19 02:17:00,4013.49,D0749,M043,Bengaluru,0,
T002184,U0072,2026-07-19 03:34:00,1864.82,D0038,M053,Bengaluru,0,
T007544,U0029,2026-07-19 03:49:00,12738.64,D0425,M053,Mumbai,1,account_takeover
T004841,U0166,2026-07-19 04:07:00,304.76,D0555,M002,Lucknow,0,
T000264,U0008,2026-07-19 05:52:00,2298.6,D0702,M026,Kolkata,0,
T004517,U0155,2026-07-19 06:29:00,2585.92,D0146,M049,Pune,0,
T006071,U0207,2026-07-19 06:46:00,893.36,D0392,M038,Hyderabad,0,
T001838,U0062,2026-07-19 06:58:00,1252.22,D0584,M053,Hyderabad,0,
T005434,U0186,2026-07-19 07:09:00,1323.17,D0447,M056,Pune,0,
T006114,U0209,2026-07-19 07:10:00,6493.43,D0118,M028,Chennai,0,
T001626,U0055,2026-07-19 07:15:00,267.92,D0612,M009,Kolkata,0,
T002963,U0097,2026-07-19 07:16:00,1042.01,D0757,M019,Hyderabad,0,
T007038,U0240,2026-07-19 07:21:00,358.6,D0683,M010,Chennai,0,
T003969,U0131,2026-07-19 07:37:00,2386.7,D0804,M035,Bengaluru,0,
T007298,U0249,2026-07-19 07:51:00,2322.52,D0068,M048,Kolkata,0,
T001105,U0038,2026-07-19 08:02:00,3313.04,D0045,M032,Hyderabad,0,
T003192,U0105,2026-07-19 08:05:00,760.35,D0715,M001,Mumbai,0,
T007113,U0242,2026-07-19 08:06:00,2372.72,D0161,M032,Ahmedabad,0,
T002385,U0080,2026-07-19 08:12:00,2163.88,D0005,M003,Jaipur,0,
T003248,U0107,2026-07-19 08:18:00,1486.51,D0878,M010,Bengaluru,0,
T003939,U0130,2026-07-19 08:28:00,3099.31,D0892,M043,Ahmedabad,0,
T005746,U0196,2026-07-19 08:30:00,2643.26,D0283,M016,Delhi,0,
T003214,U0106,2026-07-19 08:38:00,885.69,D0806,M010,Hyderabad,0,
T005824,U0199,2026-07-19 09:03:00,1120.3,D0422,M024,Hyderabad,0,
T000777,U0026,2026-07-19 09:14:00,1802.53,D0111,M010,Lucknow,0,
T006602,U0225,2026-07-19 09:14:00,3447.1,D0028,M045,Mumbai,0,
T004028,U0135,2026-07-19 09:17:00,3071.94,D0523,M037,Jaipur,0,
T007008,U0239,2026-07-19 09:20:00,787.03,D0368,M020,Hyderabad,0,
T002322,U0078,2026-07-19 09:31:00,2627.02,D0886,M038,Lucknow,0,
T007324,U0250,2026-07-19 09:36:00,1158.62,D0339,M044,Jaipur,0,
T004844,U0166,2026-07-19 09:40:00,366.71,D0005,M051,Lucknow,0,
T002845,U0093,2026-07-19 09:42:00,1283.44,D0390,M045,Jaipur,0,
T006158,U0210,2026-07-19 09:45:00,4391.42,D0573,M016,Jaipur,0,
T003404,U0113,2026-07-19 09:47:00,2467.15,D0021,M046,Chennai,0,
T004251,U0144,2026-07-19 09:48:00,1145.79,D0465,M044,Lucknow,0,
T001319,U0044,2026-07-19 09:48:00,800.98,D0661,M012,Kolkata,0,
T000517,U0017,2026-07-19 09:56:00,5863.48,D0170,M007,Pune,0,
T005205,U0179,2026-07-19 09:56:00,4131.64,D0651,M047,Pune,0,
T002043,U0068,2026-07-19 09:58:00,801.48,D0301,M001,Mumbai,0,
T003028,U0099,2026-07-19 09:58:00,1189.53,D0009,M048,Mumbai,0,
T007577,U0005,2026-07-19 10:00:00,3861.61,D0629,M048,Mumbai,1,device_ring
T001479,U0049,2026-07-19 10:02:00,1323.55,D0655,M044,Chennai,0,
T005764,U0197,2026-07-19 10:02:00,2240.23,D0810,M045,Ahmedabad,0,
T000951,U0032,2026-07-19 10:02:00,3138.96,D0017,M015,Chennai,0,
T006066,U0207,2026-07-19 10:02:00,2121.06,D0392,M050,Hyderabad,0,
T007578,U0172,2026-07-19 10:03:00,4657.75,D0629,M048,Chennai,1,device_ring
T003469,U0115,2026-07-19 10:03:00,718.63,D0277,M020,Bengaluru,0,
T000926,U0031,2026-07-19 10:10:00,2903.67,D0674,M010,Jaipur,0,
T007579,U0203,2026-07-19 10:12:00,2523.03,D0629,M048,Mumbai,1,device_ring
T007580,U0209,2026-07-19 10:15:00,4246.0,D0629,M048,Chennai,1,device_ring
T004907,U0169,2026-07-19 10:20:00,413.68,D0220,M059,Hyderabad,0,
T006178,U0211,2026-07-19 10:23:00,1341.53,D0230,M048,Kolkata,0,
T007581,U0116,2026-07-19 10:24:00,5180.04,D0629,M048,Ahmedabad,1,device_ring
T002915,U0096,2026-07-19 10:31:00,483.8,D0002,M017,Pune,0,
T003724,U0123,2026-07-19 10:35:00,1424.74,D0254,M023,Bengaluru,0,
T001994,U0066,2026-07-19 10:38:00,1619.5,D0461,M054,Kolkata,0,
T004085,U0137,2026-07-19 10:49:00,2047.36,D0399,M047,Jaipur,0,
T007124,U0243,2026-07-19 10:50:00,1016.44,D0862,M054,Pune,0,
T005089,U0175,2026-07-19 10:56:00,2297.15,D0255,M050,Lucknow,0,
T006693,U0229,2026-07-19 10:57:00,764.99,D0886,M018,Pune,0,
T006815,U0232,2026-07-19 10:59:00,1759.73,D0836,M043,Chennai,0,
T005538,U0190,2026-07-19 10:59:00,1654.67,D0566,M029,Lucknow,0,
T005233,U0179,2026-07-19 11:02:00,2815.93,D0651,M047,Pune,0,
T005194,U0178,2026-07-19 11:07:00,1487.34,D0489,M049,Jaipur,0,
T000293,U0009,2026-07-19 11:15:00,2278.04,D0072,M006,Ahmedabad,0,
T003434,U0113,2026-07-19 11:15:00,1552.47,D0021,M053,Chennai,0,
T006904,U0235,2026-07-19 11:20:00,555.13,D0225,M029,Pune,0,
T003060,U0101,2026-07-19 11:23:00,1607.83,D0807,M048,Chennai,0,
T000031,U0001,2026-07-19 11:24:00,825.19,D0588,M012,Mumbai,0,
T005484,U0188,2026-07-19 11:27:00,3170.33,D0422,M043,Mumbai,0,
T001903,U0064,2026-07-19 11:27:00,2808.43,D0368,M055,Kolkata,0,
T003533,U0117,2026-07-19 11:30:00,5556.97,D0795,M009,Kolkata,0,
T001006,U0034,2026-07-19 11:32:00,512.03,D0213,M055,Chennai,0,
T002732,U0090,2026-07-19 11:46:00,773.92,D0667,M018,Lucknow,0,
T000267,U0009,2026-07-19 11:47:00,2381.28,D0688,M056,Ahmedabad,0,
T006967,U0237,2026-07-19 11:49:00,5419.8,D0184,M048,Chennai,0,
T005659,U0194,2026-07-19 11:52:00,4156.21,D0063,M046,Hyderabad,0,
T001928,U0065,2026-07-19 11:52:00,1388.34,D0530,M019,Bengaluru,0,
T001619,U0054,2026-07-19 11:55:00,3031.99,D0700,M060,Lucknow,0,
T005050,U0174,2026-07-19 12:02:00,4801.46,D0862,M012,Hyderabad,0,
T002255,U0075,2026-07-19 12:03:00,3670.59,D0619,M035,Hyderabad,0,
T005912,U0202,2026-07-19 12:05:00,2451.47,D0153,M004,Hyderabad,0,
T002642,U0088,2026-07-19 12:06:00,1680.08,D0182,M001,Bengaluru,0,
T002466,U0083,2026-07-19 12:07:00,2467.28,D0772,M016,Pune,0,
T005473,U0188,2026-07-19 12:08:00,2931.99,D0422,M017,Mumbai,0,
T003635,U0120,2026-07-19 12:12:00,449.0,D0266,M045,Hyderabad,0,
T005393,U0185,2026-07-19 12:13:00,725.84,D0146,M011,Pune,0,
T006723,U0230,2026-07-19 12:14:00,585.42,D0624,M038,Kolkata,0,
T003245,U0107,2026-07-19 12:15:00,1012.55,D0752,M036,Bengaluru,0,
T003129,U0103,2026-07-19 12:16:00,989.67,D0662,M002,Ahmedabad,0,
T003851,U0128,2026-07-19 12:18:00,2788.82,D0137,M009,Chennai,0,
T000466,U0015,2026-07-19 12:22:00,3397.67,D0633,M048,Pune,0,
T005187,U0178,2026-07-19 12:24:00,2382.5,D0489,M055,Jaipur,0,
T006518,U0223,2026-07-19 12:26:00,1114.7,D0315,M016,Ahmedabad,0,
T000923,U0031,2026-07-19 12:28:00,4316.46,D0674,M036,Jaipur,0,
T006497,U0222,2026-07-19 12:29:00,4096.09,D0093,M004,Kolkata,0,
T001962,U0066,2026-07-19 12:32:00,1124.85,D0461,M008,Kolkata,0,
T001614,U0054,2026-07-19 12:33:00,2817.04,D0255,M007,Lucknow,0,
T005080,U0175,2026-07-19 12:34:00,4296.1,D0255,M050,Lucknow,0,
T003260,U0108,2026-07-19 12:38:00,2495.13,D0549,M032,Ahmedabad,0,
T007295,U0249,2026-07-19 12:41:00,1276.31,D0637,M031,Kolkata,0,
T003279,U0109,2026-07-19 12:46:00,3371.58,D0831,M053,Pune,0,
T005674,U0194,2026-07-19 12:49:00,3176.24,D0063,M014,Hyderabad,0,
T000558,U0019,2026-07-19 12:49:00,3363.37,D0397,M032,Kolkata,0,
T006452,U0220,2026-07-19 12:49:00,2306.73,D0850,M052,Mumbai,0,
T002555,U0086,2026-07-19 12:50:00,2881.65,D0726,M025,Bengaluru,0,
T001243,U0042,2026-07-19 12:51:00,2050.56,D0663,M018,Delhi,0,
T000762,U0025,2026-07-19 12:53:00,1703.44,D0797,M023,Chennai,0,
T006638,U0227,2026-07-19 12:53:00,768.92,D0062,M047,Pune,0,
T001249,U0042,2026-07-19 12:58:00,1175.13,D0663,M018,Delhi,0,
T004665,U0160,2026-07-19 12:59:00,3062.16,D0738,M003,Ahmedabad,0,
T003736,U0123,2026-07-19 13:02:00,2079.15,D0442,M022,Bengaluru,0,
T000606,U0020,2026-07-19 13:02:00,3122.99,D0806,M019,Mumbai,0,
T000468,U0016,2026-07-19 13:04:00,145.92,D0647,M024,Ahmedabad,0,
T001083,U0037,2026-07-19 13:05:00,1918.13,D0444,M060,Hyderabad,0,
T001746,U0059,2026-07-19 13:06:00,3733.83,D0090,M031,Mumbai,0,
T002904,U0095,2026-07-19 13:07:00,1805.14,D0808,M025,Jaipur,0,
T000936,U0031,2026-07-19 13:10:00,3158.63,D0674,M011,Jaipur,0,
T006848,U0234,2026-07-19 13:15:00,1718.2,D0029,M010,Jaipur,0,
T003452,U0114,2026-07-19 13:16:00,656.59,D0541,M028,Hyderabad,0,
T002810,U0092,2026-07-19 13:19:00,2553.17,D0167,M033,Lucknow,0,
T003258,U0108,2026-07-19 13:20:00,4589.15,D0167,M044,Ahmedabad,0,
T000487,U0016,2026-07-19 13:22:00,517.06,D0647,M006,Ahmedabad,0,
T006738,U0230,2026-07-19 13:22:00,897.55,D0624,M046,Kolkata,0,
T005737,U0196,2026-07-19 13:23:00,1199.87,D0283,M016,Delhi,0,
T004151,U0141,2026-07-19 13:27:00,2118.78,D0544,M026,Kolkata,0,
T001638,U0055,2026-07-19 13:27:00,365.33,D0612,M052,Kolkata,0,
T004621,U0159,2026-07-19 13:28:00,1848.24,D0721,M007,Chennai,0,
T004538,U0156,2026-07-19 13:34:00,502.41,D0756,M029,Ahmedabad,0,
T006129,U0209,2026-07-19 13:36:00,4711.67,D0118,M024,Chennai,0,
T000975,U0032,2026-07-19 13:36:00,2902.84,D0597,M048,Chennai,0,
T003257,U0108,2026-07-19 13:39:00,5095.54,D0167,M040,Ahmedabad,0,
T007617,U0207,2026-07-19 13:39:00,4258.65,D0392,M033,Hyderabad,1,zero_day_drain
T002472,U0083,2026-07-19 13:44:00,2536.76,D0210,M056,Pune,0,
T004718,U0162,2026-07-19 13:49:00,1306.31,D0174,M006,Pune,0,
T002215,U0074,2026-07-19 13:49:00,1803.92,D0366,M045,Ahmedabad,0,
T003320,U0110,2026-07-19 13:51:00,2910.62,D0144,M009,Mumbai,0,
T004875,U0167,2026-07-19 13:58:00,6575.38,D0298,M033,Hyderabad,0,
T004856,U0167,2026-07-19 13:59:00,4325.15,D0841,M033,Hyderabad,0,
T000438,U0015,2026-07-19 14:02:00,2511.77,D0633,M035,Pune,0,
T001223,U0042,2026-07-19 14:03:00,1180.02,D0663,M018,Delhi,0,
T002634,U0088,2026-07-19 14:06:00,4745.24,D0182,M027,Bengaluru,0,
T007057,U0241,2026-07-19 14:13:00,364.59,D0020,M035,Lucknow,0,
T001044,U0035,2026-07-19 14:17:00,356.24,D0823,M034,Lucknow,0,
T004148,U0141,2026-07-19 14:17:00,2379.59,D0544,M017,Kolkata,0,
T002617,U0087,2026-07-19 14:19:00,615.78,D0660,M029,Ahmedabad,0,
T004097,U0138,2026-07-19 14:23:00,3131.78,D0210,M028,Lucknow,0,
T000103,U0003,2026-07-19 14:27:00,1386.91,D0682,M004,Delhi,0,
T002718,U0090,2026-07-19 14:35:00,1538.87,D0194,M002,Lucknow,0,
T004420,U0151,2026-07-19 14:36:00,2613.16,D0683,M020,Lucknow,0,
T000996,U0033,2026-07-19 14:36:00,1321.04,D0677,M054,Lucknow,0,
T002429,U0082,2026-07-19 14:40:00,1954.66,D0332,M045,Mumbai,0,
T000772,U0026,2026-07-19 14:46:00,4175.15,D0111,M049,Lucknow,0,
T000959,U0032,2026-07-19 14:47:00,1171.03,D0017,M028,Chennai,0,
T004870,U0167,2026-07-19 14:47:00,5995.69,D0298,M048,Hyderabad,0,
T000782,U0026,2026-07-19 14:48:00,2340.43,D0111,M053,Lucknow,0,
T001637,U0055,2026-07-19 14:55:00,484.45,D0612,M027,Kolkata,0,
T001427,U0047,2026-07-19 14:59:00,2604.04,D0117,M033,Pune,0,
T002350,U0078,2026-07-19 15:01:00,3177.5,D0886,M042,Lucknow,0,
T006679,U0229,2026-07-19 15:05:00,862.08,D0886,M020,Pune,0,
T003070,U0101,2026-07-19 15:06:00,2295.69,D0807,M048,Chennai,0,
T002286,U0076,2026-07-19 15:07:00,1780.98,D0095,M023,Chennai,0,
T002662,U0088,2026-07-19 15:08:00,4623.32,D0182,M027,Bengaluru,0,
T005110,U0176,2026-07-19 15:10:00,4907.8,D0637,M010,Hyderabad,0,
T002531,U0085,2026-07-19 15:15:00,2043.89,D0404,M032,Jaipur,0,
T005960,U0204,2026-07-19 15:15:00,1215.7,D0610,M021,Lucknow,0,
T005706,U0195,2026-07-19 15:15:00,3186.2,D0306,M011,Delhi,0,
T004455,U0152,2026-07-19 15:15:00,1237.64,D0890,M011,Ahmedabad,0,
T005600,U0192,2026-07-19 15:18:00,524.11,D0090,M012,Ahmedabad,0,
T002902,U0095,2026-07-19 15:27:00,3802.87,D0808,M025,Jaipur,0,
T003104,U0102,2026-07-19 15:28:00,597.54,D0134,M045,Lucknow,0,
T003614,U0120,2026-07-19 15:29:00,876.17,D0763,M045,Hyderabad,0,
T005240,U0180,2026-07-19 15:29:00,1828.75,D0032,M017,Lucknow,0,
T007183,U0246,2026-07-19 15:30:00,5358.77,D0518,M011,Delhi,0,
T006393,U0218,2026-07-19 15:32:00,568.71,D0271,M018,Lucknow,0,
T000796,U0026,2026-07-19 15:35:00,682.84,D0111,M010,Lucknow,0,
T006530,U0223,2026-07-19 15:36:00,774.56,D0053,M009,Ahmedabad,0,
T000123,U0004,2026-07-19 15:43:00,1262.81,D0040,M055,Pune,0,
T003072,U0101,2026-07-19 15:44:00,2878.74,D0807,M015,Chennai,0,
T004571,U0157,2026-07-19 15:46:00,1117.82,D0427,M018,Bengaluru,0,
T004143,U0140,2026-07-19 15:46:00,797.82,D0330,M048,Ahmedabad,0,
T003860,U0128,2026-07-19 15:48:00,1069.85,D0137,M009,Chennai,0,
T001012,U0034,2026-07-19 15:49:00,1525.44,D0213,M041,Chennai,0,
T004747,U0163,2026-07-19 15:51:00,3413.82,D0352,M058,Ahmedabad,0,
T006273,U0214,2026-07-19 15:54:00,806.8,D0674,M019,Jaipur,0,
T002952,U0097,2026-07-19 16:00:00,900.29,D0757,M019,Hyderabad,0,
T000124,U0004,2026-07-19 16:01:00,707.34,D0040,M055,Pune,0,
T000215,U0007,2026-07-19 16:03:00,2062.46,D0749,M047,Kolkata,0,
T000562,U0019,2026-07-19 16:09:00,4056.38,D0397,M016,Kolkata,0,
T002039,U0068,2026-07-19 16:17:00,898.74,D0301,M043,Mumbai,0,
T003183,U0105,2026-07-19 16:19:00,784.86,D0715,M056,Mumbai,0,
T004503,U0155,2026-07-19 16:22:00,2618.3,D0283,M036,Pune,0,
T000483,U0016,2026-07-19 16:25:00,395.71,D0647,M024,Ahmedabad,0,
T001118,U0038,2026-07-19 16:25:00,5529.84,D0045,M022,Hyderabad,0,
T007202,U0246,2026-07-19 16:27:00,4721.24,D0201,M011,Delhi,0,
T003742,U0123,2026-07-19 16:29:00,1837.57,D0442,M022,Bengaluru,0,
T003198,U0105,2026-07-19 16:40:00,601.46,D0715,M007,Mumbai,0,
T000403,U0014,2026-07-19 16:42:00,5501.77,D0237,M041,Kolkata,0,
T003998,U0133,2026-07-19 16:43:00,3368.78,D0798,M010,Bengaluru,0,
T004174,U0142,2026-07-19 16:43:00,668.45,D0261,M053,Chennai,0,
T006373,U0217,2026-07-19 16:45:00,5183.73,D0427,M024,Bengaluru,0,
T001027,U0034,2026-07-19 16:46:00,2011.08,D0213,M046,Chennai,0,
T006034,U0206,2026-07-19 16:48:00,1221.29,D0188,M041,Hyderabad,0,
T004926,U0170,2026-07-19 16:52:00,358.22,D0714,M019,Chennai,0,
T004582,U0157,2026-07-19 16:52:00,2805.29,D0427,M012,Bengaluru,0,
T004308,U0147,2026-07-19 16:54:00,471.09,D0087,M018,Hyderabad,0,
T005994,U0205,2026-07-19 16:55:00,5455.43,D0694,M050,Jaipur,0,
T006977,U0238,2026-07-19 16:55:00,2195.86,D0864,M033,Lucknow,0,
T004418,U0151,2026-07-19 16:58:00,1706.34,D0683,M010,Lucknow,0,
T004027,U0135,2026-07-19 16:59:00,2490.92,D0523,M018,Jaipur,0,
T000153,U0005,2026-07-19 17:06:00,3127.21,D0716,M008,Mumbai,0,
T006505,U0222,2026-07-19 17:07:00,4281.41,D0478,M027,Kolkata,0,
T005026,U0173,2026-07-19 17:10:00,3526.01,D0221,M026,Chennai,0,
T001160,U0039,2026-07-19 17:11:00,5196.37,D0364,M038,Pune,0,
T000608,U0020,2026-07-19 17:15:00,1777.73,D0806,M018,Mumbai,0,
T002536,U0085,2026-07-19 17:21:00,3685.98,D0404,M052,Jaipur,0,
T005369,U0184,2026-07-19 17:21:00,2967.17,D0693,M011,Lucknow,0,
T001889,U0064,2026-07-19 17:26:00,1217.9,D0368,M035,Kolkata,0,
T003730,U0123,2026-07-19 17:40:00,2020.44,D0442,M031,Bengaluru,0,
T003196,U0105,2026-07-19 17:43:00,536.88,D0715,M056,Mumbai,0,
T006939,U0236,2026-07-19 17:46:00,2702.47,D0675,M058,Delhi,0,
T002323,U0078,2026-07-19 17:49:00,4483.16,D0886,M017,Lucknow,0,
T004111,U0139,2026-07-19 17:50:00,5706.22,D0275,M025,Kolkata,0,
T000330,U0011,2026-07-19 17:52:00,343.93,D0289,M006,Chennai,0,
T001411,U0047,2026-07-19 17:52:00,2613.22,D0117,M041,Pune,0,
T000349,U0012,2026-07-19 17:55:00,2297.93,D0844,M029,Chennai,0,
T000576,U0020,2026-07-19 17:56:00,2384.46,D0806,M033,Mumbai,0,
T003030,U0099,2026-07-19 17:57:00,2430.42,D0009,M048,Mumbai,0,
T004664,U0160,2026-07-19 17:57:00,2951.18,D0738,M009,Ahmedabad,0,
T003025,U0099,2026-07-19 17:58:00,595.72,D0081,M010,Mumbai,0,
T006923,U0236,2026-07-19 18:08:00,2880.25,D0675,M007,Delhi,0,
T006906,U0235,2026-07-19 18:08:00,1273.51,D0225,M044,Pune,0,
T006331,U0216,2026-07-19 18:15:00,1098.54,D0864,M049,Pune,0,
T001954,U0066,2026-07-19 18:15:00,1979.49,D0727,M031,Kolkata,0,
T002152,U0071,2026-07-19 18:16:00,561.65,D0827,M047,Chennai,0,
T003135,U0103,2026-07-19 18:17:00,4070.64,D0662,M042,Ahmedabad,0,
T000798,U0026,2026-07-19 18:25:00,1669.93,D0111,M053,Lucknow,0,
T000160,U0005,2026-07-19 18:26:00,2251.28,D0716,M042,Mumbai,0,
T004787,U0164,2026-07-19 18:36:00,2559.0,D0289,M031,Kolkata,0,
T005438,U0186,2026-07-19 18:37:00,1399.43,D0447,M027,Pune,0,
T004587,U0158,2026-07-19 18:42:00,78.15,D0159,M019,Delhi,0,
T000817,U0027,2026-07-19 18:49:00,263.9,D0041,M057,Jaipur,0,
T004629,U0159,2026-07-19 18:55:00,5017.16,D0721,M006,Chennai,0,
T005708,U0195,2026-07-19 19:06:00,2731.64,D0306,M029,Delhi,0,
T005840,U0199,2026-07-19 19:07:00,1319.38,D0422,M027,Hyderabad,0,
T003512,U0116,2026-07-19 19:14:00,1247.49,D0182,M011,Ahmedabad,0,
T001545,U0052,2026-07-19 19:15:00,474.46,D0111,M059,Pune,0,
T006629,U0227,2026-07-19 19:17:00,421.99,D0062,M047,Pune,0,
T000415,U0014,2026-07-19 19:24:00,4449.61,D0237,M046,Kolkata,0,
T005735,U0196,2026-07-19 19:25:00,1639.24,D0283,M016,Delhi,0,
T004047,U0135,2026-07-19 19:27:00,3005.18,D0523,M004,Jaipur,0,
T006328,U0216,2026-07-19 19:33:00,1522.76,D0864,M049,Pune,0,
T003766,U0124,2026-07-19 19:33:00,739.16,D0856,M032,Lucknow,0,
T001054,U0036,2026-07-19 19:39:00,4005.4,D0532,M039,Pune,0,
T002865,U0094,2026-07-19 19:44:00,2166.4,D0886,M003,Mumbai,0,
T005864,U0201,2026-07-19 19:49:00,1473.24,D0116,M048,Pune,0,
T000914,U0031,2026-07-19 19:56:00,3768.98,D0674,M056,Jaipur,0,
T000421,U0014,2026-07-19 20:11:00,4129.72,D0871,M027,Kolkata,0,
T001332,U0044,2026-07-19 20:13:00,1407.05,D0661,M042,Kolkata,0,
T002317,U0077,2026-07-19 20:19:00,3791.05,D0129,M032,Chennai,0,
T005955,U0204,2026-07-19 20:19:00,1023.33,D0610,M044,Lucknow,0,
T001292,U0043,2026-07-19 20:28:00,1086.36,D0414,M039,Jaipur,0,
T006062,U0207,2026-07-19 20:40:00,1844.78,D0392,M050,Hyderabad,0,
T000989,U0033,2026-07-19 20:49:00,1616.55,D0677,M022,Lucknow,0,
T001654,U0056,2026-07-19 20:50:00,1753.83,D0005,M049,Kolkata,0,
T006431,U0219,2026-07-19 20:55:00,2916.36,D0826,M032,Chennai,0,
T005207,U0179,2026-07-19 20:58:00,2728.41,D0651,M044,Pune,0,
T005055,U0174,2026-07-19 21:05:00,3794.86,D0862,M041,Hyderabad,0,
T007189,U0246,2026-07-19 21:13:00,3331.0,D0201,M025,Delhi,0,
T004810,U0165,2026-07-19 21:58:00,1748.04,D0232,M007,Jaipur,0,
T005575,U0191,2026-07-19 22:23:00,1132.75,D0348,M022,Bengaluru,0,
T006674,U0228,2026-07-19 22:35:00,3348.4,D0620,M051,Pune,0,
T006673,U0228,2026-07-19 23:48:00,3831.57,D0757,M053,Pune,0,
T006656,U0228,2026-07-20 01:28:00,3271.18,D0757,M053,Pune,0,
T002050,U0068,2026-07-20 03:07:00,812.94,D0301,M004,Mumbai,0,
T001141,U0039,2026-07-20 03:36:00,3107.9,D0364,M006,Pune,0,
T004167,U0142,2026-07-20 05:37:00,663.81,D0261,M047,Chennai,0,
T005671,U0194,2026-07-20 05:59:00,2616.9,D0063,M045,Hyderabad,0,
T004171,U0142,2026-07-20 06:01:00,878.06,D0838,M047,Chennai,0,
T005160,U0177,2026-07-20 06:07:00,2086.36,D0606,M058,Pune,0,
T001573,U0052,2026-07-20 06:17:00,928.21,D0573,M002,Pune,0,
T002130,U0070,2026-07-20 06:18:00,1078.43,D0635,M037,Bengaluru,0,
T006846,U0234,2026-07-20 06:42:00,3325.07,D0194,M038,Jaipur,0,
T007239,U0247,2026-07-20 06:58:00,4187.12,D0548,M057,Chennai,0,
T003648,U0120,2026-07-20 07:34:00,562.92,D0266,M007,Hyderabad,0,
T004276,U0145,2026-07-20 07:49:00,4082.03,D0160,M003,Delhi,0,
T007625,U0065,2026-07-20 07:56:00,2660.78,D0530,M040,Bengaluru,1,zero_day_drain
T005903,U0201,2026-07-20 07:57:00,1234.73,D0116,M036,Pune,0,
T004613,U0158,2026-07-20 08:07:00,1175.47,D0070,M011,Delhi,0,
T001351,U0045,2026-07-20 08:09:00,3324.95,D0572,M009,Lucknow,0,
T002407,U0080,2026-07-20 08:18:00,784.87,D0312,M003,Jaipur,0,
T005306,U0182,2026-07-20 08:25:00,2863.26,D0821,M037,Pune,0,
T003078,U0101,2026-07-20 08:35:00,1384.93,D0807,M056,Chennai,0,
T004700,U0161,2026-07-20 08:37:00,1055.99,D0154,M029,Lucknow,0,
T004346,U0148,2026-07-20 08:42:00,3230.66,D0393,M050,Mumbai,0,
T006532,U0223,2026-07-20 08:45:00,773.0,D0053,M009,Ahmedabad,0,
T005806,U0198,2026-07-20 08:48:00,540.16,D0424,M053,Kolkata,0,
T001886,U0064,2026-07-20 09:02:00,2936.98,D0368,M003,Kolkata,0,
T001535,U0052,2026-07-20 09:03:00,1384.4,D0111,M001,Pune,0,
T002957,U0097,2026-07-20 09:06:00,1160.46,D0757,M015,Hyderabad,0,
T005855,U0200,2026-07-20 09:11:00,2881.58,D0713,M050,Pune,0,
T006712,U0229,2026-07-20 09:17:00,1370.79,D0886,M014,Pune,0,
T002193,U0072,2026-07-20 09:21:00,1100.44,D0038,M009,Bengaluru,0,
T006992,U0238,2026-07-20 09:22:00,1210.46,D0718,M033,Lucknow,0,
T000574,U0019,2026-07-20 09:27:00,2388.31,D0397,M032,Kolkata,0,
T006053,U0207,2026-07-20 09:29:00,2320.72,D0392,M031,Hyderabad,0,
T005074,U0174,2026-07-20 09:30:00,3226.45,D0862,M060,Hyderabad,0,
T000789,U0026,2026-07-20 09:35:00,2126.19,D0111,M010,Lucknow,0,
T005029,U0173,2026-07-20 09:50:00,2547.58,D0221,M022,Chennai,0,
T003280,U0109,2026-07-20 09:52:00,3913.32,D0831,M022,Pune,0,
T004217,U0143,2026-07-20 09:52:00,5228.87,D0159,M030,Jaipur,0,
T005902,U0201,2026-07-20 09:54:00,998.21,D0116,M016,Pune,0,
T004026,U0135,2026-07-20 10:02:00,2052.07,D0549,M020,Jaipur,0,
T004234,U0144,2026-07-20 10:07:00,1482.05,D0465,M041,Lucknow,0,
T002899,U0095,2026-07-20 10:07:00,1888.5,D0808,M012,Jaipur,0,
T006624,U0227,2026-07-20 10:09:00,1539.5,D0062,M060,Pune,0,
T001602,U0054,2026-07-20 10:11:00,2649.12,D0700,M040,Lucknow,0,
T003435,U0113,2026-07-20 10:30:00,1813.43,D0021,M053,Chennai,0,
T000135,U0004,2026-07-20 10:31:00,2103.23,D0040,M055,Pune,0,
T004370,U0149,2026-07-20 10:34:00,729.57,D0737,M025,Hyderabad,0,
T001342,U0045,2026-07-20 10:36:00,2773.16,D0572,M055,Lucknow,0,
T004611,U0158,2026-07-20 10:37:00,2424.79,D0159,M048,Delhi,0,
T002129,U0070,2026-07-20 10:40:00,982.41,D0635,M037,Bengaluru,0,
T005514,U0189,2026-07-20 10:42:00,779.21,D0410,M048,Lucknow,0,
T004424,U0151,2026-07-20 10:45:00,3136.69,D0683,M010,Lucknow,0,
T007170,U0245,2026-07-20 10:48:00,331.33,D0200,M029,Hyderabad,0,
T000328,U0011,2026-07-20 10:53:00,702.23,D0289,M007,Chennai,0,
T002008,U0067,2026-07-20 10:56:00,1399.71,D0445,M004,Hyderabad,0,
T001517,U0050,2026-07-20 11:08:00,4963.54,D0142,M032,Bengaluru,0,
T006817,U0232,2026-07-20 11:08:00,1989.13,D0834,M036,Chennai,0,
T000426,U0015,2026-07-20 11:12:00,4247.03,D0633,M018,Pune,0,
T005595,U0192,2026-07-20 11:15:00,797.59,D0100,M012,Ahmedabad,0,
T004154,U0141,2026-07-20 11:18:00,3031.37,D0105,M026,Kolkata,0,
T001371,U0046,2026-07-20 11:19:00,2217.7,D0715,M036,Hyderabad,0,
T006562,U0224,2026-07-20 11:20:00,2558.47,D0191,M006,Bengaluru,0,
T004127,U0139,2026-07-20 11:20:00,5587.68,D0275,M027,Kolkata,0,
T000006,U0001,2026-07-20 11:21:00,1297.15,D0588,M039,Mumbai,0,
T005230,U0179,2026-07-20 11:24:00,3460.9,D0651,M033,Pune,0,
T006108,U0209,2026-07-20 11:27:00,3586.02,D0118,M010,Chennai,0,
T002930,U0096,2026-07-20 11:33:00,2299.31,D0002,M017,Pune,0,
T002972,U0097,2026-07-20 11:36:00,907.88,D0420,M015,Hyderabad,0,
T005418,U0186,2026-07-20 11:39:00,2021.34,D0447,M027,Pune,0,
T003278,U0109,2026-07-20 11:40:00,5521.36,D0831,M003,Pune,0,
T004046,U0135,2026-07-20 11:41:00,2852.88,D0549,M020,Jaipur,0,
T000687,U0023,2026-07-20 11:44:00,4236.28,D0163,M059,Lucknow,0,
T006966,U0237,2026-07-20 11:51:00,3036.05,D0290,M057,Chennai,0,
T001583,U0053,2026-07-20 11:56:00,2435.77,D0284,M045,Lucknow,0,
T004964,U0171,2026-07-20 11:59:00,3321.36,D0417,M007,Lucknow,0,
T005829,U0199,2026-07-20 12:03:00,1325.48,D0422,M028,Hyderabad,0,
T002848,U0094,2026-07-20 12:07:00,1251.42,D0059,M046,Mumbai,0,
T005389,U0185,2026-07-20 12:11:00,668.64,D0391,M042,Pune,0,
T007010,U0239,2026-07-20 12:15:00,906.66,D0371,M032,Hyderabad,0,
T004288,U0146,2026-07-20 12:16:00,1260.7,D0375,M048,Ahmedabad,0,
T005839,U0199,2026-07-20 12:21:00,1117.09,D0422,M024,Hyderabad,0,
T004338,U0148,2026-07-20 12:22:00,2453.94,D0393,M045,Mumbai,0,
T001474,U0049,2026-07-20 12:24:00,1380.64,D0377,M054,Chennai,0,
T004062,U0136,2026-07-20 12:24:00,1538.31,D0485,M027,Bengaluru,0,
T003632,U0120,2026-07-20 12:24:00,666.04,D0763,M002,Hyderabad,0,
T000769,U0026,2026-07-20 12:28:00,1347.13,D0111,M049,Lucknow,0,
T003593,U0119,2026-07-20 12:33:00,4262.78,D0668,M028,Ahmedabad,0,
T005651,U0194,2026-07-20 12:35:00,4211.96,D0063,M027,Hyderabad,0,
T006808,U0232,2026-07-20 12:38:00,783.09,D0836,M008,Chennai,0,
T001416,U0047,2026-07-20 12:43:00,2272.57,D0117,M041,Pune,0,
T006563,U0224,2026-07-20 12:47:00,3531.02,D0191,M008,Bengaluru,0,
T002668,U0088,2026-07-20 13:00:00,3659.52,D0182,M001,Bengaluru,0,
T001708,U0057,2026-07-20 13:01:00,2193.79,D0220,M053,Delhi,0,
T006755,U0231,2026-07-20 13:02:00,2802.27,D0749,M058,Bengaluru,0,
T004461,U0152,2026-07-20 13:07:00,1814.0,D0890,M060,Ahmedabad,0,
T001817,U0061,2026-07-20 13:08:00,3543.82,D0515,M015,Delhi,0,
T004290,U0146,2026-07-20 13:16:00,781.34,D0355,M043,Ahmedabad,0,
T002229,U0074,2026-07-20 13:16:00,372.24,D0583,M045,Ahmedabad,0,
T002828,U0093,2026-07-20 13:17:00,20.0,D0840,M045,Jaipur,0,
T006345,U0216,2026-07-20 13:18:00,2321.9,D0864,M042,Pune,0,
T003190,U0105,2026-07-20 13:20:00,851.39,D0715,M056,Mumbai,0,
T001172,U0040,2026-07-20 13:23:00,3360.34,D0743,M057,Kolkata,0,
T000474,U0016,2026-07-20 13:24:00,466.78,D0647,M035,Ahmedabad,0,
T002041,U0068,2026-07-20 13:24:00,844.37,D0301,M018,Mumbai,0,
T005881,U0201,2026-07-20 13:25:00,922.64,D0116,M038,Pune,0,
T001152,U0039,2026-07-20 13:25:00,1366.06,D0364,M038,Pune,0,
T005178,U0178,2026-07-20 13:29:00,1831.94,D0489,M012,Jaipur,0,
T002690,U0089,2026-07-20 13:29:00,2545.79,D0487,M053,Lucknow,0,
T005899,U0201,2026-07-20 13:30:00,673.15,D0116,M016,Pune,0,
T003401,U0112,2026-07-20 13:30:00,475.23,D0854,M052,Jaipur,0,
T004650,U0160,2026-07-20 13:32:00,1718.11,D0738,M009,Ahmedabad,0,
T002814,U0092,2026-07-20 13:35:00,6698.1,D0167,M007,Lucknow,0,
T006247,U0212,2026-07-20 13:36:00,2762.29,D0825,M005,Jaipur,0,
T003831,U0127,2026-07-20 13:38:00,582.37,D0743,M034,Kolkata,0,
T000452,U0015,2026-07-20 13:40:00,2819.93,D0633,M048,Pune,0,
T002230,U0074,2026-07-20 13:41:00,2575.86,D0583,M035,Ahmedabad,0,
T001263,U0043,2026-07-20 13:43:00,845.33,D0414,M039,Jaipur,0,
T003299,U0109,2026-07-20 13:47:00,3296.72,D0831,M001,Pune,0,
T001566,U0052,2026-07-20 13:51:00,920.03,D0573,M001,Pune,0,
T000916,U0031,2026-07-20 13:59:00,3198.21,D0674,M001,Jaipur,0,
T003259,U0108,2026-07-20 13:59:00,5202.99,D0167,M043,Ahmedabad,0,
T002779,U0091,2026-07-20 14:00:00,1766.47,D0226,M035,Mumbai,0,
T006259,U0213,2026-07-20 14:01:00,3630.83,D0116,M053,Hyderabad,0,
T005102,U0176,2026-07-20 14:06:00,4223.37,D0637,M025,Hyderabad,0,
T006746,U0231,2026-07-20 14:06:00,1357.33,D0749,M049,Bengaluru,0,
T006256,U0213,2026-07-20 14:07:00,4308.07,D0116,M043,Hyderabad,0,
T007195,U0246,2026-07-20 14:10:00,3551.53,D0518,M011,Delhi,0,
T005363,U0183,2026-07-20 14:11:00,1257.68,D0854,M014,Kolkata,0,
T003507,U0116,2026-07-20 14:13:00,2187.95,D0182,M059,Ahmedabad,0,
T000317,U0010,2026-07-20 14:15:00,2148.38,D0767,M026,Delhi,0,
T000983,U0033,2026-07-20 14:18:00,1417.01,D0677,M054,Lucknow,0,
T005322,U0182,2026-07-20 14:19:00,1670.52,D0821,M031,Pune,0,
T002595,U0086,2026-07-20 14:23:00,3890.2,D0726,M056,Bengaluru,0,
T003363,U0111,2026-07-20 14:29:00,5342.14,D0309,M052,Delhi,0,
T005334,U0183,2026-07-20 14:29:00,1666.13,D0562,M014,Kolkata,0,
T002223,U0074,2026-07-20 14:32:00,2090.98,D0366,M035,Ahmedabad,0,
T000156,U0005,2026-07-20 14:33:00,4174.69,D0716,M027,Mumbai,0,
T003063,U0101,2026-07-20 14:35:00,3030.71,D0807,M015,Chennai,0,
T000536,U0018,2026-07-20 14:36:00,2445.99,D0402,M033,Pune,0,
T005896,U0201,2026-07-20 14:37:00,1178.49,D0116,M048,Pune,0,
T002795,U0092,2026-07-20 14:39:00,4076.45,D0167,M033,Lucknow,0,
T005156,U0177,2026-07-20 14:39:00,1409.01,D0606,M048,Pune,0,
T005793,U0198,2026-07-20 14:40:00,55.94,D0424,M030,Kolkata,0,
T005329,U0182,2026-07-20 14:41:00,4817.51,D0821,M039,Pune,0,
T003021,U0099,2026-07-20 14:42:00,715.34,D0009,M002,Mumbai,0,
T003628,U0120,2026-07-20 14:44:00,429.87,D0266,M007,Hyderabad,0,
T001827,U0062,2026-07-20 14:44:00,549.2,D0584,M010,Hyderabad,0,
T003536,U0117,2026-07-20 14:45:00,4039.79,D0795,M009,Kolkata,0,
T003699,U0122,2026-07-20 14:46:00,3250.56,D0648,M014,Ahmedabad,0,
T004131,U0140,2026-07-20 14:50:00,828.58,D0330,M027,Ahmedabad,0,
T007041,U0240,2026-07-20 15:05:00,665.68,D0683,M007,Chennai,0,
T002699,U0089,2026-07-20 15:09:00,2378.3,D0452,M015,Lucknow,0,
T001366,U0046,2026-07-20 15:11:00,2329.38,D0715,M036,Hyderabad,0,
T006031,U0206,2026-07-20 15:12:00,1626.75,D0188,M006,Hyderabad,0,
T004916,U0170,2026-07-20 15:14:00,272.03,D0199,M019,Chennai,0,
T003621,U0120,2026-07-20 15:14:00,983.05,D0763,M002,Hyderabad,0,
T004241,U0144,2026-07-20 15:15:00,1650.68,D0465,M041,Lucknow,0,
T001069,U0036,2026-07-20 15:16:00,3156.44,D0532,M039,Pune,0,
T001511,U0050,2026-07-20 15:22:00,2601.56,D0142,M026,Bengaluru,0,
T003368,U0112,2026-07-20 15:24:00,588.72,D0854,M052,Jaipur,0,
T005288,U0181,2026-07-20 15:29:00,2325.39,D0783,M033,Kolkata,0,
T001068,U0036,2026-07-20 15:34:00,3519.52,D0532,M023,Pune,0,
T006545,U0224,2026-07-20 15:38:00,4301.1,D0191,M012,Bengaluru,0,
T000338,U0011,2026-07-20 15:39:00,997.28,D0151,M007,Chennai,0,
T007300,U0250,2026-07-20 15:40:00,2164.34,D0157,M006,Jaipur,0,
T006762,U0231,2026-07-20 15:43:00,2197.27,D0749,M014,Bengaluru,0,
T002888,U0095,2026-07-20 15:44:00,6147.88,D0808,M025,Jaipur,0,
T000467,U0015,2026-07-20 15:49:00,5962.25,D0633,M035,Pune,0,
T007104,U0242,2026-07-20 15:50:00,4603.5,D0161,M032,Ahmedabad,0,
T000256,U0008,2026-07-20 15:52:00,2408.82,D0702,M003,Kolkata,0,
T002835,U0093,2026-07-20 15:52:00,1095.76,D0390,M057,Jaipur,0,
T003099,U0102,2026-07-20 15:53:00,504.64,D0731,M013,Lucknow,0,
T002951,U0097,2026-07-20 15:53:00,1202.61,D0757,M014,Hyderabad,0,
T003383,U0112,2026-07-20 15:54:00,1215.71,D0854,M006,Jaipur,0,
T005637,U0193,2026-07-20 15:59:00,3047.28,D0709,M009,Jaipur,0,
T004470,U0153,2026-07-20 16:01:00,2018.3,D0851,M043,Chennai,0,
T005721,U0196,2026-07-20 16:02:00,591.1,D0283,M008,Delhi,0,
T001555,U0052,2026-07-20 16:02:00,1008.98,D0573,M001,Pune,0,
T004580,U0157,2026-07-20 16:11:00,1563.79,D0427,M002,Bengaluru,0,
T001695,U0057,2026-07-20 16:17:00,1189.11,D0220,M053,Delhi,0,
T001442,U0048,2026-07-20 16:18:00,771.45,D0540,M008,Jaipur,0,
T002554,U0085,2026-07-20 16:19:00,3387.58,D0357,M032,Jaipur,0,
T002928,U0096,2026-07-20 16:23:00,2377.05,D0002,M030,Pune,0,
T006908,U0235,2026-07-20 16:24:00,1406.69,D0225,M028,Pune,0,
T006334,U0216,2026-07-20 16:41:00,1119.95,D0864,M042,Pune,0,
T002251,U0075,2026-07-20 16:49:00,2063.65,D0766,M035,Hyderabad,0,
T004782,U0164,2026-07-20 16:53:00,1877.12,D0289,M006,Kolkata,0,
T002343,U0078,2026-07-20 16:58:00,2523.15,D0429,M050,Lucknow,0,
T000547,U0018,2026-07-20 16:59:00,2341.36,D0402,M026,Pune,0,
T001852,U0063,2026-07-20 17:01:00,2344.58,D0853,M037,Lucknow,0,
T005997,U0205,2026-07-20 17:03:00,1963.91,D0694,M013,Jaipur,0,
T006826,U0233,2026-07-20 17:06:00,3542.87,D0871,M025,Hyderabad,0,
T006809,U0232,2026-07-20 17:08:00,3188.38,D0834,M005,Chennai,0,
T003358,U0111,2026-07-20 17:10:00,3752.45,D0309,M050,Delhi,0,
T003387,U0112,2026-07-20 17:25:00,1146.65,D0704,M006,Jaipur,0,
T006007,U0206,2026-07-20 17:28:00,1216.51,D0188,M029,Hyderabad,0,
T001286,U0043,2026-07-20 17:31:00,2195.8,D0414,M029,Jaipur,0,
T004017,U0134,2026-07-20 17:37:00,1996.63,D0117,M016,Delhi,0,
T002266,U0076,2026-07-20 17:40:00,1823.05,D0095,M035,Chennai,0,
T004941,U0170,2026-07-20 17:44:00,425.84,D0199,M019,Chennai,0,
T006685,U0229,2026-07-20 17:44:00,792.65,D0886,M014,Pune,0,
T005467,U0187,2026-07-20 18:00:00,2126.56,D0829,M055,Hyderabad,0,
T006651,U0228,2026-07-20 18:04:00,5532.67,D0620,M048,Pune,0,
T005814,U0198,2026-07-20 18:14:00,390.68,D0897,M060,Kolkata,0,
T006173,U0210,2026-07-20 18:15:00,4711.89,D0721,M008,Jaipur,0,
T007136,U0243,2026-07-20 18:22:00,1888.83,D0862,M032,Pune,0,
T003822,U0126,2026-07-20 18:22:00,1979.52,D0422,M033,Ahmedabad,0,
T002084,U0069,2026-07-20 18:32:00,3461.94,D0601,M060,Delhi,0,
T002296,U0076,2026-07-20 18:33:00,2517.93,D0095,M001,Chennai,0,
T004603,U0158,2026-07-20 18:38:00,2880.84,D0070,M011,Delhi,0,
T007067,U0241,2026-07-20 18:39:00,55.08,D0724,M009,Lucknow,0,
T004828,U0165,2026-07-20 18:39:00,1197.48,D0479,M035,Jaipur,0,
T001186,U0040,2026-07-20 18:39:00,2889.97,D0121,M057,Kolkata,0,
T003496,U0116,2026-07-20 18:43:00,1723.99,D0182,M016,Ahmedabad,0,
T005847,U0200,2026-07-20 18:45:00,2495.36,D0713,M060,Pune,0,
T003579,U0119,2026-07-20 18:45:00,2198.52,D0668,M010,Ahmedabad,0,
T002533,U0085,2026-07-20 18:46:00,2909.77,D0357,M012,Jaipur,0,
T004925,U0170,2026-07-20 18:48:00,200.88,D0199,M019,Chennai,0,
T005106,U0176,2026-07-20 18:50:00,1396.15,D0637,M056,Hyderabad,0,
T003827,U0126,2026-07-20 18:54:00,3101.79,D0422,M009,Ahmedabad,0,
T005116,U0176,2026-07-20 18:56:00,4170.62,D0510,M018,Hyderabad,0,
T002879,U0095,2026-07-20 18:59:00,1583.76,D0808,M029,Jaipur,0,
T006301,U0215,2026-07-20 18:59:00,4806.65,D0863,M018,Ahmedabad,0,
T005606,U0192,2026-07-20 19:00:00,998.08,D0100,M017,Ahmedabad,0,
T003794,U0125,2026-07-20 19:19:00,2996.66,D0290,M027,Pune,0,
T002237,U0074,2026-07-20 19:27:00,1546.3,D0366,M035,Ahmedabad,0,
T003304,U0109,2026-07-20 19:28:00,3503.2,D0831,M001,Pune,0,
T003001,U0098,2026-07-20 19:33:00,808.77,D0298,M043,Kolkata,0,
T000776,U0026,2026-07-20 19:34:00,1358.35,D0111,M053,Lucknow,0,
T007265,U0248,2026-07-20 19:37:00,1087.15,D0495,M005,Lucknow,0,
T003275,U0108,2026-07-20 19:37:00,3336.93,D0549,M032,Ahmedabad,0,
T007290,U0249,2026-07-20 19:49:00,1214.63,D0637,M048,Kolkata,0,
T007140,U0243,2026-07-20 19:53:00,1904.1,D0857,M029,Pune,0,
T001806,U0061,2026-07-20 19:56:00,3948.77,D0515,M056,Delhi,0,
T003184,U0105,2026-07-20 19:58:00,939.47,D0715,M056,Mumbai,0,
T004751,U0163,2026-07-20 20:00:00,2363.95,D0656,M016,Ahmedabad,0,
T005975,U0204,2026-07-20 20:01:00,1752.73,D0610,M017,Lucknow,0,
T006577,U0224,2026-07-20 20:02:00,3480.72,D0191,M008,Bengaluru,0,
T002637,U0088,2026-07-20 20:06:00,2287.56,D0182,M018,Bengaluru,0,
T004543,U0156,2026-07-20 20:13:00,782.34,D0155,M049,Ahmedabad,0,
T002949,U0097,2026-07-20 20:16:00,1168.06,D0420,M015,Hyderabad,0,
T004157,U0141,2026-07-20 20:17:00,3454.3,D0544,M026,Kolkata,0,
T000271,U0009,2026-07-20 20:35:00,2613.72,D0688,M032,Ahmedabad,0,
T004185,U0142,2026-07-20 20:50:00,425.73,D0838,M008,Chennai,0,
T004100,U0138,2026-07-20 20:52:00,2791.34,D0210,M037,Lucknow,0,
T003655,U0121,2026-07-20 20:58:00,1703.88,D0160,M010,Bengaluru,0,
T004763,U0163,2026-07-20 21:29:00,1249.81,D0352,M035,Ahmedabad,0,
T006833,U0233,2026-07-20 21:30:00,1701.51,D0871,M011,Hyderabad,0,
T002785,U0092,2026-07-20 21:31:00,1367.9,D0167,M007,Lucknow,0,
T004247,U0144,2026-07-20 21:38:00,1744.87,D0465,M044,Lucknow,0,
T004491,U0154,2026-07-20 22:04:00,1022.49,D0438,M024,Mumbai,0,
T004550,U0157,2026-07-20 22:34:00,1040.19,D0427,M002,Bengaluru,0,
T000191,U0006,2026-07-20 23:04:00,948.61,D0393,M045,Delhi,0,
T002873,U0095,2026-07-20 23:23:00,3148.57,D0808,M056,Jaipur,0,
T005832,U0199,2026-07-20 23:25:00,1052.47,D0422,M034,Hyderabad,0,
T000240,U0008,2026-07-20 23:36:00,1388.61,D0702,M033,Kolkata,0,
T007540,U0242,2026-07-20 23:47:00,17292.22,D0581,M053,Kolkata,1,account_takeover
T005655,U0194,2026-07-20 23:48:00,3323.04,D0063,M046,Hyderabad,0,
T006682,U0229,2026-07-20 23:58:00,735.01,D0886,M018,Pune,0,
T001076,U0036,2026-07-21 02:48:00,4927.58,D0532,M020,Pune,0,
T007561,U0044,2026-07-21 03:30:00,5869.18,D0669,M056,Jaipur,1,account_takeover
T007483,U0213,2026-07-21 05:00:00,118.57,D0116,M054,Hyderabad,1,velocity_burst
T007484,U0213,2026-07-21 05:01:00,144.56,D0116,M056,Hyderabad,1,velocity_burst
T007485,U0213,2026-07-21 05:02:00,81.84,D0116,M056,Hyderabad,1,velocity_burst
T007486,U0213,2026-07-21 05:06:00,24.73,D0116,M028,Hyderabad,1,velocity_burst
T007491,U0213,2026-07-21 05:08:00,92.28,D0116,M010,Hyderabad,1,velocity_burst
T007487,U0213,2026-07-21 05:08:00,101.33,D0116,M013,Hyderabad,1,velocity_burst
T007488,U0213,2026-07-21 05:10:00,141.93,D0116,M008,Hyderabad,1,velocity_burst
T007489,U0213,2026-07-21 05:12:00,22.31,D0116,M014,Hyderabad,1,velocity_burst
T007490,U0213,2026-07-21 05:14:00,16.85,D0116,M015,Hyderabad,1,velocity_burst
T007492,U0213,2026-07-21 05:18:00,122.16,D0116,M018,Hyderabad,1,velocity_burst
T007493,U0213,2026-07-21 05:20:00,109.96,D0116,M025,Hyderabad,1,velocity_burst
T000002,U0001,2026-07-21 05:32:00,616.95,D0395,M006,Mumbai,0,
T005144,U0177,2026-07-21 05:32:00,2127.03,D0606,M038,Pune,0,
T003049,U0100,2026-07-21 05:33:00,3928.26,D0512,M051,Kolkata,0,
T001650,U0055,2026-07-21 05:53:00,489.15,D0612,M002,Kolkata,0,
T000647,U0022,2026-07-21 05:54:00,1736.7,D0279,M019,Mumbai,0,
T002875,U0095,2026-07-21 06:04:00,2112.77,D0808,M029,Jaipur,0,
T005159,U0177,2026-07-21 06:13:00,2740.36,D0606,M031,Pune,0,
T006175,U0211,2026-07-21 06:23:00,772.11,D0230,M048,Kolkata,0,
T000494,U0016,2026-07-21 06:28:00,303.78,D0647,M018,Ahmedabad,0,
T001504,U0050,2026-07-21 06:50:00,4231.34,D0142,M023,Bengaluru,0,
T000783,U0026,2026-07-21 06:52:00,2310.92,D0111,M053,Lucknow,0,
T000818,U0027,2026-07-21 07:01:00,585.42,D0177,M057,Jaipur,0,
T002056,U0068,2026-07-21 07:02:00,899.16,D0439,M053,Mumbai,0,
T006928,U0236,2026-07-21 07:06:00,2897.34,D0524,M007,Delhi,0,
T002584,U0086,2026-07-21 07:09:00,4104.71,D0726,M018,Bengaluru,0,
T001681,U0057,2026-07-21 07:24:00,2551.34,D0052,M007,Delhi,0,
T005427,U0186,2026-07-21 07:33:00,979.81,D0447,M056,Pune,0,
T006947,U0236,2026-07-21 07:38:00,4375.4,D0675,M007,Delhi,0,
T004990,U0172,2026-07-21 07:41:00,2826.9,D0193,M059,Chennai,0,
T006401,U0218,2026-07-21 07:46:00,524.56,D0225,M020,Lucknow,0,
T000765,U0025,2026-07-21 07:47:00,1497.32,D0797,M045,Chennai,0,
T002144,U0071,2026-07-21 07:47:00,490.62,D0890,M040,Chennai,0,
T004676,U0160,2026-07-21 08:06:00,1217.89,D0738,M057,Ahmedabad,0,
T004477,U0153,2026-07-21 08:18:00,1216.73,D0260,M058,Chennai,0,
T002935,U0096,2026-07-21 08:23:00,1876.55,D0002,M017,Pune,0,
T002363,U0079,2026-07-21 08:24:00,2551.72,D0585,M007,Ahmedabad,0,
T005801,U0198,2026-07-21 08:25:00,254.68,D0897,M030,Kolkata,0,
T001398,U0047,2026-07-21 08:37:00,2244.16,D0117,M028,Pune,0,
T003453,U0114,2026-07-21 08:51:00,583.99,D0541,M029,Hyderabad,0,
T003866,U0128,2026-07-21 08:56:00,3190.37,D0137,M023,Chennai,0,
T006075,U0207,2026-07-21 08:57:00,2030.98,D0392,M031,Hyderabad,0,
T007507,U0172,2026-07-21 09:00:00,111.48,D0193,M017,Chennai,1,velocity_burst
T007508,U0172,2026-07-21 09:01:00,89.28,D0193,M057,Chennai,1,velocity_burst
T007509,U0172,2026-07-21 09:02:00,26.92,D0193,M030,Chennai,1,velocity_burst
T007510,U0172,2026-07-21 09:03:00,137.61,D0193,M046,Chennai,1,velocity_burst
T007512,U0172,2026-07-21 09:05:00,61.84,D0193,M056,Chennai,1,velocity_burst
T007513,U0172,2026-07-21 09:06:00,41.31,D0193,M038,Chennai,1,velocity_burst
T006991,U0238,2026-07-21 09:06:00,436.55,D0718,M019,Lucknow,0,
T007514,U0172,2026-07-21 09:07:00,96.65,D0193,M015,Chennai,1,velocity_burst
T007511,U0172,2026-07-21 09:08:00,38.23,D0193,M059,Chennai,1,velocity_burst
T007515,U0172,2026-07-21 09:08:00,145.02,D0193,M030,Chennai,1,velocity_burst
T007517,U0172,2026-07-21 09:10:00,28.84,D0193,M028,Chennai,1,velocity_burst
T007317,U0250,2026-07-21 09:11:00,3876.78,D0339,M054,Jaipur,0,
T006344,U0216,2026-07-21 09:14:00,1772.67,D0864,M049,Pune,0,
T007516,U0172,2026-07-21 09:18:00,132.93,D0193,M016,Chennai,1,velocity_burst
T000966,U0032,2026-07-21 09:21:00,2660.22,D0017,M048,Chennai,0,
T004130,U0140,2026-07-21 09:22:00,691.24,D0151,M020,Ahmedabad,0,
T001434,U0048,2026-07-21 09:29:00,726.53,D0540,M008,Jaipur,0,
T001577,U0053,2026-07-21 09:30:00,6726.16,D0284,M045,Lucknow,0,
T001869,U0063,2026-07-21 09:38:00,2117.99,D0853,M037,Lucknow,0,
T001870,U0063,2026-07-21 09:39:00,3130.55,D0853,M018,Lucknow,0,
T005394,U0185,2026-07-21 09:46:00,436.22,D0391,M011,Pune,0,
T005226,U0179,2026-07-21 09:48:00,5036.96,D0651,M044,Pune,0,
T004657,U0160,2026-07-21 09:57:00,2540.64,D0738,M026,Ahmedabad,0,
T000668,U0023,2026-07-21 09:59:00,3253.21,D0148,M018,Lucknow,0,
T000761,U0025,2026-07-21 10:03:00,1161.79,D0797,M045,Chennai,0,
T004225,U0144,2026-07-21 10:16:00,1644.12,D0465,M006,Lucknow,0,
T000003,U0001,2026-07-21 10:18:00,2842.88,D0395,M031,Mumbai,0,
T000126,U0004,2026-07-21 10:23:00,675.01,D0040,M045,Pune,0,
T002326,U0078,2026-07-21 10:32:00,3315.9,D0429,M017,Lucknow,0,
T001168,U0039,2026-07-21 10:37:00,3713.7,D0364,M047,Pune,0,
T003503,U0116,2026-07-21 10:46:00,628.97,D0182,M011,Ahmedabad,0,
T004882,U0168,2026-07-21 10:47:00,3637.65,D0867,M055,Hyderabad,0,
T002804,U0092,2026-07-21 10:51:00,2523.54,D0167,M033,Lucknow,0,
T001747,U0059,2026-07-21 10:52:00,3596.46,D0090,M036,Mumbai,0,
T005425,U0186,2026-07-21 10:52:00,2857.14,D0447,M030,Pune,0,
T007154,U0244,2026-07-21 11:04:00,2844.3,D0640,M019,Mumbai,0,
T000312,U0010,2026-07-21 11:07:00,2468.14,D0767,M016,Delhi,0,
T004891,U0168,2026-07-21 11:09:00,2890.79,D0867,M036,Hyderabad,0,
T003334,U0110,2026-07-21 11:11:00,6116.26,D0355,M021,Mumbai,0,
T003834,U0127,2026-07-21 11:14:00,789.33,D0191,M017,Kolkata,0,
T007253,U0247,2026-07-21 11:17:00,3479.69,D0548,M001,Chennai,0,
T005898,U0201,2026-07-21 11:18:00,1125.43,D0116,M016,Pune,0,
T006386,U0218,2026-07-21 11:18:00,383.89,D0271,M014,Lucknow,0,
T006416,U0219,2026-07-21 11:20:00,2067.18,D0826,M028,Chennai,0,
T003195,U0105,2026-07-21 11:24:00,515.62,D0715,M057,Mumbai,0,
T006437,U0220,2026-07-21 11:25:00,2704.23,D0850,M052,Mumbai,0,
T004340,U0148,2026-07-21 11:25:00,4560.86,D0393,M020,Mumbai,0,
T001576,U0053,2026-07-21 11:29:00,4869.74,D0284,M018,Lucknow,0,
T000542,U0018,2026-07-21 11:29:00,3063.43,D0402,M057,Pune,0,
T002689,U0089,2026-07-21 11:33:00,2281.82,D0452,M015,Lucknow,0,
T003913,U0129,2026-07-21 11:37:00,4441.52,D0066,M060,Kolkata,0,
T000382,U0013,2026-07-21 11:38:00,1010.43,D0308,M057,Lucknow,0,
T003611,U0119,2026-07-21 11:39:00,2644.82,D0555,M030,Ahmedabad,0,
T000755,U0025,2026-07-21 11:42:00,1547.92,D0797,M023,Chennai,0,
T004518,U0155,2026-07-21 11:45:00,2454.23,D0283,M036,Pune,0,
T000043,U0002,2026-07-21 11:46:00,5010.77,D0834,M047,Chennai,0,
T000546,U0018,2026-07-21 11:52:00,2330.55,D0402,M033,Pune,0,
T002077,U0069,2026-07-21 11:53:00,2299.7,D0108,M005,Delhi,0,
T003911,U0129,2026-07-21 11:56:00,2498.33,D0066,M032,Kolkata,0,
T002614,U0087,2026-07-21 11:57:00,502.92,D0660,M030,Ahmedabad,0,
T004729,U0162,2026-07-21 12:04:00,2807.51,D0174,M059,Pune,0,
T000401,U0014,2026-07-21 12:06:00,3102.9,D0237,M027,Kolkata,0,
T004984,U0172,2026-07-21 12:06:00,1481.64,D0403,M059,Chennai,0,
T003616,U0120,2026-07-21 12:08:00,506.9,D0266,M022,Hyderabad,0,
T004266,U0145,2026-07-21 12:09:00,3763.44,D0160,M012,Delhi,0,
T001485,U0049,2026-07-21 12:16:00,2000.35,D0655,M012,Chennai,0,
T005742,U0196,2026-07-21 12:16:00,2137.9,D0283,M022,Delhi,0,
T006410,U0219,2026-07-21 12:21:00,1015.9,D0826,M029,Chennai,0,
T001581,U0053,2026-07-21 12:23:00,2986.67,D0284,M045,Lucknow,0,
T003229,U0107,2026-07-21 12:26:00,933.09,D0878,M010,Bengaluru,0,
T006283,U0214,2026-07-21 12:28:00,3132.77,D0674,M024,Jaipur,0,
T006218,U0212,2026-07-21 12:31:00,3885.87,D0825,M032,Jaipur,0,
T001521,U0051,2026-07-21 12:34:00,3919.07,D0126,M058,Kolkata,0,
T004246,U0144,2026-07-21 12:35:00,1584.72,D0465,M006,Lucknow,0,
T000154,U0005,2026-07-21 12:36:00,2193.45,D0716,M008,Mumbai,0,
T001348,U0045,2026-07-21 12:37:00,4766.03,D0572,M005,Lucknow,0,
T005290,U0181,2026-07-21 12:37:00,1369.67,D0783,M010,Kolkata,0,
T003542,U0117,2026-07-21 12:38:00,2872.02,D0795,M009,Kolkata,0,
T000381,U0013,2026-07-21 12:45:00,593.47,D0308,M057,Lucknow,0,
T001613,U0054,2026-07-21 12:45:00,1103.81,D0255,M060,Lucknow,0,
T003488,U0116,2026-07-21 12:45:00,852.87,D0182,M011,Ahmedabad,0,
T000485,U0016,2026-07-21 12:45:00,425.7,D0647,M006,Ahmedabad,0,
T002335,U0078,2026-07-21 12:47:00,4481.65,D0886,M038,Lucknow,0,
T006875,U0235,2026-07-21 12:48:00,1186.98,D0225,M044,Pune,0,
T000100,U0003,2026-07-21 12:49:00,3611.95,D0149,M057,Delhi,0,
T002878,U0095,2026-07-21 12:50:00,1670.56,D0808,M025,Jaipur,0,
T006069,U0207,2026-07-21 12:51:00,1241.44,D0392,M045,Hyderabad,0,
T005012,U0173,2026-07-21 12:52:00,2421.21,D0221,M026,Chennai,0,
T001208,U0041,2026-07-21 12:53:00,1003.46,D0055,M010,Delhi,0,
T000520,U0017,2026-07-21 12:55:00,2056.75,D0170,M040,Pune,0,
T003111,U0102,2026-07-21 12:59:00,612.42,D0731,M045,Lucknow,0,
T001890,U0064,2026-07-21 12:59:00,3310.37,D0368,M003,Kolkata,0,
T004735,U0162,2026-07-21 13:00:00,4588.12,D0174,M059,Pune,0,
T002156,U0071,2026-07-21 13:03:00,705.26,D0890,M012,Chennai,0,
T006326,U0216,2026-07-21 13:06:00,2192.6,D0864,M056,Pune,0,
T004126,U0139,2026-07-21 13:08:00,3121.18,D0275,M034,Kolkata,0,
T000258,U0008,2026-07-21 13:09:00,1568.84,D0702,M026,Kolkata,0,
T000995,U0033,2026-07-21 13:10:00,1075.48,D0543,M022,Lucknow,0,
T006012,U0206,2026-07-21 13:17:00,1225.98,D0188,M009,Hyderabad,0,
T000419,U0014,2026-07-21 13:17:00,3655.65,D0237,M045,Kolkata,0,
T000472,U0016,2026-07-21 13:19:00,425.6,D0647,M018,Ahmedabad,0,
T000214,U0007,2026-07-21 13:20:00,4326.5,D0749,M048,Kolkata,0,
T004797,U0165,2026-07-21 13:23:00,1142.39,D0479,M035,Jaipur,0,
T003439,U0113,2026-07-21 13:25:00,1660.63,D0410,M021,Chennai,0,
T002060,U0069,2026-07-21 13:26:00,3498.31,D0108,M056,Delhi,0,
T004949,U0170,2026-07-21 13:26:00,452.16,D0199,M019,Chennai,0,
T005889,U0201,2026-07-21 13:26:00,1551.59,D0116,M048,Pune,0,
T001493,U0049,2026-07-21 13:28:00,1384.42,D0655,M044,Chennai,0,
T000186,U0006,2026-07-21 13:29:00,1850.01,D0145,M018,Delhi,0,
T005386,U0185,2026-07-21 13:30:00,734.1,D0146,M054,Pune,0,
T007621,U0048,2026-07-21 13:33:00,1234.06,D0540,M046,Jaipur,1,zero_day_drain
T003081,U0101,2026-07-21 13:35:00,1973.5,D0807,M048,Chennai,0,
T003477,U0115,2026-07-21 13:43:00,1692.03,D0277,M003,Bengaluru,0,
T005340,U0183,2026-07-21 13:43:00,1679.38,D0854,M028,Kolkata,0,
T000889,U0030,2026-07-21 13:44:00,1105.76,D0283,M017,Bengaluru,0,
T004919,U0170,2026-07-21 13:50:00,452.63,D0199,M042,Chennai,0,
T005830,U0199,2026-07-21 13:51:00,1479.16,D0422,M027,Hyderabad,0,
T004711,U0162,2026-07-21 13:53:00,3290.9,D0174,M006,Pune,0,
T000224,U0007,2026-07-21 13:57:00,2473.77,D0749,M001,Kolkata,0,
T003665,U0121,2026-07-21 14:00:00,1794.36,D0160,M024,Bengaluru,0,
T006048,U0207,2026-07-21 14:04:00,1012.79,D0392,M045,Hyderabad,0,
T001790,U0061,2026-07-21 14:04:00,2165.17,D0784,M033,Delhi,0,
T002389,U0080,2026-07-21 14:05:00,2861.42,D0312,M030,Jaipur,0,
T002074,U0069,2026-07-21 14:07:00,3578.93,D0601,M060,Delhi,0,
T001816,U0061,2026-07-21 14:08:00,4028.79,D0784,M015,Delhi,0,
T006981,U0238,2026-07-21 14:09:00,2298.83,D0718,M033,Lucknow,0,
T005766,U0197,2026-07-21 14:11:00,2741.3,D0810,M004,Ahmedabad,0,
T004713,U0162,2026-07-21 14:12:00,2836.09,D0174,M022,Pune,0,
T004871,U0167,2026-07-21 14:16:00,4762.9,D0298,M054,Hyderabad,0,
T001641,U0055,2026-07-21 14:20:00,247.58,D0612,M047,Kolkata,0,
T000874,U0029,2026-07-21 14:20:00,2485.03,D0375,M002,Jaipur,0,
T006813,U0232,2026-07-21 14:24:00,1900.97,D0834,M005,Chennai,0,
T000203,U0006,2026-07-21 14:26:00,1972.88,D0145,M006,Delhi,0,
T007002,U0238,2026-07-21 14:27:00,3484.18,D0864,M033,Lucknow,0,
T000674,U0023,2026-07-21 14:28:00,3077.09,D0148,M026,Lucknow,0,
T002189,U0072,2026-07-21 14:33:00,1593.43,D0679,M053,Bengaluru,0,
T001981,U0066,2026-07-21 14:34:00,933.45,D0727,M051,Kolkata,0,
T003853,U0128,2026-07-21 14:39:00,2257.29,D0137,M055,Chennai,0,
T002968,U0097,2026-07-21 14:39:00,1056.48,D0420,M019,Hyderabad,0,
T002649,U0088,2026-07-21 14:45:00,4125.44,D0182,M039,Bengaluru,0,
T000109,U0004,2026-07-21 14:45:00,977.67,D0040,M009,Pune,0,
T004467,U0153,2026-07-21 14:48:00,1258.93,D0851,M032,Chennai,0,
T005360,U0183,2026-07-21 14:49:00,1516.64,D0854,M006,Kolkata,0,
T005429,U0186,2026-07-21 14:49:00,1512.58,D0447,M030,Pune,0,
T007121,U0243,2026-07-21 14:51:00,2002.62,D0857,M018,Pune,0,
T005366,U0183,2026-07-21 14:55:00,474.03,D0854,M014,Kolkata,0,
T004397,U0150,2026-07-21 14:58:00,3532.93,D0454,M041,Delhi,0,
T007045,U0240,2026-07-21 15:03:00,388.05,D0683,M030,Chennai,0,
T006165,U0210,2026-07-21 15:07:00,4870.72,D0573,M015,Jaipur,0,
T005298,U0182,2026-07-21 15:09:00,2156.03,D0821,M039,Pune,0,
T006756,U0231,2026-07-21 15:10:00,2451.84,D0749,M028,Bengaluru,0,
T006934,U0236,2026-07-21 15:10:00,3491.87,D0675,M032,Delhi,0,
T000982,U0033,2026-07-21 15:10:00,679.83,D0543,M022,Lucknow,0,
T004917,U0170,2026-07-21 15:14:00,380.09,D0199,M019,Chennai,0,
T005968,U0204,2026-07-21 15:15:00,1826.65,D0610,M024,Lucknow,0,
T005520,U0189,2026-07-21 15:17:00,1945.36,D0410,M011,Lucknow,0,
T003930,U0130,2026-07-21 15:20:00,4739.39,D0892,M011,Ahmedabad,0,
T007600,U0183,2026-07-21 15:24:00,3024.96,D0854,M031,Kolkata,1,zero_day_drain
T000026,U0001,2026-07-21 15:30:00,2058.2,D0395,M005,Mumbai,0,
T005540,U0190,2026-07-21 15:34:00,2360.9,D0382,M003,Lucknow,0,
T002232,U0074,2026-07-21 15:35:00,3544.93,D0366,M022,Ahmedabad,0,
T001764,U0060,2026-07-21 15:40:00,3430.94,D0156,M045,Ahmedabad,0,
T005981,U0204,2026-07-21 15:40:00,1378.07,D0610,M017,Lucknow,0,
T005146,U0177,2026-07-21 15:42:00,1175.49,D0606,M048,Pune,0,
T000779,U0026,2026-07-21 15:42:00,2682.91,D0111,M053,Lucknow,0,
T002128,U0070,2026-07-21 15:43:00,384.8,D0635,M001,Bengaluru,0,
T002005,U0067,2026-07-21 15:43:00,1389.18,D0345,M004,Hyderabad,0,
T006351,U0217,2026-07-21 15:50:00,3271.48,D0593,M034,Bengaluru,0,
T005716,U0196,2026-07-21 15:59:00,847.99,D0283,M016,Delhi,0,
T006475,U0221,2026-07-21 16:00:00,3351.2,D0718,M058,Chennai,0,
T007407,U0115,2026-07-21 16:00:00,90.82,D0277,M016,Bengaluru,1,velocity_burst
T007408,U0115,2026-07-21 16:01:00,96.63,D0277,M008,Bengaluru,1,velocity_burst
T007409,U0115,2026-07-21 16:04:00,121.67,D0277,M052,Bengaluru,1,velocity_burst
T007411,U0115,2026-07-21 16:04:00,33.37,D0277,M015,Bengaluru,1,velocity_burst
T007412,U0115,2026-07-21 16:05:00,94.19,D0277,M019,Bengaluru,1,velocity_burst
T006148,U0210,2026-07-21 16:06:00,4188.47,D0573,M015,Jaipur,0,
T007410,U0115,2026-07-21 16:06:00,79.55,D0277,M013,Bengaluru,1,velocity_burst
T004815,U0165,2026-07-21 16:09:00,1535.27,D0479,M052,Jaipur,0,
T007413,U0115,2026-07-21 16:12:00,144.39,D0277,M052,Bengaluru,1,velocity_burst
T001528,U0051,2026-07-21 16:14:00,4794.13,D0126,M058,Kolkata,0,
T001885,U0064,2026-07-21 16:15:00,2873.24,D0368,M019,Kolkata,0,
T002049,U0068,2026-07-21 16:24:00,825.53,D0439,M004,Mumbai,0,
T001269,U0043,2026-07-21 16:25:00,1251.1,D0414,M029,Jaipur,0,
T004339,U0148,2026-07-21 16:26:00,4824.51,D0393,M045,Mumbai,0,
T000641,U0022,2026-07-21 16:30:00,1010.47,D0279,M055,Mumbai,0,
T002362,U0079,2026-07-21 16:31:00,3199.29,D0585,M007,Ahmedabad,0,
T004758,U0163,2026-07-21 16:41:00,2516.52,D0352,M016,Ahmedabad,0,
T002361,U0079,2026-07-21 16:42:00,2047.22,D0585,M007,Ahmedabad,0,
T003817,U0126,2026-07-21 16:47:00,2564.0,D0422,M052,Ahmedabad,0,
T001005,U0034,2026-07-21 16:49:00,1574.31,D0213,M053,Chennai,0,
T004724,U0162,2026-07-21 16:50:00,5447.22,D0174,M049,Pune,0,
T002073,U0069,2026-07-21 16:51:00,4454.04,D0108,M060,Delhi,0,
T004156,U0141,2026-07-21 16:54:00,3370.3,D0105,M058,Kolkata,0,
T006962,U0237,2026-07-21 16:54:00,3002.17,D0290,M014,Chennai,0,
T001529,U0051,2026-07-21 16:57:00,2273.67,D0126,M038,Kolkata,0,
T006018,U0206,2026-07-21 17:04:00,719.76,D0188,M046,Hyderabad,0,
T004691,U0161,2026-07-21 17:16:00,1470.32,D0831,M017,Lucknow,0,
T003071,U0101,2026-07-21 17:21:00,1755.88,D0807,M059,Chennai,0,
T003201,U0105,2026-07-21 17:25:00,1143.57,D0715,M016,Mumbai,0,
T007626,U0065,2026-07-21 17:36:00,3726.18,D0530,M002,Bengaluru,1,zero_day_drain
T005921,U0203,2026-07-21 17:38:00,352.12,D0603,M048,Mumbai,0,
T006278,U0214,2026-07-21 17:40:00,2057.01,D0674,M024,Jaipur,0,
T006520,U0223,2026-07-21 17:50:00,1201.6,D0053,M058,Ahmedabad,0,
T003312,U0109,2026-07-21 17:52:00,4993.37,D0831,M001,Pune,0,
T001733,U0058,2026-07-21 17:53:00,831.65,D0670,M010,Pune,0,
T001834,U0062,2026-07-21 17:54:00,596.71,D0584,M010,Hyderabad,0,
T006394,U0218,2026-07-21 17:59:00,82.56,D0271,M014,Lucknow,0,
T004004,U0133,2026-07-21 18:00:00,1870.41,D0798,M012,Bengaluru,0,
T004048,U0135,2026-07-21 18:07:00,3757.52,D0523,M020,Jaipur,0,
T005857,U0200,2026-07-21 18:08:00,3894.9,D0713,M046,Pune,0,
T006339,U0216,2026-07-21 18:09:00,2198.92,D0864,M049,Pune,0,
T000842,U0028,2026-07-21 18:09:00,2819.73,D0207,M059,Pune,0,
T001963,U0066,2026-07-21 18:16:00,2535.78,D0461,M054,Kolkata,0,
T007073,U0241,2026-07-21 18:18:00,466.46,D0020,M006,Lucknow,0,
T003810,U0126,2026-07-21 18:27:00,2597.23,D0422,M052,Ahmedabad,0,
T004912,U0169,2026-07-21 18:33:00,928.69,D0220,M036,Hyderabad,0,
T004268,U0145,2026-07-21 18:42:00,4694.53,D0160,M003,Delhi,0,
T003761,U0124,2026-07-21 18:43:00,814.1,D0132,M056,Lucknow,0,
T006536,U0223,2026-07-21 18:46:00,851.74,D0315,M009,Ahmedabad,0,
T001459,U0048,2026-07-21 18:46:00,1169.67,D0540,M055,Jaipur,0,
T006204,U0211,2026-07-21 18:46:00,1054.69,D0230,M005,Kolkata,0,
T001036,U0035,2026-07-21 18:47:00,431.83,D0823,M059,Lucknow,0,
T006191,U0211,2026-07-21 18:54:00,1293.39,D0230,M048,Kolkata,0,
T001085,U0037,2026-07-21 19:07:00,1842.56,D0444,M060,Hyderabad,0,
T002055,U0068,2026-07-21 19:15:00,539.86,D0439,M027,Mumbai,0,
T005114,U0176,2026-07-21 19:16:00,2277.89,D0637,M056,Hyderabad,0,
T001470,U0048,2026-07-21 19:17:00,766.13,D0540,M008,Jaipur,0,
T002894,U0095,2026-07-21 19:20:00,3686.64,D0808,M056,Jaipur,0,
T002332,U0078,2026-07-21 19:21:00,3181.22,D0429,M050,Lucknow,0,
T003233,U0107,2026-07-21 19:22:00,849.25,D0752,M010,Bengaluru,0,
T004790,U0164,2026-07-21 19:35:00,1782.59,D0289,M022,Kolkata,0,
T003532,U0117,2026-07-21 19:57:00,4090.66,D0795,M015,Kolkata,0,
T002099,U0069,2026-07-21 20:00:00,3564.36,D0108,M005,Delhi,0,
T003149,U0104,2026-07-21 20:02:00,3537.65,D0112,M014,Jaipur,0,
T002920,U0096,2026-07-21 20:11:00,2025.9,D0002,M060,Pune,0,
T001503,U0050,2026-07-21 20:31:00,3432.39,D0142,M026,Bengaluru,0,
T004502,U0154,2026-07-21 20:38:00,1041.78,D0438,M017,Mumbai,0,
T002993,U0098,2026-07-21 20:39:00,602.67,D0222,M027,Kolkata,0,
T002559,U0086,2026-07-21 21:06:00,2462.73,D0726,M046,Bengaluru,0,
T002916,U0096,2026-07-21 21:13:00,1460.28,D0002,M017,Pune,0,
T003944,U0131,2026-07-21 21:30:00,1554.69,D0804,M009,Bengaluru,0,
T001038,U0035,2026-07-21 21:46:00,597.18,D0823,M028,Lucknow,0,
T005238,U0179,2026-07-21 21:53:00,1379.22,D0651,M047,Pune,0,
T005409,U0185,2026-07-21 22:02:00,537.55,D0146,M044,Pune,0,
T004934,U0170,2026-07-21 22:05:00,538.16,D0714,M019,Chennai,0,
T007026,U0239,2026-07-21 23:28:00,1644.44,D0371,M025,Hyderabad,0,
T004155,U0141,2026-07-21 23:52:00,3546.39,D0105,M026,Kolkata,0,
T002141,U0071,2026-07-21 23:57:00,584.0,D0827,M059,Chennai,0,
T002103,U0070,2026-07-22 03:09:00,1045.95,D0635,M001,Bengaluru,0,
T004899,U0169,2026-07-22 06:05:00,619.85,D0220,M056,Hyderabad,0,
T003489,U0116,2026-07-22 06:10:00,2128.09,D0182,M030,Ahmedabad,0,
T007646,U0062,2026-07-22 06:50:00,1403.04,D0584,M057,Hyderabad,1,zero_day_drain
T003382,U0112,2026-07-22 06:51:00,470.25,D0704,M052,Jaipur,0,
T002587,U0086,2026-07-22 06:53:00,3493.2,D0726,M018,Bengaluru,0,
T005928,U0203,2026-07-22 06:54:00,63.7,D0603,M048,Mumbai,0,
T001983,U0066,2026-07-22 07:09:00,1642.5,D0727,M031,Kolkata,0,
T002910,U0096,2026-07-22 07:30:00,2554.78,D0002,M060,Pune,0,
T002174,U0072,2026-07-22 07:41:00,734.46,D0038,M027,Bengaluru,0,
T001020,U0034,2026-07-22 07:57:00,1075.17,D0213,M053,Chennai,0,
T002643,U0088,2026-07-22 08:04:00,3464.0,D0182,M057,Bengaluru,0,
T004948,U0170,2026-07-22 08:05:00,387.49,D0714,M017,Chennai,0,
T002301,U0077,2026-07-22 08:08:00,2686.43,D0129,M032,Chennai,0,
T007055,U0241,2026-07-22 08:10:00,342.18,D0020,M030,Lucknow,0,
T006926,U0236,2026-07-22 08:12:00,3882.13,D0675,M007,Delhi,0,
T003696,U0122,2026-07-22 08:17:00,2180.18,D0477,M018,Ahmedabad,0,
T006731,U0230,2026-07-22 08:23:00,1592.96,D0624,M032,Kolkata,0,
T005376,U0184,2026-07-22 08:30:00,2836.12,D0693,M011,Lucknow,0,
T005614,U0192,2026-07-22 08:40:00,1461.51,D0090,M032,Ahmedabad,0,
T001922,U0065,2026-07-22 08:42:00,1448.37,D0530,M048,Bengaluru,0,
T006486,U0221,2026-07-22 09:01:00,2086.01,D0718,M024,Chennai,0,
T005758,U0197,2026-07-22 09:02:00,4185.41,D0810,M056,Ahmedabad,0,
T001137,U0038,2026-07-22 09:04:00,5472.35,D0045,M032,Hyderabad,0,
T001179,U0040,2026-07-22 09:15:00,3591.0,D0121,M060,Kolkata,0,
T002354,U0078,2026-07-22 09:19:00,20.0,D0429,M050,Lucknow,0,
T002780,U0091,2026-07-22 09:23:00,1633.43,D0226,M025,Mumbai,0,
T005503,U0188,2026-07-22 09:36:00,3698.49,D0422,M017,Mumbai,0,
T007146,U0244,2026-07-22 09:41:00,4780.06,D0640,M026,Mumbai,0,
T002358,U0079,2026-07-22 09:52:00,1627.95,D0585,M038,Ahmedabad,0,
T004928,U0170,2026-07-22 09:57:00,431.84,D0199,M019,Chennai,0,
T003723,U0123,2026-07-22 09:57:00,277.79,D0254,M031,Bengaluru,0,
T003393,U0112,2026-07-22 10:10:00,1618.82,D0704,M053,Jaipur,0,
T005111,U0176,2026-07-22 10:12:00,3436.7,D0637,M018,Hyderabad,0,
T005480,U0188,2026-07-22 10:14:00,4373.11,D0422,M051,Mumbai,0,
T001893,U0064,2026-07-22 10:28:00,3900.85,D0368,M019,Kolkata,0,
T005879,U0201,2026-07-22 10:30:00,1377.21,D0116,M038,Pune,0,
T006630,U0227,2026-07-22 10:33:00,1181.57,D0062,M025,Pune,0,
T003876,U0128,2026-07-22 10:33:00,3296.46,D0137,M009,Chennai,0,
T003171,U0104,2026-07-22 10:38:00,1900.72,D0285,M035,Jaipur,0,
T000027,U0001,2026-07-22 10:39:00,1090.08,D0395,M045,Mumbai,0,
T003716,U0123,2026-07-22 10:43:00,1259.41,D0442,M022,Bengaluru,0,
T005412,U0185,2026-07-22 10:44:00,719.74,D0391,M054,Pune,0,
T005880,U0201,2026-07-22 10:49:00,1874.3,D0116,M042,Pune,0,
T001327,U0044,2026-07-22 10:49:00,772.31,D0661,M036,Kolkata,0,
T005872,U0201,2026-07-22 10:50:00,2812.83,D0116,M036,Pune,0,
T002318,U0077,2026-07-22 10:56:00,2298.65,D0129,M025,Chennai,0,
T001431,U0047,2026-07-22 11:05:00,2403.75,D0117,M033,Pune,0,
T005863,U0201,2026-07-22 11:06:00,1500.75,D0116,M038,Pune,0,
T006883,U0235,2026-07-22 11:11:00,1564.34,D0225,M009,Pune,0,
T004030,U0135,2026-07-22 11:14:00,3029.97,D0523,M037,Jaipur,0,
T006237,U0212,2026-07-22 11:18:00,3361.25,D0825,M032,Jaipur,0,
T005101,U0176,2026-07-22 11:25:00,4099.8,D0510,M004,Hyderabad,0,
T001686,U0057,2026-07-22 11:25:00,2018.52,D0220,M053,Delhi,0,
T006016,U0206,2026-07-22 11:26:00,1222.27,D0035,M046,Hyderabad,0,
T000245,U0008,2026-07-22 11:31:00,2605.24,D0702,M009,Kolkata,0,
T006690,U0229,2026-07-22 11:32:00,1078.02,D0886,M017,Pune,0,
T005192,U0178,2026-07-22 11:34:00,3590.56,D0489,M025,Jaipur,0,
T002163,U0071,2026-07-22 11:36:00,465.33,D0827,M040,Chennai,0,
T002580,U0086,2026-07-22 11:37:00,2480.61,D0726,M046,Bengaluru,0,
T005643,U0194,2026-07-22 11:44:00,5484.92,D0063,M045,Hyderabad,0,
T000491,U0016,2026-07-22 12:00:00,520.76,D0647,M036,Ahmedabad,0,
T003117,U0102,2026-07-22 12:01:00,837.36,D0134,M035,Lucknow,0,
T003965,U0131,2026-07-22 12:04:00,1835.31,D0804,M035,Bengaluru,0,
T007595,U0065,2026-07-22 12:04:00,3111.07,D0632,M056,Bengaluru,1,zero_day_drain
T000367,U0013,2026-07-22 12:06:00,1358.09,D0308,M022,Lucknow,0,
T001219,U0042,2026-07-22 12:07:00,3144.24,D0330,M011,Delhi,0,
T001967,U0066,2026-07-22 12:08:00,1525.3,D0727,M008,Kolkata,0,
T004215,U0143,2026-07-22 12:09:00,4580.21,D0159,M018,Jaipur,0,
T002270,U0076,2026-07-22 12:13:00,2056.06,D0095,M001,Chennai,0,
T001004,U0034,2026-07-22 12:14:00,1311.87,D0213,M053,Chennai,0,
T002479,U0083,2026-07-22 12:16:00,2549.88,D0210,M016,Pune,0,
T004887,U0168,2026-07-22 12:19:00,3010.19,D0867,M056,Hyderabad,0,
T000749,U0025,2026-07-22 12:19:00,865.81,D0797,M045,Chennai,0,
T001341,U0045,2026-07-22 12:21:00,4248.64,D0572,M005,Lucknow,0,
T005268,U0181,2026-07-22 12:21:00,2520.15,D0783,M003,Kolkata,0,
T002458,U0082,2026-07-22 12:22:00,1334.59,D0044,M001,Mumbai,0,
T002381,U0080,2026-07-22 12:30:00,1366.82,D0312,M046,Jaipur,0,
T006159,U0210,2026-07-22 12:31:00,1530.25,D0573,M015,Jaipur,0,
T005312,U0182,2026-07-22 12:31:00,2684.6,D0821,M048,Pune,0,
T007200,U0246,2026-07-22 12:32:00,1554.62,D0201,M005,Delhi,0,
T005642,U0194,2026-07-22 12:34:00,2320.95,D0063,M014,Hyderabad,0,
T003308,U0109,2026-07-22 12:39:00,2197.94,D0831,M003,Pune,0,
T006701,U0229,2026-07-22 12:43:00,234.36,D0886,M014,Pune,0,
T007101,U0242,2026-07-22 12:44:00,1667.29,D0161,M054,Ahmedabad,0,
T002524,U0084,2026-07-22 12:48:00,1496.02,D0549,M032,Mumbai,0,
T006725,U0230,2026-07-22 12:50:00,1389.08,D0624,M046,Kolkata,0,
T001305,U0044,2026-07-22 12:52:00,1305.65,D0661,M042,Kolkata,0,
T005767,U0197,2026-07-22 12:53:00,3544.95,D0810,M031,Ahmedabad,0,
T005925,U0203,2026-07-22 12:58:00,1380.06,D0173,M059,Mumbai,0,
T001579,U0053,2026-07-22 13:00:00,3260.89,D0284,M055,Lucknow,0,
T003272,U0108,2026-07-22 13:01:00,3768.69,D0167,M044,Ahmedabad,0,
T001405,U0047,2026-07-22 13:02:00,1794.49,D0117,M028,Pune,0,
T004761,U0163,2026-07-22 13:04:00,3544.15,D0352,M027,Ahmedabad,0,
T002877,U0095,2026-07-22 13:07:00,3470.75,D0808,M056,Jaipur,0,
T004813,U0165,2026-07-22 13:12:00,1468.54,D0479,M011,Jaipur,0,
T003335,U0110,2026-07-22 13:15:00,2845.05,D0355,M021,Mumbai,0,
T001724,U0058,2026-07-22 13:15:00,1098.75,D0493,M050,Pune,0,
T002824,U0093,2026-07-22 13:16:00,1318.73,D0840,M045,Jaipur,0,
T006920,U0236,2026-07-22 13:16:00,3992.52,D0675,M007,Delhi,0,
T003881,U0128,2026-07-22 13:16:00,3131.05,D0137,M023,Chennai,0,
T002105,U0070,2026-07-22 13:18:00,991.23,D0635,M022,Bengaluru,0,
T001897,U0064,2026-07-22 13:18:00,1330.4,D0368,M012,Kolkata,0,
T003136,U0103,2026-07-22 13:19:00,1247.53,D0662,M010,Ahmedabad,0,
T002534,U0085,2026-07-22 13:25:00,3769.98,D0357,M052,Jaipur,0,
T004687,U0161,2026-07-22 13:30:00,20.0,D0154,M029,Lucknow,0,
T005468,U0187,2026-07-22 13:32:00,4107.02,D0829,M055,Hyderabad,0,
T007003,U0238,2026-07-22 13:33:00,1318.66,D0864,M033,Lucknow,0,
T007158,U0244,2026-07-22 13:33:00,4378.69,D0640,M002,Mumbai,0,
T000836,U0028,2026-07-22 13:42:00,3289.68,D0207,M008,Pune,0,
T002621,U0087,2026-07-22 13:43:00,759.18,D0660,M054,Ahmedabad,0,
T000075,U0002,2026-07-22 13:45:00,2598.19,D0834,M023,Chennai,0,
T007064,U0241,2026-07-22 13:46:00,276.99,D0020,M006,Lucknow,0,
T001534,U0051,2026-07-22 13:51:00,4347.8,D0126,M058,Kolkata,0,
T000449,U0015,2026-07-22 13:52:00,5305.13,D0633,M042,Pune,0,
T002126,U0070,2026-07-22 13:58:00,908.51,D0635,M022,Bengaluru,0,
T007494,U0017,2026-07-22 14:00:00,127.88,D0170,M004,Pune,1,velocity_burst
T007495,U0017,2026-07-22 14:01:00,34.5,D0170,M043,Pune,1,velocity_burst
T007496,U0017,2026-07-22 14:02:00,56.13,D0170,M041,Pune,1,velocity_burst
T004407,U0151,2026-07-22 14:02:00,1388.83,D0683,M011,Lucknow,0,
T007497,U0017,2026-07-22 14:06:00,42.03,D0170,M004,Pune,1,velocity_burst
T006321,U0216,2026-07-22 14:06:00,1202.15,D0864,M042,Pune,0,
T007498,U0017,2026-07-22 14:08:00,64.7,D0170,M046,Pune,1,velocity_burst
T007237,U0247,2026-07-22 14:23:00,6464.56,D0548,M029,Chennai,0,
T000557,U0019,2026-07-22 14:29:00,5130.1,D0397,M016,Kolkata,0,
T005534,U0190,2026-07-22 14:29:00,3841.49,D0566,M003,Lucknow,0,
T000302,U0010,2026-07-22 14:34:00,1911.27,D0767,M040,Delhi,0,
T006791,U0232,2026-07-22 14:34:00,1725.61,D0834,M008,Chennai,0,
T006705,U0229,2026-07-22 14:35:00,823.48,D0886,M014,Pune,0,
T002292,U0076,2026-07-22 14:37:00,1831.23,D0095,M001,Chennai,0,
T000592,U0020,2026-07-22 14:42:00,3032.66,D0806,M018,Mumbai,0,
T003955,U0131,2026-07-22 14:47:00,2053.21,D0804,M031,Bengaluru,0,
T000717,U0024,2026-07-22 14:48:00,4663.18,D0201,M028,Ahmedabad,0,
T000453,U0015,2026-07-22 14:49:00,1642.97,D0633,M042,Pune,0,
T007565,U0215,2026-07-22 15:00:00,5538.6,D0202,M045,Ahmedabad,1,device_ring
T001440,U0048,2026-07-22 15:02:00,506.5,D0540,M055,Jaipur,0,
T007566,U0122,2026-07-22 15:06:00,1588.85,D0202,M045,Ahmedabad,1,device_ring
T001010,U0034,2026-07-22 15:06:00,2751.09,D0213,M004,Chennai,0,
T007568,U0048,2026-07-22 15:09:00,4394.71,D0202,M045,Jaipur,1,device_ring
T003455,U0114,2026-07-22 15:09:00,616.82,D0541,M029,Hyderabad,0,
T006916,U0235,2026-07-22 15:10:00,1043.83,D0225,M022,Pune,0,
T007567,U0019,2026-07-22 15:10:00,4126.66,D0202,M045,Kolkata,1,device_ring
T006377,U0218,2026-07-22 15:11:00,518.29,D0225,M014,Lucknow,0,
T003313,U0109,2026-07-22 15:11:00,2890.91,D0831,M001,Pune,0,
T003783,U0125,2026-07-22 15:12:00,3129.42,D0290,M027,Pune,0,
T005672,U0194,2026-07-22 15:15:00,3798.71,D0063,M035,Hyderabad,0,
T004884,U0168,2026-07-22 15:15:00,1253.28,D0867,M056,Hyderabad,0,
T007569,U0168,2026-07-22 15:16:00,4930.88,D0202,M045,Hyderabad,1,device_ring
T000741,U0025,2026-07-22 15:17:00,855.13,D0797,M023,Chennai,0,
T007241,U0247,2026-07-22 15:18:00,1716.26,D0548,M060,Chennai,0,
T006026,U0206,2026-07-22 15:20:00,1204.47,D0188,M006,Hyderabad,0,
T005820,U0199,2026-07-22 15:20:00,855.47,D0422,M024,Hyderabad,0,
T005684,U0195,2026-07-22 15:21:00,2800.17,D0306,M029,Delhi,0,
T002151,U0071,2026-07-22 15:35:00,151.17,D0890,M059,Chennai,0,
T001925,U0065,2026-07-22 15:36:00,2235.61,D0530,M019,Bengaluru,0,
T005611,U0192,2026-07-22 15:47:00,947.57,D0090,M016,Ahmedabad,0,
T000706,U0024,2026-07-22 15:56:00,2649.47,D0800,M031,Ahmedabad,0,
T001558,U0052,2026-07-22 16:04:00,1283.64,D0573,M040,Pune,0,
T003923,U0129,2026-07-22 16:07:00,5320.9,D0426,M011,Kolkata,0,
T004066,U0137,2026-07-22 16:09:00,3205.88,D0399,M055,Jaipur,0,
T001406,U0047,2026-07-22 16:09:00,2443.82,D0117,M028,Pune,0,
T005250,U0180,2026-07-22 16:11:00,2164.19,D0032,M009,Lucknow,0,
T003679,U0121,2026-07-22 16:12:00,1851.17,D0160,M010,Bengaluru,0,
T001094,U0037,2026-07-22 16:17:00,924.49,D0444,M052,Hyderabad,0,
T005155,U0177,2026-07-22 16:17:00,2017.67,D0606,M048,Pune,0,
T005339,U0183,2026-07-22 16:20:00,1255.46,D0854,M007,Kolkata,0,
T001066,U0036,2026-07-22 16:25:00,5099.06,D0532,M023,Pune,0,
T000601,U0020,2026-07-22 16:30:00,3757.81,D0806,M008,Mumbai,0,
T005842,U0199,2026-07-22 16:30:00,957.01,D0422,M046,Hyderabad,0,
T005436,U0186,2026-07-22 16:31:00,1511.81,D0478,M030,Pune,0,
T002576,U0086,2026-07-22 16:34:00,2807.21,D0726,M018,Bengaluru,0,
T006492,U0222,2026-07-22 16:39:00,3179.13,D0093,M004,Kolkata,0,
T006806,U0232,2026-07-22 16:41:00,2671.18,D0834,M029,Chennai,0,
T004299,U0147,2026-07-22 16:44:00,364.49,D0087,M032,Hyderabad,0,
T005142,U0177,2026-07-22 16:46:00,1166.05,D0606,M031,Pune,0,
T002162,U0071,2026-07-22 16:49:00,684.87,D0890,M048,Chennai,0,
T002402,U0080,2026-07-22 16:53:00,1165.39,D0312,M058,Jaipur,0,
T002241,U0074,2026-07-22 16:57:00,2813.11,D0583,M045,Ahmedabad,0,
T002769,U0091,2026-07-22 16:57:00,3627.16,D0712,M060,Mumbai,0,
T006677,U0229,2026-07-22 16:58:00,742.3,D0886,M018,Pune,0,
T000198,U0006,2026-07-22 16:59:00,3274.16,D0393,M006,Delhi,0,
T006667,U0228,2026-07-22 17:03:00,395.75,D0757,M051,Pune,0,
T001060,U0036,2026-07-22 17:07:00,3165.73,D0532,M049,Pune,0,
T000315,U0010,2026-07-22 17:08:00,2276.34,D0032,M018,Delhi,0,
T003967,U0131,2026-07-22 17:12:00,1117.78,D0804,M035,Bengaluru,0,
T007332,U0250,2026-07-22 17:12:00,632.31,D0339,M031,Jaipur,0,
T006778,U0231,2026-07-22 17:13:00,2481.99,D0749,M043,Bengaluru,0,
T002289,U0076,2026-07-22 17:19:00,2166.55,D0095,M050,Chennai,0,
T004197,U0143,2026-07-22 17:21:00,3172.49,D0159,M015,Jaipur,0,
T006472,U0221,2026-07-22 17:25:00,3137.89,D0221,M021,Chennai,0,
T000073,U0002,2026-07-22 17:25:00,4514.99,D0834,M036,Chennai,0,
T004822,U0165,2026-07-22 17:26:00,2408.74,D0232,M040,Jaipur,0,
T004672,U0160,2026-07-22 17:31:00,1374.59,D0738,M003,Ahmedabad,0,
T002672,U0089,2026-07-22 17:36:00,3748.02,D0452,M053,Lucknow,0,
T003200,U0105,2026-07-22 17:36:00,735.03,D0715,M056,Mumbai,0,
T002644,U0088,2026-07-22 17:42:00,2744.91,D0182,M039,Bengaluru,0,
T000651,U0022,2026-07-22 17:49:00,1088.8,D0334,M019,Mumbai,0,
T004559,U0157,2026-07-22 17:52:00,1575.51,D0427,M012,Bengaluru,0,
T000962,U0032,2026-07-22 17:54:00,2399.56,D0017,M015,Chennai,0,
T004168,U0142,2026-07-22 17:55:00,759.7,D0261,M053,Chennai,0,
T002518,U0084,2026-07-22 18:05:00,322.31,D0805,M014,Mumbai,0,
T006571,U0224,2026-07-22 18:23:00,3934.96,D0191,M008,Bengaluru,0,
T002656,U0088,2026-07-22 18:29:00,5574.79,D0182,M027,Bengaluru,0,
T002104,U0070,2026-07-22 18:33:00,762.13,D0635,M022,Bengaluru,0,
T002809,U0092,2026-07-22 18:33:00,4874.66,D0167,M033,Lucknow,0,
T000737,U0024,2026-07-22 18:35:00,3030.04,D0800,M028,Ahmedabad,0,
T007627,U0065,2026-07-22 18:42:00,2585.58,D0530,M016,Bengaluru,1,zero_day_drain
T003083,U0101,2026-07-22 18:42:00,1825.08,D0807,M017,Chennai,0,
T000414,U0014,2026-07-22 18:44:00,3344.8,D0237,M046,Kolkata,0,
T002339,U0078,2026-07-22 18:46:00,2515.25,D0429,M050,Lucknow,0,
T005297,U0182,2026-07-22 18:50:00,1754.9,D0821,M031,Pune,0,
T001851,U0063,2026-07-22 18:52:00,2115.2,D0853,M018,Lucknow,0,
T003983,U0132,2026-07-22 18:59:00,4749.59,D0418,M006,Kolkata,0,
T004697,U0161,2026-07-22 19:04:00,1947.53,D0154,M030,Lucknow,0,
T001164,U0039,2026-07-22 19:06:00,2630.68,D0364,M054,Pune,0,
T000882,U0030,2026-07-22 19:07:00,936.57,D0283,M017,Bengaluru,0,
T003938,U0130,2026-07-22 19:07:00,4588.69,D0892,M039,Ahmedabad,0,
T006464,U0221,2026-07-22 19:17:00,1603.94,D0221,M058,Chennai,0,
T003708,U0122,2026-07-22 19:19:00,3693.69,D0648,M014,Ahmedabad,0,
T001126,U0038,2026-07-22 19:27:00,1828.03,D0045,M055,Hyderabad,0,
T006610,U0226,2026-07-22 19:32:00,791.41,D0794,M037,Jaipur,0,
T004298,U0147,2026-07-22 19:39:00,123.96,D0087,M018,Hyderabad,0,
T003865,U0128,2026-07-22 19:40:00,3549.53,D0137,M009,Chennai,0,
T005246,U0180,2026-07-22 19:47:00,1543.47,D0032,M017,Lucknow,0,
T005017,U0173,2026-07-22 19:52:00,3765.83,D0221,M022,Chennai,0,
T000373,U0013,2026-07-22 20:03:00,1635.13,D0308,M020,Lucknow,0,
T001793,U0061,2026-07-22 20:14:00,3190.93,D0784,M033,Delhi,0,
T005045,U0174,2026-07-22 20:19:00,2063.94,D0862,M018,Hyderabad,0,
T002964,U0097,2026-07-22 21:08:00,826.42,D0757,M036,Hyderabad,0,
T000657,U0022,2026-07-22 21:14:00,1383.49,D0334,M055,Mumbai,0,
T002336,U0078,2026-07-22 21:19:00,3328.3,D0886,M057,Lucknow,0,
T005607,U0192,2026-07-22 21:35:00,1114.49,D0090,M032,Ahmedabad,0,
T003362,U0111,2026-07-22 21:39:00,2602.9,D0309,M042,Delhi,0,
T003572,U0118,2026-07-22 21:42:00,198.93,D0810,M057,Jaipur,0,
T006506,U0222,2026-07-22 22:32:00,2746.55,D0093,M039,Kolkata,0,
T000341,U0011,2026-07-22 22:34:00,1211.13,D0151,M047,Chennai,0,
T005033,U0173,2026-07-22 22:40:00,4670.96,D0221,M026,Chennai,0,
T006014,U0206,2026-07-22 22:42:00,1135.66,D0188,M029,Hyderabad,0,
T004878,U0167,2026-07-22 22:54:00,6344.41,D0298,M048,Hyderabad,0,
T005957,U0204,2026-07-22 23:10:00,1447.4,D0610,M058,Lucknow,0,
T000676,U0023,2026-07-22 23:59:00,2782.12,D0163,M059,Lucknow,0,
T001323,U0044,2026-07-23 03:05:00,408.2,D0661,M036,Kolkata,0,
T006417,U0219,2026-07-23 05:18:00,1614.18,D0826,M029,Chennai,0,
T003757,U0124,2026-07-23 05:32:00,642.89,D0132,M056,Lucknow,0,
T005544,U0190,2026-07-23 06:00:00,2307.52,D0382,M003,Lucknow,0,
T005978,U0204,2026-07-23 06:05:00,1410.23,D0610,M021,Lucknow,0,
T002733,U0090,2026-07-23 06:12:00,652.37,D0194,M018,Lucknow,0,
T005073,U0174,2026-07-23 06:27:00,4059.49,D0862,M012,Hyderabad,0,
T001045,U0035,2026-07-23 06:32:00,658.82,D0823,M028,Lucknow,0,
T000088,U0003,2026-07-23 06:36:00,2322.24,D0682,M027,Delhi,0,
T004380,U0149,2026-07-23 06:47:00,2040.8,D0409,M033,Hyderabad,0,
T003946,U0131,2026-07-23 06:55:00,499.45,D0804,M035,Bengaluru,0,
T003058,U0101,2026-07-23 07:12:00,692.81,D0807,M015,Chennai,0,
T005505,U0188,2026-07-23 07:24:00,3437.52,D0422,M043,Mumbai,0,
T000871,U0029,2026-07-23 07:33:00,1616.48,D0180,M040,Jaipur,0,
T001729,U0058,2026-07-23 07:39:00,1116.08,D0670,M010,Pune,0,
T003436,U0113,2026-07-23 07:49:00,1649.07,D0410,M053,Chennai,0,
T006309,U0215,2026-07-23 07:52:00,3929.15,D0863,M041,Ahmedabad,0,
T002618,U0087,2026-07-23 07:54:00,236.5,D0660,M029,Ahmedabad,0,
T001546,U0052,2026-07-23 07:55:00,1360.7,D0573,M002,Pune,0,
T006314,U0215,2026-07-23 08:02:00,4297.26,D0863,M041,Ahmedabad,0,
T003623,U0120,2026-07-23 08:16:00,493.58,D0266,M002,Hyderabad,0,
T004690,U0161,2026-07-23 08:19:00,1268.7,D0154,M028,Lucknow,0,
T001099,U0037,2026-07-23 08:27:00,2235.36,D0444,M014,Hyderabad,0,
T001881,U0064,2026-07-23 08:29:00,2896.38,D0368,M012,Kolkata,0,
T001207,U0041,2026-07-23 08:30:00,1554.52,D0055,M026,Delhi,0,
T004443,U0151,2026-07-23 08:34:00,2352.53,D0683,M011,Lucknow,0,
T002546,U0085,2026-07-23 08:40:00,1809.44,D0357,M052,Jaipur,0,
T006903,U0235,2026-07-23 08:47:00,1144.16,D0225,M044,Pune,0,
T002120,U0070,2026-07-23 08:47:00,458.48,D0635,M052,Bengaluru,0,
T002234,U0074,2026-07-23 08:54:00,1889.15,D0583,M035,Ahmedabad,0,
T001857,U0063,2026-07-23 08:55:00,873.33,D0853,M037,Lucknow,0,
T001702,U0057,2026-07-23 09:00:00,2469.26,D0220,M042,Delhi,0,
T000932,U0031,2026-07-23 09:00:00,3770.42,D0674,M056,Jaipur,0,
T004146,U0141,2026-07-23 09:13:00,3486.62,D0105,M058,Kolkata,0,
T000716,U0024,2026-07-23 09:16:00,3995.72,D0201,M028,Ahmedabad,0,
T003108,U0102,2026-07-23 09:21:00,639.24,D0134,M035,Lucknow,0,
T000219,U0007,2026-07-23 09:35:00,3559.49,D0749,M048,Kolkata,0,
T006777,U0231,2026-07-23 09:38:00,1927.72,D0749,M028,Bengaluru,0,
T004068,U0137,2026-07-23 09:43:00,4394.71,D0399,M045,Jaipur,0,
T005316,U0182,2026-07-23 09:44:00,2856.48,D0821,M037,Pune,0,
T005653,U0194,2026-07-23 09:50:00,3123.57,D0063,M014,Hyderabad,0,
T003630,U0120,2026-07-23 10:03:00,524.5,D0763,M043,Hyderabad,0,
T004313,U0147,2026-07-23 10:08:00,378.21,D0087,M017,Hyderabad,0,
T001627,U0055,2026-07-23 10:14:00,406.1,D0612,M052,Kolkata,0,
T004108,U0139,2026-07-23 10:29:00,2879.89,D0275,M034,Kolkata,0,
T000961,U0032,2026-07-23 10:35:00,3145.89,D0017,M028,Chennai,0,
T000609,U0020,2026-07-23 10:35:00,3011.52,D0806,M007,Mumbai,0,
T006050,U0207,2026-07-23 10:37:00,1965.97,D0392,M050,Hyderabad,0,
T003172,U0104,2026-07-23 10:46:00,4699.06,D0112,M014,Jaipur,0,
T003529,U0117,2026-07-23 10:47:00,3487.22,D0795,M014,Kolkata,0,
T006793,U0232,2026-07-23 10:52:00,3124.37,D0834,M005,Chennai,0,
T000450,U0015,2026-07-23 10:53:00,3792.38,D0633,M048,Pune,0,
T003999,U0133,2026-07-23 10:57:00,3992.67,D0798,M047,Bengaluru,0,
T002582,U0086,2026-07-23 10:58:00,4587.0,D0726,M025,Bengaluru,0,
T004262,U0145,2026-07-23 11:02:00,3135.86,D0160,M012,Delhi,0,
T000847,U0028,2026-07-23 11:04:00,1426.69,D0207,M040,Pune,0,
T005085,U0175,2026-07-23 11:04:00,3507.17,D0255,M050,Lucknow,0,
T007596,U0065,2026-07-23 11:06:00,2957.4,D0632,M056,Bengaluru,1,zero_day_drain
T006258,U0213,2026-07-23 11:06:00,3966.34,D0116,M053,Hyderabad,0,
T002312,U0077,2026-07-23 11:07:00,4178.18,D0129,M011,Chennai,0,
T002752,U0091,2026-07-23 11:13:00,5337.72,D0226,M060,Mumbai,0,
T004952,U0170,2026-07-23 11:13:00,289.7,D0714,M017,Chennai,0,
T005504,U0188,2026-07-23 11:16:00,4679.57,D0422,M004,Mumbai,0,
T004425,U0151,2026-07-23 11:18:00,2826.04,D0683,M011,Lucknow,0,
T005405,U0185,2026-07-23 11:25:00,573.03,D0391,M042,Pune,0,
T001390,U0046,2026-07-23 11:33:00,3336.34,D0715,M036,Hyderabad,0,
T006091,U0208,2026-07-23 11:34:00,320.69,D0831,M015,Chennai,0,
T002773,U0091,2026-07-23 11:38:00,4109.21,D0712,M028,Mumbai,0,
T001656,U0056,2026-07-23 11:49:00,1358.84,D0005,M049,Kolkata,0,
T000866,U0029,2026-07-23 11:57:00,545.84,D0375,M040,Jaipur,0,
T006214,U0211,2026-07-23 12:02:00,1050.55,D0230,M005,Kolkata,0,
T004850,U0166,2026-07-23 12:03:00,417.7,D0555,M037,Lucknow,0,
T001464,U0048,2026-07-23 12:05:00,740.9,D0540,M050,Jaipur,0,
T000165,U0005,2026-07-23 12:06:00,4743.2,D0716,M042,Mumbai,0,
T004235,U0144,2026-07-23 12:06:00,1291.6,D0465,M041,Lucknow,0,
T003355,U0111,2026-07-23 12:06:00,3483.21,D0309,M038,Delhi,0,
T001934,U0065,2026-07-23 12:13:00,1607.25,D0632,M033,Bengaluru,0,
T001955,U0066,2026-07-23 12:20:00,2267.74,D0727,M031,Kolkata,0,
T000589,U0020,2026-07-23 12:20:00,2534.79,D0806,M008,Mumbai,0,
T002979,U0097,2026-07-23 12:38:00,916.45,D0420,M014,Hyderabad,0,
T002031,U0068,2026-07-23 12:41:00,578.59,D0301,M027,Mumbai,0,
T004972,U0171,2026-07-23 12:41:00,2944.54,D0417,M032,Lucknow,0,
T002887,U0095,2026-07-23 12:49:00,3485.24,D0808,M024,Jaipur,0,
T002893,U0095,2026-07-23 12:51:00,1527.78,D0808,M018,Jaipur,0,
T000919,U0031,2026-07-23 12:54:00,5440.27,D0674,M010,Jaipur,0,
T004809,U0165,2026-07-23 13:04:00,2895.38,D0479,M053,Jaipur,0,
T002304,U0077,2026-07-23 13:04:00,1974.21,D0129,M032,Chennai,0,
T002357,U0078,2026-07-23 13:09:00,3708.61,D0886,M017,Lucknow,0,
T006995,U0238,2026-07-23 13:12:00,2237.73,D0864,M033,Lucknow,0,
T006164,U0210,2026-07-23 13:15:00,3378.99,D0721,M015,Jaipur,0,
T006458,U0220,2026-07-23 13:18:00,2717.04,D0850,M020,Mumbai,0,
T003375,U0112,2026-07-23 13:19:00,1302.51,D0704,M006,Jaipur,0,
T003138,U0103,2026-07-23 13:20:00,2010.85,D0662,M010,Ahmedabad,0,
T001226,U0042,2026-07-23 13:20:00,547.0,D0663,M022,Delhi,0,
T002731,U0090,2026-07-23 13:21:00,899.43,D0194,M002,Lucknow,0,
T002767,U0091,2026-07-23 13:24:00,2135.69,D0712,M057,Mumbai,0,
T004720,U0162,2026-07-23 13:29:00,3599.52,D0174,M049,Pune,0,
T005749,U0196,2026-07-23 13:30:00,1223.62,D0283,M008,Delhi,0,
T000675,U0023,2026-07-23 13:31:00,3506.22,D0148,M018,Lucknow,0,
T006124,U0209,2026-07-23 13:34:00,3392.01,D0118,M024,Chennai,0,
T004970,U0171,2026-07-23 13:37:00,1913.6,D0417,M023,Lucknow,0,
T002238,U0074,2026-07-23 13:43:00,1835.9,D0583,M045,Ahmedabad,0,
T007304,U0250,2026-07-23 13:44:00,2020.71,D0157,M044,Jaipur,0,
T005573,U0191,2026-07-23 13:45:00,1456.43,D0348,M007,Bengaluru,0,
T003319,U0110,2026-07-23 13:46:00,2591.48,D0355,M056,Mumbai,0,
T001191,U0041,2026-07-23 13:47:00,2032.42,D0055,M026,Delhi,0,
T006941,U0236,2026-07-23 13:49:00,6062.64,D0675,M058,Delhi,0,
T006131,U0209,2026-07-23 13:50:00,3547.11,D0118,M024,Chennai,0,
T001299,U0044,2026-07-23 13:55:00,879.86,D0661,M042,Kolkata,0,
T003202,U0105,2026-07-23 13:58:00,978.19,D0715,M056,Mumbai,0,
T001977,U0066,2026-07-23 13:58:00,1363.19,D0727,M031,Kolkata,0,
T001901,U0064,2026-07-23 13:59:00,1429.09,D0368,M053,Kolkata,0,
T003513,U0116,2026-07-23 14:03:00,3076.49,D0182,M004,Ahmedabad,0,
T006418,U0219,2026-07-23 14:05:00,1403.21,D0826,M035,Chennai,0,
T007161,U0244,2026-07-23 14:05:00,3837.98,D0640,M026,Mumbai,0,
T006357,U0217,2026-07-23 14:07:00,5175.21,D0593,M024,Bengaluru,0,
T002316,U0077,2026-07-23 14:08:00,3296.95,D0129,M011,Chennai,0,
T004122,U0139,2026-07-23 14:09:00,3880.91,D0275,M027,Kolkata,0,
T000931,U0031,2026-07-23 14:13:00,1426.13,D0674,M010,Jaipur,0,
T000584,U0020,2026-07-23 14:13:00,3275.45,D0806,M018,Mumbai,0,
T004653,U0160,2026-07-23 14:17:00,2921.99,D0738,M009,Ahmedabad,0,
T000030,U0001,2026-07-23 14:17:00,1383.54,D0588,M039,Mumbai,0,
T004855,U0167,2026-07-23 14:18:00,5728.97,D0841,M016,Hyderabad,0,
T004727,U0162,2026-07-23 14:20:00,4140.92,D0174,M049,Pune,0,
T000963,U0032,2026-07-23 14:25:00,2339.67,D0597,M028,Chennai,0,
T005060,U0174,2026-07-23 14:25:00,5069.41,D0862,M060,Hyderabad,0,
T004281,U0145,2026-07-23 14:26:00,4563.41,D0160,M040,Delhi,0,
T006280,U0214,2026-07-23 14:26:00,2260.15,D0674,M015,Jaipur,0,
T000461,U0015,2026-07-23 14:27:00,1909.9,D0633,M035,Pune,0,
T000066,U0002,2026-07-23 14:29:00,2811.0,D0834,M028,Chennai,0,
T000004,U0001,2026-07-23 14:30:00,1289.26,D0395,M031,Mumbai,0,
T006403,U0218,2026-07-23 14:31:00,324.66,D0271,M036,Lucknow,0,
T003148,U0104,2026-07-23 14:33:00,1959.08,D0112,M014,Jaipur,0,
T006201,U0211,2026-07-23 14:35:00,581.23,D0230,M048,Kolkata,0,
T001111,U0038,2026-07-23 14:37:00,5329.47,D0045,M022,Hyderabad,0,
T002802,U0092,2026-07-23 14:42:00,4138.05,D0167,M033,Lucknow,0,
T006639,U0227,2026-07-23 14:44:00,1073.8,D0062,M025,Pune,0,
T007278,U0248,2026-07-23 14:47:00,1312.05,D0495,M037,Lucknow,0,
T005620,U0192,2026-07-23 14:50:00,722.77,D0090,M012,Ahmedabad,0,
T007628,U0065,2026-07-23 14:51:00,3686.79,D0530,M005,Bengaluru,1,zero_day_drain
T006383,U0218,2026-07-23 14:52:00,317.53,D0271,M036,Lucknow,0,
T006265,U0214,2026-07-23 14:52:00,2229.1,D0674,M007,Jaipur,0,
T006786,U0232,2026-07-23 14:57:00,2465.44,D0834,M036,Chennai,0,
T007280,U0248,2026-07-23 14:57:00,1027.13,D0495,M037,Lucknow,0,
T001192,U0041,2026-07-23 15:00:00,2862.55,D0055,M010,Delhi,0,
T005543,U0190,2026-07-23 15:01:00,4151.96,D0382,M044,Lucknow,0,
T006267,U0214,2026-07-23 15:03:00,2274.6,D0674,M015,Jaipur,0,
T006911,U0235,2026-07-23 15:06:00,1928.86,D0225,M028,Pune,0,
T003689,U0122,2026-07-23 15:07:00,2691.58,D0477,M010,Ahmedabad,0,
T001293,U0043,2026-07-23 15:12:00,258.07,D0414,M013,Jaipur,0,
T006997,U0238,2026-07-23 15:13:00,481.34,D0718,M038,Lucknow,0,
T004651,U0160,2026-07-23 15:18:00,3643.11,D0738,M013,Ahmedabad,0,
T000986,U0033,2026-07-23 15:19:00,1297.83,D0677,M060,Lucknow,0,
T001781,U0060,2026-07-23 15:20:00,3418.28,D0156,M006,Ahmedabad,0,
T004654,U0160,2026-07-23 15:21:00,4132.35,D0738,M026,Ahmedabad,0,
T000396,U0014,2026-07-23 15:29:00,4124.76,D0871,M027,Kolkata,0,
T002195,U0072,2026-07-23 15:29:00,750.94,D0679,M019,Bengaluru,0,
T004730,U0162,2026-07-23 15:32:00,5221.54,D0174,M059,Pune,0,
T004473,U0153,2026-07-23 15:33:00,2492.17,D0260,M058,Chennai,0,
T004216,U0143,2026-07-23 15:34:00,4397.48,D0517,M018,Jaipur,0,
T003410,U0113,2026-07-23 15:41:00,2072.99,D0021,M038,Chennai,0,
T000015,U0001,2026-07-23 15:46:00,1618.38,D0588,M039,Mumbai,0,
T003219,U0106,2026-07-23 15:52:00,1762.92,D0806,M031,Hyderabad,0,
T003394,U0112,2026-07-23 15:52:00,1108.41,D0854,M052,Jaipur,0,
T004391,U0150,2026-07-23 15:53:00,2314.42,D0454,M027,Delhi,0,
T002045,U0068,2026-07-23 15:56:00,677.63,D0439,M001,Mumbai,0,
T006643,U0227,2026-07-23 15:58:00,1721.06,D0062,M025,Pune,0,
T000844,U0028,2026-07-23 15:59:00,3720.07,D0207,M002,Pune,0,
T001251,U0042,2026-07-23 16:00:00,798.62,D0663,M018,Delhi,0,
T005571,U0191,2026-07-23 16:02:00,656.87,D0348,M007,Bengaluru,0,
T001346,U0045,2026-07-23 16:06:00,3961.94,D0572,M030,Lucknow,0,
T006282,U0214,2026-07-23 16:08:00,1151.25,D0674,M058,Jaipur,0,
T003528,U0117,2026-07-23 16:12:00,6000.8,D0795,M014,Kolkata,0,
T000084,U0003,2026-07-23 16:14:00,2760.24,D0149,M004,Delhi,0,
T000730,U0024,2026-07-23 16:16:00,2079.99,D0201,M031,Ahmedabad,0,
T006727,U0230,2026-07-23 16:27:00,1252.69,D0624,M032,Kolkata,0,
T004178,U0142,2026-07-23 16:36:00,552.69,D0838,M053,Chennai,0,
T005602,U0192,2026-07-23 16:41:00,654.86,D0100,M012,Ahmedabad,0,
T006408,U0218,2026-07-23 16:44:00,491.08,D0225,M020,Lucknow,0,
T004002,U0133,2026-07-23 16:58:00,4626.53,D0798,M010,Bengaluru,0,
T000305,U0010,2026-07-23 17:08:00,1262.52,D0767,M018,Delhi,0,
T005794,U0198,2026-07-23 17:09:00,449.19,D0424,M053,Kolkata,0,
T006405,U0218,2026-07-23 17:09:00,383.55,D0271,M018,Lucknow,0,
T006561,U0224,2026-07-23 17:13:00,5201.73,D0191,M008,Bengaluru,0,
T000802,U0026,2026-07-23 17:13:00,3247.3,D0111,M053,Lucknow,0,
T005977,U0204,2026-07-23 17:19:00,1286.69,D0610,M055,Lucknow,0,
T002685,U0089,2026-07-23 17:20:00,1925.75,D0487,M053,Lucknow,0,
T007151,U0244,2026-07-23 17:32:00,4560.44,D0640,M033,Mumbai,0,
T003836,U0127,2026-07-23 17:33:00,620.23,D0191,M044,Kolkata,0,
T004008,U0134,2026-07-23 17:34:00,3927.63,D0117,M017,Delhi,0,
T005811,U0198,2026-07-23 17:35:00,197.84,D0424,M048,Kolkata,0,
T006611,U0226,2026-07-23 17:36:00,2228.32,D0794,M037,Jaipur,0,
T002831,U0093,2026-07-23 17:37:00,1686.04,D0840,M057,Jaipur,0,
T004198,U0143,2026-07-23 17:37:00,3179.4,D0517,M018,Jaipur,0,
T001213,U0042,2026-07-23 17:41:00,1254.29,D0330,M014,Delhi,0,
T003764,U0124,2026-07-23 17:42:00,916.96,D0856,M032,Lucknow,0,
T001150,U0039,2026-07-23 17:46:00,2348.4,D0364,M054,Pune,0,
T005621,U0192,2026-07-23 17:50:00,527.73,D0100,M009,Ahmedabad,0,
T001389,U0046,2026-07-23 17:53:00,3363.62,D0715,M043,Hyderabad,0,
T003671,U0121,2026-07-23 17:54:00,1805.8,D0160,M010,Bengaluru,0,
T004862,U0167,2026-07-23 17:56:00,3161.67,D0298,M021,Hyderabad,0,
T004060,U0136,2026-07-23 17:56:00,640.46,D0021,M035,Bengaluru,0,
T005170,U0178,2026-07-23 17:58:00,787.5,D0489,M049,Jaipur,0,
T004449,U0152,2026-07-23 18:03:00,810.91,D0890,M053,Ahmedabad,0,
T000347,U0012,2026-07-23 18:05:00,1787.57,D0844,M010,Chennai,0,
T000837,U0028,2026-07-23 18:10:00,2135.08,D0207,M059,Pune,0,
T006547,U0224,2026-07-23 18:14:00,6411.11,D0191,M006,Bengaluru,0,
T006650,U0228,2026-07-23 18:25:00,3091.82,D0757,M038,Pune,0,
T003306,U0109,2026-07-23 18:27:00,5424.89,D0831,M003,Pune,0,
T003728,U0123,2026-07-23 18:46:00,2955.05,D0254,M026,Bengaluru,0,
T006510,U0222,2026-07-23 18:48:00,2948.67,D0093,M004,Kolkata,0,
T004054,U0136,2026-07-23 18:54:00,2793.82,D0021,M011,Bengaluru,0,
T002539,U0085,2026-07-23 19:03:00,3554.66,D0357,M032,Jaipur,0,
T004223,U0143,2026-07-23 19:27:00,2647.83,D0159,M018,Jaipur,0,
T002898,U0095,2026-07-23 19:28:00,2667.67,D0808,M018,Jaipur,0,
T007327,U0250,2026-07-23 19:32:00,4888.15,D0157,M006,Jaipur,0,
T006414,U0219,2026-07-23 19:59:00,1474.17,D0826,M032,Chennai,0,
T007266,U0248,2026-07-23 20:11:00,1097.86,D0495,M037,Lucknow,0,
T001902,U0064,2026-07-23 20:23:00,2593.63,D0368,M003,Kolkata,0,
T001623,U0055,2026-07-23 20:36:00,430.42,D0612,M009,Kolkata,0,
T005426,U0186,2026-07-23 20:40:00,1856.79,D0447,M030,Pune,0,
T004889,U0168,2026-07-23 20:42:00,3241.89,D0867,M058,Hyderabad,0,
T003750,U0123,2026-07-23 20:43:00,1691.1,D0254,M031,Bengaluru,0,
T002100,U0069,2026-07-23 20:57:00,2044.89,D0108,M029,Delhi,0,
T003340,U0110,2026-07-23 21:05:00,5510.76,D0355,M011,Mumbai,0,
T006873,U0234,2026-07-23 21:59:00,3888.4,D0194,M056,Jaipur,0,
T007263,U0248,2026-07-23 22:07:00,1381.89,D0495,M058,Lucknow,0,
T003007,U0099,2026-07-23 22:07:00,836.37,D0009,M010,Mumbai,0,
T002477,U0083,2026-07-23 22:09:00,1596.64,D0210,M016,Pune,0,
T005883,U0201,2026-07-23 22:29:00,1496.04,D0116,M048,Pune,0,
T005704,U0195,2026-07-23 22:45:00,2377.3,D0306,M011,Delhi,0,
T003880,U0128,2026-07-23 22:58:00,3365.7,D0137,M028,Chennai,0,
T002013,U0067,2026-07-23 22:58:00,869.11,D0445,M005,Hyderabad,0,
T003288,U0109,2026-07-23 23:06:00,3763.69,D0831,M053,Pune,0,
T000105,U0003,2026-07-23 23:16:00,2771.39,D0149,M004,Delhi,0,
T006197,U0211,2026-07-23 23:45:00,898.04,D0230,M010,Kolkata,0,
T007450,U0156,2026-07-24 00:00:00,28.88,D0155,M048,Ahmedabad,1,velocity_burst
T007451,U0156,2026-07-24 00:01:00,53.13,D0155,M008,Ahmedabad,1,velocity_burst
T007452,U0156,2026-07-24 00:04:00,80.44,D0155,M046,Ahmedabad,1,velocity_burst
T007455,U0156,2026-07-24 00:05:00,142.6,D0155,M020,Ahmedabad,1,velocity_burst
T007453,U0156,2026-07-24 00:06:00,10.87,D0155,M040,Ahmedabad,1,velocity_burst
T007456,U0156,2026-07-24 00:06:00,81.55,D0155,M044,Ahmedabad,1,velocity_burst
T007454,U0156,2026-07-24 00:08:00,33.2,D0155,M056,Ahmedabad,1,velocity_burst
T007458,U0156,2026-07-24 00:08:00,31.72,D0155,M005,Ahmedabad,1,velocity_burst
T007457,U0156,2026-07-24 00:14:00,18.58,D0155,M052,Ahmedabad,1,velocity_burst
T007459,U0156,2026-07-24 00:18:00,109.26,D0155,M016,Ahmedabad,1,velocity_burst
T007460,U0156,2026-07-24 00:20:00,69.65,D0155,M032,Ahmedabad,1,velocity_burst
T003920,U0129,2026-07-24 00:36:00,2106.63,D0066,M019,Kolkata,0,
T005483,U0188,2026-07-24 02:27:00,3963.03,D0422,M028,Mumbai,0,
T002535,U0085,2026-07-24 04:39:00,1938.96,D0404,M012,Jaipur,0,
T006385,U0218,2026-07-24 04:40:00,274.81,D0225,M014,Lucknow,0,
T006750,U0231,2026-07-24 05:16:00,3239.36,D0749,M028,Bengaluru,0,
T001101,U0037,2026-07-24 05:25:00,2063.45,D0444,M014,Hyderabad,0,
T006411,U0219,2026-07-24 05:45:00,525.2,D0826,M035,Chennai,0,
T006101,U0208,2026-07-24 05:59:00,249.85,D0831,M044,Chennai,0,
T004289,U0146,2026-07-24 06:08:00,590.62,D0355,M048,Ahmedabad,0,
T001382,U0046,2026-07-24 06:11:00,4937.47,D0838,M015,Hyderabad,0,
T001809,U0061,2026-07-24 06:16:00,2554.28,D0515,M056,Delhi,0,
T005228,U0179,2026-07-24 06:19:00,1686.24,D0651,M044,Pune,0,
T002177,U0072,2026-07-24 06:26:00,854.61,D0038,M011,Bengaluru,0,
T006728,U0230,2026-07-24 06:53:00,522.58,D0624,M039,Kolkata,0,
T006596,U0225,2026-07-24 07:07:00,2944.68,D0028,M045,Mumbai,0,
T000042,U0002,2026-07-24 07:16:00,4270.56,D0834,M047,Chennai,0,
T004895,U0168,2026-07-24 07:30:00,4228.47,D0867,M048,Hyderabad,0,
T006566,U0224,2026-07-24 07:37:00,3189.6,D0191,M006,Bengaluru,0,
T006760,U0231,2026-07-24 07:37:00,1770.22,D0749,M014,Bengaluru,0,
T004139,U0140,2026-07-24 07:55:00,514.37,D0151,M027,Ahmedabad,0,
T006640,U0227,2026-07-24 08:10:00,1868.43,D0062,M047,Pune,0,
T007117,U0242,2026-07-24 08:18:00,3117.7,D0534,M009,Ahmedabad,0,
T001774,U0060,2026-07-24 08:23:00,2844.34,D0156,M011,Ahmedabad,0,
T001184,U0040,2026-07-24 08:44:00,2430.67,D0743,M030,Kolkata,0,
T005657,U0194,2026-07-24 08:50:00,4098.54,D0063,M014,Hyderabad,0,
T000707,U0024,2026-07-24 08:59:00,3047.64,D0800,M028,Ahmedabad,0,
T004454,U0152,2026-07-24 09:07:00,1144.72,D0890,M036,Ahmedabad,0,
T002517,U0084,2026-07-24 09:12:00,946.36,D0549,M032,Mumbai,0,
T001714,U0057,2026-07-24 09:20:00,1673.28,D0220,M042,Delhi,0,
T002200,U0073,2026-07-24 09:22:00,2770.41,D0175,M030,Pune,0,
T003395,U0112,2026-07-24 09:24:00,1457.99,D0704,M045,Jaipur,0,
T003804,U0125,2026-07-24 09:25:00,5705.55,D0002,M004,Pune,0,
T004142,U0140,2026-07-24 09:29:00,713.0,D0151,M027,Ahmedabad,0,
T006044,U0206,2026-07-24 09:37:00,901.28,D0188,M009,Hyderabad,0,
T006461,U0221,2026-07-24 09:38:00,4221.72,D0221,M021,Chennai,0,
T001343,U0045,2026-07-24 09:48:00,2002.52,D0572,M030,Lucknow,0,
T007005,U0238,2026-07-24 09:50:00,1197.84,D0718,M019,Lucknow,0,
T002132,U0071,2026-07-24 09:55:00,644.43,D0890,M040,Chennai,0,
T001345,U0045,2026-07-24 09:56:00,3254.82,D0086,M055,Lucknow,0,
T002523,U0084,2026-07-24 10:03:00,1451.96,D0805,M014,Mumbai,0,
T006598,U0225,2026-07-24 10:03:00,3222.88,D0028,M045,Mumbai,0,
T004043,U0135,2026-07-24 10:08:00,2681.64,D0523,M037,Jaipur,0,
T001935,U0065,2026-07-24 10:10:00,1725.34,D0632,M037,Bengaluru,0,
T001956,U0066,2026-07-24 10:11:00,1144.34,D0727,M050,Kolkata,0,
T002922,U0096,2026-07-24 10:16:00,1473.94,D0002,M017,Pune,0,
T003672,U0121,2026-07-24 10:18:00,1270.88,D0160,M004,Bengaluru,0,
T003276,U0108,2026-07-24 10:19:00,3354.88,D0549,M023,Ahmedabad,0,
T006004,U0205,2026-07-24 10:23:00,6774.87,D0694,M013,Jaipur,0,
T003692,U0122,2026-07-24 10:26:00,2288.37,D0648,M014,Ahmedabad,0,
T004350,U0148,2026-07-24 10:26:00,2737.45,D0393,M038,Mumbai,0,
T004547,U0156,2026-07-24 10:27:00,583.76,D0756,M028,Ahmedabad,0,
T003417,U0113,2026-07-24 10:29:00,1817.73,D0410,M021,Chennai,0,
T002016,U0067,2026-07-24 10:29:00,1334.16,D0445,M004,Hyderabad,0,
T001655,U0056,2026-07-24 10:30:00,1407.78,D0005,M049,Kolkata,0,
T000898,U0030,2026-07-24 10:35:00,916.34,D0596,M055,Bengaluru,0,
T004774,U0163,2026-07-24 10:36:00,4400.78,D0656,M058,Ahmedabad,0,
T004389,U0150,2026-07-24 10:39:00,3278.36,D0454,M043,Delhi,0,
T003169,U0104,2026-07-24 10:40:00,4794.31,D0112,M008,Jaipur,0,
T004010,U0134,2026-07-24 10:44:00,3645.27,D0117,M015,Delhi,0,
T002791,U0092,2026-07-24 11:03:00,5423.85,D0167,M007,Lucknow,0,
T001451,U0048,2026-07-24 11:03:00,598.6,D0540,M008,Jaipur,0,
T004219,U0143,2026-07-24 11:07:00,4792.5,D0517,M015,Jaipur,0,
T004838,U0166,2026-07-24 11:10:00,368.54,D0005,M051,Lucknow,0,
T005551,U0190,2026-07-24 11:12:00,2300.46,D0566,M044,Lucknow,0,
T000756,U0025,2026-07-24 11:13:00,1266.32,D0797,M043,Chennai,0,
T006985,U0238,2026-07-24 11:13:00,492.22,D0718,M038,Lucknow,0,
T004224,U0144,2026-07-24 11:22:00,1763.28,D0465,M044,Lucknow,0,
T000252,U0008,2026-07-24 11:28:00,1275.35,D0702,M029,Kolkata,0,
T003476,U0115,2026-07-24 11:28:00,1276.11,D0277,M043,Bengaluru,0,
T002281,U0076,2026-07-24 11:29:00,2613.9,D0020,M011,Chennai,0,
T003053,U0100,2026-07-24 11:33:00,3087.59,D0512,M040,Kolkata,0,
T001808,U0061,2026-07-24 11:41:00,4640.24,D0784,M015,Delhi,0,
T004886,U0168,2026-07-24 11:45:00,5292.87,D0867,M011,Hyderabad,0,
T003251,U0107,2026-07-24 11:47:00,1899.69,D0878,M010,Bengaluru,0,
T001741,U0059,2026-07-24 11:49:00,1738.63,D0090,M004,Mumbai,0,
T003166,U0104,2026-07-24 11:51:00,3710.12,D0112,M014,Jaipur,0,
T004495,U0154,2026-07-24 11:51:00,2240.85,D0438,M017,Mumbai,0,
T000918,U0031,2026-07-24 11:52:00,3357.94,D0674,M010,Jaipur,0,
T001064,U0036,2026-07-24 12:00:00,3253.46,D0532,M020,Pune,0,
T002775,U0091,2026-07-24 12:00:00,1880.16,D0226,M025,Mumbai,0,
T007461,U0002,2026-07-24 12:00:00,65.55,D0834,M006,Chennai,1,velocity_burst
T005277,U0181,2026-07-24 12:00:00,1381.97,D0783,M003,Kolkata,0,
T007462,U0002,2026-07-24 12:01:00,76.37,D0834,M046,Chennai,1,velocity_burst
T006737,U0230,2026-07-24 12:01:00,991.46,D0624,M046,Kolkata,0,
T002725,U0090,2026-07-24 12:01:00,1085.29,D0194,M002,Lucknow,0,
T007463,U0002,2026-07-24 12:02:00,129.86,D0834,M059,Chennai,1,velocity_burst
T002669,U0089,2026-07-24 12:03:00,2801.68,D0487,M053,Lucknow,0,
T007465,U0002,2026-07-24 12:04:00,136.16,D0834,M035,Chennai,1,velocity_burst
T007466,U0002,2026-07-24 12:05:00,62.16,D0834,M036,Chennai,1,velocity_burst
T007464,U0002,2026-07-24 12:06:00,118.25,D0834,M048,Chennai,1,velocity_burst
T007467,U0002,2026-07-24 12:12:00,123.83,D0834,M012,Chennai,1,velocity_burst
T006371,U0217,2026-07-24 12:12:00,4979.43,D0427,M060,Bengaluru,0,
T003283,U0109,2026-07-24 12:13:00,5630.51,D0831,M001,Pune,0,
T004200,U0143,2026-07-24 12:20:00,5339.14,D0517,M018,Jaipur,0,
T003008,U0099,2026-07-24 12:22:00,1280.62,D0081,M010,Mumbai,0,
T002157,U0071,2026-07-24 12:30:00,859.05,D0827,M040,Chennai,0,
T001713,U0057,2026-07-24 12:30:00,2716.18,D0052,M050,Delhi,0,
T003220,U0106,2026-07-24 12:31:00,1399.84,D0082,M037,Hyderabad,0,
T003517,U0117,2026-07-24 12:33:00,4865.26,D0795,M014,Kolkata,0,
T003995,U0133,2026-07-24 12:33:00,2543.32,D0798,M047,Bengaluru,0,
T003525,U0117,2026-07-24 12:35:00,3971.1,D0795,M009,Kolkata,0,
T000143,U0004,2026-07-24 12:37:00,1417.37,D0040,M043,Pune,0,
T004462,U0152,2026-07-24 12:40:00,389.08,D0768,M053,Ahmedabad,0,
T005942,U0203,2026-07-24 12:42:00,809.99,D0173,M014,Mumbai,0,
T003307,U0109,2026-07-24 12:43:00,3415.7,D0831,M022,Pune,0,
T003090,U0101,2026-07-24 12:43:00,1662.33,D0807,M048,Chennai,0,
T003861,U0128,2026-07-24 12:45:00,1744.71,D0137,M035,Chennai,0,
T001798,U0061,2026-07-24 12:47:00,3724.56,D0515,M056,Delhi,0,
T006538,U0224,2026-07-24 12:54:00,892.06,D0191,M012,Bengaluru,0,
T001135,U0038,2026-07-24 12:56:00,2581.4,D0045,M022,Hyderabad,0,
T003182,U0105,2026-07-24 12:59:00,815.89,D0715,M056,Mumbai,0,
T003165,U0104,2026-07-24 13:01:00,2593.52,D0285,M014,Jaipur,0,
T006221,U0212,2026-07-24 13:02:00,2041.34,D0825,M047,Jaipur,0,
T005197,U0178,2026-07-24 13:04:00,675.44,D0489,M046,Jaipur,0,
T002321,U0078,2026-07-24 13:14:00,3643.83,D0429,M029,Lucknow,0,
T000281,U0009,2026-07-24 13:14:00,2791.3,D0688,M056,Ahmedabad,0,
T004567,U0157,2026-07-24 13:14:00,522.4,D0427,M026,Bengaluru,0,
T006849,U0234,2026-07-24 13:18:00,3907.8,D0194,M010,Jaipur,0,
T000561,U0019,2026-07-24 13:24:00,1918.66,D0397,M032,Kolkata,0,
T001825,U0062,2026-07-24 13:25:00,889.69,D0584,M028,Hyderabad,0,
T005837,U0199,2026-07-24 13:27:00,1682.69,D0422,M034,Hyderabad,0,
T006466,U0221,2026-07-24 13:27:00,3966.92,D0221,M021,Chennai,0,
T006319,U0215,2026-07-24 13:29:00,3363.19,D0821,M018,Ahmedabad,0,
T007032,U0240,2026-07-24 13:34:00,441.38,D0683,M002,Chennai,0,
T000511,U0017,2026-07-24 13:35:00,4108.68,D0170,M009,Pune,0,
T005466,U0187,2026-07-24 13:36:00,3646.47,D0829,M043,Hyderabad,0,
T006006,U0205,2026-07-24 13:37:00,6282.61,D0547,M043,Jaipur,0,
T003059,U0101,2026-07-24 13:40:00,1489.57,D0807,M017,Chennai,0,
T005577,U0191,2026-07-24 13:43:00,2454.18,D0348,M022,Bengaluru,0,
T004732,U0162,2026-07-24 13:44:00,3464.73,D0174,M002,Pune,0,
T000355,U0012,2026-07-24 13:53:00,539.32,D0844,M029,Chennai,0,
T006348,U0216,2026-07-24 13:53:00,1691.97,D0864,M042,Pune,0,
T006147,U0210,2026-07-24 13:57:00,1850.28,D0721,M015,Jaipur,0,
T002896,U0095,2026-07-24 13:58:00,3907.12,D0808,M024,Jaipur,0,
T005370,U0184,2026-07-24 14:00:00,2675.35,D0693,M032,Lucknow,0,
T000303,U0010,2026-07-24 14:00:00,2078.39,D0032,M026,Delhi,0,
T005695,U0195,2026-07-24 14:00:00,2408.15,D0306,M029,Delhi,0,
T001238,U0042,2026-07-24 14:03:00,2879.45,D0663,M040,Delhi,0,
T007609,U0148,2026-07-24 14:03:00,5127.46,D0393,M014,Mumbai,1,zero_day_drain
T004910,U0169,2026-07-24 14:04:00,1074.55,D0220,M059,Hyderabad,0,
T005020,U0173,2026-07-24 14:05:00,4350.59,D0221,M049,Chennai,0,
T004833,U0165,2026-07-24 14:05:00,2308.16,D0232,M040,Jaipur,0,
T000209,U0007,2026-07-24 14:06:00,4222.5,D0749,M047,Kolkata,0,
T007083,U0241,2026-07-24 14:08:00,282.37,D0020,M014,Lucknow,0,
T000195,U0006,2026-07-24 14:09:00,2556.89,D0393,M050,Delhi,0,
T004406,U0151,2026-07-24 14:10:00,2258.95,D0683,M010,Lucknow,0,
T002911,U0096,2026-07-24 14:13:00,2113.72,D0002,M060,Pune,0,
T002606,U0087,2026-07-24 14:15:00,500.78,D0536,M030,Ahmedabad,0,
T006975,U0238,2026-07-24 14:15:00,1356.67,D0864,M038,Lucknow,0,
T005996,U0205,2026-07-24 14:15:00,2438.11,D0694,M013,Jaipur,0,
T003016,U0099,2026-07-24 14:17:00,1672.27,D0009,M002,Mumbai,0,
T002771,U0091,2026-07-24 14:19:00,4072.72,D0712,M060,Mumbai,0,
T001909,U0064,2026-07-24 14:22:00,1471.76,D0368,M035,Kolkata,0,
T004180,U0142,2026-07-24 14:22:00,699.77,D0838,M004,Chennai,0,
T001543,U0052,2026-07-24 14:24:00,1811.78,D0573,M001,Pune,0,
T002242,U0074,2026-07-24 14:24:00,1805.25,D0366,M045,Ahmedabad,0,
T003523,U0117,2026-07-24 14:26:00,4307.2,D0795,M015,Kolkata,0,
T002094,U0069,2026-07-24 14:27:00,1630.68,D0108,M060,Delhi,0,
T000602,U0020,2026-07-24 14:30:00,1893.39,D0806,M019,Mumbai,0,
T004213,U0143,2026-07-24 14:35:00,1337.59,D0517,M015,Jaipur,0,
T003567,U0118,2026-07-24 14:36:00,721.48,D0095,M020,Jaipur,0,
T000228,U0007,2026-07-24 14:37:00,2321.92,D0749,M001,Kolkata,0,
T002303,U0077,2026-07-24 14:37:00,3893.73,D0129,M025,Chennai,0,
T000563,U0019,2026-07-24 14:38:00,3336.6,D0397,M027,Kolkata,0,
T005052,U0174,2026-07-24 14:41:00,4125.1,D0862,M041,Hyderabad,0,
T005161,U0178,2026-07-24 14:43:00,2012.73,D0489,M046,Jaipur,0,
T003872,U0128,2026-07-24 14:44:00,2146.79,D0137,M028,Chennai,0,
T004214,U0143,2026-07-24 14:48:00,3834.56,D0159,M015,Jaipur,0,
T005853,U0200,2026-07-24 14:48:00,4310.87,D0713,M050,Pune,0,
T007088,U0242,2026-07-24 14:50:00,3223.69,D0161,M054,Ahmedabad,0,
T002763,U0091,2026-07-24 14:54:00,2729.78,D0712,M060,Mumbai,0,
T001463,U0048,2026-07-24 14:54:00,218.53,D0540,M050,Jaipur,0,
T005337,U0183,2026-07-24 15:00:00,768.58,D0854,M006,Kolkata,0,
T006002,U0205,2026-07-24 15:01:00,5510.72,D0694,M049,Jaipur,0,
T002481,U0083,2026-07-24 15:01:00,839.01,D0210,M031,Pune,0,
T004398,U0150,2026-07-24 15:04:00,4058.92,D0454,M043,Delhi,0,
T006936,U0236,2026-07-24 15:05:00,4123.01,D0524,M007,Delhi,0,
T002422,U0081,2026-07-24 15:11:00,1995.75,D0218,M036,Bengaluru,0,
T006729,U0230,2026-07-24 15:15:00,1178.3,D0624,M039,Kolkata,0,
T003959,U0131,2026-07-24 15:17:00,1972.57,D0804,M031,Bengaluru,0,
T004090,U0138,2026-07-24 15:20:00,310.32,D0210,M037,Lucknow,0,
T003429,U0113,2026-07-24 15:21:00,2536.71,D0410,M053,Chennai,0,
T003079,U0101,2026-07-24 15:23:00,2367.09,D0807,M055,Chennai,0,
T007076,U0241,2026-07-24 15:24:00,412.96,D0020,M006,Lucknow,0,
T002235,U0074,2026-07-24 15:24:00,2547.45,D0366,M042,Ahmedabad,0,
T005638,U0193,2026-07-24 15:28:00,3820.29,D0709,M015,Jaipur,0,
T002268,U0076,2026-07-24 15:33:00,2502.97,D0095,M036,Chennai,0,
T002944,U0097,2026-07-24 15:35:00,1233.11,D0757,M019,Hyderabad,0,
T005446,U0187,2026-07-24 15:36:00,6660.45,D0829,M015,Hyderabad,0,
T003603,U0119,2026-07-24 15:36:00,1581.64,D0668,M030,Ahmedabad,0,
T006215,U0211,2026-07-24 15:49:00,1379.03,D0230,M010,Kolkata,0,
T000559,U0019,2026-07-24 15:52:00,1544.79,D0397,M058,Kolkata,0,
T003456,U0114,2026-07-24 15:57:00,1149.96,D0541,M012,Hyderabad,0,
T005920,U0203,2026-07-24 15:58:00,376.62,D0603,M048,Mumbai,0,
T002722,U0090,2026-07-24 16:01:00,1248.03,D0667,M002,Lucknow,0,
T006852,U0234,2026-07-24 16:02:00,1905.98,D0029,M056,Jaipur,0,
T004300,U0147,2026-07-24 16:07:00,368.87,D0087,M018,Hyderabad,0,
T000176,U0006,2026-07-24 16:10:00,4959.78,D0145,M039,Delhi,0,
T006869,U0234,2026-07-24 16:15:00,2356.62,D0194,M010,Jaipur,0,
T000014,U0001,2026-07-24 16:19:00,2236.75,D0395,M039,Mumbai,0,
T005167,U0178,2026-07-24 16:21:00,2174.62,D0489,M012,Jaipur,0,
T004832,U0165,2026-07-24 16:21:00,1665.08,D0479,M007,Jaipur,0,
T006700,U0229,2026-07-24 16:27:00,1138.39,D0886,M017,Pune,0,
T001301,U0044,2026-07-24 16:27:00,568.38,D0661,M042,Kolkata,0,
T006102,U0208,2026-07-24 16:29:00,555.06,D0831,M059,Chennai,0,
T003558,U0118,2026-07-24 16:31:00,509.76,D0095,M057,Jaipur,0,
T005497,U0188,2026-07-24 16:34:00,3001.97,D0422,M028,Mumbai,0,
T005336,U0183,2026-07-24 16:35:00,1591.12,D0854,M014,Kolkata,0,
T007250,U0247,2026-07-24 16:38:00,2692.05,D0548,M018,Chennai,0,
T004324,U0147,2026-07-24 16:42:00,24.88,D0087,M032,Hyderabad,0,
T006524,U0223,2026-07-24 16:43:00,677.2,D0053,M009,Ahmedabad,0,
T001815,U0061,2026-07-24 16:48:00,2925.78,D0515,M056,Delhi,0,
T006987,U0238,2026-07-24 16:58:00,1223.58,D0718,M033,Lucknow,0,
T002812,U0092,2026-07-24 17:03:00,4254.82,D0167,M033,Lucknow,0,
T003065,U0101,2026-07-24 17:10:00,2417.1,D0807,M056,Chennai,0,
T005262,U0180,2026-07-24 17:13:00,1782.42,D0032,M013,Lucknow,0,
T002986,U0097,2026-07-24 17:15:00,1203.13,D0420,M014,Hyderabad,0,
T001822,U0061,2026-07-24 17:20:00,4068.82,D0784,M015,Delhi,0,
T001001,U0033,2026-07-24 17:25:00,2024.35,D0543,M007,Lucknow,0,
T001784,U0061,2026-07-24 17:31:00,2109.66,D0784,M015,Delhi,0,
T005739,U0196,2026-07-24 17:33:00,1319.84,D0283,M008,Delhi,0,
T000139,U0004,2026-07-24 17:38:00,1317.16,D0040,M043,Pune,0,
T004609,U0158,2026-07-24 17:39:00,2145.48,D0070,M019,Delhi,0,
T001374,U0046,2026-07-24 17:41:00,2617.6,D0838,M015,Hyderabad,0,
T004866,U0167,2026-07-24 17:46:00,2500.73,D0298,M048,Hyderabad,0,
T003819,U0126,2026-07-24 17:47:00,3037.92,D0422,M039,Ahmedabad,0,
T006500,U0222,2026-07-24 17:48:00,4045.29,D0093,M027,Kolkata,0,
T002168,U0071,2026-07-24 17:50:00,679.73,D0827,M047,Chennai,0,
T002823,U0093,2026-07-24 17:50:00,1095.13,D0390,M057,Jaipur,0,
T002146,U0071,2026-07-24 17:54:00,522.23,D0890,M040,Chennai,0,
T000137,U0004,2026-07-24 17:57:00,1357.81,D0040,M043,Pune,0,
T001711,U0057,2026-07-24 18:03:00,1413.77,D0220,M045,Delhi,0,
T006742,U0230,2026-07-24 18:04:00,1006.74,D0624,M036,Kolkata,0,
T007277,U0248,2026-07-24 18:13:00,1286.47,D0495,M037,Lucknow,0,
T006127,U0209,2026-07-24 18:17:00,5864.7,D0118,M011,Chennai,0,
T001214,U0042,2026-07-24 18:20:00,1888.46,D0663,M022,Delhi,0,
T004081,U0137,2026-07-24 18:20:00,2745.76,D0399,M015,Jaipur,0,
T005603,U0192,2026-07-24 18:23:00,1028.52,D0100,M020,Ahmedabad,0,
T002048,U0068,2026-07-24 18:24:00,726.84,D0439,M053,Mumbai,0,
T002490,U0084,2026-07-24 18:31:00,1624.85,D0549,M014,Mumbai,0,
T003560,U0118,2026-07-24 18:34:00,255.51,D0095,M055,Jaipur,0,
T005346,U0183,2026-07-24 18:35:00,2307.3,D0854,M006,Kolkata,0,
T001317,U0044,2026-07-24 18:37:00,1003.55,D0661,M036,Kolkata,0,
T002513,U0084,2026-07-24 18:39:00,1728.33,D0805,M014,Mumbai,0,
T000162,U0005,2026-07-24 18:39:00,1936.84,D0716,M027,Mumbai,0,
T003087,U0101,2026-07-24 18:40:00,1755.1,D0807,M048,Chennai,0,
T004464,U0152,2026-07-24 18:41:00,1269.91,D0768,M053,Ahmedabad,0,
T000411,U0014,2026-07-24 18:51:00,4573.26,D0871,M027,Kolkata,0,
T007022,U0239,2026-07-24 18:55:00,1342.51,D0371,M019,Hyderabad,0,
T007137,U0243,2026-07-24 19:08:00,623.6,D0857,M054,Pune,0,
T000594,U0020,2026-07-24 19:08:00,2830.31,D0806,M008,Mumbai,0,
T004179,U0142,2026-07-24 19:09:00,784.02,D0838,M004,Chennai,0,
T007322,U0250,2026-07-24 19:10:00,5133.56,D0157,M044,Jaipur,0,
T004072,U0137,2026-07-24 19:13:00,2184.99,D0399,M015,Jaipur,0,
T001538,U0052,2026-07-24 19:17:00,1262.87,D0573,M002,Pune,0,
T004743,U0163,2026-07-24 19:23:00,2281.19,D0352,M027,Ahmedabad,0,
T005372,U0184,2026-07-24 19:31:00,2399.74,D0693,M025,Lucknow,0,
T001819,U0061,2026-07-24 19:42:00,5195.15,D0784,M056,Delhi,0,
T002560,U0086,2026-07-24 19:50:00,6540.31,D0726,M018,Bengaluru,0,
T000439,U0015,2026-07-24 19:52:00,5064.71,D0633,M035,Pune,0,
T003266,U0108,2026-07-24 19:55:00,3986.99,D0167,M044,Ahmedabad,0,
T003906,U0129,2026-07-24 20:00:00,2805.29,D0426,M032,Kolkata,0,
T002734,U0090,2026-07-24 20:01:00,1638.8,D0667,M015,Lucknow,0,
T005969,U0204,2026-07-24 20:05:00,1003.63,D0610,M024,Lucknow,0,
T001447,U0048,2026-07-24 20:20:00,854.3,D0540,M050,Jaipur,0,
T002859,U0094,2026-07-24 20:39:00,2535.65,D0059,M003,Mumbai,0,
T003389,U0112,2026-07-24 21:22:00,960.38,D0854,M006,Jaipur,0,
T005289,U0181,2026-07-24 21:27:00,3760.58,D0879,M003,Kolkata,0,
T001785,U0061,2026-07-24 22:19:00,4732.97,D0515,M056,Delhi,0,
T007225,U0247,2026-07-24 22:31:00,3946.45,D0548,M031,Chennai,0,
T003235,U0107,2026-07-24 22:51:00,1372.3,D0752,M010,Bengaluru,0,
T001915,U0065,2026-07-24 22:54:00,1885.48,D0530,M037,Bengaluru,0,
T002890,U0095,2026-07-24 22:55:00,2874.65,D0808,M012,Jaipur,0,
T004049,U0135,2026-07-24 23:01:00,3737.57,D0549,M004,Jaipur,0,
T002974,U0097,2026-07-24 23:05:00,1283.39,D0420,M014,Hyderabad,0,
T007546,U0003,2026-07-24 23:33:00,18311.99,D0578,M010,Hyderabad,1,account_takeover
T007370,U0067,2026-07-25 00:00:00,45.96,D0345,M003,Hyderabad,1,velocity_burst
T007371,U0067,2026-07-25 00:02:00,77.12,D0345,M019,Hyderabad,1,velocity_burst
T007373,U0067,2026-07-25 00:03:00,49.88,D0345,M023,Hyderabad,1,velocity_burst
T007372,U0067,2026-07-25 00:04:00,88.67,D0345,M008,Hyderabad,1,velocity_burst
T007374,U0067,2026-07-25 00:08:00,84.49,D0345,M056,Hyderabad,1,velocity_burst
T007555,U0239,2026-07-25 04:12:00,9404.6,D0899,M011,Ahmedabad,1,account_takeover
T003573,U0118,2026-07-25 04:36:00,1248.78,D0095,M025,Jaipur,0,
T000167,U0006,2026-07-25 05:18:00,2449.44,D0145,M045,Delhi,0,
T006251,U0213,2026-07-25 05:27:00,4590.45,D0542,M058,Hyderabad,0,
T005454,U0187,2026-07-25 05:28:00,4071.14,D0829,M004,Hyderabad,0,
T005524,U0189,2026-07-25 05:35:00,1881.71,D0410,M021,Lucknow,0,
T006774,U0231,2026-07-25 06:17:00,3000.75,D0749,M028,Bengaluru,0,
T005188,U0178,2026-07-25 06:26:00,805.52,D0489,M012,Jaipur,0,
T001883,U0064,2026-07-25 06:51:00,3078.58,D0368,M003,Kolkata,0,
T004259,U0144,2026-07-25 07:04:00,1627.22,D0465,M044,Lucknow,0,
T003492,U0116,2026-07-25 07:07:00,3093.01,D0182,M030,Ahmedabad,0,
T002793,U0092,2026-07-25 07:25:00,5779.1,D0167,M033,Lucknow,0,
T006548,U0224,2026-07-25 07:46:00,3853.75,D0191,M006,Bengaluru,0,
T003098,U0102,2026-07-25 07:54:00,724.24,D0134,M035,Lucknow,0,
T001429,U0047,2026-07-25 08:00:00,2521.41,D0117,M028,Pune,0,
T005296,U0182,2026-07-25 08:04:00,2929.55,D0821,M031,Pune,0,
T004853,U0167,2026-07-25 08:19:00,4882.24,D0298,M004,Hyderabad,0,
T001658,U0056,2026-07-25 08:20:00,1264.33,D0005,M003,Kolkata,0,
T001829,U0062,2026-07-25 08:22:00,1334.97,D0584,M028,Hyderabad,0,
T005311,U0182,2026-07-25 08:43:00,3549.21,D0821,M037,Pune,0,
T004021,U0134,2026-07-25 08:44:00,2695.47,D0117,M016,Delhi,0,
T003650,U0120,2026-07-25 08:45:00,649.83,D0763,M022,Hyderabad,0,
T003379,U0112,2026-07-25 08:50:00,1555.66,D0854,M045,Jaipur,0,
T005046,U0174,2026-07-25 08:52:00,1604.21,D0862,M041,Hyderabad,0,
T000994,U0033,2026-07-25 08:59:00,1473.05,D0543,M022,Lucknow,0,
T005253,U0180,2026-07-25 09:01:00,1426.57,D0032,M050,Lucknow,0,
T007174,U0245,2026-07-25 09:06:00,369.35,D0640,M029,Hyderabad,0,
T003600,U0119,2026-07-25 09:06:00,4583.99,D0668,M030,Ahmedabad,0,
T001117,U0038,2026-07-25 09:26:00,1758.29,D0045,M022,Hyderabad,0,
T000387,U0014,2026-07-25 09:26:00,4383.3,D0871,M027,Kolkata,0,
T001174,U0040,2026-07-25 09:48:00,2929.4,D0121,M051,Kolkata,0,
T006447,U0220,2026-07-25 09:50:00,3342.66,D0850,M031,Mumbai,0,
T002142,U0071,2026-07-25 09:53:00,515.33,D0827,M059,Chennai,0,
T002798,U0092,2026-07-25 09:58:00,4611.32,D0167,M007,Lucknow,0,
T004779,U0164,2026-07-25 10:03:00,3037.85,D0289,M010,Kolkata,0,
T000404,U0014,2026-07-25 10:09:00,3349.49,D0237,M041,Kolkata,0,
T007165,U0244,2026-07-25 10:19:00,3141.25,D0640,M019,Mumbai,0,
T004731,U0162,2026-07-25 10:20:00,3898.66,D0174,M049,Pune,0,
T006374,U0217,2026-07-25 10:21:00,2519.13,D0427,M060,Bengaluru,0,
T003945,U0131,2026-07-25 10:22:00,1912.93,D0804,M031,Bengaluru,0,
T000430,U0015,2026-07-25 10:26:00,3229.79,D0633,M018,Pune,0,
T004134,U0140,2026-07-25 10:29:00,890.54,D0151,M048,Ahmedabad,0,
T005991,U0205,2026-07-25 10:35:00,7160.5,D0547,M050,Jaipur,0,
T003914,U0129,2026-07-25 10:40:00,4222.49,D0066,M011,Kolkata,0,
T000544,U0018,2026-07-25 10:44:00,1646.23,D0522,M033,Pune,0,
T005031,U0173,2026-07-25 10:54:00,3681.43,D0221,M022,Chennai,0,
T004132,U0140,2026-07-25 10:57:00,369.52,D0330,M020,Ahmedabad,0,
T002908,U0096,2026-07-25 11:00:00,1898.01,D0002,M030,Pune,0,
T002727,U0090,2026-07-25 11:09:00,815.62,D0194,M036,Lucknow,0,
T001480,U0049,2026-07-25 11:13:00,1586.83,D0377,M042,Chennai,0,
T000503,U0016,2026-07-25 11:14:00,636.5,D0647,M024,Ahmedabad,0,
T001855,U0063,2026-07-25 11:15:00,2093.12,D0853,M026,Lucknow,0,
T001674,U0057,2026-07-25 11:17:00,2007.47,D0220,M042,Delhi,0,
T004345,U0148,2026-07-25 11:17:00,1900.99,D0393,M050,Mumbai,0,
T002514,U0084,2026-07-25 11:26:00,436.38,D0805,M014,Mumbai,0,
T004063,U0136,2026-07-25 11:33:00,1570.8,D0485,M011,Bengaluru,0,
T001420,U0047,2026-07-25 11:39:00,1369.7,D0117,M001,Pune,0,
T001297,U0044,2026-07-25 11:39:00,410.98,D0661,M042,Kolkata,0,
T005570,U0191,2026-07-25 11:41:00,818.53,D0348,M037,Bengaluru,0,
T003594,U0119,2026-07-25 11:48:00,3422.8,D0555,M010,Ahmedabad,0,
T006740,U0230,2026-07-25 11:49:00,1724.11,D0624,M039,Kolkata,0,
T003806,U0125,2026-07-25 11:50:00,3414.0,D0290,M004,Pune,0,
T003701,U0122,2026-07-25 11:52:00,4112.3,D0648,M018,Ahmedabad,0,
T004374,U0149,2026-07-25 11:52:00,2003.12,D0737,M024,Hyderabad,0,
T002903,U0095,2026-07-25 11:55:00,2106.59,D0808,M012,Jaipur,0,
T004205,U0143,2026-07-25 11:56:00,2475.98,D0159,M015,Jaipur,0,
T002278,U0076,2026-07-25 11:57:00,1642.31,D0095,M021,Chennai,0,
T001636,U0055,2026-07-25 11:58:00,233.37,D0612,M027,Kolkata,0,
T000624,U0021,2026-07-25 11:59:00,2132.49,D0692,M059,Jaipur,0,
T005527,U0190,2026-07-25 12:01:00,2722.47,D0566,M044,Lucknow,0,
T006104,U0208,2026-07-25 12:05:00,1016.49,D0831,M059,Chennai,0,
T006250,U0213,2026-07-25 12:07:00,2209.66,D0116,M043,Hyderabad,0,
T007286,U0249,2026-07-25 12:09:00,1693.53,D0068,M028,Kolkata,0,
T001127,U0038,2026-07-25 12:10:00,5750.64,D0045,M055,Hyderabad,0,
T007084,U0241,2026-07-25 12:11:00,680.74,D0020,M041,Lucknow,0,
T005280,U0181,2026-07-25 12:12:00,2226.1,D0783,M010,Kolkata,0,
T000298,U0009,2026-07-25 12:16:00,2119.26,D0688,M006,Ahmedabad,0,
T006496,U0222,2026-07-25 12:20:00,4372.36,D0093,M039,Kolkata,0,
T007175,U0245,2026-07-25 12:27:00,321.57,D0640,M038,Hyderabad,0,
T004373,U0149,2026-07-25 12:35:00,1923.94,D0409,M024,Hyderabad,0,
T004435,U0151,2026-07-25 12:36:00,1773.78,D0683,M020,Lucknow,0,
T001025,U0034,2026-07-25 12:42:00,1201.33,D0213,M046,Chennai,0,
T003634,U0120,2026-07-25 12:48:00,595.85,D0763,M013,Hyderabad,0,
T000480,U0016,2026-07-25 12:50:00,465.25,D0647,M018,Ahmedabad,0,
T006219,U0212,2026-07-25 12:54:00,2468.77,D0825,M059,Jaipur,0,
T006100,U0208,2026-07-25 12:54:00,1117.86,D0831,M044,Chennai,0,
T000724,U0024,2026-07-25 12:55:00,2165.79,D0201,M031,Ahmedabad,0,
T006041,U0206,2026-07-25 13:01:00,1533.93,D0188,M046,Hyderabad,0,
T005777,U0197,2026-07-25 13:01:00,2617.76,D0810,M031,Ahmedabad,0,
T000510,U0017,2026-07-25 13:05:00,3501.97,D0170,M038,Pune,0,
T006065,U0207,2026-07-25 13:07:00,1448.58,D0392,M050,Hyderabad,0,
T005227,U0179,2026-07-25 13:11:00,1541.14,D0651,M033,Pune,0,
T006527,U0223,2026-07-25 13:16:00,1137.61,D0315,M009,Ahmedabad,0,
T005379,U0184,2026-07-25 13:16:00,1883.43,D0693,M011,Lucknow,0,
T007282,U0248,2026-07-25 13:17:00,1230.3,D0495,M005,Lucknow,0,
T001678,U0057,2026-07-25 13:18:00,1981.91,D0052,M060,Delhi,0,
T001988,U0066,2026-07-25 13:23:00,1558.54,D0727,M050,Kolkata,0,
T004384,U0150,2026-07-25 13:24:00,1363.02,D0454,M043,Delhi,0,
T000815,U0027,2026-07-25 13:24:00,177.64,D0177,M057,Jaipur,0,
T005195,U0178,2026-07-25 13:25:00,1209.03,D0489,M049,Jaipur,0,
T001026,U0034,2026-07-25 13:27:00,1524.01,D0213,M046,Chennai,0,
T000504,U0017,2026-07-25 13:31:00,5756.13,D0170,M009,Pune,0,
T001518,U0051,2026-07-25 13:33:00,4015.29,D0126,M001,Kolkata,0,
T002854,U0094,2026-07-25 13:34:00,1526.51,D0886,M030,Mumbai,0,
T001353,U0045,2026-07-25 13:35:00,2266.58,D0572,M009,Lucknow,0,
T002327,U0078,2026-07-25 13:37:00,3994.21,D0886,M029,Lucknow,0,
T001880,U0064,2026-07-25 13:40:00,4203.84,D0368,M033,Kolkata,0,
T001073,U0036,2026-07-25 13:42:00,1536.7,D0532,M023,Pune,0,
T003486,U0116,2026-07-25 13:48:00,2509.16,D0182,M011,Ahmedabad,0,
T006811,U0232,2026-07-25 13:49:00,1708.12,D0836,M036,Chennai,0,
T007086,U0241,2026-07-25 13:49:00,563.52,D0020,M030,Lucknow,0,
T001231,U0042,2026-07-25 13:50:00,2711.07,D0330,M014,Delhi,0,
T005134,U0177,2026-07-25 13:54:00,3546.08,D0606,M007,Pune,0,
T007153,U0244,2026-07-25 13:54:00,3762.25,D0640,M019,Mumbai,0,
T003687,U0122,2026-07-25 13:54:00,3606.83,D0477,M003,Ahmedabad,0,
T007171,U0245,2026-07-25 13:54:00,483.35,D0640,M051,Hyderabad,0,
T002609,U0087,2026-07-25 13:55:00,268.68,D0660,M013,Ahmedabad,0,
T002702,U0089,2026-07-25 13:56:00,2048.2,D0452,M020,Lucknow,0,
T005229,U0179,2026-07-25 14:00:00,3933.5,D0651,M047,Pune,0,
T006671,U0228,2026-07-25 14:01:00,3108.94,D0620,M036,Pune,0,
T006240,U0212,2026-07-25 14:03:00,2613.59,D0825,M049,Jaipur,0,
T004124,U0139,2026-07-25 14:03:00,2886.88,D0275,M027,Kolkata,0,
T006876,U0235,2026-07-25 14:03:00,1950.18,D0225,M009,Pune,0,
T003684,U0122,2026-07-25 14:05:00,2897.84,D0477,M003,Ahmedabad,0,
T003966,U0131,2026-07-25 14:10:00,744.52,D0804,M044,Bengaluru,0,
T006444,U0220,2026-07-25 14:10:00,982.36,D0850,M015,Mumbai,0,
T002338,U0078,2026-07-25 14:14:00,2534.02,D0886,M029,Lucknow,0,
T002996,U0098,2026-07-25 14:15:00,835.37,D0222,M003,Kolkata,0,
T004188,U0142,2026-07-25 14:19:00,1279.42,D0261,M035,Chennai,0,
T004411,U0151,2026-07-25 14:32:00,2338.2,D0683,M020,Lucknow,0,
T000677,U0023,2026-07-25 14:33:00,3012.5,D0148,M026,Lucknow,0,
T003862,U0128,2026-07-25 14:37:00,2059.72,D0137,M039,Chennai,0,
T000699,U0023,2026-07-25 14:40:00,2743.43,D0163,M059,Lucknow,0,
T003674,U0121,2026-07-25 14:40:00,1657.91,D0160,M010,Bengaluru,0,
T001415,U0047,2026-07-25 14:42:00,1979.76,D0117,M033,Pune,0,
T003326,U0110,2026-07-25 14:43:00,5127.27,D0355,M009,Mumbai,0,
T001401,U0047,2026-07-25 14:47:00,2230.8,D0117,M033,Pune,0,
T004533,U0156,2026-07-25 14:51:00,459.47,D0155,M049,Ahmedabad,0,
T005477,U0188,2026-07-25 14:54:00,4024.75,D0422,M051,Mumbai,0,
T002657,U0088,2026-07-25 14:59:00,2713.41,D0182,M027,Bengaluru,0,
T004441,U0151,2026-07-25 14:59:00,1749.28,D0683,M010,Lucknow,0,
T006521,U0223,2026-07-25 15:00:00,70.77,D0053,M058,Ahmedabad,0,
T005422,U0186,2026-07-25 15:01:00,1030.69,D0447,M027,Pune,0,
T000733,U0024,2026-07-25 15:01:00,4018.67,D0201,M019,Ahmedabad,0,
T002180,U0072,2026-07-25 15:03:00,1301.24,D0038,M009,Bengaluru,0,
T002032,U0068,2026-07-25 15:04:00,1089.94,D0301,M053,Mumbai,0,
T001359,U0046,2026-07-25 15:09:00,3896.1,D0715,M015,Hyderabad,0,
T001325,U0044,2026-07-25 15:15:00,884.72,D0661,M012,Kolkata,0,
T000999,U0033,2026-07-25 15:20:00,1087.54,D0677,M060,Lucknow,0,
T005949,U0204,2026-07-25 15:21:00,966.94,D0610,M017,Lucknow,0,
T002285,U0076,2026-07-25 15:27:00,2170.92,D0020,M011,Chennai,0,
T004902,U0169,2026-07-25 15:33:00,575.7,D0220,M059,Hyderabad,0,
T004530,U0155,2026-07-25 15:33:00,4078.94,D0146,M039,Pune,0,
T006074,U0207,2026-07-25 15:38:00,736.02,D0392,M038,Hyderabad,0,
T002383,U0080,2026-07-25 15:41:00,1696.14,D0312,M030,Jaipur,0,
T005658,U0194,2026-07-25 15:42:00,3992.91,D0063,M045,Hyderabad,0,
T007223,U0247,2026-07-25 15:50:00,5046.95,D0548,M060,Chennai,0,
T006134,U0209,2026-07-25 15:50:00,1263.56,D0118,M028,Chennai,0,
T007570,U0030,2026-07-25 16:00:00,3168.0,D0887,M002,Bengaluru,1,device_ring
T001316,U0044,2026-07-25 16:01:00,974.03,D0661,M036,Kolkata,0,
T001969,U0066,2026-07-25 16:05:00,1551.9,D0727,M050,Kolkata,0,
T001676,U0057,2026-07-25 16:05:00,3311.81,D0220,M052,Delhi,0,
T004745,U0163,2026-07-25 16:06:00,2067.2,D0656,M035,Ahmedabad,0,
T007571,U0116,2026-07-25 16:07:00,3252.69,D0887,M002,Ahmedabad,1,device_ring
T007572,U0225,2026-07-25 16:08:00,1150.29,D0887,M002,Mumbai,1,device_ring
T000805,U0026,2026-07-25 16:13:00,1714.67,D0111,M010,Lucknow,0,
T003328,U0110,2026-07-25 16:15:00,3621.5,D0144,M016,Mumbai,0,
T006886,U0235,2026-07-25 16:18:00,1482.35,D0225,M022,Pune,0,
T007573,U0065,2026-07-25 16:18:00,5938.8,D0887,M002,Bengaluru,1,device_ring
T005874,U0201,2026-07-25 16:22:00,2138.56,D0116,M042,Pune,0,
T000611,U0020,2026-07-25 16:28:00,4772.92,D0806,M007,Mumbai,0,
T006715,U0230,2026-07-25 16:29:00,1463.44,D0624,M032,Kolkata,0,
T000930,U0031,2026-07-25 16:31:00,1719.71,D0674,M001,Jaipur,0,
T006711,U0229,2026-07-25 16:35:00,1401.57,D0886,M017,Pune,0,
T001048,U0035,2026-07-25 16:37:00,749.32,D0823,M028,Lucknow,0,
T000263,U0008,2026-07-25 16:40:00,3393.05,D0702,M026,Kolkata,0,
T005894,U0201,2026-07-25 16:50:00,1189.83,D0116,M038,Pune,0,
T000880,U0030,2026-07-25 16:52:00,502.29,D0596,M002,Bengaluru,0,
T000644,U0022,2026-07-25 16:54:00,473.98,D0279,M058,Mumbai,0,
T002476,U0083,2026-07-25 17:02:00,2393.96,D0772,M056,Pune,0,
T000902,U0030,2026-07-25 17:08:00,1057.97,D0283,M030,Bengaluru,0,
T002089,U0069,2026-07-25 17:13:00,1614.72,D0601,M029,Delhi,0,
T004381,U0149,2026-07-25 17:14:00,5316.37,D0737,M025,Hyderabad,0,
T006484,U0221,2026-07-25 17:16:00,2095.46,D0221,M024,Chennai,0,
T005598,U0192,2026-07-25 17:16:00,1129.15,D0090,M032,Ahmedabad,0,
T002821,U0093,2026-07-25 17:17:00,1116.98,D0390,M057,Jaipur,0,
T003253,U0107,2026-07-25 17:18:00,1406.46,D0752,M004,Bengaluru,0,
T002092,U0069,2026-07-25 17:29:00,2309.68,D0601,M005,Delhi,0,
T004971,U0171,2026-07-25 17:31:00,477.3,D0417,M007,Lucknow,0,
T006583,U0225,2026-07-25 17:43:00,4649.52,D0028,M031,Mumbai,0,
T005967,U0204,2026-07-25 17:44:00,767.2,D0610,M017,Lucknow,0,
T002364,U0079,2026-07-25 17:46:00,3794.73,D0585,M058,Ahmedabad,0,
T001620,U0054,2026-07-25 17:48:00,3206.02,D0255,M060,Lucknow,0,
T000890,U0030,2026-07-25 17:48:00,809.78,D0283,M054,Bengaluru,0,
T005856,U0200,2026-07-25 17:57:00,3432.69,D0713,M050,Pune,0,
T005140,U0177,2026-07-25 18:00:00,1704.0,D0606,M039,Pune,0,
T005315,U0182,2026-07-25 18:03:00,4101.23,D0821,M031,Pune,0,
T002863,U0094,2026-07-25 18:07:00,1033.6,D0886,M030,Mumbai,0,
T003240,U0107,2026-07-25 18:08:00,2052.03,D0878,M004,Bengaluru,0,
T005008,U0173,2026-07-25 18:12:00,5565.38,D0221,M051,Chennai,0,
T003311,U0109,2026-07-25 18:19:00,4093.69,D0831,M001,Pune,0,
T003238,U0107,2026-07-25 18:23:00,810.75,D0878,M004,Bengaluru,0,
T001680,U0057,2026-07-25 18:31:00,1394.28,D0052,M045,Delhi,0,
T003710,U0122,2026-07-25 18:38:00,1794.49,D0477,M010,Ahmedabad,0,
T006533,U0223,2026-07-25 18:40:00,951.38,D0053,M058,Ahmedabad,0,
T003775,U0124,2026-07-25 18:40:00,703.0,D0132,M056,Lucknow,0,
T001237,U0042,2026-07-25 18:53:00,2627.24,D0330,M040,Delhi,0,
T005926,U0203,2026-07-25 18:55:00,922.14,D0173,M014,Mumbai,0,
T007622,U0048,2026-07-25 18:57:00,1406.39,D0540,M011,Jaipur,1,zero_day_drain
T001124,U0038,2026-07-25 19:06:00,2529.82,D0045,M055,Hyderabad,0,
T000299,U0009,2026-07-25 19:19:00,2442.97,D0688,M006,Ahmedabad,0,
T006485,U0221,2026-07-25 19:24:00,5908.89,D0221,M021,Chennai,0,
T006341,U0216,2026-07-25 19:32:00,1517.7,D0864,M042,Pune,0,
T005224,U0179,2026-07-25 19:41:00,1488.58,D0651,M047,Pune,0,
T002558,U0086,2026-07-25 19:42:00,4801.35,D0726,M037,Bengaluru,0,
T002451,U0082,2026-07-25 19:44:00,1154.7,D0332,M037,Mumbai,0,
T002604,U0087,2026-07-25 19:46:00,672.39,D0536,M013,Ahmedabad,0,
T003719,U0123,2026-07-25 19:57:00,1995.05,D0254,M026,Bengaluru,0,
T003888,U0128,2026-07-25 20:30:00,2758.0,D0137,M028,Chennai,0,
T003828,U0126,2026-07-25 20:36:00,3464.38,D0422,M039,Ahmedabad,0,
T006298,U0215,2026-07-25 20:37:00,3675.74,D0821,M043,Ahmedabad,0,
T004734,U0162,2026-07-25 20:40:00,1988.54,D0174,M049,Pune,0,
T002279,U0076,2026-07-25 20:42:00,1075.72,D0020,M035,Chennai,0,
T004548,U0156,2026-07-25 20:57:00,466.3,D0155,M029,Ahmedabad,0,
T006217,U0211,2026-07-25 21:12:00,770.67,D0230,M048,Kolkata,0,
T006262,U0213,2026-07-25 21:13:00,5449.85,D0542,M053,Hyderabad,0,
T005976,U0204,2026-07-25 21:16:00,868.86,D0610,M024,Lucknow,0,
T001356,U0046,2026-07-25 21:27:00,3438.65,D0838,M036,Hyderabad,0,
T004512,U0155,2026-07-25 21:39:00,3726.68,D0283,M004,Pune,0,
T005566,U0190,2026-07-25 21:39:00,3612.92,D0382,M044,Lucknow,0,
T003409,U0113,2026-07-25 22:12:00,1669.4,D0410,M055,Chennai,0,
T005726,U0196,2026-07-25 23:02:00,1540.75,D0283,M022,Delhi,0,
T006631,U0227,2026-07-25 23:09:00,1071.51,D0062,M025,Pune,0,
T006925,U0236,2026-07-25 23:09:00,3864.42,D0675,M007,Delhi,0,
T000136,U0004,2026-07-25 23:11:00,1402.84,D0040,M040,Pune,0,
T001070,U0036,2026-07-25 23:19:00,1995.26,D0532,M023,Pune,0,
T003187,U0105,2026-07-26 00:46:00,1003.92,D0715,M016,Mumbai,0,
T007545,U0064,2026-07-26 03:33:00,18595.19,D0868,M039,Jaipur,1,account_takeover
T005057,U0174,2026-07-26 03:46:00,1791.33,D0862,M041,Hyderabad,0,
T007559,U0104,2026-07-26 04:31:00,32600.74,D0747,M011,Kolkata,1,account_takeover
T004863,U0167,2026-07-26 05:32:00,4468.48,D0841,M048,Hyderabad,0,
T001990,U0066,2026-07-26 06:14:00,1200.05,D0727,M031,Kolkata,0,
T004708,U0162,2026-07-26 06:17:00,4504.81,D0174,M002,Pune,0,
T000868,U0029,2026-07-26 06:18:00,1296.67,D0180,M027,Jaipur,0,
T007212,U0246,2026-07-26 07:09:00,2412.76,D0201,M025,Delhi,0,
T005326,U0182,2026-07-26 07:13:00,2561.64,D0821,M048,Pune,0,
T005275,U0181,2026-07-26 07:25:00,2857.18,D0879,M003,Kolkata,0,
T005053,U0174,2026-07-26 07:36:00,2795.47,D0862,M003,Hyderabad,0,
T004695,U0161,2026-07-26 07:36:00,1647.8,D0154,M060,Lucknow,0,
T005632,U0193,2026-07-26 07:36:00,2863.9,D0709,M017,Jaipur,0,
T002504,U0084,2026-07-26 07:36:00,2574.96,D0549,M025,Mumbai,0,
T006837,U0234,2026-07-26 07:37:00,2653.26,D0029,M009,Jaipur,0,
T007108,U0242,2026-07-26 07:46:00,4304.64,D0534,M040,Ahmedabad,0,
T004526,U0155,2026-07-26 07:49:00,2707.96,D0283,M022,Pune,0,
T002244,U0074,2026-07-26 08:03:00,1824.3,D0583,M035,Ahmedabad,0,
T003015,U0099,2026-07-26 08:06:00,642.88,D0081,M010,Mumbai,0,
T000334,U0011,2026-07-26 08:20:00,638.78,D0289,M047,Chennai,0,
T001281,U0043,2026-07-26 08:22:00,1175.41,D0414,M039,Jaipur,0,
T004426,U0151,2026-07-26 08:22:00,1692.29,D0683,M010,Lucknow,0,
T006917,U0236,2026-07-26 08:28:00,2938.76,D0524,M058,Delhi,0,
T003289,U0109,2026-07-26 08:33:00,2592.49,D0831,M001,Pune,0,
T005138,U0177,2026-07-26 08:34:00,988.93,D0606,M008,Pune,0,
T000276,U0009,2026-07-26 08:51:00,1794.16,D0072,M032,Ahmedabad,0,
T006122,U0209,2026-07-26 08:59:00,4315.9,D0118,M028,Chennai,0,
T003981,U0132,2026-07-26 09:00:00,3424.9,D0367,M008,Kolkata,0,
T000077,U0003,2026-07-26 09:02:00,2133.93,D0149,M054,Delhi,0,
T004446,U0152,2026-07-26 09:03:00,1325.7,D0768,M053,Ahmedabad,0,
T002942,U0096,2026-07-26 09:13:00,2646.9,D0002,M017,Pune,0,
T004911,U0169,2026-07-26 09:28:00,213.39,D0220,M036,Hyderabad,0,
T006716,U0230,2026-07-26 09:30:00,72.72,D0624,M038,Kolkata,0,
T004986,U0172,2026-07-26 09:41:00,2431.4,D0403,M006,Chennai,0,
T006212,U0211,2026-07-26 09:41:00,668.94,D0230,M005,Kolkata,0,
T007029,U0240,2026-07-26 09:42:00,430.12,D0683,M007,Chennai,0,
T003681,U0121,2026-07-26 09:43:00,1794.41,D0160,M004,Bengaluru,0,
T004623,U0159,2026-07-26 10:04:00,3200.46,D0721,M004,Chennai,0,
T000993,U0033,2026-07-26 10:05:00,1235.83,D0677,M026,Lucknow,0,
T000845,U0028,2026-07-26 10:10:00,2227.6,D0207,M059,Pune,0,
T003675,U0121,2026-07-26 10:11:00,2032.99,D0160,M010,Bengaluru,0,
T003934,U0130,2026-07-26 10:16:00,3320.5,D0892,M019,Ahmedabad,0,
T001567,U0052,2026-07-26 10:17:00,1180.05,D0111,M059,Pune,0,
T000192,U0006,2026-07-26 10:19:00,2245.86,D0145,M018,Delhi,0,
T004527,U0155,2026-07-26 10:20:00,3954.01,D0283,M049,Pune,0,
T006332,U0216,2026-07-26 10:30:00,2389.27,D0864,M049,Pune,0,
T003144,U0104,2026-07-26 10:32:00,3080.51,D0112,M014,Jaipur,0,
T006025,U0206,2026-07-26 10:39:00,1110.47,D0188,M046,Hyderabad,0,
T007007,U0239,2026-07-26 10:40:00,1660.38,D0368,M032,Hyderabad,0,
T000044,U0002,2026-07-26 10:45:00,3821.72,D0834,M027,Chennai,0,
T000133,U0004,2026-07-26 10:46:00,1095.84,D0040,M040,Pune,0,
T004807,U0165,2026-07-26 10:49:00,3094.78,D0479,M007,Jaipur,0,
T005037,U0174,2026-07-26 11:04:00,3396.52,D0862,M003,Hyderabad,0,
T000957,U0032,2026-07-26 11:06:00,2608.25,D0597,M015,Chennai,0,
T002498,U0084,2026-07-26 11:06:00,1517.1,D0805,M032,Mumbai,0,
T006683,U0229,2026-07-26 11:07:00,477.4,D0886,M033,Pune,0,
T005304,U0182,2026-07-26 11:07:00,3181.21,D0821,M031,Pune,0,
T001801,U0061,2026-07-26 11:12:00,2514.27,D0784,M056,Delhi,0,
T000827,U0028,2026-07-26 11:13:00,1673.35,D0207,M040,Pune,0,
T005054,U0174,2026-07-26 11:14:00,4149.14,D0862,M060,Hyderabad,0,
T004812,U0165,2026-07-26 11:15:00,2227.82,D0232,M035,Jaipur,0,
T004421,U0151,2026-07-26 11:16:00,1581.64,D0683,M010,Lucknow,0,
T003142,U0103,2026-07-26 11:20:00,5080.33,D0662,M002,Ahmedabad,0,
T002493,U0084,2026-07-26 11:20:00,2116.58,D0805,M051,Mumbai,0,
T006268,U0214,2026-07-26 11:25:00,1037.75,D0674,M015,Jaipur,0,
T005591,U0191,2026-07-26 11:27:00,1049.82,D0348,M007,Bengaluru,0,
T000465,U0015,2026-07-26 11:30:00,3717.08,D0633,M035,Pune,0,
T006180,U0211,2026-07-26 11:32:00,633.78,D0230,M005,Kolkata,0,
T004483,U0153,2026-07-26 11:35:00,3559.0,D0851,M023,Chennai,0,
T006824,U0233,2026-07-26 11:38:00,3462.23,D0871,M058,Hyderabad,0,
T004500,U0154,2026-07-26 11:41:00,1910.0,D0438,M045,Mumbai,0,
T006463,U0221,2026-07-26 11:43:00,1785.31,D0718,M021,Chennai,0,
T007000,U0238,2026-07-26 11:45:00,1866.2,D0718,M038,Lucknow,0,
T005800,U0198,2026-07-26 11:50:00,571.65,D0897,M050,Kolkata,0,
T000876,U0029,2026-07-26 11:51:00,1945.74,D0180,M005,Jaipur,0,
T007103,U0242,2026-07-26 11:51:00,2948.93,D0161,M040,Ahmedabad,0,
T006396,U0218,2026-07-26 11:54:00,319.88,D0225,M020,Lucknow,0,
T004000,U0133,2026-07-26 11:55:00,2492.51,D0798,M046,Bengaluru,0,
T005451,U0187,2026-07-26 12:00:00,4964.86,D0829,M015,Hyderabad,0,
T001452,U0048,2026-07-26 12:01:00,695.33,D0540,M050,Jaipur,0,
T003370,U0112,2026-07-26 12:03:00,1295.83,D0704,M045,Jaipur,0,
T004754,U0163,2026-07-26 12:04:00,1418.6,D0352,M016,Ahmedabad,0,
T000115,U0004,2026-07-26 12:05:00,244.36,D0040,M040,Pune,0,
T001444,U0048,2026-07-26 12:06:00,462.73,D0540,M050,Jaipur,0,
T007048,U0240,2026-07-26 12:08:00,241.04,D0683,M002,Chennai,0,
T006721,U0230,2026-07-26 12:19:00,817.44,D0624,M038,Kolkata,0,
T006083,U0208,2026-07-26 12:20:00,528.19,D0831,M015,Chennai,0,
T000862,U0029,2026-07-26 12:22:00,2903.75,D0180,M002,Jaipur,0,
T003954,U0131,2026-07-26 12:24:00,1795.22,D0804,M035,Bengaluru,0,
T007039,U0240,2026-07-26 12:26:00,635.34,D0683,M019,Chennai,0,
T003097,U0102,2026-07-26 12:26:00,798.88,D0731,M013,Lucknow,0,
T001426,U0047,2026-07-26 12:27:00,1471.2,D0117,M033,Pune,0,
T000616,U0020,2026-07-26 12:35:00,3260.11,D0806,M019,Mumbai,0,
T000771,U0026,2026-07-26 12:37:00,2502.35,D0111,M049,Lucknow,0,
T004596,U0158,2026-07-26 12:43:00,3707.75,D0070,M011,Delhi,0,
T001717,U0058,2026-07-26 12:46:00,1409.01,D0670,M010,Pune,0,
T004052,U0136,2026-07-26 12:51:00,3262.43,D0485,M054,Bengaluru,0,
T002858,U0094,2026-07-26 12:54:00,1821.1,D0059,M046,Mumbai,0,
T002768,U0091,2026-07-26 12:55:00,3228.42,D0226,M060,Mumbai,0,
T003841,U0127,2026-07-26 13:00:00,876.49,D0191,M037,Kolkata,0,
T004765,U0163,2026-07-26 13:01:00,664.9,D0352,M016,Ahmedabad,0,
T002034,U0068,2026-07-26 13:03:00,1193.97,D0301,M043,Mumbai,0,
T002419,U0081,2026-07-26 13:04:00,1572.73,D0218,M032,Bengaluru,0,
T002738,U0090,2026-07-26 13:12:00,1368.57,D0194,M060,Lucknow,0,
T006043,U0206,2026-07-26 13:12:00,641.82,D0035,M046,Hyderabad,0,
T004394,U0150,2026-07-26 13:13:00,2842.55,D0454,M023,Delhi,0,
T005375,U0184,2026-07-26 13:16:00,1605.4,D0693,M032,Lucknow,0,
T005353,U0183,2026-07-26 13:18:00,609.81,D0562,M028,Kolkata,0,
T000942,U0031,2026-07-26 13:19:00,4506.24,D0674,M036,Jaipur,0,
T004393,U0150,2026-07-26 13:23:00,2188.23,D0454,M027,Delhi,0,
T000969,U0032,2026-07-26 13:25:00,3041.01,D0017,M028,Chennai,0,
T007133,U0243,2026-07-26 13:27:00,900.76,D0857,M018,Pune,0,
T004794,U0164,2026-07-26 13:30:00,3505.35,D0289,M006,Kolkata,0,
T000500,U0016,2026-07-26 13:39:00,501.82,D0647,M009,Ahmedabad,0,
T006001,U0205,2026-07-26 13:40:00,5249.86,D0694,M043,Jaipur,0,
T001023,U0034,2026-07-26 13:41:00,20.0,D0213,M004,Chennai,0,
T000793,U0026,2026-07-26 13:42:00,3556.95,D0111,M049,Lucknow,0,
T001527,U0051,2026-07-26 13:43:00,4756.61,D0126,M044,Kolkata,0,
T004456,U0152,2026-07-26 13:44:00,1771.99,D0890,M011,Ahmedabad,0,
T003721,U0123,2026-07-26 13:45:00,503.35,D0254,M023,Bengaluru,0,
T003124,U0102,2026-07-26 13:49:00,818.49,D0731,M035,Lucknow,0,
T005319,U0182,2026-07-26 13:54:00,3561.61,D0821,M031,Pune,0,
T002224,U0074,2026-07-26 13:56:00,2402.83,D0583,M022,Ahmedabad,0,
T001011,U0034,2026-07-26 13:57:00,1213.76,D0213,M007,Chennai,0,
T002135,U0071,2026-07-26 14:00:00,549.93,D0827,M040,Chennai,0,
T007341,U0154,2026-07-26 14:00:00,52.85,D0438,M058,Mumbai,1,velocity_burst
T007334,U0162,2026-07-26 14:00:00,43.16,D0174,M047,Pune,1,velocity_burst
T007335,U0162,2026-07-26 14:01:00,147.06,D0174,M025,Pune,1,velocity_burst
T007342,U0154,2026-07-26 14:02:00,133.46,D0438,M023,Mumbai,1,velocity_burst
T007336,U0162,2026-07-26 14:02:00,145.41,D0174,M031,Pune,1,velocity_burst
T006415,U0219,2026-07-26 14:02:00,995.96,D0826,M035,Chennai,0,
T007337,U0162,2026-07-26 14:03:00,130.71,D0174,M058,Pune,1,velocity_burst
T007343,U0154,2026-07-26 14:04:00,52.29,D0438,M058,Mumbai,1,velocity_burst
T007345,U0154,2026-07-26 14:04:00,127.54,D0438,M008,Mumbai,1,velocity_burst
T007346,U0154,2026-07-26 14:05:00,59.48,D0438,M042,Mumbai,1,velocity_burst
T005485,U0188,2026-07-26 14:05:00,4456.5,D0422,M028,Mumbai,0,
T005850,U0200,2026-07-26 14:05:00,3702.96,D0713,M046,Pune,0,
T000400,U0014,2026-07-26 14:06:00,3721.13,D0237,M027,Kolkata,0,
T007344,U0154,2026-07-26 14:06:00,10.23,D0438,M017,Mumbai,1,velocity_burst
T005495,U0188,2026-07-26 14:06:00,2062.79,D0422,M043,Mumbai,0,
T007347,U0154,2026-07-26 14:06:00,13.24,D0438,M058,Mumbai,1,velocity_burst
T001703,U0057,2026-07-26 14:07:00,2336.9,D0220,M050,Delhi,0,
T007338,U0162,2026-07-26 14:08:00,126.44,D0174,M010,Pune,1,velocity_burst
T001882,U0064,2026-07-26 14:08:00,728.98,D0368,M053,Kolkata,0,
T000922,U0031,2026-07-26 14:10:00,4209.81,D0674,M036,Jaipur,0,
T007339,U0162,2026-07-26 14:10:00,117.64,D0174,M032,Pune,1,velocity_burst
T004627,U0159,2026-07-26 14:11:00,3721.84,D0721,M006,Chennai,0,
T000283,U0009,2026-07-26 14:12:00,2688.9,D0688,M019,Ahmedabad,0,
T007340,U0162,2026-07-26 14:12:00,46.43,D0174,M030,Pune,1,velocity_burst
T006894,U0235,2026-07-26 14:15:00,1532.19,D0225,M009,Pune,0,
T000247,U0008,2026-07-26 14:16:00,3169.56,D0702,M026,Kolkata,0,
T004465,U0153,2026-07-26 14:19:00,2943.48,D0851,M043,Chennai,0,
T006857,U0234,2026-07-26 14:23:00,2509.26,D0194,M024,Jaipur,0,
T006400,U0218,2026-07-26 14:24:00,378.97,D0225,M036,Lucknow,0,
T004051,U0136,2026-07-26 14:24:00,1774.42,D0021,M011,Bengaluru,0,
T007198,U0246,2026-07-26 14:27:00,3825.12,D0201,M025,Delhi,0,
T004933,U0170,2026-07-26 14:29:00,717.99,D0199,M019,Chennai,0,
T004159,U0141,2026-07-26 14:30:00,2993.61,D0544,M017,Kolkata,0,
T004110,U0139,2026-07-26 14:35:00,4428.69,D0275,M025,Kolkata,0,
T003332,U0110,2026-07-26 14:39:00,1547.11,D0144,M056,Mumbai,0,
T002226,U0074,2026-07-26 14:53:00,2824.8,D0583,M004,Ahmedabad,0,
T002508,U0084,2026-07-26 14:54:00,597.53,D0805,M051,Mumbai,0,
T005274,U0181,2026-07-26 14:55:00,2035.21,D0783,M010,Kolkata,0,
T003664,U0121,2026-07-26 14:56:00,1391.57,D0160,M034,Bengaluru,0,
T001055,U0036,2026-07-26 14:58:00,3663.49,D0532,M023,Pune,0,
T005150,U0177,2026-07-26 15:03:00,2564.73,D0606,M038,Pune,0,
T006222,U0212,2026-07-26 15:07:00,1841.37,D0825,M014,Jaipur,0,
T000819,U0027,2026-07-26 15:09:00,385.48,D0041,M046,Jaipur,0,
T002140,U0071,2026-07-26 15:15:00,671.52,D0827,M048,Chennai,0,
T003478,U0115,2026-07-26 15:17:00,1326.14,D0277,M002,Bengaluru,0,
T000361,U0012,2026-07-26 15:21:00,1385.55,D0450,M023,Chennai,0,
T001574,U0052,2026-07-26 15:22:00,1374.27,D0111,M040,Pune,0,
T007181,U0245,2026-07-26 15:24:00,571.76,D0200,M029,Hyderabad,0,
T004714,U0162,2026-07-26 15:24:00,5414.28,D0174,M044,Pune,0,
T006865,U0234,2026-07-26 15:25:00,4262.0,D0029,M006,Jaipur,0,
T004172,U0142,2026-07-26 15:26:00,955.65,D0838,M008,Chennai,0,
T002917,U0096,2026-07-26 15:32:00,900.16,D0002,M017,Pune,0,
T001204,U0041,2026-07-26 15:35:00,2771.88,D0055,M029,Delhi,0,
T005220,U0179,2026-07-26 15:42:00,3404.06,D0651,M033,Pune,0,
T004520,U0155,2026-07-26 15:44:00,2590.01,D0146,M036,Pune,0,
T003416,U0113,2026-07-26 15:49:00,2406.8,D0021,M053,Chennai,0,
T002650,U0088,2026-07-26 15:56:00,5051.96,D0182,M001,Bengaluru,0,
T007389,U0193,2026-07-26 16:00:00,39.17,D0709,M001,Jaipur,1,velocity_burst
T007390,U0193,2026-07-26 16:02:00,106.32,D0709,M018,Jaipur,1,velocity_burst
T007391,U0193,2026-07-26 16:02:00,67.07,D0709,M005,Jaipur,1,velocity_burst
T007392,U0193,2026-07-26 16:03:00,126.28,D0709,M021,Jaipur,1,velocity_burst
T006816,U0232,2026-07-26 16:04:00,2013.64,D0836,M057,Chennai,0,
T007393,U0193,2026-07-26 16:04:00,28.94,D0709,M035,Jaipur,1,velocity_burst
T007394,U0193,2026-07-26 16:05:00,51.52,D0709,M019,Jaipur,1,velocity_burst
T007395,U0193,2026-07-26 16:06:00,92.97,D0709,M044,Jaipur,1,velocity_burst
T007397,U0193,2026-07-26 16:08:00,13.35,D0709,M060,Jaipur,1,velocity_burst
T007398,U0193,2026-07-26 16:09:00,104.51,D0709,M023,Jaipur,1,velocity_burst
T003020,U0099,2026-07-26 16:10:00,972.95,D0081,M048,Mumbai,0,
T005934,U0203,2026-07-26 16:12:00,943.71,D0173,M048,Mumbai,0,
T007396,U0193,2026-07-26 16:14:00,46.67,D0709,M037,Jaipur,1,velocity_burst
T004362,U0148,2026-07-26 16:17:00,4899.25,D0393,M042,Mumbai,0,
T003651,U0120,2026-07-26 16:17:00,614.57,D0763,M013,Hyderabad,0,
T000543,U0018,2026-07-26 16:18:00,1924.57,D0522,M033,Pune,0,
T002405,U0080,2026-07-26 16:19:00,1728.46,D0005,M058,Jaipur,0,
T007399,U0193,2026-07-26 16:20:00,113.63,D0709,M056,Jaipur,1,velocity_burst
T006187,U0211,2026-07-26 16:21:00,648.33,D0230,M005,Kolkata,0,
T002485,U0084,2026-07-26 16:49:00,344.61,D0805,M025,Mumbai,0,
T004759,U0163,2026-07-26 16:50:00,2721.26,D0352,M016,Ahmedabad,0,
T007262,U0248,2026-07-26 16:55:00,843.87,D0495,M004,Lucknow,0,
T004634,U0159,2026-07-26 16:56:00,2192.51,D0721,M006,Chennai,0,
T000432,U0015,2026-07-26 16:56:00,3639.95,D0633,M018,Pune,0,
T005537,U0190,2026-07-26 16:58:00,3380.38,D0566,M003,Lucknow,0,
T000045,U0002,2026-07-26 17:02:00,3595.92,D0834,M023,Chennai,0,
T005596,U0192,2026-07-26 17:12:00,1270.4,D0090,M009,Ahmedabad,0,
T000323,U0011,2026-07-26 17:16:00,860.95,D0151,M047,Chennai,0,
T001155,U0039,2026-07-26 17:17:00,2860.9,D0364,M058,Pune,0,
T004453,U0152,2026-07-26 17:18:00,1586.52,D0768,M026,Ahmedabad,0,
T000499,U0016,2026-07-26 17:25:00,403.27,D0647,M035,Ahmedabad,0,
T000223,U0007,2026-07-26 17:27:00,3894.44,D0749,M048,Kolkata,0,
T004177,U0142,2026-07-26 17:29:00,853.58,D0261,M053,Chennai,0,
T007275,U0248,2026-07-26 17:35:00,370.12,D0495,M037,Lucknow,0,
T004316,U0147,2026-07-26 17:35:00,265.78,D0823,M018,Hyderabad,0,
T006593,U0225,2026-07-26 17:43:00,3731.33,D0028,M031,Mumbai,0,
T001386,U0046,2026-07-26 17:47:00,2249.43,D0838,M036,Hyderabad,0,
T000175,U0006,2026-07-26 17:49:00,4219.65,D0145,M050,Delhi,0,
T000968,U0032,2026-07-26 17:52:00,2842.56,D0017,M015,Chennai,0,
T001139,U0038,2026-07-26 17:53:00,2629.89,D0045,M055,Hyderabad,0,
T000047,U0002,2026-07-26 17:53:00,4015.52,D0834,M036,Chennai,0,
T003786,U0125,2026-07-26 17:54:00,3278.53,D0290,M004,Pune,0,
T007618,U0207,2026-07-26 17:55:00,4222.69,D0392,M033,Hyderabad,1,zero_day_drain
T003624,U0120,2026-07-26 17:56:00,644.23,D0266,M022,Hyderabad,0,
T007201,U0246,2026-07-26 17:57:00,5072.4,D0518,M011,Delhi,0,
T005023,U0173,2026-07-26 17:57:00,5116.69,D0073,M026,Chennai,0,
T005024,U0173,2026-07-26 17:58:00,4545.15,D0073,M026,Chennai,0,
T000667,U0023,2026-07-26 18:01:00,1542.28,D0148,M059,Lucknow,0,
T002249,U0075,2026-07-26 18:10:00,3126.17,D0766,M008,Hyderabad,0,
T004516,U0155,2026-07-26 18:27:00,2721.45,D0146,M036,Pune,0,
T004922,U0170,2026-07-26 18:27:00,451.6,D0714,M019,Chennai,0,
T005733,U0196,2026-07-26 18:27:00,1404.92,D0283,M016,Delhi,0,
T001865,U0063,2026-07-26 18:31:00,274.36,D0853,M018,Lucknow,0,
T006068,U0207,2026-07-26 18:38:00,2903.7,D0392,M045,Hyderabad,0,
T006106,U0208,2026-07-26 18:38:00,844.99,D0831,M015,Chennai,0,
T003246,U0107,2026-07-26 18:39:00,985.53,D0752,M010,Bengaluru,0,
T001308,U0044,2026-07-26 18:43:00,576.17,D0661,M036,Kolkata,0,
T001551,U0052,2026-07-26 18:45:00,1097.59,D0573,M002,Pune,0,
T000598,U0020,2026-07-26 18:50:00,1462.88,D0806,M018,Mumbai,0,
T005007,U0173,2026-07-26 18:53:00,3669.31,D0221,M022,Chennai,0,
T000269,U0009,2026-07-26 18:58:00,2481.35,D0688,M056,Ahmedabad,0,
T005827,U0199,2026-07-26 19:25:00,908.01,D0422,M034,Hyderabad,0,
T004750,U0163,2026-07-26 19:28:00,3339.19,D0656,M058,Ahmedabad,0,
T003485,U0116,2026-07-26 19:33:00,2913.58,D0182,M030,Ahmedabad,0,
T004618,U0158,2026-07-26 19:34:00,2959.53,D0070,M048,Delhi,0,
T007227,U0247,2026-07-26 19:35:00,4994.55,D0548,M031,Chennai,0,
T003703,U0122,2026-07-26 19:35:00,5175.37,D0648,M014,Ahmedabad,0,
T001142,U0039,2026-07-26 19:36:00,2833.19,D0364,M058,Pune,0,
T002021,U0067,2026-07-26 19:44:00,1586.77,D0345,M053,Hyderabad,0,
T004104,U0138,2026-07-26 19:49:00,1776.59,D0210,M028,Lucknow,0,
T002081,U0069,2026-07-26 19:51:00,2677.69,D0108,M056,Delhi,0,
T006380,U0218,2026-07-26 19:54:00,394.54,D0225,M014,Lucknow,0,
T003357,U0111,2026-07-26 19:56:00,4285.63,D0309,M042,Delhi,0,
T004086,U0137,2026-07-26 20:13:00,4469.9,D0399,M015,Jaipur,0,
T006976,U0238,2026-07-26 20:17:00,2353.49,D0718,M019,Lucknow,0,
T002696,U0089,2026-07-26 20:22:00,3244.51,D0452,M023,Lucknow,0,
T002654,U0088,2026-07-26 20:31:00,1934.23,D0182,M027,Bengaluru,0,
T003422,U0113,2026-07-26 20:33:00,1666.37,D0410,M054,Chennai,0,
T003346,U0111,2026-07-26 20:35:00,4027.8,D0309,M042,Delhi,0,
T006958,U0237,2026-07-26 20:36:00,3881.27,D0290,M014,Chennai,0,
T001143,U0039,2026-07-26 20:50:00,3454.36,D0364,M038,Pune,0,
T007127,U0243,2026-07-26 21:05:00,1521.69,D0857,M029,Pune,0,
T001381,U0046,2026-07-26 21:11:00,3051.44,D0715,M043,Hyderabad,0,
T007597,U0065,2026-07-26 21:15:00,3548.33,D0632,M021,Bengaluru,1,zero_day_drain
T000920,U0031,2026-07-26 21:19:00,3209.59,D0674,M011,Jaipur,0,
T005667,U0194,2026-07-26 21:20:00,3673.81,D0063,M045,Hyderabad,0,
T004987,U0172,2026-07-26 21:27:00,1364.18,D0403,M059,Chennai,0,
T000159,U0005,2026-07-26 21:43:00,2710.23,D0716,M042,Mumbai,0,
T004773,U0163,2026-07-26 21:53:00,3209.31,D0352,M027,Ahmedabad,0,
T001134,U0038,2026-07-26 21:54:00,3332.94,D0045,M055,Hyderabad,0,
T003101,U0102,2026-07-26 22:11:00,499.77,D0731,M018,Lucknow,0,
T005120,U0176,2026-07-26 22:11:00,2052.33,D0510,M056,Hyderabad,0,
T004263,U0145,2026-07-26 22:12:00,6838.35,D0160,M003,Delhi,0,
T001580,U0053,2026-07-26 22:24:00,4295.36,D0284,M055,Lucknow,0,
T001180,U0040,2026-07-26 22:44:00,1022.2,D0743,M030,Kolkata,0,
T002992,U0098,2026-07-26 23:12:00,637.22,D0222,M051,Kolkata,0,
T000530,U0018,2026-07-26 23:18:00,1129.83,D0522,M017,Pune,0,
T001660,U0056,2026-07-26 23:25:00,879.29,D0005,M037,Kolkata,0,
T007557,U0121,2026-07-27 02:45:00,6552.3,D0083,M038,Lucknow,1,account_takeover
T000086,U0003,2026-07-27 04:49:00,2124.91,D0149,M004,Delhi,0,
T005164,U0178,2026-07-27 04:52:00,2046.87,D0489,M046,Jaipur,0,
T000990,U0033,2026-07-27 04:58:00,1707.21,D0677,M007,Lucknow,0,
T002401,U0080,2026-07-27 05:25:00,2283.17,D0312,M058,Jaipur,0,
T003795,U0125,2026-07-27 05:37:00,3948.76,D0290,M032,Pune,0,
T007297,U0249,2026-07-27 07:09:00,2635.08,D0068,M048,Kolkata,0,
T000692,U0023,2026-07-27 07:38:00,3913.66,D0148,M059,Lucknow,0,
T000659,U0022,2026-07-27 07:51:00,1944.13,D0334,M019,Mumbai,0,
T001673,U0057,2026-07-27 07:51:00,3168.19,D0052,M053,Delhi,0,
T007102,U0242,2026-07-27 08:06:00,4099.67,D0161,M032,Ahmedabad,0,
T001884,U0064,2026-07-27 08:08:00,3316.75,D0368,M033,Kolkata,0,
T004481,U0153,2026-07-27 08:11:00,1661.49,D0260,M032,Chennai,0,
T006076,U0207,2026-07-27 08:14:00,1912.43,D0392,M045,Hyderabad,0,
T003139,U0103,2026-07-27 08:28:00,4445.48,D0662,M010,Ahmedabad,0,
T006945,U0236,2026-07-27 08:29:00,1846.56,D0524,M032,Delhi,0,
T000268,U0009,2026-07-27 08:33:00,1613.96,D0072,M006,Ahmedabad,0,
T001483,U0049,2026-07-27 08:41:00,1386.99,D0377,M012,Chennai,0,
T002114,U0070,2026-07-27 08:42:00,1200.1,D0635,M037,Bengaluru,0,
T005299,U0182,2026-07-27 08:46:00,2922.3,D0821,M037,Pune,0,
T004195,U0143,2026-07-27 08:57:00,4373.59,D0159,M018,Jaipur,0,
T002596,U0086,2026-07-27 08:59:00,2547.9,D0726,M037,Bengaluru,0,
T001074,U0036,2026-07-27 09:04:00,4371.63,D0532,M039,Pune,0,
T007169,U0245,2026-07-27 09:08:00,400.49,D0640,M038,Hyderabad,0,
T006972,U0238,2026-07-27 09:11:00,533.1,D0864,M033,Lucknow,0,
T007168,U0245,2026-07-27 09:13:00,747.26,D0200,M038,Hyderabad,0,
T004996,U0172,2026-07-27 09:13:00,2558.19,D0193,M011,Chennai,0,
T003315,U0110,2026-07-27 09:14:00,6394.07,D0144,M011,Mumbai,0,
T002433,U0082,2026-07-27 09:17:00,1168.79,D0044,M038,Mumbai,0,
T003821,U0126,2026-07-27 09:25:00,4458.44,D0422,M039,Ahmedabad,0,
T001030,U0035,2026-07-27 09:31:00,487.77,D0823,M009,Lucknow,0,
T004881,U0168,2026-07-27 09:35:00,2115.95,D0867,M011,Hyderabad,0,
T001310,U0044,2026-07-27 09:37:00,1212.8,D0661,M012,Kolkata,0,
T002692,U0089,2026-07-27 09:42:00,2243.96,D0487,M023,Lucknow,0,
T001309,U0044,2026-07-27 09:42:00,1107.61,D0661,M036,Kolkata,0,
T006984,U0238,2026-07-27 09:43:00,1245.2,D0718,M038,Lucknow,0,
T003637,U0120,2026-07-27 09:46:00,645.78,D0266,M045,Hyderabad,0,
T007589,U0033,2026-07-27 09:49:00,2595.35,D0677,M034,Lucknow,1,zero_day_drain
T002834,U0093,2026-07-27 09:52:00,1085.22,D0390,M045,Jaipur,0,
T002684,U0089,2026-07-27 09:55:00,2144.35,D0452,M053,Lucknow,0,
T006769,U0231,2026-07-27 09:56:00,2986.09,D0749,M014,Bengaluru,0,
T002282,U0076,2026-07-27 10:00:00,1798.48,D0095,M021,Chennai,0,
T004228,U0144,2026-07-27 10:06:00,932.6,D0465,M041,Lucknow,0,
T005356,U0183,2026-07-27 10:14:00,1046.87,D0854,M028,Kolkata,0,
T003869,U0128,2026-07-27 10:15:00,2806.72,D0137,M028,Chennai,0,
T004330,U0147,2026-07-27 10:17:00,406.4,D0087,M032,Hyderabad,0,
T002786,U0092,2026-07-27 10:18:00,3467.45,D0167,M033,Lucknow,0,
T001985,U0066,2026-07-27 10:18:00,1429.66,D0461,M051,Kolkata,0,
T004437,U0151,2026-07-27 10:19:00,2246.98,D0683,M011,Lucknow,0,
T003043,U0100,2026-07-27 10:34:00,3454.59,D0512,M051,Kolkata,0,
T003502,U0116,2026-07-27 10:40:00,1252.76,D0182,M004,Ahmedabad,0,
T001979,U0066,2026-07-27 10:40:00,1375.31,D0461,M054,Kolkata,0,
T001731,U0058,2026-07-27 10:44:00,166.67,D0670,M050,Pune,0,
T005283,U0181,2026-07-27 10:51:00,1538.54,D0783,M033,Kolkata,0,
T000582,U0020,2026-07-27 10:53:00,2402.62,D0806,M018,Mumbai,0,
T001694,U0057,2026-07-27 10:57:00,2167.17,D0052,M050,Delhi,0,
T005464,U0187,2026-07-27 11:02:00,3559.36,D0829,M055,Hyderabad,0,
T002424,U0082,2026-07-27 11:03:00,1442.24,D0332,M052,Mumbai,0,
T001472,U0049,2026-07-27 11:04:00,504.5,D0655,M054,Chennai,0,
T002612,U0087,2026-07-27 11:04:00,359.23,D0536,M013,Ahmedabad,0,
T005016,U0173,2026-07-27 11:05:00,7045.9,D0221,M026,Chennai,0,
T004417,U0151,2026-07-27 11:08:00,2066.54,D0683,M011,Lucknow,0,
T000940,U0031,2026-07-27 11:09:00,3118.19,D0674,M056,Jaipur,0,
T001106,U0038,2026-07-27 11:11:00,4367.53,D0045,M055,Hyderabad,0,
T001953,U0066,2026-07-27 11:14:00,1583.15,D0461,M008,Kolkata,0,
T004574,U0157,2026-07-27 11:19:00,1671.19,D0427,M026,Bengaluru,0,
T003759,U0124,2026-07-27 11:21:00,873.39,D0132,M056,Lucknow,0,
T006404,U0218,2026-07-27 11:22:00,369.88,D0271,M036,Lucknow,0,
T006960,U0237,2026-07-27 11:23:00,2044.62,D0290,M057,Chennai,0,
T005778,U0198,2026-07-27 11:25:00,291.21,D0424,M050,Kolkata,0,
T004084,U0137,2026-07-27 11:28:00,2878.14,D0399,M015,Jaipur,0,
T007273,U0248,2026-07-27 11:29:00,1170.13,D0495,M058,Lucknow,0,
T005423,U0186,2026-07-27 11:29:00,2404.96,D0478,M030,Pune,0,
T002660,U0088,2026-07-27 11:32:00,5335.93,D0182,M001,Bengaluru,0,
T002932,U0096,2026-07-27 11:32:00,20.0,D0002,M030,Pune,0,
T003303,U0109,2026-07-27 11:34:00,3648.68,D0831,M003,Pune,0,
T006244,U0212,2026-07-27 11:34:00,1446.8,D0825,M005,Jaipur,0,
T003818,U0126,2026-07-27 11:35:00,2100.84,D0422,M033,Ahmedabad,0,
T004947,U0170,2026-07-27 11:48:00,351.75,D0199,M042,Chennai,0,
T001156,U0039,2026-07-27 11:49:00,2409.96,D0364,M047,Pune,0,
T003132,U0103,2026-07-27 11:55:00,3139.11,D0662,M042,Ahmedabad,0,
T003596,U0119,2026-07-27 11:58:00,3385.48,D0555,M005,Ahmedabad,0,
T003359,U0111,2026-07-27 12:04:00,3592.07,D0309,M038,Delhi,0,
T006355,U0217,2026-07-27 12:05:00,4880.31,D0593,M060,Bengaluru,0,
T000516,U0017,2026-07-27 12:06:00,2140.19,D0170,M040,Pune,0,
T001971,U0066,2026-07-27 12:06:00,1381.93,D0461,M008,Kolkata,0,
T004960,U0171,2026-07-27 12:07:00,1978.3,D0417,M039,Lucknow,0,
T003780,U0124,2026-07-27 12:09:00,466.94,D0132,M056,Lucknow,0,
T001853,U0063,2026-07-27 12:13:00,2885.9,D0853,M026,Lucknow,0,
T003085,U0101,2026-07-27 12:15:00,476.5,D0807,M055,Chennai,0,
T006871,U0234,2026-07-27 12:16:00,4123.69,D0029,M009,Jaipur,0,
T002484,U0084,2026-07-27 12:18:00,1436.87,D0805,M025,Mumbai,0,
T005664,U0194,2026-07-27 12:19:00,4112.65,D0063,M014,Hyderabad,0,
T003916,U0129,2026-07-27 12:21:00,4806.84,D0066,M029,Kolkata,0,
T005285,U0181,2026-07-27 12:26:00,2773.46,D0879,M010,Kolkata,0,
T000981,U0033,2026-07-27 12:29:00,1788.71,D0677,M026,Lucknow,0,
T005983,U0204,2026-07-27 12:29:00,1390.16,D0610,M044,Lucknow,0,
T006680,U0229,2026-07-27 12:35:00,332.14,D0886,M033,Pune,0,
T004858,U0167,2026-07-27 12:35:00,2794.42,D0298,M041,Hyderabad,0,
T005844,U0199,2026-07-27 12:39:00,1483.51,D0422,M024,Hyderabad,0,
T002474,U0083,2026-07-27 12:39:00,1516.86,D0210,M031,Pune,0,
T006749,U0231,2026-07-27 12:40:00,3435.29,D0749,M058,Bengaluru,0,
T006703,U0229,2026-07-27 12:40:00,647.65,D0886,M033,Pune,0,
T000679,U0023,2026-07-27 12:42:00,2192.02,D0163,M059,Lucknow,0,
T002717,U0090,2026-07-27 12:43:00,1688.94,D0194,M015,Lucknow,0,
T003676,U0121,2026-07-27 12:43:00,1156.57,D0160,M037,Bengaluru,0,
T001268,U0043,2026-07-27 12:45:00,1723.84,D0414,M049,Jaipur,0,
T000202,U0006,2026-07-27 12:54:00,3768.92,D0145,M006,Delhi,0,
T004331,U0147,2026-07-27 12:56:00,327.62,D0823,M032,Hyderabad,0,
T007310,U0250,2026-07-27 12:57:00,3120.14,D0339,M034,Jaipur,0,
T001037,U0035,2026-07-27 13:02:00,399.59,D0823,M009,Lucknow,0,
T006384,U0218,2026-07-27 13:03:00,642.8,D0271,M020,Lucknow,0,
T000830,U0028,2026-07-27 13:03:00,974.79,D0207,M059,Pune,0,
T003856,U0128,2026-07-27 13:06:00,2189.53,D0137,M009,Chennai,0,
T005905,U0202,2026-07-27 13:07:00,4063.35,D0153,M038,Hyderabad,0,
T005082,U0175,2026-07-27 13:09:00,4124.72,D0255,M057,Lucknow,0,
T003205,U0106,2026-07-27 13:10:00,2370.33,D0806,M017,Hyderabad,0,
T004113,U0139,2026-07-27 13:11:00,4756.12,D0275,M022,Kolkata,0,
T003814,U0126,2026-07-27 13:11:00,1977.78,D0422,M033,Ahmedabad,0,
T001873,U0064,2026-07-27 13:12:00,1543.56,D0368,M053,Kolkata,0,
T005328,U0182,2026-07-27 13:15:00,667.76,D0821,M031,Pune,0,
T004469,U0153,2026-07-27 13:21:00,2127.05,D0851,M058,Chennai,0,
T004693,U0161,2026-07-27 13:21:00,2219.3,D0831,M030,Lucknow,0,
T003508,U0116,2026-07-27 13:23:00,2993.44,D0182,M027,Ahmedabad,0,
T006179,U0211,2026-07-27 13:24:00,1225.4,D0230,M005,Kolkata,0,
T003657,U0121,2026-07-27 13:25:00,1133.9,D0160,M027,Bengaluru,0,
T004341,U0148,2026-07-27 13:26:00,4022.05,D0393,M038,Mumbai,0,
T000498,U0016,2026-07-27 13:27:00,190.28,D0647,M018,Ahmedabad,0,
T002783,U0091,2026-07-27 13:30:00,3402.77,D0712,M057,Mumbai,0,
T001125,U0038,2026-07-27 13:39:00,2553.31,D0045,M055,Hyderabad,0,
T007098,U0242,2026-07-27 13:40:00,2825.45,D0161,M032,Ahmedabad,0,
T006022,U0206,2026-07-27 13:41:00,399.13,D0188,M006,Hyderabad,0,
T004521,U0155,2026-07-27 13:41:00,3289.15,D0283,M049,Pune,0,
T002011,U0067,2026-07-27 13:44:00,603.59,D0345,M004,Hyderabad,0,
T005265,U0180,2026-07-27 13:46:00,1340.58,D0032,M013,Lucknow,0,
T003366,U0112,2026-07-27 13:46:00,1492.71,D0704,M053,Jaipur,0,
T005172,U0178,2026-07-27 13:48:00,2871.45,D0489,M055,Jaipur,0,
T006823,U0233,2026-07-27 13:51:00,2937.53,D0871,M033,Hyderabad,0,
T004860,U0167,2026-07-27 13:56:00,4749.43,D0298,M021,Hyderabad,0,
T004867,U0167,2026-07-27 13:59:00,4125.1,D0298,M054,Hyderabad,0,
T002720,U0090,2026-07-27 14:00:00,1245.2,D0194,M018,Lucknow,0,
T002280,U0076,2026-07-27 14:02:00,2483.23,D0020,M023,Chennai,0,
T001803,U0061,2026-07-27 14:02:00,4212.91,D0784,M033,Delhi,0,
T007315,U0250,2026-07-27 14:13:00,1672.55,D0339,M026,Jaipur,0,
T001632,U0055,2026-07-27 14:14:00,488.16,D0612,M047,Kolkata,0,
T006327,U0216,2026-07-27 14:14:00,1620.65,D0864,M056,Pune,0,
T002376,U0080,2026-07-27 14:17:00,1918.48,D0005,M030,Jaipur,0,
T006307,U0215,2026-07-27 14:17:00,4688.18,D0863,M045,Ahmedabad,0,
T004535,U0156,2026-07-27 14:20:00,512.03,D0155,M049,Ahmedabad,0,
T005561,U0190,2026-07-27 14:24:00,3524.74,D0566,M003,Lucknow,0,
T001291,U0043,2026-07-27 14:25:00,452.02,D0414,M049,Jaipur,0,
T002728,U0090,2026-07-27 14:26:00,1072.65,D0194,M036,Lucknow,0,
T003873,U0128,2026-07-27 14:26:00,2845.28,D0137,M039,Chennai,0,
T003441,U0113,2026-07-27 14:28:00,1459.04,D0410,M038,Chennai,0,
T001917,U0065,2026-07-27 14:29:00,3011.55,D0530,M033,Bengaluru,0,
T006420,U0219,2026-07-27 14:31:00,1791.06,D0826,M028,Chennai,0,
T004343,U0148,2026-07-27 14:31:00,4376.1,D0393,M045,Mumbai,0,
T000478,U0016,2026-07-27 14:33:00,554.45,D0647,M035,Ahmedabad,0,
T004893,U0168,2026-07-27 14:35:00,4395.44,D0867,M055,Hyderabad,0,
T001375,U0046,2026-07-27 14:36:00,2342.99,D0715,M043,Hyderabad,0,
T002777,U0091,2026-07-27 14:40:00,3775.96,D0226,M028,Mumbai,0,
T005593,U0191,2026-07-27 14:43:00,591.68,D0348,M007,Bengaluru,0,
T003552,U0118,2026-07-27 14:44:00,829.61,D0095,M057,Jaipur,0,
T001700,U0057,2026-07-27 14:51:00,2042.71,D0052,M060,Delhi,0,
T005557,U0190,2026-07-27 14:51:00,2418.08,D0566,M030,Lucknow,0,
T002980,U0097,2026-07-27 14:54:00,1056.58,D0420,M019,Hyderabad,0,
T004939,U0170,2026-07-27 14:54:00,435.58,D0714,M017,Chennai,0,
T000076,U0002,2026-07-27 14:55:00,3463.43,D0834,M047,Chennai,0,
T002568,U0086,2026-07-27 14:55:00,4143.44,D0726,M056,Bengaluru,0,
T003921,U0129,2026-07-27 14:55:00,3401.38,D0066,M011,Kolkata,0,
T006612,U0226,2026-07-27 14:57:00,1961.08,D0794,M031,Jaipur,0,
T000979,U0033,2026-07-27 14:59:00,1384.47,D0543,M007,Lucknow,0,
T004554,U0157,2026-07-27 15:00:00,1577.35,D0427,M041,Bengaluru,0,
T004012,U0134,2026-07-27 15:05:00,2602.92,D0117,M015,Delhi,0,
T006186,U0211,2026-07-27 15:08:00,807.73,D0230,M010,Kolkata,0,
T000502,U0016,2026-07-27 15:08:00,496.48,D0647,M006,Ahmedabad,0,
T005445,U0187,2026-07-27 15:10:00,5147.28,D0829,M055,Hyderabad,0,
T003178,U0104,2026-07-27 15:15:00,3363.15,D0112,M014,Jaipur,0,
T006454,U0220,2026-07-27 15:16:00,2462.78,D0850,M020,Mumbai,0,
T006732,U0230,2026-07-27 15:25:00,1185.53,D0624,M032,Kolkata,0,
T006493,U0222,2026-07-27 15:26:00,6857.87,D0093,M027,Kolkata,0,
T000234,U0008,2026-07-27 15:27:00,1059.09,D0702,M029,Kolkata,0,
T000600,U0020,2026-07-27 15:30:00,1757.65,D0806,M019,Mumbai,0,
T007097,U0242,2026-07-27 15:36:00,2984.25,D0161,M032,Ahmedabad,0,
T002113,U0070,2026-07-27 15:43:00,313.09,D0635,M041,Bengaluru,0,
T001322,U0044,2026-07-27 15:44:00,1112.37,D0661,M042,Kolkata,0,
T006306,U0215,2026-07-27 15:44:00,1793.26,D0863,M018,Ahmedabad,0,
T003341,U0110,2026-07-27 15:46:00,4841.05,D0144,M011,Mumbai,0,
T005790,U0198,2026-07-27 15:52:00,77.53,D0897,M048,Kolkata,0,
T007089,U0242,2026-07-27 15:54:00,4607.92,D0534,M040,Ahmedabad,0,
T003980,U0132,2026-07-27 15:57:00,3661.54,D0418,M048,Kolkata,0,
T002181,U0072,2026-07-27 15:59:00,796.6,D0679,M009,Bengaluru,0,
T002913,U0096,2026-07-27 16:03:00,2719.22,D0002,M017,Pune,0,
T006443,U0220,2026-07-27 16:04:00,849.08,D0850,M042,Mumbai,0,
T004423,U0151,2026-07-27 16:05:00,2784.12,D0683,M010,Lucknow,0,
T006478,U0221,2026-07-27 16:06:00,4336.9,D0718,M002,Chennai,0,
T005330,U0182,2026-07-27 16:08:00,3640.15,D0821,M031,Pune,0,
T004800,U0165,2026-07-27 16:09:00,749.24,D0479,M052,Jaipur,0,
T004321,U0147,2026-07-27 16:13:00,149.09,D0087,M017,Hyderabad,0,
T002822,U0093,2026-07-27 16:15:00,533.76,D0840,M055,Jaipur,0,
T003990,U0133,2026-07-27 16:16:00,2200.38,D0798,M012,Bengaluru,0,
T006445,U0220,2026-07-27 16:17:00,2370.93,D0850,M042,Mumbai,0,
T004414,U0151,2026-07-27 16:20:00,963.6,D0683,M010,Lucknow,0,
T007079,U0241,2026-07-27 16:23:00,517.61,D0724,M027,Lucknow,0,
T006662,U0228,2026-07-27 16:29:00,4688.27,D0757,M051,Pune,0,
T001278,U0043,2026-07-27 16:30:00,579.01,D0414,M013,Jaipur,0,
T005321,U0182,2026-07-27 16:31:00,3000.21,D0821,M037,Pune,0,
T002532,U0085,2026-07-27 16:31:00,1052.49,D0404,M052,Jaipur,0,
T002112,U0070,2026-07-27 16:32:00,910.42,D0635,M037,Bengaluru,0,
T006013,U0206,2026-07-27 16:33:00,1021.59,D0188,M009,Hyderabad,0,
T004632,U0159,2026-07-27 16:37:00,2078.03,D0721,M040,Chennai,0,
T002737,U0090,2026-07-27 16:39:00,1144.27,D0194,M002,Lucknow,0,
T004297,U0146,2026-07-27 16:45:00,981.59,D0355,M042,Ahmedabad,0,
T003850,U0128,2026-07-27 16:52:00,2462.27,D0137,M028,Chennai,0,
T001859,U0063,2026-07-27 17:05:00,1954.02,D0853,M006,Lucknow,0,
T001059,U0036,2026-07-27 17:06:00,3893.62,D0532,M020,Pune,0,
T007605,U0178,2026-07-27 17:07:00,3264.2,D0489,M001,Jaipur,1,zero_day_drain
T003506,U0116,2026-07-27 17:08:00,2047.47,D0182,M030,Ahmedabad,0,
T001255,U0043,2026-07-27 17:14:00,1946.93,D0414,M049,Jaipur,0,
T005027,U0173,2026-07-27 17:22:00,2499.97,D0221,M037,Chennai,0,
T006392,U0218,2026-07-27 17:25:00,445.54,D0271,M018,Lucknow,0,
T006435,U0219,2026-07-27 17:28:00,2086.06,D0826,M028,Chennai,0,
T006274,U0214,2026-07-27 17:35:00,2080.42,D0674,M015,Jaipur,0,
T004152,U0141,2026-07-27 17:40:00,3874.36,D0544,M026,Kolkata,0,
T004539,U0156,2026-07-27 17:42:00,761.52,D0756,M029,Ahmedabad,0,
T005786,U0198,2026-07-27 17:43:00,398.86,D0897,M050,Kolkata,0,
T006169,U0210,2026-07-27 17:45:00,1927.26,D0721,M007,Jaipur,0,
T000881,U0030,2026-07-27 17:50:00,915.95,D0596,M002,Bengaluru,0,
T001895,U0064,2026-07-27 17:51:00,1275.08,D0368,M012,Kolkata,0,
T000631,U0021,2026-07-27 17:57:00,2041.42,D0844,M055,Jaipur,0,
T003032,U0099,2026-07-27 17:58:00,1544.28,D0081,M010,Mumbai,0,
T006927,U0236,2026-07-27 17:58:00,3165.31,D0675,M007,Delhi,0,
T006779,U0231,2026-07-27 18:02:00,3281.23,D0749,M014,Bengaluru,0,
T003218,U0106,2026-07-27 18:03:00,1478.03,D0082,M017,Hyderabad,0,
T006557,U0224,2026-07-27 18:07:00,2296.27,D0191,M012,Bengaluru,0,
T003781,U0125,2026-07-27 18:13:00,4790.75,D0002,M060,Pune,0,
T001490,U0049,2026-07-27 18:21:00,1467.39,D0655,M020,Chennai,0,
T002746,U0090,2026-07-27 18:33:00,910.12,D0667,M015,Lucknow,0,
T006149,U0210,2026-07-27 18:37:00,4339.72,D0573,M008,Jaipur,0,
T000492,U0016,2026-07-27 18:40:00,305.2,D0647,M024,Ahmedabad,0,
T007226,U0247,2026-07-27 18:47:00,2536.97,D0548,M057,Chennai,0,
T002489,U0084,2026-07-27 18:50:00,1536.44,D0805,M025,Mumbai,0,
T001439,U0048,2026-07-27 18:51:00,532.66,D0540,M008,Jaipur,0,
T000590,U0020,2026-07-27 18:53:00,3075.28,D0806,M018,Mumbai,0,
T007116,U0242,2026-07-27 18:57:00,4136.54,D0161,M054,Ahmedabad,0,
T006770,U0231,2026-07-27 18:57:00,1725.07,D0749,M033,Bengaluru,0,
T005472,U0188,2026-07-27 19:09:00,2806.67,D0422,M043,Mumbai,0,
T003882,U0128,2026-07-27 19:16:00,2458.03,D0137,M009,Chennai,0,
T003702,U0122,2026-07-27 19:22:00,2917.06,D0477,M003,Ahmedabad,0,
T005707,U0195,2026-07-27 19:26:00,4121.99,D0306,M011,Delhi,0,
T006951,U0236,2026-07-27 19:30:00,2306.8,D0675,M007,Delhi,0,
T005633,U0193,2026-07-27 19:35:00,1949.1,D0709,M023,Jaipur,0,
T005529,U0190,2026-07-27 19:39:00,20.0,D0382,M003,Lucknow,0,
T001565,U0052,2026-07-27 19:48:00,864.25,D0573,M040,Pune,0,
T007176,U0245,2026-07-27 19:54:00,368.91,D0640,M029,Hyderabad,0,
T004716,U0162,2026-07-27 19:56:00,2616.75,D0174,M022,Pune,0,
T006446,U0220,2026-07-27 19:57:00,2429.66,D0850,M052,Mumbai,0,
T001811,U0061,2026-07-27 19:57:00,1639.65,D0515,M033,Delhi,0,
T006909,U0235,2026-07-27 19:58:00,1220.46,D0225,M028,Pune,0,
T001376,U0046,2026-07-27 20:10:00,2650.67,D0838,M015,Hyderabad,0,
T005158,U0177,2026-07-27 20:58:00,2595.5,D0606,M038,Pune,0,
T001306,U0044,2026-07-27 21:16:00,402.72,D0661,M042,Kolkata,0,
T001408,U0047,2026-07-27 21:17:00,2278.33,D0117,M041,Pune,0,
T005539,U0190,2026-07-27 21:41:00,3464.62,D0382,M029,Lucknow,0,
T003391,U0112,2026-07-27 21:48:00,1075.44,D0854,M045,Jaipur,0,
T006423,U0219,2026-07-27 21:56:00,2326.2,D0826,M028,Chennai,0,
T004843,U0166,2026-07-27 22:47:00,518.56,D0555,M005,Lucknow,0,
T003891,U0129,2026-07-27 23:04:00,3324.4,D0426,M029,Kolkata,0,
T007077,U0241,2026-07-27 23:26:00,302.95,D0020,M014,Lucknow,0,
T002355,U0078,2026-07-27 23:46:00,1979.39,D0886,M017,Lucknow,0,
T000719,U0024,2026-07-27 23:54:00,3316.49,D0800,M019,Ahmedabad,0,
T000988,U0033,2026-07-28 00:41:00,2034.05,D0543,M026,Lucknow,0,
T007302,U0250,2026-07-28 03:22:00,2840.42,D0339,M026,Jaipur,0,
T000501,U0016,2026-07-28 03:44:00,479.25,D0647,M035,Ahmedabad,0,
T005165,U0178,2026-07-28 04:08:00,1711.25,D0489,M055,Jaipur,0,
T007623,U0048,2026-07-28 05:19:00,1475.69,D0540,M053,Jaipur,1,zero_day_drain
T004723,U0162,2026-07-28 06:14:00,6942.65,D0174,M022,Pune,0,
T000740,U0024,2026-07-28 06:33:00,3006.27,D0800,M028,Ahmedabad,0,
T004770,U0163,2026-07-28 07:05:00,2790.53,D0656,M016,Ahmedabad,0,
T006937,U0236,2026-07-28 07:08:00,1213.91,D0675,M007,Delhi,0,
T005237,U0179,2026-07-28 07:29:00,3735.6,D0651,M033,Pune,0,
T005486,U0188,2026-07-28 07:46:00,2939.22,D0422,M017,Mumbai,0,
T004327,U0147,2026-07-28 07:52:00,251.52,D0087,M017,Hyderabad,0,
T004335,U0147,2026-07-28 08:04:00,305.39,D0087,M017,Hyderabad,0,
T006820,U0233,2026-07-28 08:08:00,2588.06,D0871,M025,Hyderabad,0,
T006554,U0224,2026-07-28 08:21:00,3467.34,D0191,M012,Bengaluru,0,
T002897,U0095,2026-07-28 08:24:00,1602.83,D0808,M025,Jaipur,0,
T006252,U0213,2026-07-28 08:37:00,2768.02,D0116,M009,Hyderabad,0,
T001378,U0046,2026-07-28 08:41:00,2694.7,D0715,M043,Hyderabad,0,
T002337,U0078,2026-07-28 08:49:00,433.69,D0429,M042,Lucknow,0,
T000114,U0004,2026-07-28 09:05:00,1603.59,D0040,M040,Pune,0,
T001284,U0043,2026-07-28 09:05:00,1127.96,D0414,M039,Jaipur,0,
T005585,U0191,2026-07-28 09:07:00,930.51,D0348,M007,Bengaluru,0,
T006799,U0232,2026-07-28 09:08:00,1398.73,D0836,M057,Chennai,0,
T001867,U0063,2026-07-28 09:10:00,3058.04,D0853,M026,Lucknow,0,
T004712,U0162,2026-07-28 09:22:00,4029.2,D0174,M022,Pune,0,
T000285,U0009,2026-07-28 09:24:00,3289.53,D0072,M019,Ahmedabad,0,
T004422,U0151,2026-07-28 09:33:00,1403.55,D0683,M011,Lucknow,0,
T002703,U0089,2026-07-28 09:43:00,2215.03,D0487,M015,Lucknow,0,
T005592,U0191,2026-07-28 09:44:00,1524.84,D0348,M007,Bengaluru,0,
T001671,U0056,2026-07-28 09:44:00,1495.27,D0005,M003,Kolkata,0,
T005578,U0191,2026-07-28 09:46:00,1920.58,D0348,M022,Bengaluru,0,
T001110,U0038,2026-07-28 10:01:00,3567.92,D0045,M022,Hyderabad,0,
T002169,U0071,2026-07-28 10:06:00,635.77,D0890,M012,Chennai,0,
T000579,U0020,2026-07-28 10:08:00,1603.54,D0806,M007,Mumbai,0,
T000170,U0006,2026-07-28 10:08:00,3259.84,D0393,M018,Delhi,0,
T005838,U0199,2026-07-28 10:09:00,1349.17,D0422,M024,Hyderabad,0,
T006560,U0224,2026-07-28 10:12:00,3670.92,D0191,M006,Bengaluru,0,
T001153,U0039,2026-07-28 10:21:00,4325.13,D0364,M049,Pune,0,
T001229,U0042,2026-07-28 10:22:00,1519.61,D0330,M018,Delhi,0,
T006776,U0231,2026-07-28 10:24:00,3067.21,D0749,M014,Bengaluru,0,
T003014,U0099,2026-07-28 10:24:00,564.86,D0009,M002,Mumbai,0,
T002421,U0081,2026-07-28 10:31:00,2056.61,D0371,M036,Bengaluru,0,
T000877,U0029,2026-07-28 10:36:00,1231.21,D0375,M040,Jaipur,0,
T002247,U0075,2026-07-28 10:48:00,3259.48,D0619,M035,Hyderabad,0,
T002400,U0080,2026-07-28 10:50:00,2071.94,D0312,M003,Jaipur,0,
T002948,U0097,2026-07-28 10:57:00,1224.72,D0757,M036,Hyderabad,0,
T002548,U0085,2026-07-28 11:08:00,3796.19,D0357,M032,Jaipur,0,
T000290,U0009,2026-07-28 11:12:00,2481.86,D0688,M033,Ahmedabad,0,
T005257,U0180,2026-07-28 11:13:00,2549.95,D0032,M009,Lucknow,0,
T003077,U0101,2026-07-28 11:26:00,1712.23,D0807,M059,Chennai,0,
T006067,U0207,2026-07-28 11:26:00,2959.19,D0392,M031,Hyderabad,0,
T005768,U0197,2026-07-28 11:28:00,2911.23,D0810,M004,Ahmedabad,0,
T001256,U0043,2026-07-28 11:39:00,1297.52,D0414,M039,Jaipur,0,
T002010,U0067,2026-07-28 11:43:00,1644.6,D0445,M053,Hyderabad,0,
T005206,U0179,2026-07-28 11:52:00,1626.83,D0651,M033,Pune,0,
T000607,U0020,2026-07-28 11:54:00,4774.45,D0806,M019,Mumbai,0,
T001159,U0039,2026-07-28 11:58:00,3041.68,D0364,M047,Pune,0,
T000377,U0013,2026-07-28 11:59:00,1048.1,D0308,M022,Lucknow,0,
T006364,U0217,2026-07-28 11:59:00,4179.69,D0427,M012,Bengaluru,0,
T003086,U0101,2026-07-28 12:02:00,1913.77,D0807,M015,Chennai,0,
T003167,U0104,2026-07-28 12:03:00,2665.15,D0112,M035,Jaipur,0,
T005536,U0190,2026-07-28 12:04:00,618.73,D0566,M030,Lucknow,0,
T005956,U0204,2026-07-28 12:05:00,1711.74,D0610,M014,Lucknow,0,
T003291,U0109,2026-07-28 12:09:00,6167.72,D0831,M047,Pune,0,
T003140,U0103,2026-07-28 12:10:00,2253.36,D0662,M042,Ahmedabad,0,
T000808,U0027,2026-07-28 12:18:00,258.43,D0177,M059,Jaipur,0,
T001468,U0048,2026-07-28 12:18:00,523.41,D0540,M050,Jaipur,0,
T007610,U0148,2026-07-28 12:20:00,8095.1,D0393,M014,Mumbai,1,zero_day_drain
T005676,U0194,2026-07-28 12:21:00,4579.3,D0063,M045,Hyderabad,0,
T007633,U0078,2026-07-28 12:29:00,6761.74,D0429,M046,Lucknow,1,zero_day_drain
T004351,U0148,2026-07-28 12:34:00,1353.69,D0393,M020,Mumbai,0,
T003996,U0133,2026-07-28 12:36:00,4266.17,D0798,M046,Bengaluru,0,
T002370,U0079,2026-07-28 12:36:00,3171.73,D0585,M054,Ahmedabad,0,
T004183,U0142,2026-07-28 12:39:00,730.62,D0261,M015,Chennai,0,
T005281,U0181,2026-07-28 12:44:00,3317.43,D0783,M010,Kolkata,0,
T004684,U0161,2026-07-28 12:44:00,577.44,D0154,M028,Lucknow,0,
T006322,U0216,2026-07-28 12:46:00,2589.2,D0864,M049,Pune,0,
T004525,U0155,2026-07-28 12:49:00,2106.22,D0146,M039,Pune,0,
T002739,U0090,2026-07-28 12:49:00,1955.75,D0667,M060,Lucknow,0,
T001436,U0048,2026-07-28 12:49:00,413.41,D0540,M055,Jaipur,0,
T004817,U0165,2026-07-28 12:51:00,2774.84,D0232,M053,Jaipur,0,
T001572,U0052,2026-07-28 12:52:00,1501.89,D0111,M033,Pune,0,
T006544,U0224,2026-07-28 12:55:00,5733.65,D0191,M006,Bengaluru,0,
T004353,U0148,2026-07-28 12:55:00,3038.32,D0393,M050,Mumbai,0,
T000217,U0007,2026-07-28 13:09:00,3672.52,D0749,M001,Kolkata,0,
T003180,U0105,2026-07-28 13:11:00,787.14,D0715,M056,Mumbai,0,
T005631,U0193,2026-07-28 13:13:00,2183.66,D0709,M045,Jaipur,0,
T005343,U0183,2026-07-28 13:14:00,670.61,D0854,M028,Kolkata,0,
T000654,U0022,2026-07-28 13:16:00,1568.38,D0279,M058,Mumbai,0,
T002122,U0070,2026-07-28 13:16:00,465.73,D0635,M052,Bengaluru,0,
T000581,U0020,2026-07-28 13:16:00,3281.61,D0806,M018,Mumbai,0,
T002589,U0086,2026-07-28 13:21:00,4990.79,D0726,M018,Bengaluru,0,
T004261,U0145,2026-07-28 13:27:00,2342.01,D0160,M003,Delhi,0,
T003988,U0132,2026-07-28 13:28:00,2495.87,D0367,M048,Kolkata,0,
T000947,U0032,2026-07-28 13:34:00,1674.5,D0597,M059,Chennai,0,
T001875,U0064,2026-07-28 13:39:00,1558.59,D0368,M035,Kolkata,0,
T005061,U0174,2026-07-28 13:41:00,3536.64,D0862,M012,Hyderabad,0,
T004630,U0159,2026-07-28 13:42:00,3587.73,D0721,M006,Chennai,0,
T001321,U0044,2026-07-28 13:46:00,1436.37,D0661,M036,Kolkata,0,
T000038,U0001,2026-07-28 13:47:00,1303.67,D0588,M045,Mumbai,0,
T003115,U0102,2026-07-28 13:53:00,81.9,D0731,M007,Lucknow,0,
T000131,U0004,2026-07-28 13:56:00,2736.14,D0040,M043,Pune,0,
T001259,U0043,2026-07-28 13:58:00,1338.42,D0414,M013,Jaipur,0,
T001799,U0061,2026-07-28 13:59:00,1774.05,D0784,M033,Delhi,0,
T004287,U0146,2026-07-28 14:04:00,1302.84,D0375,M043,Ahmedabad,0,
T002143,U0071,2026-07-28 14:05:00,686.5,D0827,M047,Chennai,0,
T006433,U0219,2026-07-28 14:08:00,1698.68,D0826,M035,Chennai,0,
T001847,U0062,2026-07-28 14:10:00,38.24,D0584,M031,Hyderabad,0,
T000683,U0023,2026-07-28 14:11:00,2381.11,D0148,M059,Lucknow,0,
T001454,U0048,2026-07-28 14:19:00,663.16,D0540,M055,Jaipur,0,
T000638,U0021,2026-07-28 14:22:00,2566.75,D0844,M059,Jaipur,0,
T005357,U0183,2026-07-28 14:22:00,1259.87,D0562,M006,Kolkata,0,
T004201,U0143,2026-07-28 14:26:00,4870.98,D0159,M018,Jaipur,0,
T006120,U0209,2026-07-28 14:27:00,5018.72,D0118,M010,Chennai,0,
T000883,U0030,2026-07-28 14:31:00,780.72,D0283,M002,Bengaluru,0,
T000507,U0017,2026-07-28 14:32:00,4029.53,D0170,M040,Pune,0,
T002028,U0067,2026-07-28 14:32:00,1869.52,D0445,M005,Hyderabad,0,
T006347,U0216,2026-07-28 14:32:00,1079.28,D0864,M049,Pune,0,
T007216,U0246,2026-07-28 14:33:00,4471.23,D0518,M005,Delhi,0,
T001707,U0057,2026-07-28 14:33:00,988.2,D0052,M060,Delhi,0,
T006000,U0205,2026-07-28 14:37:00,2980.37,D0694,M049,Jaipur,0,
T001199,U0041,2026-07-28 14:44:00,629.17,D0055,M026,Delhi,0,
T004368,U0149,2026-07-28 14:48:00,2263.2,D0409,M024,Hyderabad,0,
T002186,U0072,2026-07-28 14:48:00,932.0,D0679,M009,Bengaluru,0,
T001986,U0066,2026-07-28 14:51:00,1384.75,D0461,M051,Kolkata,0,
T006269,U0214,2026-07-28 14:52:00,2599.39,D0674,M016,Jaipur,0,
T000435,U0015,2026-07-28 14:54:00,3712.76,D0633,M035,Pune,0,
T000169,U0006,2026-07-28 14:54:00,4488.83,D0145,M006,Delhi,0,
T001409,U0047,2026-07-28 14:54:00,1192.12,D0117,M001,Pune,0,
T001062,U0036,2026-07-28 14:59:00,3187.59,D0532,M039,Pune,0,
T001203,U0041,2026-07-28 15:04:00,1618.96,D0055,M010,Delhi,0,
T003103,U0102,2026-07-28 15:09:00,573.07,D0134,M035,Lucknow,0,
T000723,U0024,2026-07-28 15:11:00,1594.5,D0800,M028,Ahmedabad,0,
T002998,U0098,2026-07-28 15:11:00,594.64,D0222,M029,Kolkata,0,
T003663,U0121,2026-07-28 15:12:00,1187.46,D0160,M004,Bengaluru,0,
T005076,U0175,2026-07-28 15:19:00,2860.66,D0255,M057,Lucknow,0,
T006692,U0229,2026-07-28 15:20:00,1023.17,D0886,M018,Pune,0,
T002675,U0089,2026-07-28 15:21:00,2706.73,D0487,M023,Lucknow,0,
T004181,U0142,2026-07-28 15:23:00,712.74,D0261,M015,Chennai,0,
T005401,U0185,2026-07-28 15:23:00,403.98,D0146,M044,Pune,0,
T000178,U0006,2026-07-28 15:24:00,3851.93,D0145,M027,Delhi,0,
T002351,U0078,2026-07-28 15:25:00,3402.94,D0886,M042,Lucknow,0,
T006261,U0213,2026-07-28 15:30:00,2344.03,D0116,M007,Hyderabad,0,
T000319,U0010,2026-07-28 15:31:00,1380.88,D0767,M040,Delhi,0,
T002297,U0076,2026-07-28 15:36:00,1399.31,D0020,M011,Chennai,0,
T003197,U0105,2026-07-28 15:37:00,1149.46,D0715,M057,Mumbai,0,
T003223,U0106,2026-07-28 15:39:00,1346.42,D0082,M011,Hyderabad,0,
T001200,U0041,2026-07-28 15:40:00,1433.02,D0055,M026,Delhi,0,
T001533,U0051,2026-07-28 15:50:00,1658.82,D0126,M038,Kolkata,0,
T004256,U0144,2026-07-28 15:55:00,1359.7,D0465,M044,Lucknow,0,
T007296,U0249,2026-07-28 16:03:00,1618.77,D0637,M011,Kolkata,0,
T000158,U0005,2026-07-28 16:07:00,2570.41,D0716,M042,Mumbai,0,
T000909,U0031,2026-07-28 16:10:00,3650.99,D0674,M056,Jaipur,0,
T005693,U0195,2026-07-28 16:14:00,4101.57,D0306,M011,Delhi,0,
T004612,U0158,2026-07-28 16:20:00,2539.63,D0159,M019,Delhi,0,
T005176,U0178,2026-07-28 16:22:00,1510.57,D0489,M012,Jaipur,0,
T004823,U0165,2026-07-28 16:30:00,3307.28,D0479,M052,Jaipur,0,
T005168,U0178,2026-07-28 16:30:00,2401.71,D0489,M046,Jaipur,0,
T001471,U0048,2026-07-28 16:32:00,433.02,D0540,M050,Jaipur,0,
T005481,U0188,2026-07-28 16:32:00,1973.19,D0422,M017,Mumbai,0,
T000865,U0029,2026-07-28 16:34:00,1461.8,D0180,M043,Jaipur,0,
T002506,U0084,2026-07-28 16:37:00,1154.8,D0805,M025,Mumbai,0,
T000754,U0025,2026-07-28 16:38:00,595.41,D0797,M023,Chennai,0,
T006015,U0206,2026-07-28 16:40:00,1472.67,D0035,M046,Hyderabad,0,
T004974,U0171,2026-07-28 16:46:00,1737.07,D0455,M039,Lucknow,0,
T000308,U0010,2026-07-28 16:46:00,1232.1,D0767,M004,Delhi,0,
T006866,U0234,2026-07-28 16:47:00,3701.14,D0194,M009,Jaipur,0,
T002217,U0074,2026-07-28 16:56:00,1656.34,D0583,M035,Ahmedabad,0,
T000144,U0004,2026-07-28 16:56:00,1692.03,D0040,M043,Pune,0,
T004149,U0141,2026-07-28 16:59:00,2958.96,D0544,M017,Kolkata,0,
T005697,U0195,2026-07-28 17:02:00,3680.14,D0306,M058,Delhi,0,
T004793,U0164,2026-07-28 17:03:00,3788.92,D0289,M031,Kolkata,0,
T001051,U0036,2026-07-28 17:05:00,4821.63,D0532,M046,Pune,0,
T006647,U0228,2026-07-28 17:07:00,1606.72,D0620,M036,Pune,0,
T002450,U0082,2026-07-28 17:11:00,1118.25,D0044,M038,Mumbai,0,
T003442,U0113,2026-07-28 17:14:00,1430.61,D0410,M054,Chennai,0,
T007011,U0239,2026-07-28 17:15:00,1209.27,D0371,M020,Hyderabad,0,
T005219,U0179,2026-07-28 17:16:00,1866.32,D0651,M047,Pune,0,
T006641,U0227,2026-07-28 17:19:00,20.0,D0062,M047,Pune,0,
T000260,U0008,2026-07-28 17:32:00,1642.3,D0702,M003,Kolkata,0,
T000884,U0030,2026-07-28 17:37:00,560.68,D0283,M002,Bengaluru,0,
T000376,U0013,2026-07-28 17:43:00,1128.64,D0308,M020,Lucknow,0,
T004315,U0147,2026-07-28 17:47:00,200.22,D0823,M018,Hyderabad,0,
T002927,U0096,2026-07-28 17:48:00,2940.55,D0002,M060,Pune,0,
T003194,U0105,2026-07-28 17:48:00,1467.47,D0715,M056,Mumbai,0,
T002569,U0086,2026-07-28 17:56:00,4619.65,D0726,M056,Bengaluru,0,
T004260,U0145,2026-07-28 17:57:00,5280.39,D0160,M003,Delhi,0,
T003975,U0132,2026-07-28 17:57:00,3590.21,D0367,M020,Kolkata,0,
T007023,U0239,2026-07-28 18:06:00,886.2,D0368,M020,Hyderabad,0,
T003812,U0126,2026-07-28 18:15:00,3268.02,D0422,M046,Ahmedabad,0,
T004625,U0159,2026-07-28 18:35:00,3308.27,D0721,M052,Chennai,0,
T000619,U0021,2026-07-28 18:38:00,1561.54,D0844,M036,Jaipur,0,
T001598,U0054,2026-07-28 18:40:00,1102.76,D0700,M060,Lucknow,0,
T003586,U0119,2026-07-28 18:40:00,4097.09,D0555,M030,Ahmedabad,0,
T001600,U0054,2026-07-28 18:46:00,1719.61,D0700,M060,Lucknow,0,
T002766,U0091,2026-07-28 18:47:00,2288.45,D0226,M028,Mumbai,0,
T002448,U0082,2026-07-28 18:47:00,1785.97,D0332,M001,Mumbai,0,
T007574,U0236,2026-07-28 19:00:00,4959.77,D0201,M003,Delhi,1,device_ring
T002561,U0086,2026-07-28 19:00:00,4768.98,D0726,M046,Bengaluru,0,
T006636,U0227,2026-07-28 19:05:00,1410.72,D0062,M025,Pune,0,
T007575,U0002,2026-07-28 19:07:00,1013.74,D0201,M003,Chennai,1,device_ring
T007576,U0097,2026-07-28 19:12:00,5801.85,D0201,M003,Hyderabad,1,device_ring
T001693,U0057,2026-07-28 19:17:00,1314.65,D0220,M042,Delhi,0,
T005256,U0180,2026-07-28 19:22:00,676.0,D0032,M009,Lucknow,0,
T001524,U0051,2026-07-28 19:31:00,310.79,D0126,M058,Kolkata,0,
T004576,U0157,2026-07-28 19:51:00,2512.6,D0427,M012,Bengaluru,0,
T000731,U0024,2026-07-28 19:54:00,3513.05,D0201,M031,Ahmedabad,0,
T003743,U0123,2026-07-28 19:58:00,1829.57,D0442,M022,Bengaluru,0,
T007400,U0188,2026-07-28 20:00:00,36.46,D0422,M046,Mumbai,1,velocity_burst
T007401,U0188,2026-07-28 20:02:00,109.97,D0422,M007,Mumbai,1,velocity_burst
T007403,U0188,2026-07-28 20:03:00,121.87,D0422,M032,Mumbai,1,velocity_burst
T007402,U0188,2026-07-28 20:04:00,74.28,D0422,M007,Mumbai,1,velocity_burst
T007404,U0188,2026-07-28 20:04:00,145.44,D0422,M048,Mumbai,1,velocity_burst
T007405,U0188,2026-07-28 20:05:00,59.76,D0422,M017,Mumbai,1,velocity_burst
T007249,U0247,2026-07-28 20:05:00,6664.82,D0548,M031,Chennai,0,
T007406,U0188,2026-07-28 20:12:00,90.12,D0422,M054,Mumbai,1,velocity_burst
T002393,U0080,2026-07-28 20:30:00,1187.94,D0312,M003,Jaipur,0,
T001193,U0041,2026-07-28 20:39:00,1550.07,D0055,M026,Delhi,0,
T000016,U0001,2026-07-28 22:44:00,1282.29,D0395,M058,Mumbai,0,
T002694,U0089,2026-07-28 23:00:00,1841.98,D0452,M023,Lucknow,0,
T003317,U0110,2026-07-29 02:21:00,1296.96,D0144,M016,Mumbai,0,
T006949,U0236,2026-07-29 04:26:00,3722.37,D0524,M058,Delhi,0,
T004015,U0134,2026-07-29 04:50:00,4187.37,D0117,M015,Delhi,0,
T006333,U0216,2026-07-29 05:48:00,1966.4,D0864,M056,Pune,0,
T007210,U0246,2026-07-29 06:05:00,2239.34,D0518,M025,Delhi,0,
T004583,U0158,2026-07-29 06:38:00,3284.56,D0070,M022,Delhi,0,
T004702,U0161,2026-07-29 06:59:00,1347.16,D0154,M060,Lucknow,0,
T002115,U0070,2026-07-29 07:00:00,698.79,D0635,M001,Bengaluru,0,
T004662,U0160,2026-07-29 07:00:00,3701.04,D0738,M057,Ahmedabad,0,
T005125,U0177,2026-07-29 07:11:00,1454.29,D0606,M048,Pune,0,
T001618,U0054,2026-07-29 07:24:00,2015.53,D0255,M060,Lucknow,0,
T005589,U0191,2026-07-29 07:36:00,1143.58,D0348,M007,Bengaluru,0,
T006581,U0225,2026-07-29 07:37:00,1983.29,D0028,M049,Mumbai,0,
T005014,U0173,2026-07-29 07:43:00,5032.63,D0221,M022,Chennai,0,
T001976,U0066,2026-07-29 07:56:00,1433.29,D0727,M054,Kolkata,0,
T001586,U0053,2026-07-29 08:02:00,3695.24,D0284,M055,Lucknow,0,
T006372,U0217,2026-07-29 08:06:00,1588.84,D0427,M060,Bengaluru,0,
T004377,U0149,2026-07-29 08:25:00,2462.37,D0737,M024,Hyderabad,0,
T004509,U0155,2026-07-29 08:33:00,2915.01,D0146,M039,Pune,0,
T003830,U0127,2026-07-29 08:52:00,1078.46,D0743,M001,Kolkata,0,
T004106,U0139,2026-07-29 08:55:00,3214.97,D0275,M022,Kolkata,0,
T001594,U0054,2026-07-29 09:00:00,3895.18,D0700,M060,Lucknow,0,
T005252,U0180,2026-07-29 09:02:00,1827.4,D0032,M017,Lucknow,0,
T003490,U0116,2026-07-29 09:03:00,5420.74,D0182,M016,Ahmedabad,0,
T005399,U0185,2026-07-29 09:04:00,698.71,D0146,M042,Pune,0,
T002919,U0096,2026-07-29 09:09:00,1330.16,D0002,M030,Pune,0,
T001696,U0057,2026-07-29 09:10:00,2801.33,D0220,M060,Delhi,0,
T005428,U0186,2026-07-29 09:19:00,2024.5,D0478,M027,Pune,0,
T005006,U0173,2026-07-29 09:20:00,3844.08,D0221,M022,Chennai,0,
T001562,U0052,2026-07-29 09:22:00,1939.31,D0573,M001,Pune,0,
T001377,U0046,2026-07-29 09:39:00,3082.35,D0838,M043,Hyderabad,0,
T004552,U0157,2026-07-29 09:39:00,1220.77,D0427,M012,Bengaluru,0,
T006103,U0208,2026-07-29 09:43:00,270.13,D0831,M015,Chennai,0,
T002592,U0086,2026-07-29 09:45:00,2007.89,D0726,M056,Bengaluru,0,
T007647,U0062,2026-07-29 09:48:00,1596.16,D0584,M060,Hyderabad,1,zero_day_drain
T005713,U0195,2026-07-29 09:55:00,3158.97,D0306,M011,Delhi,0,
T002347,U0078,2026-07-29 10:10:00,4057.54,D0429,M050,Lucknow,0,
T005190,U0178,2026-07-29 10:10:00,2075.65,D0489,M029,Jaipur,0,
T000560,U0019,2026-07-29 10:19:00,2600.76,D0397,M016,Kolkata,0,
T001121,U0038,2026-07-29 10:21:00,3331.59,D0045,M022,Hyderabad,0,
T002929,U0096,2026-07-29 10:21:00,1731.96,D0002,M060,Pune,0,
T002730,U0090,2026-07-29 10:24:00,1305.11,D0667,M036,Lucknow,0,
T006027,U0206,2026-07-29 10:24:00,1366.24,D0188,M009,Hyderabad,0,
T002528,U0085,2026-07-29 10:27:00,1771.07,D0357,M059,Jaipur,0,
T004989,U0172,2026-07-29 10:32:00,3515.25,D0403,M006,Chennai,0,
T004020,U0134,2026-07-29 10:33:00,1904.31,D0117,M043,Delhi,0,
T002736,U0090,2026-07-29 10:38:00,1727.66,D0194,M015,Lucknow,0,
T002629,U0088,2026-07-29 10:38:00,3060.42,D0182,M057,Bengaluru,0,
T001190,U0041,2026-07-29 10:40:00,2350.14,D0055,M010,Delhi,0,
T006663,U0228,2026-07-29 10:45:00,4224.13,D0757,M048,Pune,0,
T002452,U0082,2026-07-29 10:49:00,1272.85,D0332,M040,Mumbai,0,
T003577,U0119,2026-07-29 10:50:00,4793.96,D0668,M030,Ahmedabad,0,
T002625,U0087,2026-07-29 10:55:00,330.14,D0660,M054,Ahmedabad,0,
T001453,U0048,2026-07-29 11:00:00,437.39,D0540,M008,Jaipur,0,
T000729,U0024,2026-07-29 11:00:00,1839.26,D0800,M019,Ahmedabad,0,
T002374,U0080,2026-07-29 11:02:00,1685.36,D0005,M003,Jaipur,0,
T001989,U0066,2026-07-29 11:04:00,235.83,D0727,M050,Kolkata,0,
T003120,U0102,2026-07-29 11:09:00,824.2,D0731,M035,Lucknow,0,
T001699,U0057,2026-07-29 11:10:00,2509.72,D0220,M052,Delhi,0,
T005565,U0190,2026-07-29 11:13:00,4552.3,D0566,M030,Lucknow,0,
T005826,U0199,2026-07-29 11:18:00,1242.82,D0422,M028,Hyderabad,0,
T005736,U0196,2026-07-29 11:20:00,1235.05,D0283,M022,Delhi,0,
T000151,U0005,2026-07-29 11:32:00,3316.13,D0716,M008,Mumbai,0,
T007248,U0247,2026-07-29 11:34:00,2622.83,D0548,M057,Chennai,0,
T004830,U0165,2026-07-29 11:35:00,2607.28,D0479,M053,Jaipur,0,
T004696,U0161,2026-07-29 11:37:00,1299.16,D0831,M017,Lucknow,0,
T003626,U0120,2026-07-29 11:37:00,554.83,D0763,M007,Hyderabad,0,
T002344,U0078,2026-07-29 11:39:00,2364.86,D0886,M050,Lucknow,0,
T002603,U0087,2026-07-29 11:43:00,603.61,D0536,M013,Ahmedabad,0,
T004277,U0145,2026-07-29 11:44:00,2701.2,D0160,M046,Delhi,0,
T006504,U0222,2026-07-29 11:46:00,5237.34,D0478,M039,Kolkata,0,
T000230,U0007,2026-07-29 11:57:00,3597.01,D0749,M001,Kolkata,0,
T006241,U0212,2026-07-29 12:01:00,2902.89,D0825,M014,Jaipur,0,
T006407,U0218,2026-07-29 12:06:00,287.38,D0225,M018,Lucknow,0,
T003143,U0104,2026-07-29 12:08:00,3485.7,D0285,M035,Jaipur,0,
T006722,U0230,2026-07-29 12:11:00,1776.32,D0624,M039,Kolkata,0,
T001744,U0059,2026-07-29 12:13:00,3572.45,D0090,M043,Mumbai,0,
T003569,U0118,2026-07-29 12:13:00,648.01,D0095,M055,Jaipur,0,
T006287,U0214,2026-07-29 12:14:00,2541.05,D0674,M016,Jaipur,0,
T003100,U0102,2026-07-29 12:16:00,1038.52,D0134,M007,Lucknow,0,
T007072,U0241,2026-07-29 12:23:00,282.66,D0020,M041,Lucknow,0,
T003960,U0131,2026-07-29 12:23:00,1533.84,D0804,M035,Bengaluru,0,
T001929,U0065,2026-07-29 12:24:00,1243.81,D0530,M019,Bengaluru,0,
T005530,U0190,2026-07-29 12:25:00,3416.71,D0566,M044,Lucknow,0,
T002148,U0071,2026-07-29 12:27:00,645.24,D0890,M040,Chennai,0,
T006696,U0229,2026-07-29 12:32:00,609.39,D0886,M018,Pune,0,
T001304,U0044,2026-07-29 12:34:00,705.87,D0661,M012,Kolkata,0,
T001384,U0046,2026-07-29 12:34:00,4005.55,D0838,M015,Hyderabad,0,
T002687,U0089,2026-07-29 12:36:00,1278.17,D0487,M053,Lucknow,0,
T003909,U0129,2026-07-29 12:40:00,939.6,D0066,M060,Kolkata,0,
T005727,U0196,2026-07-29 12:45:00,1691.25,D0283,M022,Delhi,0,
T002121,U0070,2026-07-29 12:48:00,1184.09,D0635,M037,Bengaluru,0,
T003933,U0130,2026-07-29 12:51:00,4610.78,D0892,M043,Ahmedabad,0,
T007107,U0242,2026-07-29 12:53:00,2434.05,D0534,M009,Ahmedabad,0,
T006320,U0215,2026-07-29 12:57:00,3331.97,D0863,M018,Ahmedabad,0,
T001603,U0054,2026-07-29 13:02:00,2172.56,D0255,M007,Lucknow,0,
T006954,U0237,2026-07-29 13:02:00,2372.08,D0290,M018,Chennai,0,
T006324,U0216,2026-07-29 13:02:00,2530.42,D0864,M042,Pune,0,
T006764,U0231,2026-07-29 13:03:00,2522.48,D0749,M058,Bengaluru,0,
T006874,U0234,2026-07-29 13:07:00,2470.53,D0029,M009,Jaipur,0,
T003093,U0102,2026-07-29 13:12:00,918.69,D0731,M018,Lucknow,0,
T005886,U0201,2026-07-29 13:13:00,1857.21,D0116,M042,Pune,0,
T004360,U0148,2026-07-29 13:16:00,4326.8,D0393,M038,Mumbai,0,
T004304,U0147,2026-07-29 13:18:00,425.67,D0823,M032,Hyderabad,0,
T006862,U0234,2026-07-29 13:19:00,3458.39,D0029,M056,Jaipur,0,
T006381,U0218,2026-07-29 13:20:00,537.87,D0225,M020,Lucknow,0,
T006847,U0234,2026-07-29 13:20:00,2277.2,D0029,M056,Jaipur,0,
T003901,U0129,2026-07-29 13:22:00,3696.66,D0066,M011,Kolkata,0,
T002926,U0096,2026-07-29 13:23:00,1685.18,D0002,M030,Pune,0,
T005550,U0190,2026-07-29 13:32:00,2712.2,D0382,M003,Lucknow,0,
T001706,U0057,2026-07-29 13:32:00,2601.86,D0052,M045,Delhi,0,
T005818,U0199,2026-07-29 13:33:00,1399.47,D0422,M024,Hyderabad,0,
T002847,U0094,2026-07-29 13:35:00,1303.13,D0059,M019,Mumbai,0,
T006902,U0235,2026-07-29 13:40:00,1565.72,D0225,M051,Pune,0,
T005773,U0197,2026-07-29 13:41:00,2309.25,D0810,M031,Ahmedabad,0,
T005851,U0200,2026-07-29 13:46:00,3105.03,D0713,M046,Pune,0,
T006387,U0218,2026-07-29 13:49:00,425.59,D0225,M020,Lucknow,0,
T007260,U0248,2026-07-29 13:54:00,1295.05,D0495,M058,Lucknow,0,
T007259,U0248,2026-07-29 13:56:00,665.76,D0495,M037,Lucknow,0,
T001108,U0038,2026-07-29 13:59:00,4147.11,D0045,M055,Hyderabad,0,
T007423,U0007,2026-07-29 14:00:00,80.24,D0749,M030,Kolkata,1,velocity_burst
T007424,U0007,2026-07-29 14:02:00,85.59,D0749,M023,Kolkata,1,velocity_burst
T000822,U0027,2026-07-29 14:03:00,241.72,D0041,M057,Jaipur,0,
T005930,U0203,2026-07-29 14:03:00,855.43,D0173,M048,Mumbai,0,
T007426,U0007,2026-07-29 14:03:00,103.16,D0749,M009,Kolkata,1,velocity_burst
T007425,U0007,2026-07-29 14:04:00,71.39,D0749,M056,Kolkata,1,velocity_burst
T007427,U0007,2026-07-29 14:08:00,141.62,D0749,M002,Kolkata,1,velocity_burst
T007428,U0007,2026-07-29 14:10:00,22.9,D0749,M057,Kolkata,1,velocity_burst
T001475,U0049,2026-07-29 14:12:00,1416.99,D0655,M044,Chennai,0,
T003338,U0110,2026-07-29 14:12:00,4564.77,D0355,M056,Mumbai,0,
T004519,U0155,2026-07-29 14:15:00,2241.7,D0146,M036,Pune,0,
T001008,U0034,2026-07-29 14:19:00,1961.62,D0213,M007,Chennai,0,
T001383,U0046,2026-07-29 14:21:00,3537.91,D0715,M015,Hyderabad,0,
T002413,U0081,2026-07-29 14:22:00,1719.73,D0218,M013,Bengaluru,0,
T002042,U0068,2026-07-29 14:23:00,939.1,D0439,M001,Mumbai,0,
T004616,U0158,2026-07-29 14:24:00,213.56,D0070,M015,Delhi,0,
T007285,U0249,2026-07-29 14:24:00,1871.43,D0637,M028,Kolkata,0,
T002310,U0077,2026-07-29 14:26:00,2077.73,D0129,M001,Chennai,0,
T000623,U0021,2026-07-29 14:27:00,2530.3,D0844,M059,Jaipur,0,
T004095,U0138,2026-07-29 14:29:00,2313.54,D0687,M028,Lucknow,0,
T003322,U0110,2026-07-29 14:36:00,3906.46,D0355,M009,Mumbai,0,
T003262,U0108,2026-07-29 14:37:00,3755.42,D0167,M043,Ahmedabad,0,
T005924,U0203,2026-07-29 14:43:00,695.89,D0603,M059,Mumbai,0,
T005542,U0190,2026-07-29 14:43:00,4426.74,D0566,M044,Lucknow,0,
T004637,U0159,2026-07-29 14:46:00,2007.18,D0721,M004,Chennai,0,
T000970,U0032,2026-07-29 14:46:00,2761.39,D0597,M028,Chennai,0,
T000020,U0001,2026-07-29 14:47:00,1285.56,D0588,M012,Mumbai,0,
T006389,U0218,2026-07-29 14:50:00,641.44,D0271,M036,Lucknow,0,
T002719,U0090,2026-07-29 14:56:00,2170.49,D0194,M002,Lucknow,0,
T003685,U0122,2026-07-29 15:02:00,368.78,D0648,M003,Ahmedabad,0,
T003444,U0113,2026-07-29 15:03:00,1332.39,D0410,M046,Chennai,0,
T001084,U0037,2026-07-29 15:04:00,1711.44,D0444,M052,Hyderabad,0,
T006255,U0213,2026-07-29 15:10:00,3604.45,D0542,M009,Hyderabad,0,
T004827,U0165,2026-07-29 15:10:00,2031.59,D0232,M035,Jaipur,0,
T004065,U0137,2026-07-29 15:15:00,2946.15,D0399,M019,Jaipur,0,
T003745,U0123,2026-07-29 15:16:00,1661.98,D0442,M022,Bengaluru,0,
T001095,U0037,2026-07-29 15:16:00,783.44,D0444,M014,Hyderabad,0,
T003069,U0101,2026-07-29 15:16:00,1967.57,D0807,M048,Chennai,0,
T003735,U0123,2026-07-29 15:18:00,1288.09,D0254,M048,Bengaluru,0,
T000848,U0028,2026-07-29 15:19:00,1523.11,D0207,M002,Pune,0,
T005628,U0193,2026-07-29 15:21:00,2398.27,D0709,M045,Jaipur,0,
T004593,U0158,2026-07-29 15:28:00,1933.48,D0159,M015,Delhi,0,
T005868,U0201,2026-07-29 15:28:00,1551.98,D0116,M048,Pune,0,
T003855,U0128,2026-07-29 15:30:00,2019.45,D0137,M009,Chennai,0,
T001443,U0048,2026-07-29 15:30:00,495.58,D0540,M008,Jaipur,0,
T003134,U0103,2026-07-29 15:34:00,3072.14,D0662,M002,Ahmedabad,0,
T001978,U0066,2026-07-29 15:36:00,2028.78,D0461,M031,Kolkata,0,
T001735,U0059,2026-07-29 15:40:00,3055.85,D0090,M055,Mumbai,0,
T006087,U0208,2026-07-29 15:45:00,692.58,D0831,M059,Chennai,0,
T000640,U0022,2026-07-29 15:46:00,1354.42,D0334,M046,Mumbai,0,
T003390,U0112,2026-07-29 15:51:00,1007.84,D0704,M042,Jaipur,0,
T004785,U0164,2026-07-29 15:51:00,2536.25,D0289,M022,Kolkata,0,
T005861,U0200,2026-07-29 15:55:00,3317.4,D0713,M046,Pune,0,
T002025,U0067,2026-07-29 15:57:00,1461.15,D0345,M004,Hyderabad,0,
T000522,U0018,2026-07-29 15:59:00,3134.81,D0522,M009,Pune,0,
T005891,U0201,2026-07-29 15:59:00,453.3,D0116,M038,Pune,0,
T002886,U0095,2026-07-29 16:01:00,3791.46,D0808,M024,Jaipur,0,
T003690,U0122,2026-07-29 16:01:00,1966.71,D0477,M003,Ahmedabad,0,
T001201,U0041,2026-07-29 16:02:00,979.47,D0055,M029,Delhi,0,
T007267,U0248,2026-07-29 16:05:00,1054.43,D0495,M058,Lucknow,0,
T000873,U0029,2026-07-29 16:16:00,2106.6,D0375,M048,Jaipur,0,
T004998,U0173,2026-07-29 16:16:00,5052.01,D0073,M026,Chennai,0,
T000067,U0002,2026-07-29 16:22:00,4216.7,D0834,M023,Chennai,0,
T003033,U0099,2026-07-29 16:27:00,703.03,D0009,M010,Mumbai,0,
T003656,U0121,2026-07-29 16:27:00,1757.78,D0160,M027,Bengaluru,0,
T005018,U0173,2026-07-29 16:28:00,4430.38,D0221,M022,Chennai,0,
T006088,U0208,2026-07-29 16:30:00,824.37,D0831,M044,Chennai,0,
T003113,U0102,2026-07-29 16:33:00,789.9,D0731,M007,Lucknow,0,
T004125,U0139,2026-07-29 16:35:00,4961.57,D0275,M022,Kolkata,0,
T003040,U0100,2026-07-29 16:36:00,1962.28,D0512,M051,Kolkata,0,
T005799,U0198,2026-07-29 16:38:00,277.99,D0424,M048,Kolkata,0,
T003705,U0122,2026-07-29 16:40:00,1813.16,D0477,M010,Ahmedabad,0,
T004604,U0158,2026-07-29 16:42:00,1340.59,D0159,M048,Delhi,0,
T003321,U0110,2026-07-29 16:45:00,2305.29,D0355,M056,Mumbai,0,
T001936,U0065,2026-07-29 16:46:00,852.35,D0530,M015,Bengaluru,0,
T006079,U0208,2026-07-29 16:52:00,212.57,D0831,M015,Chennai,0,
T006213,U0211,2026-07-29 16:52:00,1149.22,D0230,M010,Kolkata,0,
T001206,U0041,2026-07-29 16:55:00,1103.62,D0055,M029,Delhi,0,
T002117,U0070,2026-07-29 16:57:00,910.05,D0635,M037,Bengaluru,0,
T001657,U0056,2026-07-29 16:58:00,1857.78,D0005,M003,Kolkata,0,
T003895,U0129,2026-07-29 17:13:00,3524.61,D0066,M029,Kolkata,0,
T000921,U0031,2026-07-29 17:13:00,3130.04,D0674,M056,Jaipur,0,
T006744,U0231,2026-07-29 17:21:00,2564.15,D0749,M014,Bengaluru,0,
T005419,U0186,2026-07-29 17:28:00,3354.01,D0447,M027,Pune,0,
T004291,U0146,2026-07-29 17:29:00,1166.17,D0375,M043,Ahmedabad,0,
T003398,U0112,2026-07-29 17:31:00,1752.06,D0854,M052,Jaipur,0,
T005689,U0195,2026-07-29 17:32:00,1572.49,D0306,M029,Delhi,0,
T007601,U0183,2026-07-29 17:39:00,3212.56,D0854,M025,Kolkata,1,zero_day_drain
T004405,U0151,2026-07-29 17:40:00,1944.86,D0683,M010,Lucknow,0,
T004682,U0161,2026-07-29 17:40:00,801.99,D0831,M017,Lucknow,0,
T006753,U0231,2026-07-29 17:44:00,4156.84,D0749,M049,Bengaluru,0,
T001645,U0055,2026-07-29 17:47:00,572.77,D0612,M057,Kolkata,0,
T002078,U0069,2026-07-29 17:47:00,3494.66,D0601,M060,Delhi,0,
T000457,U0015,2026-07-29 17:47:00,3888.38,D0633,M035,Pune,0,
T006822,U0233,2026-07-29 17:53:00,2700.48,D0871,M028,Hyderabad,0,
T004166,U0142,2026-07-29 17:54:00,712.52,D0838,M035,Chennai,0,
T000477,U0016,2026-07-29 17:56:00,437.96,D0647,M024,Ahmedabad,0,
T001421,U0047,2026-07-29 17:57:00,2669.51,D0117,M059,Pune,0,
T002369,U0079,2026-07-29 18:02:00,2644.14,D0585,M054,Ahmedabad,0,
T003937,U0130,2026-07-29 18:02:00,4344.72,D0892,M030,Ahmedabad,0,
T002276,U0076,2026-07-29 18:07:00,1958.9,D0020,M001,Chennai,0,
T005088,U0175,2026-07-29 18:16:00,5670.73,D0255,M050,Lucknow,0,
T005300,U0182,2026-07-29 18:20:00,3183.92,D0821,M039,Pune,0,
T005882,U0201,2026-07-29 18:20:00,1547.76,D0116,M036,Pune,0,
T002869,U0095,2026-07-29 18:25:00,4354.16,D0808,M029,Jaipur,0,
T003886,U0128,2026-07-29 18:37:00,2771.93,D0137,M028,Chennai,0,
T000976,U0032,2026-07-29 18:41:00,2887.05,D0017,M048,Chennai,0,
T001052,U0036,2026-07-29 18:48:00,4904.53,D0532,M049,Pune,0,
T002378,U0080,2026-07-29 18:51:00,2189.89,D0005,M003,Jaipur,0,
T002441,U0082,2026-07-29 18:55:00,1007.63,D0044,M001,Mumbai,0,
T005435,U0186,2026-07-29 18:57:00,1034.62,D0447,M027,Pune,0,
T001414,U0047,2026-07-29 19:07:00,2041.17,D0117,M059,Pune,0,
T005244,U0180,2026-07-29 19:16:00,2236.51,D0032,M017,Lucknow,0,
T001232,U0042,2026-07-29 19:28:00,3133.87,D0663,M011,Delhi,0,
T003170,U0104,2026-07-29 19:30:00,4946.04,D0112,M035,Jaipur,0,
T001352,U0045,2026-07-29 19:42:00,2383.88,D0086,M043,Lucknow,0,
T001879,U0064,2026-07-29 19:43:00,3171.37,D0368,M012,Kolkata,0,
T001457,U0048,2026-07-29 19:44:00,912.84,D0540,M055,Jaipur,0,
T003498,U0116,2026-07-29 19:51:00,3809.68,D0182,M028,Ahmedabad,0,
T003538,U0117,2026-07-29 20:04:00,1173.94,D0795,M015,Kolkata,0,
T003957,U0131,2026-07-29 20:04:00,1444.89,D0804,M009,Bengaluru,0,
T000867,U0029,2026-07-29 20:11:00,2238.18,D0180,M027,Jaipur,0,
T006735,U0230,2026-07-29 20:21:00,1476.06,D0624,M005,Kolkata,0,
T003756,U0123,2026-07-29 20:27:00,2076.73,D0442,M048,Bengaluru,0,
T003163,U0104,2026-07-29 20:32:00,5551.14,D0112,M035,Jaipur,0,
T004515,U0155,2026-07-29 20:46:00,1561.88,D0283,M036,Pune,0,
T007211,U0246,2026-07-29 20:52:00,4976.86,D0201,M005,Delhi,0,
T003039,U0100,2026-07-29 20:57:00,1508.41,D0512,M030,Kolkata,0,
T003867,U0128,2026-07-29 21:18:00,3767.71,D0137,M028,Chennai,0,
T003509,U0116,2026-07-29 21:48:00,3434.4,D0182,M028,Ahmedabad,0,
T002108,U0070,2026-07-29 21:59:00,988.34,D0635,M037,Bengaluru,0,
T002377,U0080,2026-07-29 22:07:00,1373.76,D0312,M046,Jaipur,0,
T002871,U0095,2026-07-29 22:36:00,3693.69,D0808,M012,Jaipur,0,
T004306,U0147,2026-07-29 22:45:00,249.08,D0823,M018,Hyderabad,0,
T005972,U0204,2026-07-29 22:50:00,1271.01,D0610,M017,Lucknow,0,
T001732,U0058,2026-07-29 22:52:00,1047.17,D0670,M027,Pune,0,
T006128,U0209,2026-07-29 23:06:00,4821.89,D0118,M024,Chennai,0,
T006082,U0208,2026-07-29 23:09:00,466.51,D0831,M015,Chennai,0,
T006988,U0238,2026-07-29 23:51:00,1515.03,D0718,M033,Lucknow,0,
T001615,U0054,2026-07-29 23:55:00,3761.65,D0255,M060,Lucknow,0,
T001329,U0044,2026-07-30 01:48:00,1128.42,D0661,M042,Kolkata,0,
T003255,U0108,2026-07-30 02:30:00,4327.73,D0549,M043,Ahmedabad,0,
T004570,U0157,2026-07-30 03:52:00,2313.1,D0427,M018,Bengaluru,0,
T004250,U0144,2026-07-30 04:14:00,701.22,D0465,M041,Lucknow,0,
T003237,U0107,2026-07-30 05:12:00,545.98,D0752,M010,Bengaluru,0,
T004236,U0144,2026-07-30 06:24:00,1597.82,D0465,M044,Lucknow,0,
T000441,U0015,2026-07-30 06:25:00,4624.47,D0633,M048,Pune,0,
T001541,U0052,2026-07-30 06:42:00,1157.98,D0573,M033,Pune,0,
T001177,U0040,2026-07-30 06:44:00,1498.65,D0743,M051,Kolkata,0,
T005640,U0194,2026-07-30 07:01:00,3435.97,D0063,M035,Hyderabad,0,
T002947,U0097,2026-07-30 07:15:00,1292.37,D0757,M014,Hyderabad,0,
T004271,U0145,2026-07-30 07:36:00,2711.28,D0160,M012,Delhi,0,
T004173,U0142,2026-07-30 08:00:00,624.3,D0838,M008,Chennai,0,
T001482,U0049,2026-07-30 08:02:00,1078.08,D0377,M012,Chennai,0,
T006730,U0230,2026-07-30 08:05:00,1285.59,D0624,M039,Kolkata,0,
T004978,U0171,2026-07-30 08:06:00,2352.92,D0417,M039,Lucknow,0,
T000090,U0003,2026-07-30 08:07:00,1639.15,D0149,M057,Delhi,0,
T005489,U0188,2026-07-30 08:27:00,5239.54,D0422,M004,Mumbai,0,
T006739,U0230,2026-07-30 08:29:00,1406.78,D0624,M046,Kolkata,0,
T007178,U0245,2026-07-30 08:34:00,183.04,D0200,M038,Hyderabad,0,
T002065,U0069,2026-07-30 08:38:00,3151.08,D0108,M056,Delhi,0,
T006565,U0224,2026-07-30 08:39:00,4242.29,D0191,M006,Bengaluru,0,
T007255,U0248,2026-07-30 08:39:00,986.97,D0495,M049,Lucknow,0,
T001404,U0047,2026-07-30 08:40:00,1445.41,D0117,M033,Pune,0,
T004109,U0139,2026-07-30 08:49:00,3939.04,D0275,M027,Kolkata,0,
T006008,U0206,2026-07-30 08:58:00,940.38,D0188,M029,Hyderabad,0,
T004476,U0153,2026-07-30 09:03:00,2765.99,D0851,M058,Chennai,0,
T004336,U0147,2026-07-30 09:16:00,259.31,D0823,M032,Hyderabad,0,
T006831,U0233,2026-07-30 09:17:00,1973.91,D0871,M009,Hyderabad,0,
T005714,U0196,2026-07-30 09:22:00,1660.59,D0283,M022,Delhi,0,
T003089,U0101,2026-07-30 09:25:00,2054.24,D0807,M048,Chennai,0,
T004883,U0168,2026-07-30 09:30:00,2966.05,D0867,M056,Hyderabad,0,
T005361,U0183,2026-07-30 09:32:00,1025.06,D0854,M007,Kolkata,0,
T006318,U0215,2026-07-30 09:39:00,2749.78,D0863,M043,Ahmedabad,0,
T000259,U0008,2026-07-30 09:44:00,2099.27,D0702,M009,Kolkata,0,
T005702,U0195,2026-07-30 09:45:00,2386.83,D0306,M029,Delhi,0,
T004153,U0141,2026-07-30 09:55:00,2665.63,D0544,M026,Kolkata,0,
T003647,U0120,2026-07-30 09:55:00,1113.83,D0266,M007,Hyderabad,0,
T001725,U0058,2026-07-30 09:55:00,1811.41,D0493,M050,Pune,0,
T004935,U0170,2026-07-30 09:59:00,143.22,D0714,M042,Chennai,0,
T005414,U0185,2026-07-30 10:03:00,628.15,D0146,M044,Pune,0,
T001778,U0060,2026-07-30 10:06:00,2706.36,D0156,M011,Ahmedabad,0,
T004273,U0145,2026-07-30 10:06:00,4431.82,D0160,M012,Delhi,0,
T005641,U0194,2026-07-30 10:08:00,3528.97,D0063,M046,Hyderabad,0,
T005753,U0196,2026-07-30 10:12:00,1424.25,D0283,M022,Delhi,0,
T000685,U0023,2026-07-30 10:12:00,2027.83,D0163,M026,Lucknow,0,
T000304,U0010,2026-07-30 10:16:00,1934.78,D0767,M040,Delhi,0,
T001544,U0052,2026-07-30 10:21:00,1990.37,D0111,M059,Pune,0,
T006549,U0224,2026-07-30 10:30:00,2076.48,D0191,M008,Bengaluru,0,
T006473,U0221,2026-07-30 10:42:00,1844.47,D0221,M002,Chennai,0,
T003977,U0132,2026-07-30 10:43:00,3768.93,D0418,M020,Kolkata,0,
T006224,U0212,2026-07-30 10:50:00,361.08,D0825,M014,Jaipur,0,
T001659,U0056,2026-07-30 10:53:00,1767.74,D0005,M003,Kolkata,0,
T004668,U0160,2026-07-30 10:58:00,2003.8,D0738,M003,Ahmedabad,0,
T003537,U0117,2026-07-30 11:03:00,5243.79,D0795,M009,Kolkata,0,
T000311,U0010,2026-07-30 11:10:00,2176.92,D0767,M026,Delhi,0,
T005724,U0196,2026-07-30 11:14:00,1844.5,D0283,M022,Delhi,0,
T004192,U0143,2026-07-30 11:26:00,3823.24,D0159,M030,Jaipur,0,
T006453,U0220,2026-07-30 11:29:00,2628.29,D0850,M015,Mumbai,0,
T007236,U0247,2026-07-30 11:32:00,3920.28,D0548,M029,Chennai,0,
T004772,U0163,2026-07-30 11:35:00,2270.71,D0352,M027,Ahmedabad,0,
T000953,U0032,2026-07-30 11:36:00,1665.04,D0597,M059,Chennai,0,
T000860,U0029,2026-07-30 11:36:00,1869.27,D0180,M005,Jaipur,0,
T000149,U0005,2026-07-30 11:36:00,2037.34,D0716,M042,Mumbai,0,
T004988,U0172,2026-07-30 11:37:00,3257.09,D0403,M059,Chennai,0,
T003718,U0123,2026-07-30 11:38:00,2552.7,D0254,M026,Bengaluru,0,
T000861,U0029,2026-07-30 11:39:00,2453.65,D0180,M002,Jaipur,0,
T000447,U0015,2026-07-30 11:41:00,3485.12,D0633,M042,Pune,0,
T004569,U0157,2026-07-30 11:51:00,2475.83,D0427,M012,Bengaluru,0,
T007261,U0248,2026-07-30 11:57:00,1044.83,D0495,M049,Lucknow,0,
T000221,U0007,2026-07-30 11:58:00,3814.41,D0749,M047,Kolkata,0,
T002760,U0091,2026-07-30 12:04:00,2476.07,D0226,M057,Mumbai,0,
T000371,U0013,2026-07-30 12:08:00,1172.82,D0308,M020,Lucknow,0,
T002671,U0089,2026-07-30 12:23:00,2415.07,D0487,M015,Lucknow,0,
T000231,U0007,2026-07-30 12:24:00,3492.9,D0749,M001,Kolkata,0,
T002273,U0076,2026-07-30 12:25:00,3188.78,D0020,M050,Chennai,0,
T000960,U0032,2026-07-30 12:26:00,2608.98,D0597,M059,Chennai,0,
T000857,U0028,2026-07-30 12:27:00,2785.54,D0207,M002,Pune,0,
T004575,U0157,2026-07-30 12:31:00,2246.2,D0427,M018,Bengaluru,0,
T001103,U0037,2026-07-30 12:31:00,2190.42,D0444,M052,Hyderabad,0,
T002446,U0082,2026-07-30 12:35:00,1015.27,D0332,M052,Mumbai,0,
T004293,U0146,2026-07-30 12:38:00,971.49,D0355,M043,Ahmedabad,0,
T000024,U0001,2026-07-30 12:42:00,1439.69,D0395,M005,Mumbai,0,
T007636,U0118,2026-07-30 12:42:00,1486.84,D0095,M014,Jaipur,1,zero_day_drain
T000985,U0033,2026-07-30 12:45:00,1173.26,D0543,M007,Lucknow,0,
T000853,U0028,2026-07-30 12:48:00,3480.04,D0207,M002,Pune,0,
T004117,U0139,2026-07-30 12:49:00,5141.54,D0275,M025,Kolkata,0,
T004133,U0140,2026-07-30 12:56:00,713.5,D0330,M027,Ahmedabad,0,
T003612,U0120,2026-07-30 12:57:00,722.83,D0266,M045,Hyderabad,0,
T005993,U0205,2026-07-30 12:59:00,4530.47,D0694,M050,Jaipur,0,
T000704,U0024,2026-07-30 13:02:00,3230.23,D0201,M019,Ahmedabad,0,
T001082,U0037,2026-07-30 13:02:00,2626.8,D0444,M014,Hyderabad,0,
T004826,U0165,2026-07-30 13:05:00,2529.78,D0479,M040,Jaipur,0,
T005496,U0188,2026-07-30 13:09:00,3098.29,D0422,M017,Mumbai,0,
T003055,U0100,2026-07-30 13:11:00,2260.44,D0512,M030,Kolkata,0,
T000366,U0012,2026-07-30 13:14:00,2289.84,D0450,M029,Chennai,0,
T006143,U0210,2026-07-30 13:14:00,3944.91,D0573,M058,Jaipur,0,
T004536,U0156,2026-07-30 13:15:00,689.0,D0155,M029,Ahmedabad,0,
T001669,U0056,2026-07-30 13:17:00,969.16,D0005,M003,Kolkata,0,
T002946,U0097,2026-07-30 13:17:00,1129.77,D0420,M036,Hyderabad,0,
T006352,U0217,2026-07-30 13:19:00,1736.09,D0427,M006,Bengaluru,0,
T003284,U0109,2026-07-30 13:20:00,3185.38,D0831,M022,Pune,0,
T002306,U0077,2026-07-30 13:22:00,3531.11,D0129,M001,Chennai,0,
T006535,U0223,2026-07-30 13:24:00,1103.44,D0053,M008,Ahmedabad,0,
T003754,U0123,2026-07-30 13:29:00,1693.13,D0254,M023,Bengaluru,0,
T006694,U0229,2026-07-30 13:38:00,561.03,D0886,M033,Pune,0,
T001476,U0049,2026-07-30 13:39:00,1659.07,D0655,M020,Chennai,0,
T001582,U0053,2026-07-30 13:45:00,5009.91,D0284,M045,Lucknow,0,
T003837,U0127,2026-07-30 13:45:00,927.43,D0743,M001,Kolkata,0,
T004334,U0147,2026-07-30 14:01:00,339.79,D0823,M017,Hyderabad,0,
T006081,U0208,2026-07-30 14:01:00,749.68,D0831,M015,Chennai,0,
T003649,U0120,2026-07-30 14:03:00,552.71,D0763,M002,Hyderabad,0,
T006706,U0229,2026-07-30 14:07:00,982.7,D0886,M020,Pune,0,
T004679,U0161,2026-07-30 14:10:00,1082.41,D0154,M029,Lucknow,0,
T007027,U0239,2026-07-30 14:10:00,388.81,D0371,M025,Hyderabad,0,
T003769,U0124,2026-07-30 14:21:00,869.04,D0856,M056,Lucknow,0,
T002131,U0071,2026-07-30 14:23:00,862.66,D0827,M047,Chennai,0,
T005769,U0197,2026-07-30 14:24:00,3061.57,D0810,M004,Ahmedabad,0,
T003893,U0129,2026-07-30 14:24:00,5249.19,D0066,M029,Kolkata,0,
T002676,U0089,2026-07-30 14:26:00,4522.66,D0487,M015,Lucknow,0,
T005333,U0183,2026-07-30 14:29:00,2623.09,D0562,M028,Kolkata,0,
T004318,U0147,2026-07-30 14:31:00,385.99,D0823,M018,Hyderabad,0,
T000764,U0025,2026-07-30 14:34:00,2017.86,D0797,M045,Chennai,0,
T003601,U0119,2026-07-30 14:36:00,4802.94,D0555,M010,Ahmedabad,0,
T004305,U0147,2026-07-30 14:37:00,379.44,D0823,M032,Hyderabad,0,
T005877,U0201,2026-07-30 14:37:00,1265.43,D0116,M038,Pune,0,
T004430,U0151,2026-07-30 14:37:00,2473.55,D0683,M011,Lucknow,0,
T005476,U0188,2026-07-30 14:38:00,1321.93,D0422,M051,Mumbai,0,
T003738,U0123,2026-07-30 14:38:00,2553.3,D0254,M026,Bengaluru,0,
T000243,U0008,2026-07-30 14:40:00,2826.82,D0702,M026,Kolkata,0,
T004459,U0152,2026-07-30 14:41:00,1444.95,D0890,M011,Ahmedabad,0,
T001494,U0050,2026-07-30 14:42:00,3683.75,D0142,M008,Bengaluru,0,
T003932,U0130,2026-07-30 14:42:00,3488.96,D0892,M019,Ahmedabad,0,
T004962,U0171,2026-07-30 14:47:00,3051.81,D0455,M036,Lucknow,0,
T005202,U0178,2026-07-30 14:50:00,3534.3,D0489,M049,Jaipur,0,
T005779,U0198,2026-07-30 14:52:00,576.58,D0424,M048,Kolkata,0,
T005041,U0174,2026-07-30 14:58:00,2885.69,D0862,M018,Hyderabad,0,
T003915,U0129,2026-07-30 15:04:00,1772.35,D0426,M006,Kolkata,0,
T001846,U0062,2026-07-30 15:06:00,724.32,D0584,M053,Hyderabad,0,
T003931,U0130,2026-07-30 15:09:00,4583.35,D0892,M043,Ahmedabad,0,
T003131,U0103,2026-07-30 15:14:00,5296.75,D0662,M002,Ahmedabad,0,
T006919,U0236,2026-07-30 15:15:00,3108.13,D0524,M007,Delhi,0,
T001435,U0048,2026-07-30 15:18:00,514.94,D0540,M055,Jaipur,0,
T003228,U0107,2026-07-30 15:20:00,888.93,D0878,M036,Bengaluru,0,
T006935,U0236,2026-07-30 15:20:00,2687.74,D0524,M032,Delhi,0,
T001635,U0055,2026-07-30 15:22:00,219.82,D0612,M014,Kolkata,0,
T000437,U0015,2026-07-30 15:22:00,5316.25,D0633,M048,Pune,0,
T004705,U0162,2026-07-30 15:23:00,5394.94,D0174,M022,Pune,0,
T000742,U0025,2026-07-30 15:24:00,957.66,D0797,M045,Chennai,0,
T003823,U0126,2026-07-30 15:27:00,5028.25,D0422,M039,Ahmedabad,0,
T000588,U0020,2026-07-30 15:28:00,2655.24,D0806,M018,Mumbai,0,
T000682,U0023,2026-07-30 15:32:00,3024.81,D0148,M018,Lucknow,0,
T001100,U0037,2026-07-30 15:33:00,1425.55,D0444,M014,Hyderabad,0,
T005145,U0177,2026-07-30 15:35:00,553.8,D0606,M039,Pune,0,
T006625,U0227,2026-07-30 15:37:00,1174.32,D0062,M025,Pune,0,
T000527,U0018,2026-07-30 15:43:00,2587.74,D0402,M017,Pune,0,
T001496,U0050,2026-07-30 15:46:00,2481.69,D0142,M026,Bengaluru,0,
T002434,U0082,2026-07-30 15:48:00,1265.14,D0044,M037,Mumbai,0,
T006678,U0229,2026-07-30 15:54:00,672.2,D0886,M020,Pune,0,
T005984,U0204,2026-07-30 15:56:00,563.03,D0610,M021,Lucknow,0,
T005032,U0173,2026-07-30 15:59:00,3328.25,D0221,M055,Chennai,0,
T000120,U0004,2026-07-30 16:00:00,1851.27,D0040,M009,Pune,0,
T005021,U0173,2026-07-30 16:03:00,3907.85,D0073,M055,Chennai,0,
T002801,U0092,2026-07-30 16:08:00,2114.68,D0167,M019,Lucknow,0,
T001757,U0059,2026-07-30 16:12:00,4983.29,D0090,M031,Mumbai,0,
T003576,U0118,2026-07-30 16:15:00,591.27,D0095,M020,Jaipur,0,
T000760,U0025,2026-07-30 16:16:00,1092.74,D0797,M043,Chennai,0,
T002784,U0092,2026-07-30 16:18:00,5424.65,D0167,M033,Lucknow,0,
T004460,U0152,2026-07-30 16:21:00,1585.12,D0768,M011,Ahmedabad,0,
T001194,U0041,2026-07-30 16:21:00,1171.45,D0055,M026,Delhi,0,
T005344,U0183,2026-07-30 16:22:00,787.94,D0854,M014,Kolkata,0,
T003585,U0119,2026-07-30 16:28:00,4473.05,D0668,M010,Ahmedabad,0,
T004997,U0172,2026-07-30 16:31:00,347.81,D0193,M011,Chennai,0,
T006950,U0236,2026-07-30 16:32:00,3973.46,D0675,M007,Delhi,0,
T002106,U0070,2026-07-30 16:32:00,328.55,D0635,M022,Bengaluru,0,
T000807,U0027,2026-07-30 16:36:00,234.23,D0041,M019,Jaipur,0,
T000773,U0026,2026-07-30 16:37:00,1303.33,D0111,M049,Lucknow,0,
T006710,U0229,2026-07-30 16:42:00,567.45,D0886,M014,Pune,0,
T004646,U0160,2026-07-30 16:48:00,594.38,D0738,M026,Ahmedabad,0,
T002575,U0086,2026-07-30 16:53:00,5659.87,D0726,M018,Bengaluru,0,
T003208,U0106,2026-07-30 16:56:00,1718.8,D0806,M031,Hyderabad,0,
T002313,U0077,2026-07-30 16:57:00,3555.4,D0129,M001,Chennai,0,
T002817,U0093,2026-07-30 17:00:00,1234.78,D0840,M055,Jaipur,0,
T007274,U0248,2026-07-30 17:03:00,1003.97,D0495,M057,Lucknow,0,
T002411,U0081,2026-07-30 17:07:00,1540.15,D0218,M036,Bengaluru,0,
T002003,U0067,2026-07-30 17:08:00,1524.35,D0445,M053,Hyderabad,0,
T005918,U0202,2026-07-30 17:13:00,2164.23,D0153,M038,Hyderabad,0,
T006145,U0210,2026-07-30 17:19:00,3436.39,D0573,M058,Jaipur,0,
T000831,U0028,2026-07-30 17:28:00,4125.91,D0207,M002,Pune,0,
T005183,U0178,2026-07-30 17:30:00,1875.04,D0489,M049,Jaipur,0,
T001337,U0045,2026-07-30 17:31:00,2651.65,D0572,M005,Lucknow,0,
T007138,U0243,2026-07-30 17:34:00,1258.89,D0862,M054,Pune,0,
T005338,U0183,2026-07-30 17:45:00,2255.95,D0562,M014,Kolkata,0,
T004852,U0167,2026-07-30 17:46:00,6327.22,D0298,M033,Hyderabad,0,
T000241,U0008,2026-07-30 17:52:00,2395.78,D0702,M026,Kolkata,0,
T004740,U0163,2026-07-30 17:54:00,2225.95,D0352,M027,Ahmedabad,0,
T001289,U0043,2026-07-30 18:06:00,1172.59,D0414,M049,Jaipur,0,
T003012,U0099,2026-07-30 18:06:00,1112.25,D0081,M048,Mumbai,0,
T003156,U0104,2026-07-30 18:10:00,2751.39,D0285,M035,Jaipur,0,
T005044,U0174,2026-07-30 18:10:00,3746.53,D0862,M018,Hyderabad,0,
T003467,U0114,2026-07-30 18:15:00,468.45,D0541,M004,Hyderabad,0,
T003285,U0109,2026-07-30 18:17:00,2892.72,D0831,M022,Pune,0,
T002487,U0084,2026-07-30 18:24:00,1962.22,D0805,M014,Mumbai,0,
T006599,U0225,2026-07-30 18:26:00,1098.01,D0028,M049,Mumbai,0,
T006757,U0231,2026-07-30 18:41:00,3607.45,D0749,M033,Bengaluru,0,
T002556,U0086,2026-07-30 18:44:00,5747.3,D0726,M056,Bengaluru,0,
T005113,U0176,2026-07-30 18:48:00,148.87,D0637,M018,Hyderabad,0,
T001087,U0037,2026-07-30 19:03:00,1707.11,D0444,M052,Hyderabad,0,
T004186,U0142,2026-07-30 19:20:00,521.27,D0261,M015,Chennai,0,
T002284,U0076,2026-07-30 19:35:00,1611.21,D0095,M021,Chennai,0,
T000809,U0027,2026-07-30 19:37:00,395.18,D0177,M059,Jaipur,0,
T004184,U0142,2026-07-30 19:39:00,996.94,D0261,M035,Chennai,0,
T001913,U0064,2026-07-30 19:49:00,2249.18,D0368,M003,Kolkata,0,
T002825,U0093,2026-07-30 19:50:00,1351.02,D0390,M055,Jaipur,0,
T004507,U0155,2026-07-30 19:50:00,1885.07,D0146,M039,Pune,0,
T003566,U0118,2026-07-30 19:53:00,493.61,D0810,M057,Jaipur,0,
T006559,U0224,2026-07-30 19:57:00,5006.66,D0191,M012,Bengaluru,0,
T005809,U0198,2026-07-30 20:01:00,195.27,D0897,M060,Kolkata,0,
T006427,U0219,2026-07-30 20:05:00,1353.34,D0826,M018,Chennai,0,
T001991,U0066,2026-07-30 20:16:00,1646.09,D0461,M031,Kolkata,0,
T000416,U0014,2026-07-30 20:23:00,3408.76,D0871,M027,Kolkata,0,
T005908,U0202,2026-07-30 20:26:00,3216.64,D0153,M004,Hyderabad,0,
T003519,U0117,2026-07-30 20:29:00,2611.29,D0795,M015,Kolkata,0,
T001997,U0067,2026-07-30 20:33:00,1532.76,D0445,M004,Hyderabad,0,
T002837,U0093,2026-07-30 20:46:00,1095.24,D0840,M055,Jaipur,0,
T002417,U0081,2026-07-30 20:49:00,2289.18,D0218,M013,Bengaluru,0,
T005084,U0175,2026-07-30 20:49:00,4756.48,D0255,M057,Lucknow,0,
T004913,U0169,2026-07-30 20:51:00,1116.47,D0220,M036,Hyderabad,0,
T006900,U0235,2026-07-30 20:53:00,1135.71,D0225,M009,Pune,0,
T004089,U0137,2026-07-30 21:27:00,2031.67,D0399,M047,Jaipur,0,
T002990,U0098,2026-07-30 21:35:00,1013.13,D0298,M029,Kolkata,0,
T004658,U0160,2026-07-30 21:58:00,3990.92,D0738,M013,Ahmedabad,0,
T004532,U0155,2026-07-30 22:06:00,3476.6,D0146,M039,Pune,0,
T007050,U0241,2026-07-30 22:20:00,463.3,D0724,M009,Lucknow,0,
T005715,U0196,2026-07-30 22:31:00,920.96,D0283,M008,Delhi,0,
T004924,U0170,2026-07-30 23:10:00,527.48,D0199,M017,Chennai,0,
T001972,U0066,2026-07-30 23:59:00,1173.9,D0461,M051,Kolkata,0,
